open,high,low,close,volume,ticker,week,next_week_return,target,ret_1w,ret_2w,ret_4w,ret_8w,ret_12w,ret_26w,weekly_return,vol_4w,vol_12w,ma_4w,ma_12w,ma_ratio_4w,ma_ratio_12w,price_position_26w,volume_change_4w,predicted_probability,predicted_label,rank,selected,weight,return_contribution
159.9525459725486,164.28369032270203,159.8163382874534,163.666259765625,28095000,JNJ,2023-01-06,-0.03783654570487949,0,0.02037956179937117,0.015607605842405947,0.025663112269135535,0.0718669346026215,0.10308564818480948,0.024413263466634305,0.02037956179937117,0.011248272142912267,0.020175332427581665,161.18059921264648,158.66480127970377,0.015421586500613316,0.031522167774970855,1.0,-0.04492376727346892,0.5703513521012953,1,1.0,True,0.5,-0.018918272852439744
118.47000122070312,118.80000305175781,101.80999755859375,113.05999755859375,790689200,TSLA,2023-01-06,0.08261103988123364,1,-0.0821562162811329,-0.08193263371714066,-0.36855629359631115,-0.42307497650487536,-0.44846092722133213,-0.5491366509947107,-0.0821562162811329,0.08244351819648107,0.08335331099278658,127.40499877929688,174.41500091552734,-0.11259370792470169,-0.35177595410299045,0.0,0.017205244770043704,0.5645598020051934,1,2.0,True,0.5,0.04130551994061682
88.85559860680175,90.30363718067711,84.16438721912351,86.62405395507812,131561900,GOOGL,2023-01-06,0.054728611656098325,1,-0.010087285737377605,-0.021181266662091858,-0.059140389511649905,-0.09407745127349909,-0.09548470010036192,-0.2682242108217727,-0.010087285737377605,0.00841172017193873,0.056354397290788324,88.03737449645996,92.86827850341797,-0.016053642551989822,-0.06723743186550002,0.02165260584516696,-0.032138482533353496,0.5034690746827916,1,3.0,False,0.0,0.0
203.75951669291592,212.38578477334423,200.7218222124567,212.00607299804688,22884700,V,2023-01-06,0.024385797353251748,1,0.04808436857277454,0.05791182939925599,0.043363862711814916,0.062195161388104214,0.19503179548366,0.07394647346081018,0.04808436857277454,0.025979693971360646,0.04222540475083272,204.02967834472656,201.98906707763672,0.0390942862726249,0.04959182229679793,1.0,-0.1718830995535492,0.4883106167521119,0,4.0,False,0.0,0.0
310.07000732421875,320.1600036621094,307.3800048828125,318.69000244140625,15735300,BRK.B,2023-01-06,-0.003294699503985199,0,0.031693132853225725,0.039805581244926946,0.04014487158493796,0.02896164660128364,0.16877539423992638,0.13481471950787616,0.031693132853225725,0.02282210293105441,0.03540438538955559,308.5199966430664,305.3450012207031,0.03296384645727102,0.043704665762834605,1.0,-0.10509590817384185,0.48345908969275836,0,5.0,False,0.0,-0.0
124.40298100932641,128.23165526483024,123.1611533190235,127.82392120361328,41152800,JPM,2023-01-06,0.03675504145632802,1,0.0362337435743858,0.05849277774436357,0.05144481481725527,0.027042933770678124,0.24974308270174728,0.22597217723019347,0.0362337435743858,0.024647956519204452,0.03394416271079232,122.71708297729492,121.5620511372884,0.04161472960747625,0.051511717742019014,1.0,-0.04674179868626094,0.47877126631656336,0,6.0,False,0.0,0.0
236.86330844238375,239.46502226115788,213.7401949012042,219.17747497558594,159562600,MSFT,2023-01-06,0.06357526081670062,1,-0.06208820710355789,-0.0578058220114146,-0.08348952512696595,-0.08719229947992135,-0.013108724882014977,-0.15548586145819998,-0.06208820710355789,0.02987677660373795,0.051691679256590815,230.98019790649414,233.95544815063477,-0.05109841898951961,-0.06316575780502387,0.059711437477184014,0.07494930941392264,0.47649148676429154,0,7.0,False,0.0,0.0
85.45999908447266,86.9800033569336,81.43000030517578,86.08000183105469,296825300,AMZN,2023-01-06,0.13986989613636047,1,0.02476192656017484,0.009736091859879004,-0.033785998771623804,-0.14594700814420258,-0.19476145367298248,-0.2549766215253123,0.02476192656017484,0.02325306316996284,0.07616816149141245,85.79750061035156,94.03833389282227,0.0032926509361397294,-0.08462859487533969,0.03492866036038414,-0.11999862437387143,0.46820213927231624,0,8.0,False,0.0,0.0
121.86368174801889,129.3152132188516,121.32788546177093,129.00762939453125,120957200,META,2023-01-06,0.05353010724047036,1,0.08043896933666872,0.10149100348166584,0.12182921457834328,0.15041613344572635,0.025717973670997818,-0.23911503958073344,0.08043896933666872,0.038245876502579546,0.11547331290976567,121.00789833068848,114.41049830118816,0.06610916456032667,0.12758559144560166,0.43729815785048215,-0.09088418557711042,0.46039547666604097,0,9.0,False,0.0,0.0
128.10576937065363,128.7154174535332,122.09773792777466,127.45674896240234,369948500,AAPL,2023-01-06,0.03965464885663006,1,-0.0023861860495391074,-0.01698804299076928,-0.08821092321066559,-0.13413511215083473,-0.06175028106474478,-0.11578250444569615,-0.0023861860495391074,0.022020041365898208,0.05356418146380457,129.285737991333,139.78408114115396,-0.01414687387291913,-0.08818838367083792,0.0,-0.05594188998290828,0.4422781124140499,0,10.0,False,0.0,0.0
87.45999908447266,98.37000274658203,87.08000183105469,98.12000274658203,406953100,AMZN,2023-01-13,-0.00886672158814572,0,0.13986989613636047,0.1680952707926433,0.11677671369173259,0.04227749503651723,-0.17767345794890899,-0.1358872733639871,0.13986989613636047,0.07672119485426121,0.08008873483220409,88.36250114440918,92.27166748046875,0.11042581950262309,0.06338170129364151,0.2371117048358444,0.25923437307694175,0.49247308361191566,0,1.0,True,0.5,-0.00443336079407286
319.0199890136719,321.32000732421875,313.3399963378906,317.6400146484375,16289300,BRK.B,2023-01-13,-0.024461715063984646,0,-0.003294699503985199,0.02829401400014908,0.05880004882812506,0.022139286480269416,0.12434959353106434,0.1406205189500367,-0.003294699503985199,0.015353425059567329,0.03495751888755918,312.9300003051758,308.2725016276042,0.015051335246439868,0.030387118446747907,0.9796789719352935,0.09056642932939662,0.4906955018525133,0,2.0,True,0.5,-0.012230857531992323
162.80364878550458,163.2213190923771,156.27514639830568,157.47369384765625,29825000,JNJ,2023-01-13,-0.027042509657762337,0,-0.03783654570487949,-0.018228076126975745,-0.012751337065164403,-0.009367728482066351,0.03461192363586196,-0.014070532169207173,-0.03783654570487949,0.025429440886262575,0.02330120891948367,160.67211532592773,159.10381189982095,-0.019906512538179988,-0.010245625373143774,0.6764295276114756,0.224176092548944,0.48781671720558895,0,3.0,False,0.0,-0.0
130.13874224666318,136.60795630012376,126.15996665938663,135.91342163085938,133938000,META,2023-01-13,0.017447864216250553,1,0.05353010724047036,0.138274983232044,0.14694796730526472,0.22248996072126626,0.05361135898874747,-0.16830610950634073,0.05353010724047036,0.04009620542035975,0.11613186771597164,125.36123466491699,114.98681004842122,0.08417424249328542,0.1819914090461845,0.5148813130875911,0.16933041651142955,0.4874117274533098,0,4.0,False,0.0,0.0
128.43549042266014,132.96690322836918,124.9141980262929,132.5220947265625,57436400,JPM,2023-01-13,-0.05545092394122808,0,0.03675504145632802,0.07432055777790847,0.114288723856939,0.07640755679310174,0.17864984314806653,0.2868996687239851,0.03675504145632802,0.010720199313706968,0.023836502577851738,126.11516571044922,123.23593330383301,0.05080220907629074,0.07535270901738422,1.0,0.36700849971290794,0.48147561520366555,0,5.0,False,0.0,-0.0
213.2912672298429,217.9062123746588,212.42472307296632,217.17601013183594,31107300,V,2023-01-13,0.005603868291424785,1,0.024385797353251748,0.07364274159390094,0.07815752692411682,0.058159393988507446,0.17433738705348634,0.06624707037358757,0.024385797353251748,0.02272536750674722,0.04150411556000363,207.96554565429688,204.67582321166992,0.04428841541304984,0.061073099519129315,1.0,0.37017399548741525,0.4713038535441173,0,6.0,False,0.0,0.0
220.65859925614794,233.76462207264603,220.61962878753835,233.1117401123047,131675800,MSFT,2023-01-13,0.004138320796904571,1,0.06357526081670062,-0.0024602202471072365,-0.022314059847350798,-0.008249842543903707,-0.009151777664953786,-0.06351903806337655,0.06357526081670062,0.053000403914226994,0.052146678212190926,229.6501007080078,233.7760238647461,0.015073537497369616,-0.0028415392710491316,0.26486063295049284,0.06299504046299242,0.45457532010471224,0,7.0,False,0.0,0.0
128.292610198386,132.6683349676498,125.98183578009913,132.51100158691406,333335200,AAPL,2023-01-13,0.02307800992625597,1,0.03965464885663006,0.03717383943718988,0.0018585321333977056,-0.10926037840818459,-0.08342820003339424,-0.09987988020981631,0.03965464885663006,0.026946911292603622,0.05113267497742867,129.34719276428223,138.77896308898926,0.024459818222707375,-0.04516506942090348,0.12181611599387822,-0.04426057076534662,0.44974232566238487,0,8.0,False,0.0,0.0
87.63568639320383,91.4342940509324,85.12643995349273,91.3648681640625,142921000,GOOGL,2023-01-13,0.06404692428864034,1,0.054728611656098325,0.044089262774935634,0.02060709343549938,-0.05450066056549907,-0.0890931707104462,-0.17586269498407592,0.054728611656098325,0.03282042568663796,0.05703788002143436,88.49856185913086,92.1236006418864,0.032388168177174936,-0.0082360271693388,0.15783484899455721,0.16723348937036442,0.4441893009281918,0,9.0,False,0.0,0.0
118.95999908447266,125.94999694824219,114.91999816894531,122.4000015258789,891852300,TSLA,2023-01-13,0.09003265119025716,1,0.08261103988123364,-0.006332186859591249,-0.18524925110251178,-0.32071702165784344,-0.42921096748577225,-0.49014161880921825,0.08261103988123364,0.11255595155887388,0.0875425264353679,120.44750022888184,166.7450008392334,0.01621039285403847,-0.2659450003908037,0.049082997256160485,0.07665882187197459,0.4240875416612627,0,10.0,False,0.0,0.0
135.11965288431784,138.85038964114324,131.11113283949365,138.28482055664062,98676900,META,2023-01-20,0.08875664624655477,1,0.017447864216250553,0.0719119574993341,0.18070137770993822,0.2509649024123768,0.4049397338211471,-0.17664095189710027,0.017447864216250553,0.030100602148489038,0.08616734976629793,130.65221214294434,118.30824661254883,0.05841928191269807,0.16885191452049542,0.5415228054308105,-0.09580005264280389,0.5181541949882522,1,1.0,True,0.5,0.044378323123277386
216.51392846471825,219.05508463854835,211.76265958175924,218.39303588867188,22723200,V,2023-01-20,0.031786175068327926,1,0.005603868291424785,0.03012632044122543,0.08978282017030104,0.04920721573585851,0.07390545740267851,0.053858721611281135,0.005603868291424785,0.019271692479146525,0.031615749827733686,212.46367645263672,205.92829513549805,0.027907638308033,0.06052951948624741,1.0,0.0032960167427937836,0.49873726679903624,0,2.0,True,0.5,0.015893087534163963
157.9912485940552,158.51788775195848,152.0711264329748,153.2152099609375,28661200,JNJ,2023-01-20,-0.0030224740048712118,0,-0.027042509657762337,-0.06385586021000123,-0.049244891464480745,-0.0479575261621501,-0.028826348621240894,-0.006679931231084901,-0.027042509657762337,0.025790992429845803,0.022210609798875906,158.68814849853516,158.72483444213867,-0.034488640704306794,-0.03471179856993101,0.4539176220238024,0.15407296004703075,0.47317158244117424,0,3.0,False,0.0,-0.0
132.5798345273993,136.29674271738915,131.5375453850544,135.569091796875,271823400,AAPL,2023-01-20,0.0584610141349311,1,0.02307800992625597,0.06364780916282164,0.04557851445372618,-0.06913781641765004,-0.11327406760676229,-0.10253398255080726,0.02307800992625597,0.024513065129760602,0.04812072317633501,130.824613571167,137.33578300476074,0.036265944887557966,-0.012864026907135284,0.19552131029495134,-0.1520696702901806,0.46789966678286704,0,4.0,False,0.0,0.0
318.3999938964844,318.5199890136719,303.8599853515625,309.8699951171875,14269600,BRK.B,2023-01-20,-0.0022589527882117544,0,-0.024461715063984646,-0.027675820567481968,0.011028108553325922,-0.023816267312570694,0.034175449946609815,0.08372679695953433,-0.024461715063984646,0.02338593584528086,0.03237371712577738,313.7750015258789,309.12583414713544,-0.012445243852127974,0.0024073076004960114,0.829301238008107,-0.012446840537183035,0.45919697634153045,0,5.0,False,0.0,-0.0
130.81701239235827,131.1598731733884,123.75582907193787,125.17362213134766,54081400,JPM,2023-01-20,0.038792126926729065,1,-0.05545092394122808,-0.020733983493151587,0.036546005962991845,-0.0048432648902994035,0.07929690136486678,0.19636840263092648,-0.05545092394122808,0.044043277344949935,0.030370458568424272,127.21849250793457,124.00231806437175,-0.016073688158656507,0.009445823959257416,0.8027163551543525,0.1834846022966623,0.45673775553915036,0,6.0,False,0.0,0.0
125.69999694824219,136.67999267578125,124.30999755859375,133.4199981689453,691307300,TSLA,2023-01-20,0.3333832734071509,1,0.09003265119025716,0.18008138200958235,0.08339420638097406,-0.2703707879054196,-0.4161561540587463,-0.5099237518313797,0.09003265119025716,0.08087466357789098,0.09049945229567677,123.01499938964844,158.8200003306071,0.08458317140935945,-0.15992949319221728,0.10699458561191438,-0.13132250166048154,0.4541274320143925,0,7.0,False,0.0,0.0
91.30535652243567,97.49421809768434,89.3118384915669,97.21650695800781,161910600,GOOGL,2023-01-20,0.0137727212584291,1,0.06404692428864034,0.12228073519189908,0.09850940767007099,0.005746054993850613,0.01796649433946973,-0.09156632913751372,0.06404692428864034,0.04061581459634637,0.05874109099154714,90.67804718017578,92.26658503214519,0.07210631438544568,0.053648045217432605,0.32592608014832625,0.23753214487579433,0.453057953135961,0,8.0,False,0.0,0.0
98.68000030517578,99.31999969482422,92.86000061035156,97.25,288809600,AMZN,2023-01-20,0.05131103201819576,1,-0.00886672158814572,0.12976298712061096,0.1407624633431086,0.04110904814628835,-0.05956874039224569,-0.20560364765084815,-0.00886672158814572,0.0718630366933829,0.0706202460158426,91.36250114440918,91.75833384195964,0.06444108668046344,0.05984923579256529,0.22250208767384577,-0.057331237749364994,0.4513971083601937,0,9.0,False,0.0,0.0
231.88400315360477,236.18118605908887,224.78041202749904,234.07643127441406,123872800,MSFT,2023-01-20,0.03305304354837957,1,0.004138320796904571,0.06797667643761174,0.0062414067671170415,-0.029374880652545343,0.021312675970069916,-0.07279025681171669,0.004138320796904571,0.051344479607809544,0.05148801945041669,230.01307678222656,234.18308130900064,0.01766575426507,-0.0004554130639602416,0.27906343545533685,0.009216725961324057,0.44396607612505024,0,10.0,False,0.0,0.0
138.20541352276183,151.99722434243992,137.5803293049433,150.5585174560547,137316300,META,2023-01-27,0.2292735696948709,1,0.08875664624655477,0.10775312437480511,0.2609276690729756,0.22876367134597952,0.6713298001722314,-0.04626018501406204,0.08875664624655477,0.03213115004611654,0.07908107590575203,138.44109725952148,123.34786732991536,0.08752762320149698,0.22060089659563964,0.6794117107574462,0.11892071599165921,0.5318460920677902,1,1.0,True,0.5,0.11463678484743545
153.54209249394737,155.25820397014246,150.7363749938881,152.7521209716797,39071200,JNJ,2023-01-27,-0.021518339810861598,0,-0.0030224740048712118,-0.029983248380166416,-0.047664787573134415,-0.05953727499664618,-0.012620431892868544,-0.023301222458535165,-0.0030224740048712118,0.025966510850999488,0.02155271017584081,156.7768211364746,158.562131245931,-0.02567152552028984,-0.03664185280935672,0.4297205565428709,0.24378682778840677,0.5005824331969998,1,2.0,True,0.5,-0.010759169905430799
218.6753524813446,226.6979790332492,210.91559937755179,225.3349151611328,33932000,V,2023-01-27,-0.005660045549874204,0,0.031786175068327926,0.03756816889832382,0.11397753344656003,0.06330960758515425,0.17756759319219473,0.095507621347235,0.031786175068327926,0.017618375661219,0.02461577661974113,218.22750854492188,208.7598508199056,0.03256879329100659,0.07939775908120517,1.0,0.22667360764664624,0.4909713821687122,0,3.0,False,0.0,-0.0
309.6300048828125,313.67999267578125,306.8500061035156,309.1700134277344,13508600,BRK.B,2023-01-27,-0.0021347596255923973,0,-0.0022589527882117544,-0.026665409992748135,0.0008741325237464626,-0.02207806611894303,0.0754861798270603,0.028509671158381655,-0.0022589527882117544,0.02322415669210939,0.029408148745824612,313.8425064086914,310.9341684977214,-0.01488801830709452,-0.005673725337136504,0.8157540828398173,-0.09645702207923379,0.47994278380892247,0,4.0,False,0.0,-0.0
97.55999755859375,103.48999786376953,91.5199966430664,102.23999786376953,393991400,AMZN,2023-01-27,0.011248058977967101,1,0.05131103201819576,0.041989349794744335,0.21714283171154203,0.08615745083384763,0.12376339955342308,-0.24238606761153192,0.05131103201819576,0.06368686516333108,0.061477685663788924,95.92250061035156,92.6966667175293,0.06586043121499086,0.10295225798486607,0.30629717764944964,0.13658518221170746,0.46483576886640265,0,5.0,False,0.0,0.0
125.21069952158626,130.90042460682147,124.93271193453094,130.0293731689453,41376600,JPM,2023-01-27,0.005487346573796792,1,0.038792126926729065,-0.018809856294231597,0.05411274247216724,0.045845746065792614,0.08169965461945372,0.23631424322657857,0.038792126926729065,0.04636875541363789,0.03058202356874425,128.8872528076172,124.82073338826497,0.008861391149618925,0.04172896312408647,0.9330781753486745,-0.14708174093725646,0.4609604054951471,0,6.0,False,0.0,0.0
97.1470790758333,99.49765240364174,92.99143713393819,98.5554428100586,179407400,GOOGL,2023-01-27,0.0544429227784573,1,0.0137727212584291,0.07870174598275659,0.12626091071717216,-0.010653171332340339,0.14772475166787524,-0.14571876963907715,0.0137727212584291,0.03483053375972708,0.04878444725845701,93.44021797180176,93.3236821492513,0.05474328880312007,0.056060375462256395,0.3643876776139814,0.1653597778113023,0.4574499626786658,0,7.0,False,0.0,0.0
135.81491475833332,144.77290596887224,135.59858513124948,143.49459838867188,338655600,AAPL,2023-01-27,0.058726856543480865,1,0.0584610141349311,0.08288818792569197,0.12314329955207137,-0.012719187965835932,0.05456011822119633,-0.09928532343766927,0.0584610141349311,0.025817726737377002,0.039794894572133484,134.75786018371582,137.95445187886557,0.06483286535601884,0.040159244115376413,0.38653954820699976,0.031101278792585507,0.44396722418953966,0,8.0,False,0.0,0.0
234.93392297440502,243.44065810829167,224.99479068566467,241.81336975097656,198648400,MSFT,2023-01-27,0.04106217259386513,1,0.03305304354837957,0.03732814844280141,0.03477609272910831,-0.02689996206455758,0.12407696661216105,-0.11167762886841803,0.03305304354837957,0.053641972466217686,0.04784968072667546,232.0447540283203,236.4073855082194,0.04209798132934317,0.022867239241005866,0.3929716098958187,0.2946332733532804,0.44168536803898234,0,9.0,False,0.0,0.0
135.8699951171875,180.67999267578125,134.27000427246094,177.89999389648438,1095958300,TSLA,2023-01-27,0.06790332909220753,1,0.3333832734071509,0.45343130456474023,0.44422790595665695,-0.08703688114925634,-0.14252666482014753,-0.4013124766933097,0.3333832734071509,0.17118012954928083,0.13871161264288778,136.6949977874756,156.35583305358887,0.30143748327258924,0.13778930035511716,0.3407430418112773,0.2634227418578976,0.4267309107822989,0,10.0,False,0.0,0.0
307.6000061035156,312.6700134277344,305.7900085449219,308.510009765625,20453400,BRK.B,2023-02-03,0.004473128388478909,1,-0.0021347596255923973,-0.0043888900925956875,-0.03194324452538455,0.006919269610075496,-0.003906726883343592,0.05628788314151234,-0.0021347596255923973,0.010961796519663362,0.019138481801115423,311.2975082397461,310.83333587646484,-0.008954451610882486,-0.00747450753404133,0.802980645824314,0.26801703014062106,0.5620866373323555,1,1.0,True,0.5,0.0022365641942394543
224.1276304485677,228.1194716136336,221.63518651604048,224.05950927734375,35197900,V,2023-02-03,-0.010798378421521648,0,-0.005660045549874204,0.025946218319710557,0.056854202848273694,0.10268348340699096,0.12258542055811827,0.07033364474938608,-0.005660045549874204,0.017138863019318766,0.023374314224506785,221.2408676147461,210.79877726236978,0.012740149200218598,0.06290706325335593,0.9758248153057538,0.1450157937026879,0.54559521320005,1,2.0,True,0.5,-0.005399189210760824
152.47971435681123,153.0335922992909,146.23269835440266,149.46514892578125,61704400,JNJ,2023-02-03,-0.014944338884131492,0,-0.021518339810861598,-0.02447577519302646,-0.08676871372377037,-0.06333235669637627,-0.02113758059588866,-0.025272652749374847,-0.021518339810861598,0.014561336543783988,0.022121986826951868,153.22654342651367,158.29316838582358,-0.024547930251630046,-0.05577005975725324,0.2579715413998723,0.5497602061511297,0.5206723607830857,1,3.0,False,0.0,-0.0
148.24664030943237,195.6248266993024,145.80578814738973,185.07760620117188,340828600,META,2023-02-03,-0.06637007774432147,0,0.2292735696948709,0.33837976906051814,0.4346252781311668,0.6094045489801241,0.6504160654111568,0.11621074338183002,0.2292735696948709,0.0927041349217175,0.07557642505427255,152.45859146118164,129.42600377400717,0.21395327365526362,0.42998779846698243,1.0,0.9181084805302719,0.5176196310048687,1,4.0,False,0.0,-0.0
142.54077586673455,154.75352622762708,138.96155019582764,151.9215850830078,480249700,AAPL,2023-02-03,-0.02109672306058863,0,0.058726856543480865,0.12062110226890055,0.19194618032994226,0.08680350734561171,0.03206434575362649,-0.06406837449361413,0.058726856543480865,0.017115006484113522,0.03614405032945657,140.8740692138672,138.34777895609537,0.07842121641541344,0.09811365407767103,0.5896443126300617,0.34895547875344635,0.49356285332882693,0,5.0,False,0.0,-0.0
101.08999633789062,114.0,99.01000213623047,103.38999938964844,520198300,AMZN,2023-02-03,-0.05590481490877708,0,0.011248058977967101,0.0631362405105238,0.20109197479534546,0.16051188281030293,0.02579619456795279,-0.2656960429777656,0.011248058977967101,0.0659165122807987,0.05351731785240849,100.25,92.91333325703938,0.03132168967230364,0.1127574026821958,0.32560870522199037,0.292456348398872,0.46554759045489524,0,6.0,False,0.0,-0.0
129.01930883385893,131.89195670361985,127.87949905837876,130.74288940429688,48083100,JPM,2023-02-03,-0.0003544433092610433,0,0.005487346573796792,0.04449233934530761,0.022835852422598668,0.0754554534389289,0.05049633463793812,0.23880288868165955,0.005487346573796792,0.043958495917546886,0.029250816140095996,129.6169948577881,125.34445699055989,0.008686318856135244,0.04306877658055153,0.9522338681464355,-0.043015262902563745,0.4606083965985228,0,7.0,False,0.0,-0.0
178.0500030517578,199.0,162.77999877929688,189.97999572753906,1091608900,TSLA,2023-02-03,0.036372269804760826,1,0.06790332909220753,0.42392443662736157,0.6803467170524327,0.061044359058858744,-0.030565930784569706,-0.3407364164377875,0.06790332909220753,0.12693401935716672,0.13916167420671638,155.9249973297119,155.85666592915854,0.2184062785379819,0.21894045785562088,0.40422510229057435,0.15798248762015854,0.4598834599157451,0,8.0,False,0.0,0.0
96.68093725731849,106.96591805351979,95.60978845068932,103.92108917236328,227821100,GOOGL,2023-02-03,-0.09744224879773322,0,0.0544429227784573,0.0689654712368084,0.19967935495440026,0.1287298506133121,0.08681657889485472,-0.10802757469248203,0.0544429227784573,0.02243155358293438,0.039832175132454954,97.76447677612305,94.0154635111491,0.0629739205819988,0.1053616638292647,0.5185185347524554,0.2797857933621053,0.4592799019645409,0,9.0,False,0.0,-0.0
238.25671541727394,257.9205804321698,236.00579544141553,251.7427520751953,152686100,MSFT,2023-02-03,0.01838568819544273,1,0.04106217259386513,0.07547244592118107,0.1485794883951319,0.05268513233844874,0.04843220166648865,-0.08229475857899815,0.04106217259386513,0.024553976084343978,0.0363436087594263,240.18607330322266,237.3764877319336,0.048115523989531894,0.0605210081273313,0.5391583499480498,0.006362510341777483,0.4575428050569437,0,10.0,False,0.0,0.0
222.66725576044897,226.79083575273006,220.62548701049272,221.64002990722656,22171700,V,2023-02-10,-0.016021175594394976,0,-0.010798378421521648,-0.016397304657665313,0.02055484752980208,0.10031889050315046,0.079909698994169,0.07960918706074493,-0.010798378421521648,0.018981325778321182,0.02330684314011174,222.35687255859375,212.1654955546061,-0.0032238385219161003,0.04465633927823087,0.9299638377299477,-0.22221481642590035,0.564280963634875,1,1.0,True,0.5,-0.008010587797197488
308.25,314.1499938964844,305.2799987792969,309.8900146484375,16399000,BRK.B,2023-02-10,-0.005324548504521576,0,0.004473128388478909,0.002328819709002561,-0.024398689216085234,0.03296671549479169,-0.002799572306113829,0.027657195135403656,0.004473128388478909,0.012641470386386685,0.01915980402940638,309.3600082397461,310.7608362833659,0.0017132350484057035,-0.0028022245188398243,0.8296886877090441,0.014937196931484431,0.5506968074097789,1,2.0,True,0.5,-0.002662274252260788
185.0776087109676,192.2711605893038,172.00023232679908,172.7939910888672,196256000,META,2023-02-10,-0.007292506587866843,0,-0.06637007774432147,0.1476865873051827,0.2713534028903737,0.4581762011717454,0.554216771562301,-0.03518011754310524,-0.06637007774432147,0.12523144966864935,0.08095327359790228,161.6787338256836,134.56070836385092,0.06874903705745039,0.2841340773982388,0.8706913528449319,0.015452778491375607,0.5361072535288516,1,3.0,False,0.0,-0.0
149.41071745600792,149.68311897755655,146.25086496294836,147.2314910888672,35364000,JNJ,2023-02-10,-0.00373978011937659,0,-0.014944338884131492,-0.036141101332635706,-0.06504072209481293,-0.07696270298958474,-0.07379916675201748,-0.006091306453643086,-0.014944338884131492,0.010333157405607172,0.017798836476839705,150.6659927368164,157.31555811564127,-0.022795466883815063,-0.06410088835181438,0.14125970804700524,-0.14165465216188267,0.5344699487443845,1,4.0,False,0.0,-0.0
193.00999450683594,214.0,189.5500030517578,196.88999938964844,973057500,TSLA,2023-02-10,0.058001920891598724,1,0.036372269804760826,0.10674539710335162,0.6085784063329458,0.3105904612200958,0.09267993075072334,-0.3437656228020005,0.036372269804760826,0.13609984495290528,0.13663833614620502,174.5474967956543,157.24833234151205,0.12800242343292312,0.2520959456793639,0.4405381158583788,0.01046176308408353,0.5117751470666866,1,5.0,False,0.0,0.0
250.85603350578165,269.6819309436082,248.2640588264018,256.3712158203125,196239000,MSFT,2023-02-10,-0.016699179551593613,0,0.01838568819544273,0.06020281709124631,0.09977822522710467,0.07523770809057373,0.0907052280357672,-0.09423646622524096,0.01838568819544273,0.016319517729026126,0.03559046444227363,246.0009422302246,239.15318298339844,0.04215542223567037,0.07199583389241071,0.6555187003919299,0.16905253629366945,0.4908381314586859,0,6.0,False,0.0,-0.0
101.56060192669277,107.29322670020932,92.8624856911135,93.79478454589844,350189000,GOOGL,2023-02-10,-0.0023263626506543345,0,-0.09744224879773322,-0.04830436684593009,0.026595741127460215,0.0477508954853596,-0.029354404897714348,-0.22279749836010687,-0.09744224879773322,0.07404414536863173,0.05002271679748463,98.37195587158203,93.77908388773601,-0.04652922964812023,0.00016742174812911514,0.26085538121068547,0.5236736481784903,0.48389834809377286,0,7.0,False,0.0,-0.0
129.94597611971838,133.75454259559032,128.4262268501719,130.69654846191406,38838100,JPM,2023-02-10,0.00850813786604121,1,-0.0003544433092610433,0.0051309583112570945,-0.013775410571460922,0.09893893919066032,0.06157960075605362,0.1737737892471103,-0.0003544433092610433,0.039058328703073,0.02890770630834668,129.16060829162598,125.9762388865153,0.011891707468736579,0.03746984048040214,0.9509897579044219,-0.1481901444901612,0.460729291003036,0,8.0,False,0.0,0.0
150.0237617823619,152.63936822302708,146.95372962642622,148.71653747558594,330758800,AAPL,2023-02-10,0.010198037468012178,1,-0.02109672306058863,0.036391189254175504,0.12229577691360705,0.12438159967817741,-0.00032668435788107963,-0.11974748533459945,-0.02109672306058863,0.03783242917468793,0.036709559343512554,144.92545318603516,138.34372901916504,0.026158857579588357,0.07497852291507856,0.5195268897794507,-0.06926005328924811,0.45205267933486554,0,9.0,False,0.0,0.0
102.93000030517578,103.94999694824219,96.2300033569336,97.61000061035156,394687400,AMZN,2023-02-10,-0.004200426795877843,0,-0.05590481490877708,-0.045285576586056364,-0.005197738707240607,0.11097200013963193,0.03686000895688002,-0.3200278750592733,-0.05590481490877708,0.044579831727202174,0.052397686733825374,100.12249946594238,93.20250002543132,-0.025094248235837058,0.04728951029980544,0.2509681298654452,-0.011852824461767164,0.4512923339660262,0,10.0,False,0.0,-0.0
176.83232784369244,180.09668136890622,168.37864269096454,171.5338897705078,130805500,META,2023-02-17,-0.014403052222339396,0,-0.007292506587866843,-0.0731785801030006,0.24043903792208754,0.4645880810397991,0.5517457000227068,0.029292641570434208,-0.007292506587866843,0.1290650934491446,0.08103605683813384,169.9910011291504,139.6433219909668,0.009076295986898852,0.22837159217398129,0.8574263656839335,-0.3502013893580578,0.6035855266597913,1,1.0,True,0.5,-0.007201526111169698
310.29998779296875,314.1000061035156,305.4800109863281,308.239990234375,14101500,BRK.B,2023-02-17,-0.013690635071375357,0,-0.005324548504521576,-0.0008752375051140904,-0.0052602862764949965,0.005709811268752141,-0.028951273204963934,0.03686757097713422,-0.005324548504521576,0.004128837887401661,0.017945504575926082,308.95250701904297,309.99500274658203,-0.0023062340278211524,-0.0056614219476361916,0.7977547998580139,-0.12497963932518907,0.5795525612111638,1,2.0,True,0.5,-0.006845317535687678
146.48693874312534,147.97608089611876,143.23310951005476,146.68087768554688,48931400,JNJ,2023-02-17,-0.027557928021139988,0,-0.00373978011937659,-0.018628230462051976,-0.0426480652740453,-0.08979275739293568,-0.08856029573005042,-0.033260368522244343,-0.00373978011937659,0.008988785847634444,0.01684869169330698,149.03240966796875,156.12786738077799,-0.015778661753244716,-0.06050803007634109,0.11248936609572467,0.057570337870330945,0.5542344050678953,1,3.0,False,0.0,-0.0
130.93751365369647,133.3375466721923,129.79767596852335,131.80853271484375,39226400,JPM,2023-02-17,-0.009209784811750166,0,0.00850813786604121,0.00815067890423915,0.05300566102124882,0.09148881218799554,0.047905675673938,0.21868562963314098,0.00850813786604121,0.01751327920746642,0.02847999915452685,130.8193359375,126.47838147481282,0.0075615486828060074,0.04214278501889579,0.9808430782490859,-0.06338546908446663,0.5036292876886622,1,4.0,False,0.0,-0.0
194.4199981689453,217.64999389648438,187.61000061035156,208.30999755859375,1013262600,TSLA,2023-02-17,-0.05487011093918426,0,0.058001920891598724,0.09648385221222333,0.5613101515322891,0.6915143725338826,0.13917749569777427,-0.29783144482666857,0.058001920891598724,0.1402646646516093,0.1371851696665548,193.2699966430664,159.36916542053223,0.07781860183556288,0.3070909733945075,0.5005517668969691,-0.028950685851053093,0.4916566056431601,0,5.0,False,0.0,-0.0
221.32790423985176,225.75678019839185,216.31364237127934,218.08909606933594,22569500,V,2023-02-17,-0.017936865195466778,0,-0.016021175594394976,-0.02664655129909066,-0.001391710216853581,0.08826615828531859,0.047747023334122396,0.0548749975644276,-0.016021175594394976,0.021722184326001995,0.024041658961659683,222.28088760375977,212.99370956420898,-0.018858083479926346,0.023922708870380616,0.8626562594451263,-0.20719128909793616,0.4889819328112711,0,6.0,False,0.0,-0.0
97.8499984741211,101.16999816894531,95.6500015258789,97.19999694824219,273370600,AMZN,2023-02-17,-0.038065813419854266,0,-0.004200426795877843,-0.05987041762209355,-0.0005141701980238,0.1401759172814332,0.04057374090083865,-0.2968241340336135,-0.004200426795877843,0.04435022513550495,0.052333849958369365,100.10999870300293,93.51833279927571,-0.029068043077234096,0.0393683680917265,0.26791142284556724,-0.30890567892751564,0.4870647568642985,0,7.0,False,0.0,-0.0
148.65743217523777,153.9556914094499,148.55897600306773,150.233154296875,316792400,AAPL,2023-02-17,-0.03828267829139276,0,0.010198037468012178,-0.011113830764800658,0.10816670898681946,0.15867530134951346,0.03155048250073733,-0.1077635701419315,0.010198037468012178,0.039120573567304265,0.036141107737747875,148.59146881103516,138.7266419728597,0.011048315889033988,0.08294378181709616,0.6867365836905212,-0.1358969052269876,0.45593072851164074,0,8.0,False,0.0,-0.0
260.7951951195851,267.9377295681392,250.07768536596615,252.09002685546875,170204900,MSFT,2023-02-17,-0.03425567212389202,0,-0.016699179551593613,0.00137948273549382,0.07695604159282854,0.08367776231871349,0.04532058640300152,-0.09335859487191644,-0.016699179551593613,0.025554037279975777,0.03574486050096577,250.50434112548828,240.06397755940756,0.006329973056978355,0.050095184701691275,0.8146789527609918,-0.05149054359952876,0.4481042934737344,0,9.0,False,0.0,-0.0
93.9634043087449,96.8792992195654,91.50373147763352,93.57658386230469,231717900,GOOGL,2023-02-17,-0.05532581019414984,0,-0.0023263626506543345,-0.0995419254401888,-0.03744140999918222,0.05737966654953697,-0.03191049540623425,-0.19503464457870223,-0.0023263626506543345,0.064304551594599,0.050020750057688156,97.46197509765625,93.52204195658366,-0.03986571410499762,0.0005831984052095951,0.3228082835550678,-0.06294770159879026,0.4452446574954416,0,10.0,False,0.0,-0.0
306.1700134277344,307.29998779296875,300.010009765625,304.0199890136719,13423200,BRK.B,2023-02-24,0.027728516209440057,1,-0.013690635071375357,-0.01894228712540169,-0.01665758058799016,-0.01579800899720263,-0.03836787954132992,0.04848943982939802,-0.013690635071375357,0.007545889468149463,0.018244477116700606,307.66500091552734,308.98416900634766,-0.011847340097212555,-0.01606613053555439,0.7160826472737066,-0.1659642947569866,0.5928047627663712,1,1.0,True,0.5,0.013864258104720029
172.95277523138702,176.78272088743432,166.35453925336142,169.0632781982422,96834900,META,2023-02-24,0.08721177436528027,1,-0.014403052222339396,-0.02159052445698939,0.12290743197301146,0.4159050507824502,0.37978785869284337,0.05322038506215865,-0.014403052222339396,0.13196851322774905,0.07935926168008804,174.61719131469727,143.52122370402017,-0.03180622179660275,0.17796708970999786,0.8314184325848815,-0.4934916473242015,0.5893299867406935,1,2.0,True,0.5,0.043605887182640135
146.0041258560311,146.6443054631936,141.9436217079443,142.63865661621094,37318900,JNJ,2023-02-24,-0.012502076654742122,0,-0.027557928021139988,-0.031194647549171894,-0.06620833996369713,-0.11071732107689203,-0.12180375081685313,-0.037525319361407905,-0.027557928021139988,0.010196895917134187,0.016859058773950608,146.50404357910156,154.47923024495444,-0.026384165709416707,-0.0766483210070904,0.0,-0.1857044589559057,0.5630711575490159,1,3.0,False,0.0,-0.0
92.23766291009657,92.3368416794246,87.85389652834307,88.39938354492188,142304800,GOOGL,2023-02-24,0.05071252482591215,1,-0.05532581019414984,-0.0575234649463513,-0.10304919723926387,0.010200627985805344,-0.11260456781775419,-0.19222394474708504,-0.05532581019414984,0.06580957344830962,0.05114245704720484,94.92296028137207,92.58726755777995,-0.06872496092739744,-0.045231748633737245,0.10594133733540895,-0.40210127214104385,0.5616239382833644,1,4.0,False,0.0,0.0
204.99000549316406,209.7100067138672,191.77999877929688,196.8800048828125,660435200,TSLA,2023-02-24,0.004622045818527765,1,-0.05487011093918426,-5.0761881593364144e-05,0.10668921662454989,0.5983114498704867,0.010366438808035339,-0.31660242498702085,-0.05487011093918426,0.056049585622060194,0.13788136332816464,198.01499938964844,159.53749910990396,-0.005731861274824612,0.23406726306511572,0.4404855933591033,-0.2933431151518089,0.5530503235822295,1,5.0,False,0.0,0.0
147.91880821074704,149.0021077790729,143.50685714395402,144.48182678222656,213742300,AAPL,2023-02-24,0.029445879983664103,1,-0.03828267829139276,-0.028475049010972087,0.006879899345623164,0.1308704124037008,-0.005926795353175751,-0.1004904535964285,-0.03828267829139276,0.04258599034583559,0.03807998575502123,148.83827590942383,138.65485699971518,-0.029269682819010878,0.04202499579602437,0.6298449344374594,-0.3626972280877724,0.5417623978588667,1,6.0,False,0.0,0.0
214.77231938392262,216.99652277180792,212.13841058658974,214.17726135253906,21846100,V,2023-02-24,0.01922127600245105,1,-0.017936865195466778,-0.03367067112295208,-0.049515867528186264,0.05881796947104445,0.01065890991452001,0.08665621943946045,-0.017936865195466778,0.005525556167241264,0.024389909952998143,219.49147415161133,213.18194452921549,-0.024211477095468115,0.00466886079645068,0.7885078428712778,-0.1414822587173774,0.5369550519384548,1,7.0,False,0.0,0.0
95.33999633789062,97.01000213623047,92.31999969482422,93.5,221635300,AMZN,2023-02-24,0.01497327835164608,1,-0.038065813419854266,-0.04210634755303644,-0.08548511391222058,0.11309523809523814,-0.0066928425772910805,-0.28489483747609945,-0.038065813419854266,0.03071164319150085,0.053729707786324965,97.92499923706055,93.46583302815755,-0.04518763616580013,0.00036555574091079457,0.1928150837468051,-0.3711990340250272,0.5305869569054952,1,8.0,False,0.0,0.0
130.37221408839721,130.99307691865604,127.3605490767579,130.5946044921875,38298700,JPM,2023-02-24,0.019371634398330118,1,-0.009209784811750166,-0.0007800050646040724,0.004346951073183947,0.05869491898931356,0.050391986354038076,0.24916029594012779,-0.009209784811750166,0.0078003448762635095,0.028369278570883904,130.96064376831055,127.00048192342122,-0.0027950326570678197,0.028300070317319515,0.9482528792324122,-0.06842051174152297,0.5190176747134209,1,9.0,False,0.0,0.0
248.59283193869732,250.89823380940385,242.36042854419725,243.4545135498047,105098500,MSFT,2023-02-24,0.024356010500760528,1,-0.03425567212389202,-0.05038281005602818,0.006786819936871913,0.04179893174544058,-0.020295707326526413,-0.06543186793605982,-0.03425567212389202,0.03395298915634431,0.03631716210817955,250.9146270751953,239.6436907450358,-0.02973168050165098,0.01590203686531999,0.676998992605513,-0.3265382788514142,0.48365036667813854,0,10.0,False,0.0,0.0
215.3283627601526,218.53790373702418,211.1336103347293,218.2940216064453,26028100,V,2023-03-03,-0.034097721974453266,0,0.01922127600245105,0.0009396413704434448,-0.025731948130627402,0.02965928531894635,0.0743092892074626,0.13627355677322228,0.01922127600245105,0.017334558387686865,0.0208349837997637,218.05010223388672,214.44021606445312,0.0011186391111936977,0.017971468284819547,0.8665406014974529,0.12413702256860093,0.5763836429068385,1,1.0,True,0.5,-0.017048860987226633
143.07764789783556,143.48918197371665,138.30384740615295,140.85537719726562,37606100,JNJ,2023-03-03,-0.015647326027737996,0,-0.012502076654742122,-0.039715473347315955,-0.05760387481894469,-0.1393743744191701,-0.11728804236819412,-0.04062266679747839,-0.012502076654742122,0.009837725360562195,0.01673316008523904,144.35160064697266,152.9195810953776,-0.024220191768135835,-0.0788924728389584,0.0,-0.05524417725366848,0.5578094046235932,1,2.0,True,0.5,-0.007823663013868998
304.3699951171875,312.6600036621094,301.45001220703125,312.45001220703125,19431300,BRK.B,2023-03-03,-0.028228538901046818,0,0.027728516209440057,0.013658260141570455,0.012771068414925812,-0.019580125471687082,0.01977870449057284,0.12525658910715842,0.027728516209440057,0.017899656473614623,0.01797661965846656,308.6500015258789,309.48916880289715,0.012311714441490818,0.009566872454976671,0.8792338182163966,0.2268202983189962,0.5569193025769192,1,3.0,False,0.0,-0.0
131.6881000499729,133.21709462222364,129.3065728310793,133.1244354248047,48793600,JPM,2023-03-03,-0.0696787175983613,0,0.019371634398330118,0.009983441002319404,0.018215491728527988,0.041467310432044435,0.09504540335544598,0.28410867417433705,0.019371634398330118,0.01223014862585489,0.027335299597044112,131.5560302734375,127.96336936950684,0.011921955596465361,0.040332370745840285,1.0,0.181752128886004,0.5368990866439879,1,4.0,False,0.0,-0.0
170.5416549019025,185.1669145848466,167.7436056684524,183.80758666992188,159556200,META,2023-03-03,-0.030985353329325394,0,0.08721177436528027,0.07155260640235483,-0.006862091839838991,0.42478074771687613,0.5983606671575679,0.1555015951198484,0.08721177436528027,0.06395656625977203,0.07530946940122804,174.29968643188477,149.25539207458496,0.05454915285663886,0.23149712794342947,0.9866306045944125,0.09387600637995264,0.5333758035305008,1,5.0,False,0.0,-0.0
202.02999877929688,211.22999572753906,186.00999450683594,197.7899932861328,806720000,TSLA,2023-03-03,-0.12311032747496309,0,0.004622045818527765,-0.050501677287485225,0.041109578556862925,0.7494250624198664,0.10466344548990514,-0.268013768769113,0.004622045818527765,0.04910016456290088,0.1349711168429538,199.96749877929688,161.09916496276855,-0.010889297043052748,0.2277530633497935,0.44526770677787214,-0.06561370223206753,0.5261239282171409,1,6.0,False,0.0,-0.0
89.13331604003906,92.96168552249127,88.58783766273918,92.88233947753906,156120000,GOOGL,2023-03-03,-0.03224791884920608,0,0.05071252482591215,-0.007418996891222163,-0.10622242109602387,0.07224650933222754,0.008833433117812595,-0.1316642413630924,0.05071252482591215,0.06431488725025852,0.049051876773124774,92.16327285766602,92.65504137674968,0.007802095103366824,0.0024531649590997517,0.29372718751388205,-0.2906310201029907,0.4639749335141428,0,7.0,False,0.0,-0.0
145.46664446890208,148.81500811176437,141.71448733904464,148.73622131347656,273994900,AAPL,2023-03-03,-0.016751650179321453,0,0.029445879983664103,-0.009964065458150206,-0.020967157285719518,0.16695445729085168,0.06401632726842443,-0.02758804934855652,0.029445879983664103,0.03046485771110693,0.03686949138260772,148.04193496704102,139.4005807240804,0.004689795135345287,0.06696988305862539,0.7872368050041871,-0.034624505984558684,0.45658766000570766,0,8.0,False,0.0,-0.0
246.61958212194187,249.7064617806796,239.9280340639678,249.38409423828125,126814600,MSFT,2023-03-03,-0.026244771971181913,0,0.024356010500760528,-0.010733993133091646,-0.009369317755807849,0.13781808220055458,0.0428221908367552,0.002306816604737527,0.024356010500760528,0.028087354674443114,0.035033612598802576,250.3249626159668,240.49707794189453,-0.003758587908505806,0.03695269968533199,0.8186835764072076,-0.15224790551460077,0.4559392562852487,0,9.0,False,0.0,-0.0
94.27999877929688,94.94000244140625,90.38999938964844,94.9000015258789,254998100,AMZN,2023-03-03,-0.04394097051524459,0,0.01497327835164608,-0.023662505088225427,-0.0821162386487021,0.10246281955401004,0.06521501208679759,-0.2557446479807235,0.01497327835164608,0.03207142869791523,0.051012937309596884,95.80249977111816,93.95000012715657,-0.009420403928868448,0.01011177644956418,0.22122996916343626,-0.10893678418480301,0.44231776102290876,0,10.0,False,0.0,-0.0
141.440664683622,142.8947529727853,137.82827516342695,138.6513671875,37780100,JNJ,2023-03-10,0.0050788761013953465,1,-0.015647326027737996,-0.027953778613039604,-0.05827641789071014,-0.11952679968481217,-0.13075401023887523,-0.07256014221486984,-0.015647326027737996,0.009850149548079093,0.016497405351876784,142.20656967163086,151.18155924479166,-0.02500026892105034,-0.08288174906969237,0.0,-0.06506018133280544,0.5655074122336925,1,1.0,True,0.5,0.0025394380506976733
198.5399932861328,198.60000610351562,168.44000244140625,173.44000244140625,789636400,TSLA,2023-03-10,0.03857243050758341,1,-0.12311032747496309,-0.1190573032307587,-0.11910202153962257,0.4169934663337076,0.154496487878236,-0.421249310330009,-0.12311032747496309,0.07794375974409308,0.13083229577614264,194.10499954223633,163.03333218892416,-0.10646298214659577,0.06383154973746574,0.31730517721091256,-0.03409992409300122,0.555764453701396,1,2.0,True,0.5,0.019286215253791705
186.5361649817629,188.8778053478401,177.40778053102633,178.11224365234375,141591100,META,2023-03-10,0.08968861188318389,1,-0.030985353329325394,0.05352413339276918,0.030777994824723987,0.3104831113449289,0.5030559407449451,0.06124719295215053,-0.030985353329325394,0.05331828692866966,0.07821611616273473,175.6292495727539,154.22307268778482,0.014137702493349558,0.1549001102637937,0.9266761779900353,0.07106197818141391,0.5213295299744244,1,3.0,False,0.0,0.0
312.82000732421875,317.2900085449219,301.9200134277344,303.6300048828125,20425400,BRK.B,2023-03-10,-0.03333002323368328,0,-0.028228538901046818,-0.0012827581900933804,-0.020200746941545833,-0.044106564411071525,0.012100016276041625,0.062497870860351856,-0.028228538901046818,0.023708609590778494,0.018921758221217243,307.08499908447266,309.79166920979816,-0.011250937727211308,-0.019889703111457213,0.7085350562245035,0.21252452457206283,0.5083899304531803,1,4.0,False,0.0,-0.0
132.9205348006957,133.4765240826197,118.4460559508401,123.84849548339844,94499200,JPM,2023-03-10,-0.05866049983151678,0,-0.0696787175983613,-0.05165687384269102,-0.052396586284076174,-0.06545021236693105,0.041358290242425655,0.13989930195600775,-0.0696787175983613,0.03973713550266222,0.0346055159797107,129.8440170288086,128.37326367696127,-0.04617480021493736,-0.035246967039405996,0.7549328240969743,0.7118032550803173,0.48876017702505375,0,5.0,False,0.0,-0.0
218.4500527569517,221.85465200242916,210.206840478432,210.85069274902344,26024900,V,2023-03-10,0.005783340670216575,1,-0.034097721974453266,-0.01553184769712801,-0.04867955108433841,-0.02912530430489413,0.04675586086383965,0.05773586087067817,-0.034097721974453266,0.0224671576688627,0.023593625402282856,215.35276794433594,215.22506205240884,-0.020905583142893147,-0.02032462791122447,0.725453084060575,0.07910345957130094,0.4881412299939071,0,6.0,False,0.0,0.0
151.4542972077173,153.92618602775224,145.36816171354923,146.24464416503906,313350800,AAPL,2023-03-10,0.043771008991903226,1,-0.016751650179321453,0.012200962723634134,-0.016621509298874515,0.10364152722154985,0.10569268046364311,-0.05335512473625814,-0.016751650179321453,0.029765891381860952,0.03274292453399618,147.4239616394043,140.56553586324057,-0.007999496562504649,0.040401854316009844,0.7387936675179938,0.1212319314302317,0.4647423125082093,0,7.0,False,0.0,0.0
93.2492875940104,95.1833074213031,89.65896694454361,89.88707733154297,159332600,GOOGL,2023-03-10,0.12126242787636632,1,-0.03224791884920608,0.016829232591481835,-0.041662308125919645,-0.01617460696014894,0.004099174838440245,-0.18093096663068287,-0.03224791884920608,0.04580440055964336,0.049318613156041594,91.18634605407715,92.68562126159668,-0.014248500776241846,-0.030193938304141854,0.22252738427933572,-0.07562983039421423,0.4579509320028,0,8.0,False,0.0,0.0
250.49769740222126,254.10233469653934,241.87197794983268,242.8390655517578,117910500,MSFT,2023-03-10,0.12405969801129157,1,-0.026244771971181913,-0.0025279794121416677,-0.0527834227616224,0.041728166220915686,0.018482981575191015,-0.05499902143206292,-0.026244771971181913,0.02605254377285695,0.036086795384730724,246.94192504882812,240.86432266235352,-0.016614673657618262,0.008198569499944242,0.6719438676860032,-0.09304586190949149,0.45792590481524736,0,9.0,False,0.0,0.0
95.19000244140625,96.55000305175781,90.25,90.7300033569336,272158400,AMZN,2023-03-10,0.09059840501681649,1,-0.04394097051524459,-0.029625632546164793,-0.0704845529187339,-0.0753159313370062,0.03266563540455847,-0.31920161740639985,-0.04394097051524459,0.028006483835262035,0.05280885186182539,94.08250045776367,94.18916702270508,-0.03563358844119058,-0.036725706098851285,0.17025053288031752,0.06502997958054424,0.44090840386743707,0,10.0,False,0.0,0.0
139.0902948901526,142.58379188536398,138.6147512844405,139.35556030273438,55124700,JNJ,2023-03-17,0.0017717446313871843,1,0.0050788761013953465,-0.01064792075655574,-0.04994050689086038,-0.09045870616720542,-0.13524896846446477,-0.07836161446461087,0.0050788761013953465,0.013485362532744388,0.01592933413332434,140.37524032592773,149.3652661641439,-0.007263959234020456,-0.06701495011838576,0.02815095499751125,0.31382388586532306,0.5783701895905663,1,1.0,True,0.5,0.0008858723156935921
176.5743594721353,204.1578744706101,173.45880901106162,194.08688354492188,209082400,META,2023-03-17,0.05316706916637348,1,0.08968861188318389,0.055924225225041146,0.13147835570328015,0.4035299229782423,0.6571497137175344,0.3371383170048352,0.08968861188318389,0.06453327425196174,0.07794263458341716,181.26749801635742,160.63690376281738,0.07072081685271359,0.20823346938692144,1.0,0.37766161953769006,0.55209969310492,1,2.0,True,0.5,0.02658353458318674
241.67662167942007,276.7753773938965,240.04525738823747,272.9656066894531,237284200,MSFT,2023-03-17,0.004079696914440545,1,0.12405969801129157,0.09455900755498958,0.08281001868413074,0.16613879151911815,0.17341713806390313,0.14782749409229634,0.12405969801129157,0.07283311887977921,0.04922689350052253,252.16082000732422,244.22607930501303,0.08250602405847429,0.11767591514478437,1.0,0.6166312217279348,0.5323813158952264,1,3.0,False,0.0,0.0
89.35150093708918,101.9969956149556,88.68699494914536,100.78700256347656,250528400,GOOGL,2023-03-17,0.037591044115850236,1,0.12126242787636632,0.08510404809354544,0.07705366453408691,0.03672725668914434,0.13885464466100972,-0.011478662579191834,0.12126242787636632,0.08082144619190483,0.059903458659434,92.98895072937012,93.70965766906738,0.08385998307262832,0.07552417830190561,0.8263742013799074,0.4148435560899286,0.5116697117376406,1,4.0,False,0.0,0.0
209.377660989288,214.48941724288554,203.65130270299065,212.0701141357422,55644400,V,2023-03-17,0.016790127258678345,1,0.005783340670216575,-0.028511580046493346,-0.027598729336198335,-0.02895203011946257,0.05823139513705766,0.12934640530311214,0.005783340670216575,0.023837193844124038,0.023416756378140002,213.8480224609375,216.19752883911133,-0.008313887146279675,-0.019090943016470185,0.7485670884875101,0.7181688004415505,0.5058013463167197,1,5.0,False,0.0,0.0
121.5874514223848,125.59063457785571,116.249881557702,116.58348083496094,169784300,JPM,2023-03-17,-0.007153669008816976,0,-0.05866049983151678,-0.12425182902793908,-0.11550884883015033,-0.06862581069494722,-0.034587804018828106,0.092186856731165,-0.05866049983151678,0.04189186760611307,0.038734802074464524,126.03775405883789,128.02519416809082,-0.0750114383937962,-0.08937079461178143,0.5629936099544581,0.9327944610869616,0.5046519175701157,1,6.0,False,0.0,-0.0
301.75,307.54998779296875,292.4200134277344,293.510009765625,39342400,BRK.B,2023-03-17,0.018432092542361334,1,-0.03333002323368328,-0.060617704277305284,-0.04778737650993903,-0.05279628750558907,-0.042350422142087285,0.06804705932521293,-0.03333002323368328,0.02768568328266327,0.020130777705221856,303.40250396728516,308.71000417073566,-0.032605183122439985,-0.04923712934390079,0.512676869902541,0.6990465579023626,0.4933897602130638,0,7.0,False,0.0,0.0
167.4600067138672,186.22000122070312,163.91000366210938,180.1300048828125,711837700,TSLA,2023-03-17,0.057069885641677365,1,0.03857243050758341,-0.08928656151867354,-0.13527911769023349,0.3500974917921964,0.4626878006571502,-0.4061974575291597,0.03857243050758341,0.07102643548774064,0.11473408755902388,187.06000137329102,167.78166580200195,-0.0370469177782653,0.07359766647794963,0.4133235463432973,-0.040853366232018296,0.4882646657968902,0,8.0,False,0.0,0.0
145.56513330123872,154.35949876084172,145.45680332509693,152.6459197998047,410426600,AAPL,2023-03-17,0.0338709188895463,1,0.043771008991903226,0.026286122181953475,0.016060140081741503,0.12596402156707032,0.17728378899844066,0.031812826870073696,0.043771008991903226,0.0384988785137355,0.03283053752842424,148.02715301513672,142.48107846577963,0.031202159134923413,0.07134169283022662,0.9905100972721029,0.35508593953386947,0.47667396278223156,0,9.0,False,0.0,0.0
89.97000122070312,100.98999786376953,88.12000274658203,98.94999694824219,375788700,AMZN,2023-03-17,-0.008287010814695961,0,0.09059840501681649,0.04267645265799991,0.0180041157916071,0.01748068841380146,0.16070377651896983,-0.19898002164616058,0.09059840501681649,0.06237857264584157,0.05709427522758566,94.52000045776367,95.3308334350586,0.046868350285906635,0.037964249160257646,0.4232728504364329,0.33663601671912335,0.4450484473320511,0,10.0,False,0.0,-0.0
196.93457201525698,206.26136708985172,192.1322613145537,204.40591430664062,140597200,META,2023-03-24,0.02878527578418133,1,0.05316706916637348,0.14762416168098658,0.20904975039556462,0.35765095034429395,0.7118996482323408,0.46720296385831683,0.05316706916637348,0.05635704395921148,0.07752340287323196,190.10315704345703,167.7204818725586,0.07523682134281451,0.21872959118944846,1.0,-0.13588574780790408,0.5848565899747918,1,1.0,True,0.5,0.014392637892090665
139.43783965618567,140.95595681111922,137.27955104131865,139.6024627685547,38197000,JNJ,2023-03-24,0.015394600516975165,1,0.0017717446313871843,0.0068596192042484905,-0.021285911685396397,-0.08608494677178957,-0.12964651364380197,-0.07185528266657604,0.0017717446313871843,0.01027400061411244,0.016300311949418056,139.61619186401367,147.63235219319662,-9.833455042485006e-05,-0.05439112298457294,0.0380211739100731,-0.0943636901413627,0.5797158433680569,1,2.0,True,0.5,0.007697300258487583
295.57000732421875,307.04998779296875,293.3900146484375,298.9200134277344,21787500,BRK.B,2023-03-24,0.03295187723627868,1,0.018432092542361334,-0.015512272764004242,-0.016775132459162623,-0.033153279926340096,-0.032308127762846084,0.11633127569225854,0.018432092542361334,0.03139574950964657,0.020886041063296733,302.1275100708008,307.87833913167316,-0.010616367381820924,-0.029096966448514894,0.6173798359599392,-0.13701421772789657,0.4991483156994836,0,3.0,False,0.0,0.0
178.0800018310547,200.66000366210938,176.35000610351562,190.41000366210938,693958500,TSLA,2023-03-24,0.08954363071182847,1,0.057069885641677365,0.09784364034725002,-0.032862662841532386,0.07032046202825759,0.545786679577632,-0.30842983711063154,0.057069885641677365,0.0812236331494082,0.11422213136565965,185.44250106811523,173.38416608174643,0.026787292909566274,0.09819718815809098,0.5082463030598589,-0.07538544176601814,0.4881662553509445,0,4.0,False,0.0,0.0
211.68968686292018,219.73777721893399,211.53359872868583,215.63079833984375,36708600,V,2023-03-24,0.019996277840128363,1,0.016790127258678345,0.02267057095472813,0.006786607402324396,-0.04306530487896132,0.06600375134037062,0.20661011801513407,0.016790127258678345,0.024716097729540983,0.023640102276793924,214.21140670776367,217.31012980143228,0.006626125349227907,-0.007727810310191319,0.8160594839407185,0.01681647576970491,0.484595562096121,0,5.0,False,0.0,0.0
99.29930009920032,105.71625799716358,99.05134939660562,104.57569122314453,189689200,GOOGL,2023-03-24,-0.0162177640604817,0,0.037591044115850236,0.16341185326811236,0.18299118194644826,0.061084890305738826,0.19505843490397212,0.06785515597237413,0.037591044115850236,0.06289919517997626,0.05980201265802018,97.03302764892578,95.1320686340332,0.07773295090315835,0.09926855081266361,1.0,0.00408458610647866,0.4689693780093995,0,6.0,False,0.0,-0.0
117.67693236359524,122.06930847844701,114.08148493751717,115.74948120117188,96922200,JPM,2023-03-24,0.04323101264237539,1,-0.007153669008816976,-0.0653945310406473,-0.1136733278433697,-0.1098205091646468,-0.06165045562306837,0.16326257871460603,-0.007153669008816976,0.04223575433338575,0.03801688069286496,122.32647323608398,127.3914566040039,-0.053765892704344065,-0.09138741100214509,0.5409596235069501,-0.05441594656381121,0.4577713438534308,0,7.0,False,0.0,0.0
152.71487589238697,159.67749219321786,151.80883520237765,157.81617736816406,350100100,AAPL,2023-03-24,0.029017250042808307,1,0.0338709188895463,0.07912449217672801,0.09229084987993685,0.09980570098325603,0.23523940386851283,0.06867600158917209,0.0338709188895463,0.026898963176896672,0.0319336742319102,151.3607406616211,144.98562558492026,0.042649346708566904,0.08849533690999434,1.0,0.03897104800127971,0.45023006961594697,0,8.0,False,0.0,0.0
270.5723025345954,274.55794104511676,263.2848617004978,274.0792236328125,177681500,MSFT,2023-03-24,0.02755118901756015,1,0.004079696914440545,0.12864552089291537,0.12579232825249198,0.13343287807065352,0.17284924494065868,0.18554711554949566,0.004079696914440545,0.0650759819721845,0.04923600508421932,259.8169975280762,247.5921262105306,0.05489335278456964,0.10697875505039112,1.0,0.07736230367317543,0.4490502144062559,0,9.0,False,0.0,0.0
98.41000366210938,102.0999984741211,95.69999694824219,98.12999725341797,292116300,AMZN,2023-03-24,0.05258334664764952,1,-0.008287010814695961,0.08156060423995193,0.04951868720233121,-0.040199537326164325,0.16821425301688064,-0.13754615656338487,-0.008287010814695961,0.05692206911634484,0.056833107007298,95.67749977111816,96.50833320617676,0.02563295955858713,0.016803357734681335,0.40005655083537767,-0.022255172641742704,0.4399432335530966,0,10.0,False,0.0,0.0
141.02001363443057,141.92534915655853,138.7610810697603,141.7515869140625,33345300,JNJ,2023-03-31,0.0654838537446103,1,0.015394600516975165,0.017193620449180713,0.006362623384563726,-0.051607763195345435,-0.1338985376884947,-0.03818276410979826,0.015394600516975165,0.012908440947012883,0.015459104268774273,139.8402442932129,145.8061294555664,0.013668044063495532,-0.027807764712247662,0.12393496061916241,-0.1889112060960637,0.5733459740369102,1,1.0,True,0.5,0.03274192687230515
300.8800048828125,308.80999755859375,298.9700012207031,308.7699890136719,16634600,BRK.B,2023-03-31,0.012112643343027418,1,0.03295187723627868,0.05199134182930365,-0.01177795823199057,0.0008426930725664583,-0.031127469803695074,0.15635533562194226,0.03295187723627868,0.03320355665551297,0.021075859392738053,301.20750427246094,307.0516713460286,0.02510722553037792,0.005596184056288145,0.8002011148598189,-0.322349854720292,0.543582732152815,1,2.0,True,0.5,0.006056321671513709
203.2152668797388,210.51799985638456,196.35904875977394,210.289794921875,104554200,META,2023-03-31,0.0196281231605846,1,0.02878527578418133,0.08348277369914547,0.14407570836294892,0.1362249557804336,0.630057043206077,0.562058184535144,0.02878527578418133,0.050706570477901586,0.07701337658890635,196.7237091064453,174.4939956665039,0.06896009574569995,0.2051405787267584,1.0,-0.29808774356358725,0.5286866364732988,1,3.0,False,0.0,0.0
117.49160135325894,120.781247244047,117.028269858248,120.75344848632812,69509600,JPM,2023-03-31,-0.014117104291824112,0,0.04323101264237539,0.0357680832781988,-0.09292799551788,-0.07640523292305679,-0.05531415912380322,0.2674355919874001,0.04323101264237539,0.0519236940837433,0.038747003408859136,119.23372650146484,126.80225054423015,0.012745739225424657,-0.047702639597805296,0.6528590121481898,-0.35447289659782233,0.5137689765238952,1,4.0,False,0.0,-0.0
217.14283836513624,220.31330231722114,213.29929109789424,219.94261169433594,33005200,V,2023-03-31,0.002350744153717166,1,0.019996277840128363,0.037122145148442254,0.0075521540890515215,-0.018374125678869868,0.03743543090089774,0.274452660715514,0.019996277840128363,0.02489924615447325,0.02018934838884636,214.62355422973633,217.97150802612305,0.024783195319307838,0.009042941832455798,0.8874932148593386,-0.12790265227756603,0.5035215589265769,1,5.0,False,0.0,0.0
194.4199981689453,207.7899932861328,185.42999267578125,207.4600067138672,623640500,TSLA,2023-03-31,-0.10797266186425969,0,0.08954363071182847,0.15172376111817032,0.04889030666857486,0.09200974512809856,0.8349549902152642,-0.21786990871303602,0.08954363071182847,0.09479042346834167,0.10777742558423427,187.86000442504883,181.25083351135254,0.10433302367262653,0.1446016699331374,0.8175992002946562,-0.11511269431076476,0.49829113376647954,0,6.0,False,0.0,-0.0
274.0108888501196,282.57799326147335,265.756367139309,281.63043212890625,131625200,MSFT,2023-03-31,0.011446322714956159,1,0.02755118901756015,0.03174328643282487,0.12930390764943622,0.11872310049579315,0.28494240642327373,0.2444679564671275,0.02755118901756015,0.06497757077224799,0.04296895159044004,267.8785820007324,252.79653930664062,0.051336131561784404,0.11405968175573111,1.0,-0.20767540896076364,0.47192306867208683,0,7.0,False,0.0,0.0
157.5109061704178,162.49405610459849,153.61105638332387,162.39556884765625,267939700,AAPL,2023-03-31,-0.0014555440338950287,0,0.029017250042808307,0.0638710098549522,0.09183605320583776,0.0689433549480516,0.2741229489194039,0.1970024652540221,0.029017250042808307,0.026863345982131418,0.03137295050652644,154.77557754516602,147.8971939086914,0.04923251732184042,0.09803008803477264,1.0,-0.20126318249609554,0.4656589107194887,0,8.0,False,0.0,-0.0
99.06999969482422,103.48999786376953,96.29000091552734,103.29000091552734,245608400,AMZN,2023-03-31,-0.01190825197048373,0,0.05258334664764952,0.04386057707061153,0.08840884356951784,-0.0009671967763944522,0.19993028250917022,-0.08592919543781108,0.05258334664764952,0.06028934590734385,0.05785003120856954,97.77499961853027,97.94249979654948,0.05640502499119293,0.05459837282166502,0.5461495210135603,-0.17141185275723014,0.4540635488778782,0,9.0,False,0.0,-0.0
103.7624149352095,103.90126672624382,98.92239404886756,102.87970733642578,161908000,GOOGL,2023-03-31,0.04521348683232329,1,-0.0162177640604817,0.020763637371110644,0.10763475505808406,-0.0100208903142871,0.18765749972608736,0.08447469525347207,-0.0162177640604817,0.06922003842526372,0.060076221580565456,99.53236961364746,96.48670641581218,0.03363064433984242,0.0662578417078803,0.909331923731399,-0.1494845022353164,0.45193474291925334,0,10.0,False,0.0,0.0
219.71827999658794,224.42030308781412,218.63544276563297,220.4596405029297,20775000,V,2023-04-07,0.03553270155688204,1,0.002350744153717166,0.02239402812707425,0.04557228448541939,-0.005325704949556975,0.015119673527018263,0.23450343084639624,0.002350744153717166,0.008490581536452785,0.019063353447664903,217.0257911682129,218.24514389038086,0.01582230994866074,0.010146831095866782,0.8982806732132994,-0.4313407220262062,0.6639948133590092,1,1.0,True,0.5,0.01776635077844102
309.25,313.2200012207031,307.07000732421875,312.510009765625,13048500,BRK.B,2023-04-07,0.023135196450738693,1,0.012112643343027418,0.04546365491575255,0.029246137535846595,0.00845459677092153,-0.01615037352422477,0.161574486470643,0.012112643343027418,0.028610423741652544,0.02148363668217079,303.42750549316406,306.6241709391276,0.029933028838961206,0.019195612689209218,0.8657106877199544,-0.42525849823263184,0.6257625714175375,1,2.0,True,0.5,0.011567598225369347
207.21389041897956,215.25084479932204,206.57887430271677,214.41738891601562,84452000,META,2023-04-07,0.024942040518193043,1,0.0196281231605846,0.04897839988306907,0.20383295678726987,0.24088452130110083,0.5776027587501469,0.6193333218863426,0.0196281231605846,0.03129789356907858,0.07725614126881057,205.79999542236328,181.03599294026694,0.04187266125038969,0.1843909348278765,1.0,-0.3729034624636477,0.5843149036348059,1,3.0,False,0.0,0.0
161.775118163648,164.3060859426903,159.3426339632527,162.15919494628906,200156300,AAPL,2023-04-07,0.0033403702645977695,1,-0.0014555440338950287,0.027519470123733347,0.10882142639897441,0.09039114074929255,0.22374137244694148,0.17913442352005515,-0.0014555440338950287,0.01949622730289622,0.03137635379049719,158.75421524047852,150.3678766886393,0.021448121554774158,0.07841647110616279,0.9932346340791278,-0.3483555203725277,0.5712289425584696,1,4.0,False,0.0,0.0
120.38278281834934,121.80057594873439,118.06613540333719,119.04875946044922,41730200,JPM,2023-04-07,0.08833444127865242,1,-0.014117104291824112,0.028503611636437665,-0.038754899720139235,-0.08912086155709842,-0.10166859567012798,0.2211675281278569,-0.014117104291824112,0.041728148087504295,0.036602626892916504,118.03379249572754,125.67947260538737,0.008598952412364635,-0.052758919237014035,0.5436535528038466,-0.5583478393623644,0.5354113984359959,1,5.0,False,0.0,0.0
279.89160882011697,285.32294143233264,275.50545235305464,284.85406494140625,102542700,MSFT,2023-04-07,-0.01872425166309588,0,0.011446322714956159,0.03931287153319207,0.1730158172622911,0.11110002747366554,0.22196361626477512,0.25151206585614205,0.011446322714956159,0.055719094649622575,0.04096329865983946,278.38233184814453,257.10839970906574,0.023247643089619574,0.10791426987113795,1.0,-0.36812576024411614,0.5301641580474371,1,6.0,False,0.0,-0.0
102.30000305175781,104.19999694824219,99.80000305175781,102.05999755859375,178781600,AMZN,2023-04-07,0.004409216033719465,1,-0.01190825197048373,0.0400489189358344,0.12487593720334988,0.04558955968053002,0.04015485835429167,-0.10911313081694729,-0.01190825197048373,0.0496727330896261,0.0432371971696155,100.60749816894531,98.27083269755046,0.014437287638435548,0.038558387641888237,0.5113249636080902,-0.34529920946264514,0.5297891506236914,1,7.0,False,0.0,0.0
101.55068678803492,108.27510972849137,101.0944584138917,107.53125762939453,126457500,GOOGL,2023-04-07,0.004150603181972912,1,0.04521348683232329,0.028262461110043047,0.19629273552606552,0.14645241896977934,0.17694317071965004,0.0987028460275794,0.04521348683232329,0.056577699615875165,0.059580530114960784,103.94341468811035,97.83390553792317,0.03451727030567309,0.09912056600574326,1.0,-0.30573465127039046,0.4910296748840596,0,8.0,False,0.0,0.0
199.91000366210938,202.69000244140625,179.74000549316406,185.05999755859375,553750100,TSLA,2023-04-07,-0.000324205983925574,0,-0.10797266186425969,-0.02809729531337779,0.06699720337649961,-0.060084320522765244,0.5119280657808383,-0.17039498147494003,-0.10797266186425969,0.08742709135526607,0.11723560371784808,190.7650032043457,186.4724998474121,-0.029905934264267575,-0.007574855756072307,0.6235925499158361,-0.1425318525164343,0.48995590534693206,0,9.0,False,0.0,-0.0
141.70584264325117,152.93624365745956,140.78217613486106,151.03402709960938,41476000,JNJ,2023-04-07,0.0041780467209784344,1,0.0654838537446103,0.08188655203029582,0.08930788179942106,0.0258269204680337,-0.040893603183505434,0.0450154664551754,0.0654838537446103,0.029608361645392624,0.02528661056152804,142.93590927124023,145.26949055989584,0.05665558689665495,0.03968167381530652,0.49501151657703907,-0.013316046460453257,0.46686580790573423,0,10.0,False,0.0,0.0
213.0381837191073,220.38056370650133,209.0197157053964,219.76539611816406,96690000,META,2023-04-14,-0.03882785993725413,0,0.024942040518193043,0.045059729121945,0.13230421399032277,0.28117771020166527,0.5892228462497768,0.7473177194811942,0.024942040518193043,0.014840391417420412,0.07707638928211936,212.21962356567383,187.8260409037272,0.035556431708376524,0.17004753473352396,1.0,-0.09273753710472643,0.5787023092123402,1,1.0,True,0.5,-0.019413929968627064
158.96843186504725,163.794009087704,157.35334033527027,162.70086669921875,263326300,AAPL,2023-04-14,-0.0011499832501216112,0,0.0033403702645977695,0.0018799641746931606,0.06587104923997411,0.0829890875998407,0.20013245307415395,0.19769289342296692,0.0033403702645977695,0.017829109183298483,0.03156926031542514,161.26795196533203,152.6288579305013,0.008885303722309112,0.0659901993979648,1.0,-0.026090259434293772,0.5401956980332122,1,2.0,True,0.5,-0.0005749916250608056
311.4100036621094,321.8800048828125,310.3299865722656,319.739990234375,14401700,BRK.B,2023-04-14,0.014355402758741809,1,0.023135196450738693,0.0355280681770449,0.08936656194347603,0.03730859189054536,0.03185205174013328,0.17262615795159864,0.023135196450738693,0.00877978900671306,0.02117891519291453,309.98500061035156,307.44667053222656,0.03146923110736366,0.03998521005567324,1.0,-0.12547762868459122,0.5195001849404072,1,3.0,False,0.0,0.0
282.5193929371124,283.1934362329106,275.1245138457469,279.5203857421875,122993600,MSFT,2023-04-14,-0.0013278272501333621,0,-0.01872425166309588,-0.007492252775271657,0.024013204931680576,0.10881175756486972,0.19414152129864903,0.2585975357974444,-0.01872425166309588,0.019227248189036737,0.04215940242342587,280.0210266113281,260.89539591471356,-0.0017878688439905144,0.07138872559315845,0.9235121211716728,-0.08015174546549175,0.5169624844048857,1,4.0,False,0.0,-0.0
220.0401501644539,229.2394308811843,218.83050465847958,228.2931671142578,31235300,V,2023-04-14,0.00012819637920746807,1,0.03553270155688204,0.03796697400104998,0.07649853466920642,0.04678854298005697,0.04533171666990632,0.2868385774765807,0.03553270155688204,0.013613249965311337,0.021467024560837645,221.0815544128418,219.07015482584634,0.032619694214512496,0.042100724746113594,1.0,0.026429441663565312,0.5007803247047866,1,5.0,False,0.0,0.0
106.10307169779246,108.04700310514491,103.48469796190201,107.97757720947266,129171100,GOOGL,2023-04-14,-0.031781119220125276,0,0.004150603181972912,0.04955175325661054,0.07134426526344417,0.15389526687957145,0.11069180109621746,0.1274855674927342,0.004150603181972912,0.028790307894955118,0.05760061480551162,105.74105834960938,98.73066139221191,0.021150902920497705,0.09365799526579655,1.0,-0.149106642043207,0.48886325796437075,0,6.0,False,0.0,-0.0
150.55847957744086,152.1131689585871,149.15929040892922,151.66505432128906,29887600,JNJ,2023-04-14,-0.018994376087137388,0,0.0041780467209784344,0.06993549506600338,0.08833155987327435,0.033979730107882355,-0.01011750491379837,0.022199352466179878,0.0041780467209784344,0.029782197818300406,0.024191433289809328,146.0132827758789,145.14031092325845,0.03870724250536339,0.04495472936860745,0.520237578200486,-0.1634327204125232,0.47261858816514274,0,7.0,False,0.0,-0.0
179.94000244140625,191.5800018310547,176.11000061035156,185.0,617553500,TSLA,2023-04-14,-0.10767566577808274,0,-0.000324205983925574,-0.1082618624651086,0.027036001694197287,-0.11190052245109872,0.3865987298676219,-0.09751697623048594,-0.000324205983925574,0.08672983546549233,0.11668616006340503,191.98250198364258,190.77083333333334,-0.036370512476379235,-0.030250081904553916,0.6230729106026112,-0.007508771134716152,0.4553450589471788,0,8.0,False,0.0,-0.0
100.95999908447266,103.19999694824219,97.70999908447266,102.51000213623047,273789600,AMZN,2023-04-14,0.04341036831048317,1,0.004409216033719465,-0.007551541992286137,0.03597782008877082,0.05462968471918561,0.05408742556535184,-0.04106641091661434,0.004409216033719465,0.029756905215550526,0.043043875146276556,101.49749946594238,98.709166208903,0.009975641524329726,0.038505399987713185,0.5240657501744803,0.10589006780700605,0.45449130199490256,0,9.0,False,0.0,0.0
118.18019048329045,129.92909937936918,117.88133142990569,129.5648651123047,88196100,JPM,2023-04-14,0.01304697601494631,1,0.08833444127865242,0.07297031046673763,0.11134840188654671,-0.017022172664595603,0.0350812168425485,0.26676440849719874,0.08833444127865242,0.04789270104682818,0.04276859355867714,121.27913856506348,126.04540952046712,0.06831947064660349,0.027922124298117135,0.8279480436723445,0.19039904763865056,0.43597017465485244,0,10.0,False,0.0,0.0
228.2931816604742,229.80524086262375,225.28855212156984,228.3224334716797,25192300,V,2023-04-21,-0.005639984498112316,0,0.00012819637920746807,0.03566545309977265,0.058858174386728246,0.0660442291110328,0.013258124283183292,0.23460952140183378,0.00012819637920746807,0.016600569730468803,0.019593612369041283,224.25446319580078,219.3191146850586,0.018139974642676693,0.04105122711054987,1.0,-0.08564366587482919,0.5508686247548917,1,1.0,True,0.5,-0.002819992249056158
283.2226679530425,285.0104118167831,276.5116808961058,279.14923095703125,106069100,MSFT,2023-04-21,0.07523798091692258,1,-0.0013278272501333621,-0.020027216341632625,0.018498327808353254,0.14661760378463606,0.15439949099797,0.1865319143802735,-0.0013278272501333621,0.01960199555613209,0.04203893344181968,281.2885284423828,264.00671768188477,-0.007605349202108536,0.05735654534894241,0.9181895584202904,-0.08409245848611901,0.525295950505172,1,2.0,True,0.5,0.03761899045846129
162.5826774005875,165.60608642613127,161.53877864877254,162.51376342773438,249953100,AAPL,2023-04-21,0.028238856722434313,1,-0.0011499832501216112,0.0021865456446226172,0.029766188345897282,0.12480418504596336,0.13254272462261518,0.12409936443356817,-0.0011499832501216112,0.014552241335312448,0.028810490240508007,162.4423484802246,154.2137883504232,0.00043963257228130104,0.05382122549542068,0.9946912198829445,0.018786898469230096,0.521503366782028,1,3.0,False,0.0,0.0
320.20001220703125,325.7200012207031,319.0,324.3299865722656,14247000,BRK.B,2023-04-21,0.013011443268946321,1,0.014355402758741809,0.037822714272433444,0.08500592801784501,0.06680480985636894,0.04903442276453096,0.14803007100999777,0.014355402758741809,0.009487189511738119,0.02135885092139308,316.3374938964844,308.7100016276042,0.02526571408698275,0.05059759924300655,1.0,-0.023037176977223406,0.5105557856312435,1,4.0,False,0.0,0.0
218.0786199086563,219.25935651194632,207.94815114120425,211.2323760986328,77853600,META,2023-04-21,0.12884585170109064,1,-0.03882785993725413,-0.014854265474850692,0.03339659625382185,0.2494278967603094,0.40299187098655986,0.6374897208324777,-0.03882785993725413,0.03186181087300138,0.07880064912026145,213.92623901367188,192.88219579060873,-0.012592484809060278,0.09513672442813159,0.9342005946443882,-0.143406487914448,0.5074596036126171,1,5.0,False,0.0,0.0
186.32000732421875,189.69000244140625,160.55999755859375,165.0800018310547,668971700,TSLA,2023-04-21,-0.004664430966320077,0,-0.10767566577808274,-0.10796496266683997,-0.13302873454066966,-0.16151971893075634,-0.07206291458834635,-0.2301809366181048,-0.10767566577808274,0.0953489114574226,0.07589185741181632,185.6500015258789,189.7025006612142,-0.11079988971590093,-0.12979533081713213,0.4505456543180084,0.08603013138679505,0.49160413620990434,0,6.0,False,0.0,-0.0
151.57359079858668,152.03085393897206,146.00413779412378,148.78427124023438,45882900,JNJ,2023-04-21,0.006208255672449425,1,-0.018994376087137388,-0.014895688756886849,0.06577110668099095,0.04308519702733227,-0.025975742308553262,-0.02247812118042969,-0.018994376087137388,0.03564790848114524,0.024770164568782053,148.30873489379883,144.80965677897134,0.0032063947330955855,0.027447164434134752,0.40507485775075397,0.21873568149128975,0.483401149594376,0,7.0,False,0.0,0.0
103.16000366210938,108.1500015258789,101.38999938964844,106.95999908447266,282580000,AMZN,2023-04-21,-0.014117447168617958,0,0.04341036831048317,0.04801099003618692,0.08998269722000973,0.14395720945960067,0.046165897098240594,-0.10358699834029339,0.04341036831048317,0.03083768808222312,0.04232952781178131,103.70499992370605,99.1024996439616,0.031387099591738465,0.07928659184924824,1.0,0.15249445429848452,0.4620399391076534,0,8.0,False,0.0,-0.0
103.80208203407157,105.66665757008278,102.22511753880913,104.54592895507812,138694200,GOOGL,2023-04-21,0.018309362503688975,1,-0.031781119220125276,-0.027762426852714017,-0.0002846002519161228,0.1826545023580517,0.060782905278653265,0.042321874624666744,-0.031781119220125276,0.03333704826445451,0.05883865565562752,105.73361778259277,99.22986857096355,-0.011232840154554724,0.0535731877979142,0.8447730711252712,-0.0026140228121132036,0.4545147216241244,0,9.0,False,0.0,0.0
130.70426129549892,132.41335642388827,128.56555541938278,131.2552947998047,61397400,JPM,2023-04-21,-0.016365364724986065,0,0.01304697601494631,0.10253391463025507,0.13396011314887724,0.005059093445600293,0.009428036150467056,0.1673829405379481,0.01304697601494631,0.043909576339998764,0.041475072936080784,125.15559196472168,126.14756965637207,0.04873695804820577,0.04049007965310891,0.8924232777282567,-0.0584423077881544,0.430476992537745,0,10.0,False,0.0,-0.0
324.42999267578125,328.80999755859375,319.0,328.54998779296875,13392300,BRK.B,2023-04-28,-0.014213918988482788,0,0.013011443268946321,0.027553630536286233,0.06406062597754936,0.051528164368479956,0.06495730249585141,0.09651898154013994,0.013011443268946321,0.005072112240690896,0.02139753143587423,321.2824935913086,310.3799997965495,0.022620262064153573,0.05854110447944283,1.0,-0.027596910482033832,0.5635060138201835,1,1.0,True,0.5,-0.007106959494241394
228.49802336543635,229.39550774804442,221.06449942703617,227.03469848632812,42357100,V,2023-04-28,-0.004081942363390545,0,-0.005639984498112316,-0.005512511144496246,0.03224516948925005,0.040040844066911996,0.013278567013648379,0.11639915958000602,-0.005639984498112316,0.018600570633260805,0.01959296780426986,226.02748489379883,219.56704711914062,0.004456155378637083,0.03401080200862494,0.9651645163740353,0.4171029201311145,0.5526792576861598,1,2.0,True,0.5,-0.0020409711816952725
212.01621778758587,239.80810221766666,205.51721678874523,238.44879150390625,187692300,META,2023-04-28,-0.031374840180252384,0,0.12884585170109064,0.08501518308049039,0.13390567332329484,0.29727393642411504,0.2883719235309432,1.422581020223082,0.12884585170109064,0.06973218270770784,0.05859960554209422,220.9659881591797,197.32979456583658,0.07911988397115799,0.2083770321077938,1.0,0.6807466689829744,0.5420385618732091,1,3.0,False,0.0,-0.0
162.49405610505224,167.27039764589344,160.32744626830737,167.10296630859375,256340700,AAPL,2023-04-28,0.022925489852309244,1,0.028238856722434313,0.02705639926007919,0.02898722849607749,0.12348535436037089,0.09992906022729442,0.0929816792434921,0.028238856722434313,0.014167608052465067,0.02533472211198726,163.61919784545898,155.47890345255533,0.0212919297307963,0.0747629588189469,1.0,0.05731877987544354,0.523653902646114,1,4.0,False,0.0,0.0
275.564099605755,301.78320498757233,268.99963123640964,300.15185546875,219914600,MSFT,2023-04-28,0.011032725134250132,1,0.07523798091692258,0.07381025062548274,0.06576499279511894,0.20357257099950088,0.19229591713963212,0.3096102543822332,0.07523798091692258,0.04096408776379674,0.045168273970948934,285.91888427734375,268.04080963134766,0.049779752139771816,0.11979909283801438,1.0,0.5949709892660284,0.4916101409816538,0,5.0,False,0.0,0.0
148.7842794230768,151.2169594431559,148.03436119193367,149.7079620361328,28824800,JNJ,2023-04-28,-0.006230901410124501,0,0.006208255672449425,-0.012904042357775536,0.05612900211758398,0.0628487532035733,0.0016245466725632873,-0.05105747550669537,0.006208255672449425,0.03603797232541758,0.024058419463952135,150.2978286743164,144.82989120483398,-0.00392465176234702,0.03368138158993528,0.442000492870458,-0.21066492870262676,0.48077585032252945,0,6.0,False,0.0,-0.0
107.66000366210938,110.86000061035156,102.44999694824219,105.44999694824219,489083300,AMZN,2023-04-28,0.0019915288757217375,1,-0.014117447168617958,0.028680077560671702,0.02091195675834423,0.11116960224164307,0.01992453400478489,0.01972723347731864,-0.014117447168617958,0.02662246347449071,0.04259855276030051,104.24499893188477,99.27416610717773,0.011559288490614161,0.06220984857628453,0.9342333538135178,0.5980052841183614,0.45403260210855034,0,7.0,False,0.0,0.0
104.62527258627793,107.48167377000753,101.78872203487352,106.46009826660156,209783500,GOOGL,2023-04-28,-0.016489610316456904,0,0.018309362503688975,-0.014053648749010494,0.034801721572433886,0.1461823514075664,0.024432087023521065,0.11475732270754135,0.018309362503688975,0.032066047958835484,0.05705992636580892,106.62871551513672,99.44145266215007,-0.0015813493365323117,0.07058068256803507,0.93135846728105,0.3890502383438146,0.45184409559097405,0,8.0,False,0.0,-0.0
164.64999389648438,165.64999389648438,152.3699951171875,164.30999755859375,664901000,TSLA,2023-04-28,0.03499482737165471,1,-0.004664430966320077,-0.1118378510346284,-0.20799193945263272,-0.16927042248848878,-0.13511947966226978,-0.2809819950699396,-0.004664430966320077,0.060838143737869346,0.07250140924853725,174.86249923706055,187.5633341471354,-0.06034742568880247,-0.12397591829062071,0.5380577427821522,0.06164344601216287,0.44511593718875975,0,9.0,False,0.0,0.0
131.18058693269546,131.77830508418094,125.14736009851921,129.1072540283203,51541300,JPM,2023-04-28,-0.010850800474118683,0,-0.016365364724986065,-0.0035319072310824318,0.06918067886846324,-0.030176138465229263,-0.012510319937313552,0.11321424469346053,-0.016365364724986065,0.048934138317489696,0.04176602444146999,127.24404335021973,126.01126670837402,0.014642812575299757,0.024569131005652833,0.7687947061742273,-0.15111193461388017,0.43294167729932465,0,10.0,False,0.0,-0.0
227.17130497251492,228.8492150942754,218.0110629719809,226.1079559326172,25794600,V,2023-05-05,0.00022047195845709133,1,-0.004081942363390545,-0.009698904769851135,0.025620632496733187,0.07236050773499025,0.020158479617877756,0.18160739217348154,-0.004081942363390545,0.019517969820458572,0.01931059496992056,227.4395637512207,219.9393742879232,-0.005854776524545469,0.028046736354804258,0.9229211855206888,-0.17178536081034335,0.5655399954154884,1,1.0,True,0.5,0.00011023597922854567
149.61651611328125,151.97599379197842,147.46735296393004,148.775146484375,28694800,JNJ,2023-05-05,-0.01167933385079667,0,-0.006230901410124501,-6.132876669906473e-05,-0.01495610398936531,0.07301607984279368,0.010484546370423509,-0.03832733093079421,-0.006230901410124501,0.011555087951294105,0.02368194257318816,149.7331085205078,144.95852915445963,-0.006397797024307428,0.02632902908285306,0.404710084812758,-0.13887678079617316,0.5372612049225143,1,2.0,True,0.5,-0.005839666925398335
329.1600036621094,331.8399963378906,317.4100036621094,323.8800048828125,15536700,BRK.B,2023-05-05,-0.004291758143391555,0,-0.014213918988482788,-0.0013874193200845708,0.036382818987829246,0.06669301345173584,0.04514501782268243,0.12665670681288188,-0.014213918988482788,0.01616004409571916,0.02214357782193261,324.12499237060547,311.54583231608075,-0.0007558426334272061,0.03959023452516619,0.8667241484423309,0.0793553754318077,0.5323184090189073,1,3.0,False,0.0,-0.0
236.76202234544346,243.01297910850474,228.06031996962398,230.96749877929688,132847800,META,2023-05-05,0.004424680541037951,1,-0.031374840180252384,0.09342849351582805,0.07718641639537771,0.2967525086603311,0.33666395066082666,1.5639390590688795,-0.031374840180252384,0.07739233619414203,0.0544810220099581,225.103515625,202.1775868733724,0.02605016246865599,0.14239912717899905,0.9415095678896362,0.0733360843833073,0.5321656667880618,1,4.0,False,0.0,0.0
299.8685344351108,304.75281837217517,296.38109458301545,303.4633483886719,120776300,MSFT,2023-05-05,-0.005407945605174325,0,0.011032725134250132,0.08710078601428517,0.06532918338761817,0.24964798270479593,0.18368728493048025,0.4106588088408627,0.011032725134250132,0.04098214601865782,0.045177741859794285,290.57120513916016,271.96515401204425,0.04436827538825616,0.11581702255588477,1.0,-0.1520804782979871,0.5273556691551174,1,5.0,False,0.0,-0.0
166.70903856930101,171.65279246173276,161.81454585901537,170.9338836669922,360723200,AAPL,2023-05-05,-0.0043859653038035296,0,0.022925489852309244,0.05181173619797441,0.05411157056872118,0.16882149526167245,0.1493939179094561,0.256214927893077,0.022925489852309244,0.014420006355113282,0.02384019494027138,165.81287002563477,157.33034896850586,0.030884295293638564,0.08646478437042981,1.0,0.27650847313378146,0.5031224043882087,1,6.0,False,0.0,-0.0
105.96419371928604,107.10476830411024,102.85985449785488,104.7046127319336,129533100,GOOGL,2023-05-05,0.11310046318658706,1,-0.016489610316456904,0.0015178379344034099,-0.026286727782938613,0.16484611403858485,0.11631593631622916,0.21933474417888488,-0.016489610316456904,0.022119811381776537,0.04812832887088789,105.92205429077148,100.35060501098633,-0.011493749502779038,0.043387956858562005,0.8467248501080266,-0.1466603335837251,0.47686762000761185,0,7.0,False,0.0,0.0
104.94999694824219,105.95999908447266,101.1500015258789,105.66000366210938,315546600,AMZN,2023-05-05,0.04353585382063252,1,0.0019915288757217375,-0.012154033596584068,0.03527342925369781,0.16455416899347908,0.08247108904232614,0.16135414116861546,0.0019915288757217375,0.024417618745896128,0.03846503841781659,105.14500045776367,99.94499969482422,0.004898028456926662,0.05718148966667225,0.9433799880574717,-0.0726033330651481,0.46936714008610986,0,8.0,False,0.0,0.0
163.1699981689453,170.7899932861328,158.8300018310547,170.05999755859375,559718500,TSLA,2023-05-05,-0.012230988244828267,0,0.03499482737165471,0.030167165448881317,-0.08105479410941141,-0.01948803525850029,-0.13626899240300006,-0.18031524288811873,0.03499482737165471,0.06146113167072779,0.07242316572613836,171.11249923706055,185.3275006612142,-0.006150933936209135,-0.08238120650280623,0.5984251968503937,-0.10842493465231218,0.44427822664036226,0,9.0,False,0.0,-0.0
132.86162743917237,133.89829616716602,123.10201862267408,127.70633697509766,75810700,JPM,2023-05-05,-0.01930666762253397,0,-0.010850800474118683,-0.027038587891787702,0.07272295447584809,0.031149683947645057,-0.02287903943911551,0.06237457915909128,-0.010850800474118683,0.048248112149932035,0.041878081511152236,129.40843772888184,125.76208241780598,-0.013152934875469091,0.015459783425281426,0.6881661741394679,0.09495478352238984,0.4423050487953346,0,10.0,False,0.0,-0.0
225.59093765040402,229.0638378702278,223.1180386390603,226.15780639648438,19786200,V,2023-05-12,0.008341340856829582,1,0.00022047195845709133,-0.0038623703587605807,-0.009353590143610035,0.06642940858571378,0.03699731198199463,0.13309833188932485,0.00022047195845709133,0.0029761399471125456,0.01849731551789824,226.90572357177734,220.61176681518555,-0.0032961582613246776,0.025139364329305858,0.9224757103018705,-0.30040961653033404,0.6687723472806023,1,1.0,True,0.5,0.004170670428414791
128.40682342410972,128.93912063688003,124.33483462102346,125.24075317382812,40007800,JPM,2023-05-12,0.03788199437168016,1,-0.01930666762253397,-0.029947975298460383,-0.03337410905902993,0.07425813911940637,-0.04982818187669569,0.006287628763979702,-0.01930666762253397,0.014701221991124688,0.04206554604041337,128.3274097442627,125.21476745605469,-0.02405297961351993,0.000207529178078536,0.546261696606173,-0.300432073831993,0.5688831193564245,1,2.0,True,0.5,0.01894099718584008
328.260009765625,330.69000244140625,319.80999755859375,322.489990234375,12711800,BRK.B,2023-05-12,0.02449696007098079,1,-0.004291758143391555,-0.018444674429305974,0.008600738362393168,0.09873591872349174,0.04623021169045849,0.04123075346552163,-0.004291758143391555,0.013858810034645605,0.022106391776401762,324.81249237060547,312.73333231608075,-0.007150285751880925,0.03119801092527341,0.8270547557460002,-0.09019141923639862,0.556944989856527,1,3.0,False,0.0,0.0
148.1441416352618,148.6745686399828,145.76635128811756,147.0375518798828,27043800,JNJ,2023-05-12,-0.011630869384604114,0,-0.01167933385079667,-0.017837462483160982,-0.030511329469498527,0.055125117077927666,0.002431633897777452,-0.037036159861790985,-0.01167933385079667,0.010630038727967844,0.023939573249738614,148.57623291015625,144.98825200398764,-0.010356172048081702,0.014134247758492924,0.33524767960492285,-0.17073002453883324,0.5561091503355018,1,4.0,False,0.0,-0.0
169.86043164324718,171.9383837832071,168.63587209674515,170.18417358398438,250062000,AAPL,2023-05-12,0.015008351870630765,1,-0.0043859653038035296,0.018438974145440712,0.04599426565194542,0.1148950054294351,0.13280037539306577,0.15612944448682953,-0.0043859653038035296,0.01656384205223009,0.024303777827756952,167.68369674682617,158.9929339090983,0.014911866124549311,0.07038828330122193,0.9827562214460129,-0.10458615729057663,0.5461372112671695,1,5.0,False,0.0,0.0
229.618073071823,236.35521078761784,228.47703347004094,231.9894561767578,88995500,META,2023-05-12,0.05059662932500264,1,0.004424680541037951,-0.027088983284038193,0.05562322492309524,0.19528662596647495,0.3524409461426685,1.0687490687768268,0.004424680541037951,0.07771406294849567,0.05393663639821986,228.15953063964844,207.2155507405599,0.016786173807301186,0.11955620776365183,0.94949946107738,-0.2696145093079617,0.49202357887644854,0,6.0,False,0.0,0.0
104.3178158732233,117.06248707301147,104.29798314719713,116.5467529296875,246027200,GOOGL,2023-05-12,0.04467696289399026,1,0.11310046318658706,0.09474587030557258,0.07936069637486809,0.15636689221197253,0.24546919880279838,0.2188569645402838,0.11310046318658706,0.06501504181923634,0.05624002054818846,108.0643482208252,102.26478576660156,0.07849401628304697,0.13965674553586416,1.0,0.359194959380585,0.48714687287233627,0,7.0,False,0.0,0.0
105.04000091552734,113.27999877929688,104.69999694824219,110.26000213623047,296925400,AMZN,2023-05-12,0.054326117791732464,1,0.04353585382063252,0.04561408560636715,0.07560237868008879,0.11430020754729497,0.1343621975105882,0.09395774516005795,0.04353585382063252,0.029346093890862585,0.03962007720029511,107.08250045776367,101.03333346048991,0.029673398219908886,0.09132301548130872,1.0,-0.1419179902427169,0.48008376524578456,0,8.0,False,0.0,0.0
302.95541576842186,305.7590007361898,299.00886932285215,301.8222351074219,124192300,MSFT,2023-05-12,0.03257910856612223,1,-0.005407945605174325,0.005565115151672906,0.07978612832126042,0.10571525390302483,0.19727955473806258,0.2569980579661517,-0.005407945605174325,0.037558986486148985,0.04457003734164482,296.14666748046875,276.10950469970703,0.019164718871359288,0.09312511873026486,0.9805292012196767,-0.12992871733768308,0.4612672364250194,0,9.0,False,0.0,0.0
173.72000122070312,177.3800048828125,166.55999755859375,167.97999572753906,582794600,TSLA,2023-05-12,0.07238959382897425,1,-0.012230988244828267,0.022335817804614022,-0.09200002309438349,-0.06745133418043203,-0.19360569489570756,-0.14282801101604048,-0.012230988244828267,0.060509130030151535,0.06922620367580576,166.8574981689453,181.96666717529297,0.006727282686794345,-0.07686392054584479,0.5765879072855151,-0.0586368246821638,0.4390063273441201,0,10.0,False,0.0,0.0
225.9721097049915,229.051017784287,224.44731847297135,228.0442657470703,24144300,V,2023-05-19,-0.03557491618160835,0,0.008341340856829582,0.008563651847041553,-0.0012183109665563352,0.05756815586084496,0.06474545573587265,0.11111343236755022,0.008341340856829582,0.006265295620085551,0.01728468219520407,226.836181640625,221.76735051472983,0.005325799868908465,0.028304054757255948,0.9900376579807213,-0.1383359712782226,0.6140849909826428,1,1.0,True,0.5,-0.017787458090804176
170.76598190315437,173.95134816577144,168.06388478776768,172.7383575439453,258634800,AAPL,2023-05-19,0.0015414403200684212,1,0.015008351870630765,0.010556560456255415,0.06291525037974743,0.09455418591827747,0.19557152197631766,0.16114811140541763,0.015008351870630765,0.014295667565156695,0.01877709896764289,170.2398452758789,161.3476448059082,0.014676424687871892,0.07059732884071201,1.0,-0.08103098642544548,0.5696482135961902,1,2.0,True,0.5,0.0007707201600342106
322.8900146484375,333.94000244140625,320.1300048828125,330.3900146484375,14504200,BRK.B,2023-05-19,-0.029631671996319997,0,0.02449696007098079,0.02010006689971644,0.0186847603584801,0.10527900377038879,0.08673780207780935,0.06316773158044842,0.02449696007098079,0.017316441982483936,0.022077213429521885,326.32749938964844,314.9308344523112,0.012449196792754025,0.049087540834199306,1.0,0.03333867664084078,0.5642889077320341,1,3.0,False,0.0,-0.0
147.05586258181967,147.26619976752545,144.0927956051581,145.32737731933594,29244500,JNJ,2023-05-19,-0.021366890045594555,0,-0.011630869384604114,-0.023174362428882933,-0.02323426994051525,0.041008693093563364,0.018849873988643795,-0.08577752645547465,-0.011630869384604114,0.008425063252327883,0.022651960336027455,147.71200942993164,145.2123120625814,-0.016143793045662047,0.0007923932559172897,0.26688142317564734,0.02785483257313426,0.5502168978101587,1,4.0,False,0.0,-0.0
235.07525568820336,246.7535951143533,233.4976396213384,243.7273406982422,104687000,META,2023-05-19,0.06676445720771684,1,0.05059662932500264,0.05524518378725696,0.1538351515983334,0.19236931829973036,0.4416338266696187,1.1922354950796246,0.05059662932500264,0.06916587254170954,0.0526762563970201,236.28327178955078,213.43755594889322,0.03150484946442411,0.1419140348318162,1.0,-0.18566784112561374,0.5254012544703027,1,5.0,False,0.0,0.0
115.15821666094425,124.93739380984856,115.05903790038903,121.75370788574219,191213600,GOOGL,2023-05-19,0.015070086152196405,1,0.04467696289399026,0.16283041127765752,0.16459539938717271,0.16426395524312665,0.3773139925107132,0.25998157380312414,0.04467696289399026,0.05485456821563079,0.051277001980040614,112.36629295349121,105.04431279500325,0.08354297970955105,0.1590699643430269,1.0,-0.01507036054256905,0.5217866184936797,1,6.0,False,0.0,0.0
301.94927639928727,312.3406122958503,300.4741992492285,311.65533447265625,122204500,MSFT,2023-05-19,0.04570566811348087,1,0.03257910856612223,0.026994976913957247,0.11644704663588556,0.13709945008522406,0.2801378373660728,0.32590588052915637,0.03257910856612223,0.03490871226372219,0.041811869565969245,304.273193359375,281.792906443278,0.024261555977960425,0.10597295867484591,1.0,-0.1673850431545406,0.4745354616710316,0,7.0,False,0.0,0.0
111.1500015258789,118.5999984741211,109.25,116.25,318369600,AMZN,2023-05-19,0.03320430632560489,1,0.054326117791732464,0.10022710553518843,0.08685490833064113,0.18465304446903863,0.24331550802139046,0.23486297805078116,0.054326117791732464,0.032722563236674725,0.03811059517704951,109.40500068664551,102.92916679382324,0.06256568959731323,0.12941747826308192,1.0,-0.10313679265713283,0.45845592003538127,0,8.0,False,0.0,0.0
125.39952667996555,131.2085900304391,125.11000894791336,129.98512268066406,51320000,JPM,2023-05-19,-0.016094054201900354,0,0.03788199437168016,0.017843951674933356,-0.00967711147255379,0.12298665472850567,-0.004666975438176735,0.05580106179909694,0.03788199437168016,0.026923917022444194,0.04364593294947777,128.00986671447754,125.1639773050944,0.015430497795863474,0.03851863355075258,0.8193196538111945,-0.06127589288082391,0.44657306519793194,0,9.0,False,0.0,-0.0
167.66000366210938,181.9499969482422,164.35000610351562,180.13999938964844,575071900,TSLA,2023-05-19,0.07233262364519377,1,0.07238959382897425,0.05927320931297575,0.09122847947388801,-0.053936264245262544,-0.0850264378199711,-0.00027750180964714044,0.07238959382897425,0.03911172184446924,0.07232558683534034,170.62249755859375,180.5716667175293,0.055781048614566675,-0.0023905595807348634,0.7042519877276082,-0.03450110514815197,0.43987488503798405,0,10.0,False,0.0,0.0
171.57466634347682,173.33993425328168,168.16247565777167,173.00462341308594,250355000,AAPL,2023-05-26,0.03146542816825959,1,0.0015414403200684212,0.01657292666941035,0.035317488581222634,0.0653284731887116,0.16316403553416392,0.18790691436836426,0.0015414403200684212,0.012444897260074611,0.018573331806685814,171.71525955200195,163.37001164754233,0.0075087319813502695,0.05897417566652008,1.0,-0.10569534058181329,0.5742471847189249,1,1.0,True,0.5,0.015732714084129795
243.49912956161424,260.2675510820646,243.04270707822582,259.9996643066406,111309500,META,2023-05-26,0.04033713046833154,1,0.06676445720771684,0.12073914302614353,0.09037945911494094,0.23638745476561707,0.4145208531220368,1.3520329518263128,0.06676445720771684,0.04463905656889771,0.05103939445219834,241.67098999023438,219.78689575195312,0.075841433500756,0.18296253931385786,1.0,0.016897047732983506,0.5701843224728416,1,2.0,True,0.5,0.02016856523416577
228.0442561267976,228.59161469702028,215.06396002144342,219.93161010742188,31150700,V,2023-05-26,0.016799114826039352,1,-0.03557491618160835,-0.027530317826602757,-0.031286355901822605,-5.0020261327721194e-05,0.007501756067002763,0.05659885789921271,-0.03557491618160835,0.019236579934485368,0.02027477102952906,225.06040954589844,221.90381622314453,-0.022788545745672795,-0.008887662002799557,0.6994897510288864,0.23521003055242184,0.5557875034792903,1,3.0,False,0.0,0.0
145.58539066469842,146.6358163387458,141.64169449161764,142.22218322753906,30215500,JNJ,2023-05-26,0.01697431076060707,1,-0.021366890045594555,-0.03274924392292311,-0.05000254299625706,0.0033198662796054546,0.009703612722993471,-0.11626555099139879,-0.021366890045594555,0.006302013000502929,0.023295689403328212,145.8405647277832,145.32621256510416,-0.024810528586460046,-0.02135904653934695,0.14274760640633996,0.04916205578887234,0.5487992393759051,1,4.0,False,0.0,0.0
330.75,331.489990234375,317.7099914550781,320.6000061035156,17338100,BRK.B,2023-05-26,0.027698080828935767,1,-0.029631671996319997,-0.005860597811069401,-0.02419717542178912,0.03831336435135202,0.026084152914304104,0.009986496238155285,-0.029631671996319997,0.022795282555060463,0.023394076429398464,324.34000396728516,315.61000061035156,-0.011531102602276522,0.015810669761775697,0.7345442719969814,0.15412675484433547,0.5027356234020623,1,5.0,False,0.0,0.0
180.6999969482422,198.60000610351562,178.22000122070312,193.1699981689453,685490800,TSLA,2023-05-26,0.107677192363828,1,0.07233262364519377,0.14995834672042752,0.17564360683567015,-0.06888078705516931,-0.023358083189294554,0.056381917992895936,0.07233262364519377,0.040139764014421125,0.07569849567732725,177.83749771118164,180.18666712443033,0.08621635287887686,0.0720548931378433,0.8410498751742946,0.14102235143810282,0.4703907889861385,0,6.0,False,0.0,0.0
311.90985842716117,326.3990200914225,306.0456005180939,325.8997497558594,158230100,MSFT,2023-05-26,0.007540160517527594,1,0.04570566811348087,0.07977382660315957,0.08578289228596847,0.15718939637421858,0.3068185072158973,0.35138117827526427,0.04570566811348087,0.02266546496644121,0.042392173844033806,310.71016693115234,288.16921106974286,0.048886661723150926,0.13093188736594397,1.0,0.20463750506277845,0.4648708764346979,0,7.0,False,0.0,0.0
121.93223602252743,125.39362560112353,118.87748262878495,123.58854675292969,181434800,GOOGL,2023-05-26,0.00048144953163142823,1,0.015070086152196405,0.06042033472601749,0.1608907822293606,0.2012917800085119,0.33059252650301785,0.27857600759994705,0.015070086152196405,0.05530163396789345,0.05088458038588806,116.64840507507324,107.60316340128581,0.05949624149074184,0.148558674729937,1.0,-0.03003105951588103,0.4628072277958798,0,8.0,False,0.0,0.0
131.68492275092876,132.28264097920177,125.68904494564767,127.89313507080078,46547800,JPM,2023-05-26,0.0257777016321874,1,-0.016094054201900354,0.02117826529908573,-0.009403956165415783,0.05912615063147464,-0.039296319547276526,0.016777437393724393,-0.016094054201900354,0.026876502217960847,0.043450568976126175,127.70633697509766,124.72803560892741,0.0014627159476006124,0.02537600665657269,0.6989171720010363,-0.12867039206537811,0.45302135629663054,0,9.0,False,0.0,0.0
116.7699966430664,121.5,113.77999877929688,120.11000061035156,365081900,AMZN,2023-05-26,0.03446839870627416,1,0.03320430632560489,0.0893342851739749,0.13902327251185143,0.16284247793336704,0.2656480366609686,0.28583659031663977,0.03320430632560489,0.022561728653649266,0.03829993531275126,113.07000160217285,105.03000005086263,0.06226230572586666,0.14357803058351126,1.0,0.12686250384378406,0.4523533247352326,0,10.0,False,0.0,0.0
141.87205083876879,144.94958837219343,141.11648014368726,144.6363067626953,32478700,JNJ,2023-06-02,0.019366834812322375,1,0.01697431076060707,-0.004755267516609041,-0.027819429652615857,-0.042359463359171845,0.043165384493481396,-0.1095046384482965,0.01697431076060707,0.016578039067948525,0.02307274903752264,144.80585479736328,145.82495752970377,-0.0011708644992650674,-0.008151216274253525,0.2392550580220767,0.09188157922383544,0.5725487227492657,1,1.0,True,0.5,0.009683417406161188
263.18467584953015,273.2059902375829,256.43764444041886,270.4873046875,94316600,META,2023-06-02,-0.028098474974637022,0,0.04033713046833154,0.10979467429708345,0.17110548504474488,0.26149892065631963,0.5186339756376468,1.2075468009128238,0.04033713046833154,0.026414737431602962,0.04724379211520529,251.55094146728516,227.4848175048828,0.07527844304521336,0.1890345371365021,1.0,-0.05520091478119926,0.5652012044511241,1,2.0,True,0.5,-0.014049237487318511
219.93156936001907,225.07287402760846,211.26177890836342,223.6262664794922,40277300,V,2023-06-02,-0.0228593618085573,0,0.016799114826039352,-0.019373428457430508,-0.010975683906782052,0.01436374462617529,0.0605906177679747,0.05524684217715259,0.016799114826039352,0.02303135619806121,0.017432246953584505,224.4399871826172,222.96844736735025,-0.003625560281568352,0.0029502789291893095,0.8318107471975107,0.39659582952274874,0.5362894032612046,1,3.0,False,0.0,-0.0
122.37000274658203,126.38999938964844,119.16999816894531,124.25,252755100,AMZN,2023-06-02,-0.006599595129369917,0,0.03446839870627416,0.0688172043010753,0.17594165903438408,0.21742115395080952,0.3694477615216003,0.3199830407462201,0.03446839870627416,0.009778578922375126,0.03256939371035195,117.71750068664551,107.82333310445149,0.05549301739546331,0.15234797907458053,1.0,-0.18011988984147687,0.5287883575682018,1,4.0,False,0.0,-0.0
124.61010271936992,125.11591981661117,120.99994114625623,123.6480484008789,130155300,GOOGL,2023-06-02,-0.01957172660335038,0,0.00048144953163142823,0.015558791169747677,0.1809226468125582,0.14988005466308918,0.37559315611976873,0.24123844476167,0.00048144953163142823,0.05001450732922728,0.04833765994791865,121.38426399230957,110.4165776570638,0.01864973542791981,0.1198322844682791,1.0,-0.3047546515508375,0.5234807688748528,1,5.0,False,0.0,-0.0
321.8599853515625,330.6700134277344,319.0,329.4800109863281,16744300,BRK.B,2023-06-02,0.01763383927662554,1,0.027698080828935767,-0.002754331613434746,0.017290373036587647,0.05430226453683895,0.08513653356983797,0.04216358484007543,0.027698080828935767,0.02695846785731238,0.02228197454517751,325.74000549316406,317.76416778564453,0.011481566372241403,0.0368696171199101,0.9753252835784338,0.09264189603643813,0.5161756047340808,1,6.0,False,0.0,0.0
174.5134895983742,179.2668146743205,174.1288820495124,178.4482879638672,286488400,AAPL,2023-06-02,5.532379512351859e-05,1,0.03146542816825959,0.03305537056799479,0.04396088204205495,0.10045124498165792,0.22020391914308934,0.2277714466287637,0.03146542816825959,0.01592752911810368,0.016714270074659466,173.5938606262207,166.05364863077799,0.02796428007381535,0.07464237874500923,1.0,0.09603973142304811,0.5152959885515898,1,7.0,False,0.0,0.0
200.10000610351562,217.25,195.1199951171875,213.97000122070312,591958700,TSLA,2023-06-02,0.1422161634910386,1,0.107677192363828,0.18779838983944552,0.2582030124220147,0.156219626302307,0.23368310775358325,0.09807041234986213,0.107677192363828,0.050977180791293424,0.07051063822991918,188.81499862670898,183.56416702270508,0.13322565885629722,0.165641446754895,1.0,-0.0277094225143677,0.48608936525164936,0,8.0,False,0.0,0.0
328.19060914102903,330.4129952384752,317.90128645515614,328.3570861816406,128101400,MSFT,2023-06-02,-0.025670830852991378,0,0.007540160517527594,0.05359045670514506,0.08203210676066619,0.15272038069452454,0.3521592394352868,0.32136735594387233,0.007540160517527594,0.02323634491327652,0.03984566545114679,316.93360137939453,295.2957127888997,0.03604377936743686,0.11196022143530326,1.0,-0.03814833940678575,0.4689240584739282,0,9.0,False,0.0,-0.0
127.76235293887645,132.13319591046866,125.52092492501235,131.18992614746094,46790400,JPM,2023-06-02,0.003843951548228919,1,0.0257777016321874,0.009268779703018204,0.027278123035057833,0.10198482321057112,0.05927751189393016,0.055180247694801565,0.0257777016321874,0.029049721679311108,0.038483214596230615,128.57723426818848,125.33982149759929,0.020320019279796098,0.04667395070427549,0.8886610432209083,0.013514128209849208,0.45666799954442927,0,10.0,False,0.0,0.0
180.10507993454968,182.3929972823034,174.8684849721747,178.45816040039062,347854400,AAPL,2023-06-09,0.021883240929750913,1,5.532379512351859e-05,0.0315224927502844,0.04861783938048214,0.09684824685231708,0.16909879172950526,0.27663856674230525,5.532379512351859e-05,0.014606032895688613,0.014987904860511693,175.66235733032227,168.2046686808268,0.015915777930789243,0.06095842523265582,1.0,0.21698410418805514,0.558317572808157,1,1.0,True,0.5,0.010941620464875457
144.43360268166074,148.10088245101045,144.43360268166074,147.4374542236328,30091200,JNJ,2023-06-09,0.026373405284637164,1,0.019366834812322375,0.03666988424548312,0.0027197293387792865,-0.027874582688642624,0.057994771814927404,-0.07603950636739243,0.019366834812322375,0.02043059855203164,0.02351117845675113,144.90583038330078,146.49844868977866,0.01747082110937459,0.006409661960602442,0.351234250104918,-0.01364501650824923,0.5338007650073994,1,2.0,True,0.5,0.013186702642318582
330.8900146484375,337.5899963378906,327.57000732421875,335.2900085449219,15379500,BRK.B,2023-06-09,0.009007095161522649,1,0.01763383927662554,0.045820343611169934,0.03969121119463037,0.04863332327979508,0.14234607812067201,0.094324202861654,0.01763383927662554,0.026785064998277243,0.0184028301403819,328.9400100708008,321.24583435058594,0.01930442718948755,0.04371784064601769,1.0,-0.03827183461239625,0.525890269476385,1,3.0,False,0.0,0.0
217.8000030517578,252.4199981689453,212.52999877929688,244.39999389648438,848497600,TSLA,2023-06-09,0.06603934145462209,1,0.1422161634910386,0.2652067930483366,0.4549351119933196,0.32108104808910465,0.3567977975434138,0.36498179129232344,0.1422161634910386,0.033474935763627964,0.07885020831949892,207.9199981689453,188.91999944051108,0.1754520779569133,0.29366924952507945,1.0,0.25655924671392527,0.5113332851164273,1,4.0,False,0.0,0.0
222.76612532449874,224.0758895589152,216.03165116540748,218.51431274414062,32029400,V,2023-06-09,0.023930987586094687,1,-0.0228593618085573,-0.006444264026389868,-0.03379716921618747,-0.04283463449093505,0.03038711340662381,0.07539342707717878,-0.0228593618085573,0.02491849151997884,0.019195075841767027,222.52911376953125,223.50546391805014,-0.018041688826158087,-0.022331226657347214,0.6487304435072909,0.004043049583195124,0.49303167857880076,0,5.0,False,0.0,0.0
130.8537261533879,132.43203074772646,129.00453753310654,131.6942138671875,41740000,JPM,2023-06-09,0.015956389229532908,1,0.003843951548228919,0.02972074141651526,0.051528440462205394,0.016434615611548242,0.12961298568206048,0.08328078976327613,0.003843951548228919,0.023892769973814114,0.03282739567908027,130.19059944152832,126.59904925028484,0.011549331765190018,0.04024646825608924,0.9176848733407396,-0.10428319586777124,0.48242646438448383,0,6.0,False,0.0,0.0
268.1953160303984,274.41654891819206,256.86426746253426,262.88702392578125,104174700,META,2023-06-09,0.06057742247119369,1,-0.028098474974637022,0.011105243642681506,0.13318522426933876,0.1962166408784003,0.35448114331196123,1.2860225008211725,-0.028098474974637022,0.041773583168808366,0.04740487141763285,259.275333404541,233.2181625366211,0.013929942635942938,0.12721505506459607,0.9504436365662391,0.0053342945196457325,0.4760678502076557,0,7.0,False,0.0,0.0
328.18082951193753,331.4506903935802,315.7279515267093,319.9278869628906,128227100,MSFT,2023-06-09,0.04755338369805129,1,-0.025670830852991378,-0.01832423252071358,0.05998779993470249,0.1445601225592632,0.1720446793389081,0.33780745324375405,-0.025670830852991378,0.031419860292816466,0.028114348082480936,321.4600143432617,299.20923614501953,-0.004766152280249236,0.0692446900530479,0.9227951159961398,-0.04444176583673509,0.47484121409463653,0,8.0,False,0.0,0.0
123.36000061035156,127.4000015258789,120.62999725341797,123.43000030517578,302863900,AMZN,2023-06-09,0.01668960182695045,1,-0.006599595129369917,0.02764132610068515,0.11944492938312545,0.20407762884585368,0.24739771714938352,0.38545297316035576,-0.006599595129369917,0.025535809888763583,0.02691533483594126,121.01000022888184,109.86333338419597,0.019998347836680308,0.12348675853058899,0.9796273367745536,-0.022286786748615173,0.46012388679418265,0,9.0,False,0.0,0.0
122.99345304135757,127.98223361540205,120.2461774810015,121.22804260253906,164650300,GOOGL,2023-06-09,0.010635823351648366,1,-0.01957172660335038,-0.019099699870325337,0.04016662459636078,0.12271497227022388,0.20281424706711104,0.31670781654295466,-0.01957172660335038,0.027038118210577153,0.0399992137101267,122.55458641052246,112.11999766031902,-0.010824105786950033,0.08123479425868307,0.9346368258054253,-0.013263535764262424,0.449674459236068,0,10.0,False,0.0,0.0
124.0199966430664,128.41000366210938,123.52999877929688,125.48999786376953,299030900,AMZN,2023-06-16,0.03060007994783631,1,0.01668960182695045,0.009979862082652113,0.07948385259156576,0.17324232365281378,0.27881383242776536,0.42829498056006665,0.01668960182695045,0.019156670718692915,0.025551465880376153,123.31999969482422,112.1433334350586,0.017596482114136558,0.11901433656276938,1.0,-0.019355238586056367,0.5547034368574826,1,1.0,True,0.5,0.015300039973918156
265.08969023653174,285.6087119553762,263.2639907769064,278.8120422363281,119882800,META,2023-06-16,0.02750896360410593,1,0.06057742247119369,0.03077681430722179,0.14395061890706873,0.3199304357876449,0.364011619634776,1.3528427234487261,0.06057742247119369,0.04348579768171968,0.04782879732208583,268.0465087890625,239.41867319742838,0.0401629310372309,0.16453757976686867,1.0,0.11601001294906288,0.543686728530895,1,2.0,True,0.5,0.013754481802052965
178.76388932505995,184.40479194393566,178.468033910057,182.3634033203125,333356300,AAPL,2023-06-16,0.009517738889807337,1,0.021883240929750913,0.0219397753888122,0.055720373362462494,0.12214128498356236,0.15554315382309025,0.378771040723773,0.021883240929750913,0.015455078395546286,0.013840948328186964,178.06861877441406,170.25027084350586,0.024118705336504398,0.07114897625003502,1.0,0.09471754990192971,0.5434577189998563,1,3.0,False,0.0,0.0
247.94000244140625,263.6000061035156,244.58999633789062,260.5400085449219,811384500,TSLA,2023-06-16,-0.015122446887948615,0,0.06603934145462209,0.21764736672681173,0.446319581590348,0.5782651178521452,0.3683105064545935,0.7342742192274561,0.06603934145462209,0.03523978865152942,0.07918628287927044,228.02000045776367,194.76416651407877,0.14261910368332753,0.3377204503688229,1.0,0.1049273428985682,0.5365526045983315,1,4.0,False,0.0,-0.0
335.1600036621094,341.67999267578125,332.20001220703125,338.30999755859375,23572400,BRK.B,2023-06-16,-0.00904495161442509,0,0.009007095161522649,0.026799764106575807,0.023971617055629668,0.04310428133419952,0.13177432878840056,0.12769999186197922,0.009007095161522649,0.025064493577645484,0.01827177534710023,330.92000579833984,324.52833302815753,0.022331656082338336,0.04246675290825985,1.0,0.2910317480964424,0.5332553053128852,1,5.0,False,0.0,-0.0
131.75028833145842,134.45867839599362,130.52682085114972,133.7955780029297,47523500,JPM,2023-06-16,-0.03078283026134565,0,0.015956389229532908,0.019861676364844705,0.029314549570621296,0.019353757934104987,0.15590650268569073,0.12499658399003044,0.015956389229532908,0.01803297361943917,0.03236025586670305,131.14321327209473,128.1028906504313,0.020224948471651905,0.04443839888072976,1.0,0.041030833776465325,0.5155307100539466,1,6.0,False,0.0,-0.0
219.34514242890614,224.61348842993826,216.3737458940396,223.7435760498047,50813400,V,2023-06-16,0.0027958314041920396,1,0.023930987586094687,0.0005245786738707903,-0.018859012670968123,-0.020054347495569003,0.03762346460905297,0.11076182158691061,0.023930987586094687,0.029238490904871697,0.01977465523623325,221.45394134521484,224.18152872721353,0.010339101172377019,-0.0019535627216716867,0.8360120903376212,0.31751180391882317,0.5113852869567861,1,7.0,False,0.0,0.0
121.78345693305364,125.07625577200433,120.45444658155986,122.51740264892578,161958900,GOOGL,2023-06-16,-0.00963334228180901,0,0.010635823351648366,-0.009144064678542008,0.006272455898429508,0.1719002726693426,0.17156674955652051,0.3686018786592089,0.010635823351648366,0.015411801352325583,0.039442410587046735,122.74551010131836,113.61514027913411,-0.0018583771594112841,0.07835454278294463,0.9694618106750131,0.015099201769729342,0.501617050854083,1,8.0,False,0.0,-0.0
147.42825362913945,152.02617515091944,146.25803792919908,151.3258819580078,39841400,JNJ,2023-06-16,0.007611149534454631,1,0.026373405284637164,0.0462510094805455,0.041275806040943275,0.01708252288086043,0.08397716599662886,-0.051293768627746594,0.026373405284637164,0.021508872195121542,0.02426865947866202,146.40545654296875,147.47540028889975,0.03360821059012209,0.02610931492008217,0.5066787606991928,0.20160932782816143,0.4998724102152347,0,9.0,False,0.0,0.0
321.68020816437513,344.08962778195877,318.33204071834683,335.14154052734375,158666500,MSFT,2023-06-16,-0.021353920144003946,0,0.04755338369805129,0.020661817975659913,0.07535955094247915,0.2005819947214229,0.22279075402058646,0.40560562062136896,0.04755338369805129,0.03490515506503931,0.029531463612047,327.3315658569336,304.29776255289715,0.02385952191920171,0.10136051516016287,1.0,0.10718459467319219,0.47671068941071704,0,10.0,False,0.0,-0.0
181.8604527350327,184.96692915011988,180.06560242478363,184.09909057617188,203677100,AAPL,2023-06-23,0.03905067484628,1,0.009517738889807337,0.03160925879279031,0.06412815417421247,0.10171048810821759,0.1336460217635358,0.4198668080282355,0.009517738889807337,0.013781070774280473,0.012792941616968258,180.84223556518555,172.05889765421549,0.018009371543144637,0.06997715948496541,1.0,-0.30448612495285465,0.597181597993526,1,1.0,True,0.5,0.01952533742314
338.1499938964844,341.3500061035156,334.19000244140625,335.25,16013700,BRK.B,2023-06-23,0.017151379567486913,1,-0.00904495161442509,-0.00011932519282487064,0.045695550897008275,0.02039267221416896,0.08575966553911307,0.09383670162810875,-0.00904495161442509,0.015579760713324559,0.01759450389851212,334.58250427246094,326.73500061035156,0.0019950108538715483,0.026060873104326587,0.9316964644558674,-0.10675095070555107,0.5871661373516351,1,2.0,True,0.5,0.008575689783743456
151.3535100137235,153.20558064716897,149.9069027555339,152.47764587402344,30109900,JNJ,2023-06-23,0.00024177468220787368,1,0.007611149534454631,0.034185286750445965,0.07210874150396651,0.018500578060251405,0.07566799916295586,-0.05382174009252927,0.007611149534454631,0.007751593085336465,0.02412769371521583,148.96932220458984,148.36923853556314,0.023550645310820295,0.02769042544809941,0.5527218893042231,-0.09116730002444895,0.555956279584791,1,3.0,False,0.0,0.0
221.8766641526194,224.78941323071234,219.90224668101126,224.36912536621094,31044300,V,2023-06-23,0.0345457828363287,1,0.0027958314041920396,0.02679372599691332,0.02017679612594847,-0.011740818200428937,0.020125766616005736,0.11960354965428732,0.0027958314041920396,0.020643745797709705,0.019061938450051413,222.5633201599121,224.55040486653647,0.008113669426756287,-0.0008072998150828736,0.848199847194424,-0.19451442745536585,0.5529310867104681,1,4.0,False,0.0,0.0
261.5,276.989990234375,248.25,256.6000061035156,721745000,TSLA,2023-06-23,0.020148023332745346,1,-0.015122446887948615,0.049918218133010894,0.32836366172709086,0.561682246462275,0.23686492721184216,1.0836378637769921,-0.015122446887948615,0.06779379579144933,0.07770511796233287,243.87750244140625,198.85916646321616,0.05216759862942277,0.29036046297106477,0.9732844985903106,-0.029125038194626862,0.5298639794977933,1,5.0,False,0.0,0.0
121.92231483974503,123.54887077747642,117.85592296831348,121.33715057373047,118269600,GOOGL,2023-06-23,-0.021579231211357408,0,-0.00963334228180901,0.000900022543044221,-0.01821686748772977,0.13974298868176138,0.17940800683799774,0.37106347034970955,-0.00963334228180901,0.013005309258431682,0.03902797724442305,122.18266105651855,115.1532605489095,-0.006920052939401677,0.053701388873782285,0.9375837787969813,-0.17730374598654242,0.5298013600044046,1,6.0,False,0.0,-0.0
124.97000122070312,130.83999633789062,123.8499984741211,129.3300018310547,271350200,AMZN,2023-06-23,0.007964113235244374,1,0.03060007994783631,0.04780038492498906,0.07676297705312396,0.22645808984265292,0.25210572838336387,0.5170674701589992,0.03060007994783631,0.01856819311898996,0.023809870419214105,125.625,114.31333351135254,0.02949255188899258,0.1313641012682989,1.0,-0.03605621349411958,0.4917737620883034,0,7.0,False,0.0,0.0
133.1885471192388,134.50539687612533,128.52822031903222,129.67697143554688,38349800,JPM,2023-06-23,0.04746102552094422,1,-0.03078283026134565,-0.015317623853049467,0.013947866425813915,0.004412745135928597,0.07389870070856897,0.07383763861883796,-0.03078283026134565,0.0246761037271272,0.03304000727446073,131.58917236328125,128.8465175628662,-0.014531597800883755,0.006445295444445831,0.7717729981930701,-0.12043609166548641,0.48745440185544975,0,8.0,False,0.0,0.0
276.55971674793904,287.41455585917544,274.0692508402336,286.48187255859375,109912900,META,2023-06-23,-0.006061078645739126,0,0.02750896360410593,0.08975280818529052,0.10185477863048442,0.20143981754632057,0.362319425272277,1.4460352210552974,0.02750896360410593,0.03797673450368418,0.047826411145855584,274.6670608520508,245.76801300048828,0.043015029431967555,0.16565971731245832,1.0,0.026535010401903314,0.46831811884862706,0,9.0,False,0.0,-0.0
332.18496735769014,334.8967905185413,325.0969313368533,327.9849548339844,98196900,MSFT,2023-06-23,0.016476805437142028,1,-0.021353920144003946,0.025184012395981892,0.00639830217631987,0.0927300593286926,0.1645934438074541,0.4099328178995192,-0.021353920144003946,0.03374849837628583,0.031308179363034684,327.85286712646484,308.160639444987,0.00040288715080416537,0.06433110803735986,0.9382861780560358,-0.2346184731286679,0.46566968713669615,0,10.0,False,0.0,0.0
335.1700134277344,342.5,331.8399963378906,341.0,16041100,BRK.B,2023-06-30,-0.00029327303083759304,0,0.017151379567486913,0.007951294554753296,0.034964151479738526,0.0528590677383185,0.09116504861953634,0.10391714709542099,0.017151379567486913,0.012466170534308199,0.01778610929442424,337.4625015258789,329.1091664632161,0.010482641650926716,0.036130362653125525,1.0,-0.09636132928301133,0.590399365965736,1,1.0,True,0.5,-0.00014663651541879652
250.07000732421875,264.45001220703125,240.6999969482422,261.7699890136719,748633800,TSLA,2023-06-30,0.04836308283394608,1,0.020148023332745346,0.004720889032050257,0.22339574482529723,0.5392802115234636,0.4145141709017379,1.1251013830584706,0.020148023332745346,0.06794374659033485,0.06640817045014953,255.82749938964844,205.2516657511393,0.02322850216728445,0.27536109417528,1.0,-0.04335922925785518,0.5880587088458135,1,2.0,True,0.5,0.02418154141697304
152.01694287503747,152.90150853317903,148.65374171110702,152.51451110839844,30814200,JNJ,2023-06-30,-0.03788061678861365,0,0.00024177468220787368,0.007854764399922498,0.05446906466319623,0.02513433669793863,0.009802320955215382,-0.04914616955449902,0.00024177468220787368,0.011698461920291984,0.015345728443608896,150.93887329101562,148.49261220296225,0.010438913336426658,0.027084841769360102,0.5541956207727818,-0.05807803498024944,0.5701766636540984,1,3.0,False,0.0,-0.0
129.3300018310547,131.49000549316406,127.0999984741211,130.36000061035156,254051500,AMZN,2023-06-30,-0.004449231576703627,0,0.007964113235244374,0.038807895684792815,0.04917505521409704,0.23376865504595679,0.27728790641515033,0.5519047691708518,0.007964113235244374,0.01560001779854416,0.022080252198437792,127.15250015258789,116.67166709899902,0.02522561848107241,0.11732354436778225,1.0,-0.09854594598670363,0.5618223149345795,1,4.0,False,0.0,-0.0
224.26160483423757,232.90207963204068,220.9188005323176,232.12013244628906,29116700,V,2023-06-30,-0.004337301085146961,0,0.0345457828363287,0.03743819842505691,0.03798241637940958,0.026589849476431393,0.05289173073474385,0.14752129034642758,0.0345457828363287,0.025348084227310854,0.021278878275591762,224.68678665161133,225.52211252848306,0.03308314612288932,0.029256642924416987,1.0,-0.1855684953826402,0.5130238314878321,1,5.0,False,0.0,-0.0
119.77010249354858,120.99993578775403,115.14829999374557,118.71878814697266,154220300,GOOGL,2023-06-30,-0.0018378982602913485,0,-0.021579231211357408,-0.031004693372729042,-0.03986524912973244,0.13384487129443268,0.10403979981463474,0.35668134245349004,-0.021579231211357408,0.01473841553630231,0.03901449819624442,120.95034599304199,116.08555475870769,-0.018450198118471817,0.02268355777545561,0.8668630889861934,0.029681399955366228,0.5127817249414414,1,6.0,False,0.0,-0.0
286.452020226037,287.53352919668384,275.4384454479617,284.7454833984375,102153700,META,2023-06-30,0.012370130774853383,1,-0.006061078645739126,0.02128115096649963,0.052712931305261446,0.2328378880291233,0.3279962266025376,1.3847435849349923,-0.006061078645739126,0.03883985215995008,0.048757644321265635,278.23160552978516,251.6286875406901,0.023411710744540182,0.1316097786044057,0.9889735036964286,-0.0630767710383352,0.4975504213667202,0,7.0,False,0.0,0.0
129.6955949131713,136.35457505574118,128.59355806244997,135.83157348632812,53778300,JPM,2023-06-30,-0.0007473720654721516,0,0.04746102552094422,0.015217210566958128,0.03538112624325929,0.06362437999309978,0.14097428735874007,0.10114960145158136,0.04746102552094422,0.03233596040164758,0.034313721058939546,132.74958419799805,130.2450853983561,0.023216564533514727,0.04289212196287995,1.0,0.1859049702411799,0.4888148098383873,0,8.0,False,0.0,-0.0
184.24698696904443,191.79122791985353,182.66910172140945,191.2882843017578,281596800,AAPL,2023-06-30,-0.016961346314441683,0,0.03905067484628,0.04894008786274506,0.07195359778677446,0.11907762345363548,0.17963267124702353,0.49722816892661337,0.03905067484628,0.016848475212044512,0.014551105414249404,184.0522346496582,174.48632176717123,0.03931519585118526,0.09629386627226033,1.0,-0.034374564396306595,0.48667059168493826,0,9.0,False,0.0,-0.0
326.71231091411966,335.5331142814067,321.5921234240104,333.38909912109375,109964000,MSFT,2023-06-30,-0.00974900988549221,0,0.016476805437142028,-0.005228959094395025,0.015324819080254404,0.09861405303579973,0.1703856119787901,0.42665010500565814,0.016476805437142028,0.03452291340148307,0.03131598452411148,329.1108703613281,312.2052256266276,0.01299935415402298,0.06785239885702721,0.984888065126797,-0.11149984496656429,0.48164887331878414,0,10.0,False,0.0,-0.0
340.75,344.07000732421875,338.4100036621094,340.8999938964844,10407200,BRK.B,2023-07-07,0.0005573553675801701,1,-0.00029327303083759304,0.016853076499580455,0.016731740310152565,0.057087054543087046,0.06617878372548502,0.0696915224353849,-0.00029327303083759304,0.011349956532584743,0.01718252693147422,338.86499786376953,330.8725001017253,0.006005329690418337,0.030306217022194826,0.9978941645803238,-0.3695891838193427,0.7340655583868635,1,1.0,True,0.5,0.00027867768379008506
231.65098198838365,234.58325917415186,228.7089087615172,231.1133575439453,22859900,V,2023-07-07,0.02837812276244045,1,-0.004337301085146961,0.030058646289798485,0.057657755419238566,0.021911917286521643,0.012353372049352718,0.09012611891582223,-0.004337301085146961,0.018095349447985208,0.018983765763644234,227.8365478515625,225.7571283976237,0.014382282927310142,0.023725625783509008,0.9526656594309262,-0.3167700656707585,0.6481488689942603,1,2.0,True,0.5,0.014189061381220225
130.82000732421875,131.85000610351562,127.37000274658203,129.77999877929688,146792400,AMZN,2023-07-07,0.037756156130169805,1,-0.004449231576703627,0.003479447474453945,0.05144615132804797,0.17703606262358584,0.2660227887501747,0.5076672399939093,-0.004449231576703627,0.014751887413596735,0.022814781117286884,128.73999977111816,118.94416681925456,0.008078289653780324,0.09110015438174668,0.9853645755424658,-0.39543401374552756,0.6443385645109506,1,3.0,False,0.0,0.0
118.26255136387671,121.60494228794853,117.42944547527459,118.50059509277344,88507400,GOOGL,2023-07-07,0.04971533165809405,1,-0.0018378982602913485,-0.023377469040146925,-0.022498486746238222,0.01676444957900025,0.09745558434679924,0.3679871777211672,-0.0018378982602913485,0.013532171491550147,0.039119592359775766,120.26848411560059,116.96247291564941,-0.01469952029268018,0.013150561361961577,0.8539674246062813,-0.32302246344913776,0.6281290236432963,1,4.0,False,0.0,0.0
276.489990234375,284.25,272.8800048828125,274.42999267578125,485428100,TSLA,2023-07-07,0.025325264703272232,1,0.04836308283394608,0.0694855266880734,0.12287233849938661,0.6337063915688057,0.4834053658150337,1.4272952290977798,0.04836308283394608,0.03544503634862858,0.06578377528786483,263.33499908447266,212.70416514078775,0.04213262053992883,0.29019566915456263,1.0,-0.29830932547708844,0.5896578660591087,1,5.0,False,0.0,0.0
191.10090642215079,191.19952989799955,186.58425595947688,188.0437774658203,170287800,AAPL,2023-07-07,5.2500734969651575e-05,1,-0.016961346314441683,0.021426976511957907,0.053713526150461766,0.10494280111788634,0.1557638338427072,0.4753536316958009,-0.016961346314441683,0.023571188557435348,0.016889990583771317,186.44863891601562,176.59823099772134,0.008555377819213783,0.06481121811603341,0.9447999858775689,-0.3112156923020918,0.5757306048604556,1,6.0,False,0.0,0.0
151.42724852856978,151.47332267189728,146.69109322229662,146.73716735839844,24613000,JNJ,2023-07-07,0.0038932812509910875,1,-0.03788061678861365,-0.03764800068049168,-0.004749721628889314,-0.0020429102473752403,-0.032491907809239495,-0.10343666697992326,-0.03788061678861365,0.026988560742974954,0.01892076112695548,150.76380157470703,148.0819549560547,-0.02670822952360552,-0.009081373878777721,0.42958558295636945,-0.21476170156765317,0.52325922322279,1,7.0,False,0.0,0.0
284.4676665294726,295.79871236153565,282.6320652147703,288.267822265625,115681300,META,2023-07-07,0.06312592896857483,1,0.012370130774853383,0.006234075793629668,0.09654640978783835,0.24259018929717002,0.3117070628836778,1.2345021268784353,0.012370130774853383,0.028216421419163737,0.048893168219619566,284.5768051147461,257.3372230529785,0.012970196743162576,0.12019481226110362,1.0,0.03372087750013564,0.5212312517977181,1,8.0,False,0.0,0.0
136.53203468399295,137.73680522331213,133.00301235042232,135.7300567626953,35647500,JPM,2023-07-07,0.037619256666934664,1,-0.0007473720654721516,0.04667818241079913,0.030645559717436877,0.08375311807897345,0.04758382332314204,0.06185176831250683,-0.0007473720654721516,0.03266546558476926,0.024402530729700028,133.758544921875,130.75885136922201,0.014739333789641762,0.03801811763730001,0.9949449130005319,-0.18659023349235682,0.5040475806307948,1,9.0,False,0.0,0.0
332.067483294419,335.78764318092107,327.7011785685613,330.1388854980469,80057100,MSFT,2023-07-07,0.023782511928508665,1,-0.00974900988549221,0.006567163012561883,0.03191656292325851,0.09381896724920469,0.18109054773037836,0.5062628380713887,-0.00974900988549221,0.030620208031940932,0.030571148150780394,331.6636199951172,316.4234339396159,-0.00459723166831727,0.04334524591831701,0.9509686874918214,-0.2834202126052705,0.4677220173631626,0,10.0,False,0.0,0.0
340.4800109863281,346.44000244140625,339.8699951171875,341.0899963378906,14119600,BRK.B,2023-07-14,0.013691440610612782,1,0.0005573553675801701,0.00026391887944465786,0.008217311930946991,0.03238591124141199,0.051675794590428925,0.07382565359533633,0.0005573553675801701,0.010937112114626838,0.016995984819552674,339.55999755859375,332.26916758219403,0.004505827512950367,0.02654723825229599,1.0,-0.0018239144881021518,0.6013442533382104,1,1.0,True,0.5,0.006845720305306391
276.4700012207031,285.29998779296875,265.1000061035156,281.3800048828125,539813800,TSLA,2023-07-14,-0.0759116337283331,0,0.025325264703272232,0.0749131554118545,0.07998770113764486,0.5620073600321203,0.7045069164148723,1.2988562203842835,0.025325264703272232,0.026242571014974778,0.04839861073683734,268.5449981689453,222.39583206176758,0.04779462213551455,0.2652215748569551,1.0,-0.13478230085204856,0.5856978799514471,1,2.0,True,0.5,-0.03795581686416655
146.90301454230942,147.70468957731163,145.0417195985472,147.30845642089844,31050200,JNJ,2023-07-14,0.06455257386906799,1,0.0038932812509910875,-0.03413481543274166,-0.02654817196587822,0.013631836878259751,-0.009919158840069997,-0.06455197168735938,0.0038932812509910875,0.021113462969115322,0.01825811245296547,149.7594451904297,147.9589703877767,-0.01636617153872766,-0.0043965834932033765,0.594423420251955,0.06530299612393464,0.5677938902967941,1,3.0,False,0.0,0.0
231.6607363120012,239.21626221558992,231.1622522577126,237.6719207763672,25592200,V,2023-07-14,-0.016079925696262043,0,0.02837812276244045,0.02391773721464152,0.062251372631418445,0.04221836053520911,0.040948614477022804,0.0943746532229286,0.02837812276244045,0.01900356946679264,0.02052899099366382,231.31863403320312,226.536252339681,0.02746552075113895,0.04915623138317282,1.0,-0.05749122343437396,0.5628311905913701,1,4.0,False,0.0,-0.0
186.6434031135775,189.04965668897157,184.02020200954667,188.05364990234375,250269000,AAPL,2023-07-14,0.006555106974165836,1,5.2500734969651575e-05,-0.016909736062619585,0.031202787831485113,0.08866179218186776,0.15715522141585447,0.4191549958136813,5.2500734969651575e-05,0.0234709076708748,0.01680652095459565,187.87120056152344,178.72655487060547,0.0009711405488175284,0.052186397474571766,0.94194757220987,0.1051469110066594,0.5471021304573203,1,5.0,False,0.0,0.0
293.2487809754153,313.77758587660765,284.8149635460703,306.4649963378906,154656400,META,2023-07-14,-0.047301275760549544,0,0.06312592896857483,0.07627693574005368,0.09918134769129927,0.25740918298256776,0.4508429152678277,1.2548545438746221,0.06312592896857483,0.029336272728871887,0.04575544299613323,291.4900436401367,265.2732747395833,0.0513738051246837,0.15528032983625994,1.0,0.28237994561822943,0.5420893588382751,1,6.0,False,0.0,-0.0
129.07000732421875,136.64999389648438,125.91999816894531,134.67999267578125,281521600,AMZN,2023-07-14,-0.03474898225638845,0,0.037756156130169805,0.03313893867139672,0.07323288683125373,0.1585375714045698,0.2591622459665175,0.372604860434258,0.037756156130169805,0.019610801348674475,0.02234277033073128,131.0374984741211,121.25416628519694,0.02779734231861508,0.11072466045418983,1.0,0.18073593629631968,0.5212111151636519,1,7.0,False,0.0,-0.0
327.57388310031735,344.0504382444472,320.13341772549273,337.99041748046875,138404800,MSFT,2023-07-14,-0.004257864593820271,0,0.023782511928508665,0.01380164609912371,0.008500518761840992,0.08450066498099051,0.21078756449268088,0.4499073161979632,0.023782511928508665,0.021347648059716815,0.03025563475391485,332.37583923339844,321.32686614990234,0.01689225745174472,0.05185856859784854,1.0,0.29767841756230573,0.5193081938063443,1,8.0,False,0.0,-0.0
135.88049308545027,143.7700058700597,135.88049308545027,140.83612060546875,69947500,JPM,2023-07-14,0.03458653003151957,1,0.037619256666934664,0.036843769019905714,0.05262163897812,0.08347876819305289,0.0729938233751033,0.06273690357868911,0.037619256666934664,0.03605087079990338,0.026182838440983992,135.51868057250977,131.557253519694,0.039237690409137826,0.07053101853016197,1.0,0.41505974769766407,0.5120079613788229,1,9.0,False,0.0,0.0
117.33025567665399,125.7407437423268,114.40444362500358,124.39189147949219,166379400,GOOGL,2023-07-14,-0.04305528347317589,0,0.04971533165809405,0.047786061676238445,0.015299776113747443,0.02166819918310625,0.1898300844688232,0.3614849337507231,0.04971533165809405,0.03143261144189203,0.038570872990359814,120.73710632324219,118.61630312601726,0.03027060418745875,0.04869135355988097,1.0,0.2619397102678218,0.4928608926052563,0,10.0,False,0.0,-0.0
341.0899963378906,347.6199951171875,341.0899963378906,345.760009765625,14404800,BRK.B,2023-07-21,0.011713291527594594,1,0.013691440610612782,0.014256426976107184,0.03134976813012669,0.07847786395233469,0.05238174588976374,0.11582281348300438,0.013691440610612782,0.008946361925783993,0.01702862673756238,342.1875,333.70333607991535,0.01044021118721461,0.036129916552054775,1.0,0.048142077794978144,0.572285415523989,1,1.0,True,0.5,0.005856645763797297
189.2469126832782,195.48939585264796,188.5861710830146,189.28636169433594,310848600,AAPL,2023-07-21,0.020266792507676934,1,0.006555106974165836,0.006607951857069416,0.02817651679826083,0.09411157898580447,0.13275285218321908,0.39623537478547277,0.006555106974165836,0.02345020341854635,0.01609541568481371,189.16801834106445,180.57517115275064,0.0006255991594632526,0.04824135281708464,0.9581132409192623,0.22743504406999304,0.5513346926594161,1,2.0,True,0.5,0.010133396253838467
286.6300048828125,299.2900085449219,255.8000030517578,260.0199890136719,722999700,TSLA,2023-07-21,0.024690461114498463,1,-0.0759116337283331,-0.052508851243288635,0.013328070260359093,0.3460681859418975,0.5824964571674798,0.9488831703056779,-0.0759116337283331,0.05498045635379972,0.05854614483966028,269.3999938964844,230.37166468302408,-0.03481813324174288,0.12869779089994382,0.8175449343743075,0.1582471436099695,0.5507763198344796,1,3.0,False,0.0,0.0
338.42121632729265,359.0780898369436,332.69403214811535,336.5513000488281,228019200,MSFT,2023-07-21,-0.01570821771594111,0,-0.004257864593820271,0.019423384619196016,0.026118104164807754,0.03268351786384649,0.12127009684225598,0.4377837965851421,-0.004257864593820271,0.016103497615059845,0.024345845276090742,334.5174255371094,324.3601531982422,0.006080025602412498,0.03758521732826714,0.985036789279618,0.6391137238875857,0.5427018019977458,1,4.0,False,0.0,-0.0
147.19788284911036,157.3980996968905,144.96801261556604,156.81759643554688,53314800,JNJ,2023-07-21,0.025207065194229106,1,0.06455257386906799,0.0686971764456068,0.028462864419543044,0.10262402725640096,0.04749002192480667,0.023511937721638843,0.06455257386906799,0.04234746746696782,0.026269099583557595,150.84443283081055,148.5514399210612,0.039598170728885496,0.05564507835722243,1.0,0.5255443436758274,0.5196815391160219,1,5.0,False,0.0,0.0
237.6230871314002,239.8320742987981,232.31560577295042,233.8501739501953,26960000,V,2023-07-21,-0.01462904727089076,0,-0.016079925696262043,0.011841878960758834,0.04225647610164551,0.06328587253089801,0.030019532297516305,0.07077669852715851,-0.016079925696262043,0.024660364409140916,0.021164909270751098,233.68889617919922,227.10420862833658,0.0006901387855091645,0.02970427260068398,0.8575103711777972,0.03167739417270643,0.5196347248781416,1,6.0,False,0.0,-0.0
134.55999755859375,135.99000549316406,128.4199981689453,130.0,350992000,AMZN,2023-07-21,0.017000051645132297,1,-0.03474898225638845,0.0016951858743445847,0.00518053165900767,0.08234118174499505,0.23281179480552883,0.3367609254498716,-0.03474898225638845,0.030031136912299382,0.025713900283595492,131.20499801635742,123.29999987284343,-0.009184086235855093,0.05433901163070676,0.8935154991317764,0.3586469348700716,0.49545513327220825,0,7.0,False,0.0,0.0
141.38153177647354,147.24932737217384,141.38153177647354,145.7071533203125,63836400,JPM,2023-07-21,0.012649302591332567,1,0.03458653003151957,0.07350690624892842,0.12361625743806859,0.1392883069106876,0.12857448961272855,0.1640404011591079,0.03458653003151957,0.021048244017550535,0.02632190051654933,139.52622604370117,132.94057846069336,0.044299394113013424,0.09603218977562844,1.0,0.14397178975644875,0.46769328744437255,0,8.0,False,0.0,0.0
305.14541112925815,316.1986319082592,288.93263955652174,291.96881103515625,133794900,META,2023-07-21,0.10609649560154999,1,-0.047301275760549544,0.012838716234242042,0.01915282955796882,0.1229584154032275,0.22445078959594245,1.1113583534323466,-0.047301275760549544,0.0457878265425434,0.039886624772113556,292.86177825927734,269.7332763671875,-0.003049108113147292,0.08243526704395032,0.9070199942510325,0.05706909311984143,0.4657053829398101,0,9.0,False,0.0,0.0
124.90764611490182,126.05813341949313,117.25092267132642,119.03616333007812,199978500,GOOGL,2023-07-21,0.10464926086576432,1,-0.04305528347317589,0.004519540487416096,-0.01896358397055109,-0.036834994361997,0.11812937681104785,0.22444394532191136,-0.04305528347317589,0.039682963528470214,0.04203886545147446,120.1618595123291,119.66430854797363,-0.009368165462981026,-0.005249227823379665,0.8511988061751607,0.31330308908961246,0.4611049446839673,0,10.0,False,0.0,0.0
346.7699890136719,351.2699890136719,345.5400085449219,349.80999755859375,14146300,BRK.B,2023-07-28,0.0005145441154839059,1,0.011713291527594594,0.025565103973512304,0.02583576996655057,0.061703247220995294,0.08006049241960267,0.13144866049681947,0.011713291527594594,0.007310526413863533,0.01607050847075671,344.38999938964844,335.86416880289715,0.01573796619690171,0.04152222848124287,1.0,0.06607834899270704,0.5771059649711081,1,1.0,True,0.5,0.00025727205774195294
234.27049092701938,235.83438539802714,222.54131218121233,230.42916870117188,33513800,V,2023-07-28,0.013743356082208447,1,-0.01462904727089076,-0.03047373897402983,-0.007284864640116795,0.03042085497726421,0.01911128138207774,0.02260747535017482,-0.01462904727089076,0.02070094205801986,0.021683576902171885,233.26615524291992,227.4643096923828,-0.012162015268754489,0.013034392132984074,0.7299619514881474,0.23070087095906477,0.5556286673327968,1,2.0,True,0.5,0.006871678041104223
190.73603816687742,194.47361545879667,189.59207198839397,193.12258911132812,225884500,AAPL,2023-07-28,-0.07067350943176787,0,0.020266792507676934,0.02695475047475382,0.009589216695972347,0.08223279312397902,0.12980870128454614,0.3458526751525033,0.020266792507676934,0.015457847755533488,0.01592713113505424,189.62659454345703,182.42422993977866,0.018436203931669004,0.05864549448875933,1.0,-0.05615007533245675,0.5504643343589996,1,3.0,False,0.0,-0.0
338.5876099496475,344.5007885845888,322.1403841798644,331.2646789550781,194819700,MSFT,2023-07-28,-0.03129707271779392,0,-0.01570821771594111,-0.01989919884571667,-0.0063721944467176606,0.008854971906496534,0.09161347066795922,0.3699187902481158,-0.01570821771594111,0.01748074850545076,0.025427781976865464,333.98632049560547,326.6769307454427,-0.008148961120589271,0.014043685910623216,0.9293153655827228,0.215153325865179,0.5404604376384708,1,4.0,False,0.0,-0.0
255.85000610351562,272.8999938964844,254.1199951171875,266.44000244140625,560265300,TSLA,2023-07-28,-0.0472151393025948,0,0.024690461114498463,-0.05309546585454206,0.01784014067208628,0.24522129701061224,0.5667411870308008,0.4976953995650002,0.024690461114498463,0.05545676493625642,0.05870986266473297,270.56749725341797,238.4033317565918,-0.015254954323452363,0.11760184087292758,0.872384030864278,-0.02921615698874458,0.517456739830407,1,5.0,False,0.0,-0.0
158.02466228067163,161.58136771249778,156.41213091879968,160.7705078125,69818900,JNJ,2023-07-28,-0.03117862739857502,0,0.025207065194229106,0.09138682000126996,0.054132532334799865,0.11155014540212282,0.08062745432675356,0.0524928019972104,0.025207065194229106,0.042719598296616014,0.026699967441703065,152.90843200683594,149.55105336507162,0.05141688854223925,0.07502089885010954,1.0,0.5619711527436997,0.509608811554045,1,6.0,False,0.0,-0.0
293.4769299160423,323.66007368157807,286.0551614764398,322.9456787109375,195207700,META,2023-07-28,-0.04531762708315146,0,0.10609649560154999,0.05377672024532365,0.13415557941984058,0.19394024456727776,0.39822996922840304,1.1449844496854822,0.10609649560154999,0.06613935582775719,0.04402514422171444,302.41182708740234,277.3981246948242,0.06790029285991017,0.16419560898698138,1.0,0.30281711408360157,0.5012089709119019,1,7.0,False,0.0,-0.0
130.30999755859375,133.00999450683594,126.11000061035156,132.2100067138672,237666000,AMZN,2023-07-28,0.05566901321077977,1,0.017000051645132297,-0.018339665104230685,0.01419151653002304,0.06406444035305592,0.25127770330826604,0.29313389550370905,0.017000051645132297,0.03099087885848778,0.025230509497656803,131.66749954223633,125.51250012715657,0.004120281569232942,0.05336127142655411,0.9438000782208421,-0.06520140180850609,0.49938210286139545,0,8.0,False,0.0,0.0
145.72595293417018,149.3180803107643,145.50026390451757,147.5502471923828,52936900,JPM,2023-07-28,-0.0056721648198788666,0,0.012649302591332567,0.04767332810680491,0.08627356221588789,0.12470714425536333,0.15538704411476978,0.1347455086219087,0.012649302591332567,0.01828909446158125,0.02545329669547813,142.45589447021484,134.59423764546713,0.035760912113279586,0.09625976396584623,1.0,-0.047761753811132235,0.48555255663413927,0,9.0,False,0.0,-0.0
120.6627297925078,132.64370465595107,119.98830359973758,131.4932098388672,225421100,GOOGL,2023-07-28,-0.033715542221508965,0,0.10464926086576432,0.05708827380075454,0.10760235924982586,0.06344751526165227,0.25584925446902873,0.3342054592792816,0.10464926086576432,0.06399015513208822,0.04902993355527628,123.35546493530273,121.8966916402181,0.0659698774418509,0.07872665016187241,1.0,0.32544822298373166,0.46454559880014323,0,10.0,False,0.0,-0.0
147.80411192295733,149.87289208348741,144.75739267551066,146.71331787109375,36339400,JPM,2023-08-04,-0.010062814326442293,0,-0.0056721648198788666,0.006905388842299187,0.08091988886147083,0.11404528386534052,0.17145029994719652,0.12215141136594765,-0.0056721648198788666,0.020298858421785543,0.02418164103461684,145.20170974731445,136.38361803690592,0.010410401684731285,0.07574003375825233,0.9736821018235733,-0.3483481140965533,0.6402023160240914,1,1.0,True,0.5,-0.0050314071632211466
350.7300109863281,355.1099853515625,349.3900146484375,349.989990234375,13784800,BRK.B,2023-08-04,0.02388644276238372,1,0.0005145441154839059,0.01223386264830717,0.0266647007938956,0.043842587953179635,0.0852739645655789,0.13445262440678118,0.0005145441154839059,0.007070576109360394,0.015833684772607458,346.6624984741211,338.1558354695638,0.00959864933443999,0.03499615716634996,1.0,-0.023315708832620352,0.6036196307072017,1,2.0,True,0.5,0.01194322138119186
329.8451206536362,331.4311896055557,319.10548507078215,320.8970642089844,113514400,MSFT,2023-08-04,-0.02065409401953655,0,-0.03129707271779392,-0.04651366920161226,-0.027993737469369284,0.0030293615704908294,0.06319888624101377,0.27470229654569245,-0.03129707271779392,0.023246474376121068,0.02763638153158347,331.67586517333984,328.26649983723956,-0.03249799607433679,-0.022449551300266934,0.8203561701961837,-0.3270809198140786,0.5478506190403798,1,3.0,False,0.0,-0.0
230.67353655578577,236.45013308985392,229.94045641840881,233.59603881835938,24498600,V,2023-08-04,0.006282272788140197,1,0.013743356082208447,-0.0010867433944695692,0.010742266482550722,0.06901939687528857,0.032889567423707744,0.04256248517089789,0.013743356082208447,0.021864807337917763,0.02194418059141011,233.88682556152344,228.08416239420572,-0.0012432797036170395,0.0241659761304569,0.848035222181008,-0.11369100055533143,0.5401874779209926,1,4.0,False,0.0,0.0
133.1999969482422,143.6300048828125,126.41000366210938,139.57000732421875,376741300,AMZN,2023-08-04,-0.008311267473209427,0,0.05566901321077977,0.07361544095552874,0.07543541868551484,0.1307624319787526,0.2658262708155461,0.3499372100604994,0.05566901321077977,0.03911238765536782,0.026507585202139628,134.1150016784668,127.95500055948894,0.040674089978614214,0.09077415274075018,1.0,0.20854915496243587,0.4906316235589736,0,5.0,False,0.0,-0.0
193.34940127389015,194.0101198390568,179.40489853673822,179.47393798828125,301580500,AAPL,2023-08-04,-0.02175896216325046,0,-0.07067350943176787,-0.05183904227553393,-0.0455736403141378,0.005691964915538916,0.05458653533204405,0.1813590405222485,-0.07067350943176787,0.04069754089915606,0.0282363950162287,187.48413467407227,183.19837697347006,-0.042724664141401414,-0.02033008723504226,0.7193989059895769,0.10815844383329298,0.48403383585327303,0,6.0,False,0.0,-0.0
267.4800109863281,269.0799865722656,250.49000549316406,253.86000061035156,466610100,TSLA,2023-08-04,-0.04415822377261147,0,-0.0472151393025948,-0.023690441749062652,-0.07495533511066199,0.038707066080672536,0.5112513815163355,0.3362459538867786,-0.0472151393025948,0.05133720908806222,0.06228083946626325,265.42499923706055,245.55999883015951,-0.04357162535537906,0.033800300617905954,0.7649269449839031,-0.18484978461484436,0.4725645967148381,0,7.0,False,0.0,-0.0
156.35687717614258,159.1118954050955,153.0120667831409,155.75790405273438,93878500,JNJ,2023-08-04,0.02845514437559693,1,-0.03117862739857502,-0.006757483897848471,0.06147547248409957,0.056433759473906386,0.05930697336402435,0.042101822211931594,-0.03117862739857502,0.04005802481133461,0.02846238307056673,155.16361618041992,150.27774937947592,0.0038300723258695157,0.036466840206797135,0.7733816225165563,0.5137884661278775,0.4723960216396955,0,8.0,False,0.0,0.0
321.169564334237,323.1242259827866,307.5167775331678,308.310546875,101871600,META,2023-08-04,-0.02925380491590379,0,-0.04531762708315146,0.05597082709589829,0.0695281368966203,0.17278723868106471,0.32898517008502104,0.6658446864710303,-0.04531762708315146,0.07760030587327126,0.04866651487332783,307.4225082397461,283.7582155863444,0.002888658479623718,0.08652553455737588,0.9048940503450874,-0.3040732627808008,0.4656439631642481,0,9.0,False,0.0,-0.0
131.64197739889866,132.43542264148525,126.37550098690372,127.05984497070312,123732300,GOOGL,2023-08-04,0.0113183701105104,1,-0.033715542221508965,0.06740541207108586,0.07222959404742824,0.04810605073682783,0.09020493301394805,0.22265697927743955,-0.033715542221508965,0.07049439472087107,0.04148338838470537,125.49527740478516,122.77278264363606,0.012467142973607404,0.03491867036614149,0.8971229698211562,-0.3082859767553636,0.4654402026970788,0,10.0,False,0.0,0.0
147.25873467525594,148.29311049668297,143.4879075627913,145.23696899414062,33328800,JPM,2023-08-11,-0.0354807869093583,0,-0.010062814326442293,-0.01567790120490975,0.031248009173727498,0.0855139696093723,0.11733532268108826,0.11125328635946152,-0.010062814326442293,0.020343636672132015,0.023751112260159767,146.30192184448242,137.65460522969565,-0.007279144640860102,0.05508252885395848,0.9272571547842109,-0.284948898179858,0.6216501620815276,1,1.0,True,0.5,-0.01774039345467915
321.47470862016405,324.15716309321493,312.50700575657817,314.26922607421875,106911600,MSFT,2023-08-11,-0.01202430691706935,0,-0.02065409401953655,-0.051304754054880886,-0.07018302939792886,-0.062279102794247754,0.008387122928556368,0.22583662549108574,-0.02065409401953655,0.011224277223294386,0.027157007544022053,325.74556732177734,328.4843241373698,-0.03523099743740199,-0.04327481410408618,0.7507004269994784,-0.33519394576013706,0.5916340802570649,1,2.0,True,0.5,-0.006012153458534675
233.82084976658385,238.89248079364685,232.03217068344753,235.0635528564453,23170500,V,2023-08-11,-0.007790459343887224,0,0.006282272788140197,0.020111968382281686,-0.010974657466483628,0.05059352767348657,0.030780371023055197,0.060564524173893686,0.006282272788140197,0.014970931411299968,0.02190596246644487,233.23473358154297,228.66910298665366,0.007841110313284272,0.027963768547099477,0.902749869720257,-0.14296731454399692,0.5611578866478358,1,3.0,False,0.0,-0.0
355.7300109863281,364.6300048828125,353.20001220703125,358.3500061035156,18807300,BRK.B,2023-08-11,-0.016157411598450855,0,0.02388644276238372,0.024413277506430964,0.05060250945772937,0.059235637993379164,0.0846272290790322,0.15637803467160682,0.02388644276238372,0.009580035424685914,0.01577306999270015,350.97750091552734,340.485834757487,0.021005634745124846,0.052466709397037015,1.0,0.2303772128380588,0.556565739652361,1,4.0,False,0.0,-0.0
310.791125840305,315.41481011229837,298.0212279530825,299.2912902832031,79781000,META,2023-08-11,-0.06096647383849607,0,-0.02925380491590379,-0.07324571897711307,-0.02340791327038927,0.07345180603611179,0.22797585788192065,0.7320700123725885,-0.02925380491590379,0.07380408136071395,0.050287935536087285,305.6290817260742,288.3885447184245,-0.02073687296731619,0.03780575117997076,0.846282691529868,-0.3750695185322699,0.5440127762277742,1,5.0,False,0.0,-0.0
140.99000549316406,142.5399932861328,137.0,138.41000366210938,274775100,AMZN,2023-08-11,-0.037497307305014105,0,-0.008311267473209427,0.04689506567880608,0.027695360774985245,0.10295645882762416,0.19062368741599456,0.41798998869620907,-0.008311267473209427,0.038494325293342915,0.025307367771426774,135.04750442504883,129.8016675313314,0.02489864030717226,0.06631914901016289,0.9762489031965192,-0.11375335597961056,0.48895000752404844,0,6.0,False,0.0,-0.0
156.17256673534825,162.14343738692824,156.05277680332318,160.1900177001953,182208900,JNJ,2023-08-11,-0.007822950439279497,0,0.02845514437559693,-0.003610675367037408,0.08744617649438213,0.058576468397172565,0.10227006538624073,0.08801463950063848,0.02845514437559693,0.03954073790474046,0.02866162580475308,158.38400650024414,151.51630274454752,0.01140273718197915,0.057246083745004395,0.9737562086092715,0.8256439852502786,0.48466696065767195,0,7.0,False,0.0,-0.0
251.4499969482422,253.64999389648438,238.02000427246094,242.64999389648438,517873600,TSLA,2023-08-11,-0.1119307194992426,0,-0.04415822377261147,-0.08928842638842727,-0.13764308164845673,-0.06866513418937314,0.34700785343972873,0.23241401111630955,-0.04415822377261147,0.04269314039114212,0.0652342858213746,255.74249649047852,250.7691650390625,-0.05119408300795092,-0.03237707132499079,0.6691722169362512,-0.08654146731513945,0.4763611135609624,0,8.0,False,0.0,-0.0
128.10124510100812,130.9675625582551,127.11935017534717,128.49795532226562,111643300,GOOGL,2023-08-11,-0.016208713631552185,0,0.0113183701105104,-0.02277877709633802,0.03300909564069432,0.04881390352746173,0.05539254248299752,0.36999040985466736,0.0113183701105104,0.0675425079434782,0.0398881996867896,126.52179336547852,123.33480326334636,0.015619142791302831,0.04186289613560912,0.9304945795211877,-0.32416773510870267,0.4681871832972685,0,9.0,False,0.0,-0.0
179.6119861039443,180.59816071157974,174.34427296435433,175.5687713623047,332501200,AAPL,2023-08-11,-0.018561412123595633,0,-0.02175896216325046,-0.09089468937734835,-0.06638998257424122,-0.03725874728315626,0.016385554769671185,0.1805598378131077,-0.02175896216325046,0.040190060473378156,0.029013696229485804,184.3629150390625,183.43424479166666,-0.04770017698458784,-0.042878980630334795,0.6391130214971762,0.1359651415407459,0.4640297119685556,0,10.0,False,0.0,-0.0
358.25,358.95001220703125,351.25,352.55999755859375,12768800,BRK.B,2023-08-18,0.009558642899149206,1,-0.016157411598450855,0.007343088076598114,0.019666785055848957,0.05163310233734153,0.0996880562901763,0.1437840926821965,-0.016157411598450855,0.01702469694562759,0.013206234604885498,352.67749786376953,343.14916737874347,-0.00033316643643976906,0.027424895860123977,0.9107031327585322,-0.14169713916971394,0.5996539312644484,1,1.0,True,0.5,0.004779321449574603
235.7294450253984,238.2853356546529,230.42180491970603,233.2322998046875,19862200,V,2023-08-18,0.018474316707656424,1,-0.007790459343887224,-0.001557128346490133,-0.002642179542014844,0.039502647362957166,0.06047648035118347,0.06943585905155558,-0.007790459343887224,0.012930769582225917,0.018724260866597557,233.08026504516602,229.77749379475912,0.0006522849950081344,0.015035441256114668,0.8344736129474171,-0.21372931492967007,0.5813328251113057,1,2.0,True,0.5,0.009237158353828212
235.6999969482422,240.66000366210938,212.36000061035156,215.49000549316406,556272400,TSLA,2023-08-18,0.10719750455182653,1,-0.1119307194992426,-0.1511462815131771,-0.17125600108446437,-0.16021044283906716,0.11554593123046875,0.03446789889453439,-0.1119307194992426,0.05580208031074504,0.07461399468619573,244.61000061035156,252.62916564941406,-0.11904662542221167,-0.14701057995730327,0.43717438056384655,0.059051373774679394,0.5416533720704162,1,3.0,False,0.0,0.0
144.44707877373204,145.6789342505091,138.64511365512735,140.08384704589844,40794200,JPM,2023-08-18,-0.012888355635047422,0,-0.0354807869093583,-0.045186564664975726,-0.038593206622135945,0.08025230305077002,0.0953195178799,0.06278284235936082,-0.0354807869093583,0.019836681137310554,0.0261879434376898,144.8960952758789,138.6704978942871,-0.0332117178231619,0.010192140167325059,0.7652131980547912,-0.001361694939941649,0.5327289193902502,1,4.0,False,0.0,-0.0
298.63648342400137,304.8377940471984,272.24362420262435,281.0445556640625,105111200,META,2023-08-18,0.007943193747863564,1,-0.06096647383849607,-0.08843677742231792,-0.03741582990444259,-0.01897961935940351,0.08094199434273786,0.6384199999199405,-0.06096647383849607,0.07673797534155646,0.05258487250747743,302.8980178833008,290.1422856648763,-0.07214792084792676,-0.031356098198392024,0.7277068533680812,-0.1276563033291388,0.5193768339202305,1,5.0,False,0.0,0.0
314.64124818370647,318.2800574602853,305.653638152049,310.4903564453125,102513500,MSFT,2023-08-18,0.02053852568293668,1,-0.01202430691706935,-0.03243004977102093,-0.07743527836539221,-0.053339636866962636,-0.04728261780529286,0.2316645776047559,-0.01202430691706935,0.008367750663850093,0.023373210069460595,319.23033142089844,327.20020802815753,-0.02737827241128432,-0.05106919608500693,0.7109861239201333,-0.20802179855036862,0.5057382537152828,1,6.0,False,0.0,0.0
159.88592588819444,161.8024946434898,157.8495685696823,158.93685913085938,359363600,JNJ,2023-08-18,-0.029178138506152917,0,-0.007822950439279497,0.020409590752124673,0.013514189373406982,0.04236170633282543,0.11752509716841253,0.08355541389373711,-0.007822950439279497,0.028429229128261915,0.027625638302164458,158.91382217407227,152.90919240315756,0.00014496509159456217,0.03941991081745688,0.9171012693156733,1.0381621277187643,0.49557645089770375,0,7.0,False,0.0,-0.0
138.3000030517578,141.27999877929688,131.14999389648438,133.22000122070312,228457900,AMZN,2023-08-18,0.0003002048173423866,1,-0.037497307305014105,-0.0454969246276864,0.024769240159254746,0.030078089651077278,0.10914995040988851,0.3705761872774662,-0.037497307305014105,0.03950862575916651,0.028673994841352718,135.8525047302246,130.894167582194,-0.019377658989424562,0.017768810340984986,0.8699835055752843,-0.18235625540703926,0.4879663526852176,0,8.0,False,0.0,0.0
128.3293638886943,130.90804993539842,125.344020051106,126.41516876220703,133633500,GOOGL,2023-08-18,0.018986403262043927,1,-0.016208713631552185,-0.005073799740938911,0.06198961076784282,0.041850481608193935,0.022871229442710028,0.3509273746114028,-0.016208713631552185,0.06161331467892559,0.040205766571875204,128.36654472351074,123.5703550974528,-0.015201592950147447,0.02302181346416532,0.882163142302042,-0.10076237714705616,0.4445302503218184,0,9.0,False,0.0,0.0
175.746520759633,177.44503302668653,169.81157749118245,172.30996704101562,261498200,AAPL,2023-08-18,0.023611588074427425,1,-0.018561412123595633,-0.039916497222752145,-0.08968630651126464,-0.06403683743499233,-0.004015247444640102,0.14695033760999743,-0.018561412123595633,0.03726309612514646,0.029601220033482638,180.11881637573242,183.3763567606608,-0.04335387879979924,-0.0603479636913542,0.572115627434145,-0.06729736583702528,0.4269695710722857,0,10.0,False,0.0,0.0
354.0899963378906,357.3500061035156,349.6099853515625,355.92999267578125,11800700,BRK.B,2023-08-25,0.01834630099645773,1,0.009558642899149206,-0.006753211626945865,0.017495197849976885,0.04378296972369866,0.08027795558908934,0.17074536391676198,0.009558642899149206,0.016773260109504674,0.011702866070793244,354.2074966430664,345.35333251953125,0.004862957585707539,0.03062562066243224,0.9626771504562811,-0.17422185523148404,0.5930536573867885,1,1.0,True,0.5,0.009173150498228866
234.4172622077219,238.51057468543144,232.8308373211887,237.54110717773438,20481900,V,2023-08-25,0.02283874334558922,1,0.018474316707656424,0.010539933950552083,0.030863881151198758,0.023354177314626856,0.06222364178099915,0.10908649068370546,0.018474316707656424,0.011468366436995926,0.01882566921522226,234.85824966430664,230.93706385294595,0.011423305407676665,0.02859672334361063,0.9951227587901847,-0.06914417382847116,0.5616504584300612,1,2.0,True,0.5,0.01141937167279461
140.72327319354213,141.1464418760233,136.78322824246797,138.2783966064453,39087800,JPM,2023-08-25,-0.0015641874672334133,0,-0.012888355635047422,-0.047911853544506555,-0.06283859744300146,0.01801365512682862,0.05403212477623276,0.0588369798594357,-0.012888355635047422,0.01330532515148457,0.026170925737766325,142.57813262939453,139.26120376586914,-0.030157051040397564,-0.007057293293803224,0.7084393945573498,0.045476368470252826,0.4955821415716616,0,3.0,False,0.0,-0.0
133.74000549316406,136.77999877929688,130.5800018310547,133.25999450683594,204942700,AMZN,2023-08-25,0.036470064615695685,1,0.0003002048173423866,-0.03720835935996214,0.007941817862857858,0.022246040832360148,0.07251504633268357,0.42524058296081213,0.0003002048173423866,0.038937748219088075,0.027596141206428986,136.1150016784668,131.64500045776367,-0.020974963350292586,0.012267796296528743,0.8708023688612004,-0.24439307338718075,0.48762642833933134,0,4.0,False,0.0,0.0
311.91289216820854,326.67802778915836,311.03975175794454,316.86737060546875,106256500,MSFT,2023-08-25,0.017586156748796933,1,0.02053852568293668,0.00826725722943178,-0.043461646424313605,-0.04955689480904102,-0.0349915261759145,0.3015465024050401,0.02053852568293668,0.022366800115844108,0.024230984340809003,315.6310043334961,326.24273173014325,0.003917125551665679,-0.02873737929717146,0.7780058144541576,-0.009715840781368001,0.4820272128551568,0,5.0,False,0.0,0.0
156.35687946351422,156.50431109148414,150.62560028057928,154.29937744140625,416106300,JNJ,2023-08-25,-0.03470691337680043,0,-0.029178138506152917,-0.03677282981398833,-0.04025073043024008,0.011702927938045393,0.06680944013984758,0.08175007464189799,-0.029178138506152917,0.027687867160163245,0.0296515496787742,157.29603958129883,153.71444829305014,-0.019051097204159095,0.0038052971262725332,0.7074420529801324,0.582819309989099,0.47258925278528874,0,6.0,False,0.0,-0.0
281.2429708465109,297.12830035290386,273.8806842050553,283.2769470214844,93511000,META,2023-08-25,0.038108708516605416,1,0.007943193747863564,-0.053507548604455724,-0.12283406871333258,-0.005157364954225585,0.0472837065264875,0.675567574700144,0.007943193747863564,0.02954868890159044,0.051581902722945404,292.9808349609375,291.2080891927083,-0.03312123791560262,-0.027235308583668738,0.726107913732732,-0.016384993168098383,0.46181845141377087,0,7.0,False,0.0,0.0
126.13747078000077,133.14951538235977,125.52255036686307,128.81533813476562,130386900,GOOGL,2023-08-25,0.0445027399768918,1,0.018986403262043927,0.002469944457124118,-0.020365094953443186,0.08504593203304545,0.04179030563534547,0.45719724469917367,0.018986403262043927,0.02443916373682981,0.04047112865563331,127.69707679748535,124.00096257527669,0.008757141238665334,0.038825307961349864,0.9356375720903606,0.04435678299385648,0.4616306917933188,0,8.0,False,0.0,0.0
172.88272795365145,179.2817827873095,171.56934282132403,176.37847900390625,247469000,AAPL,2023-08-25,0.06074699328842814,1,0.023611588074427425,0.004611911533689783,-0.08670197610994901,-0.07794416345086408,-0.011598928650859541,0.22076584254265152,0.023611588074427425,0.03856299643972334,0.028923119472716762,175.93278884887695,183.20387268066406,0.0025332978459866595,-0.037255728150762946,0.6428147580571923,-0.13400380333684758,0.45402898852888385,0,9.0,False,0.0,0.0
221.5500030517578,240.82000732421875,220.5800018310547,238.58999633789062,573612700,TSLA,2023-08-25,0.02690807773790027,1,0.10719750455182653,-0.016731908760425407,-0.10452636934515946,-0.0885509938061333,0.1150628358028225,0.21185488836159294,0.10719750455182653,0.09289759679537435,0.07455799493968306,237.64749908447266,254.6808319091797,0.003965946441889301,-0.06318039504844686,0.6344921340406398,0.08517057194563216,0.41409207616431976,0,10.0,False,0.0,0.0
153.13922408000292,154.26225128784057,148.5079064547319,148.94412231445312,64548800,JNJ,2023-09-01,0.0004985041801204293,1,-0.03470691337680043,-0.06287236875732405,-0.04374597732115304,0.015040190537849885,0.010219032190660338,0.057425888014621895,-0.03470691337680043,0.028630548764693536,0.03145677233766525,155.59259414672852,153.84000396728516,-0.042730001827758435,-0.03182450290285466,0.4653325055187638,-0.7474190679257731,0.5750981908761674,1,1.0,True,0.5,0.00024925209006021465
357.8900146484375,363.3900146484375,354.010009765625,362.4599914550781,12552100,BRK.B,2023-09-01,0.0019036651152484207,1,0.01834630099645773,0.028080309635352352,0.035629593898821144,0.06324434715343674,0.08103427545624586,0.16005753654735,0.01834630099645773,0.017721300432835894,0.01176602216739934,357.3249969482422,347.61749776204425,0.014370655707525826,0.04269777496411886,1.0,-0.10228164687665953,0.5666596995168736,1,2.0,True,0.5,0.0009518325576242104
237.97195629470653,243.71048605376453,237.57046769505334,242.96624755859375,21935900,V,2023-09-01,-0.003305022986822337,0,0.02283874334558922,0.0417349902310169,0.04011287514819761,0.051286044824971455,0.11190083847314836,0.11302291180758561,0.02283874334558922,0.013747239662999807,0.01718302400583012,237.20080184936523,232.97472508748373,0.02430618136312157,0.042886722872441,1.0,0.026835419336340927,0.5373125600721633,1,3.0,False,0.0,-0.0
138.76736250583897,140.2531261794638,137.00890220569406,138.06210327148438,36545800,JPM,2023-09-01,-0.020364856999937397,0,-0.0015641874672334133,-0.01443238329792329,-0.058966798141737664,0.01718150396758711,0.048353600490897986,0.037090619997173446,-0.0015641874672334133,0.014477782190018693,0.026233626614003826,140.4153289794922,139.7918612162272,-0.01675903710165083,-0.012373810103774696,0.7016378811906367,-0.02386138574193053,0.5284723400194634,1,4.0,False,0.0,-0.0
319.4966275172615,325.7068137627579,315.63119277463596,322.4398498535156,90668200,MSFT,2023-09-01,0.017069181064895966,1,0.017586156748796933,0.03848587616378296,0.004807727513289173,-0.023320596217911493,0.007851653428750272,0.29294472784391434,0.017586156748796933,0.02077549844965301,0.02371464111474938,316.0167007446289,326.4520619710286,0.020325347026761253,-0.012290356180593154,0.8365701872675032,-0.10748621015686488,0.48950349274225363,0,5.0,False,0.0,0.0
285.7575264634264,299.3905158783328,283.57464435762574,294.072265625,82873000,META,2023-09-01,0.0050949755919369455,1,0.038108708516605416,0.04635460711969719,-0.04618162237496437,0.02013559235906137,0.11862602129811872,0.5998918812480212,0.038108708516605416,0.043206298366628766,0.05125350150912801,289.4212646484375,293.8068593343099,0.016070004331617094,0.0009033359237815564,0.8006440082412153,-0.08244163329884446,0.482502157945913,0,6.0,False,0.0,0.0
130.23360950918428,136.8687881952977,129.0732021716326,134.5479736328125,143532200,GOOGL,2023-09-01,0.005307371415973483,1,0.0445027399768918,0.0643340902064029,0.05893387217524104,0.1354202358855301,0.10987499875704887,0.4485851065944466,0.0445027399768918,0.024989000525120982,0.041276849173360844,129.5691089630127,125.11095682779948,0.03842632483658659,0.07542917938036364,1.0,0.1058038016093732,0.4784024059755686,0,7.0,False,0.0,0.0
133.77999877929688,139.9600067138672,131.85000610351562,138.1199951171875,208664300,AMZN,2023-09-01,0.0007964133669293716,1,0.036470064615695685,0.03678121792212452,-0.010389139005079318,0.06426257062980545,0.1190147838912039,0.4554266901620929,0.036470064615695685,0.030467787455305755,0.02856424385617506,135.75249862670898,132.869166692098,0.017439800478285417,0.03951878796122377,0.9703109727836525,-0.08963701409188085,0.4719975762128503,0,8.0,False,0.0,0.0
177.83999456976295,187.54718572230075,176.31924159506977,187.0929412841797,264199500,AAPL,2023-09-01,-0.05953770241596279,0,0.06074699328842814,0.08579291434514191,0.04245186449519989,-0.005056461822106617,0.04838546393404464,0.25788419009154784,0.06074699328842814,0.039076172700709955,0.0339192598029716,177.83753967285156,183.92343775431314,0.052044138871659484,0.017232733188145444,0.8713755939161374,-0.044199438185733686,0.4415018842477084,0,9.0,False,0.0,-0.0
242.5800018310547,261.17999267578125,235.35000610351562,245.00999450683594,605113000,TSLA,2023-09-01,0.014244339298030928,1,0.02690807773790027,0.13699006107551615,-0.03486175877348818,-0.10720401907273625,0.002495910906650467,0.23873806978896206,0.02690807773790027,0.09411511972763333,0.06268397485678347,235.43499755859375,254.73166529337564,0.040669386656753126,-0.03816435924973527,0.6893311001915984,0.07438519468285754,0.43452301628554146,0,10.0,False,0.0,0.0
149.01840653518693,150.3270544059596,146.0391414761129,149.01837158203125,35662400,JNJ,2023-09-08,0.0055430701486003375,1,0.0004985041801204293,-0.03422571073807745,-0.06973996431583163,0.011607718950276347,-0.015248616734425458,0.07477030053740341,0.0004985041801204293,0.016829364282003285,0.03045241639998284,152.7996826171875,153.64771143595377,-0.024746851370297973,-0.030129572452839315,0.45121806975667106,-0.8370986880954722,0.6463772436807467,1,1.0,True,0.5,0.0027715350743001688
243.20126902211177,243.534216631557,239.14710108209553,242.16323852539062,16296900,V,2023-09-08,-0.025152658311915044,0,-0.003305022986822337,0.019458237787019605,0.030203260278641064,0.018897132376228143,0.08232487743686456,0.14850577614007965,-0.003305022986822337,0.01534326680011216,0.016828479732363053,238.97572326660156,234.50969696044922,0.013338238776802624,0.032636354334772744,0.9740094003928271,-0.17039740687148508,0.5803151919582544,1,2.0,True,0.5,-0.012576329155957522
363.8800048828125,366.4700012207031,359.260009765625,363.1499938964844,11915500,BRK.B,2023-09-08,0.012969823858569818,1,0.0019036651152484207,0.020284891324906962,0.013394691534014402,0.06467500599677711,0.07342377262613553,0.19602802113264106,0.0019036651152484207,0.014674825462457075,0.011811281106283239,358.5249938964844,349.68749745686847,0.012900076922769177,0.03849864961579419,1.0,-0.02804203348077272,0.5754998054487954,1,3.0,False,0.0,0.0
134.32974678245756,135.53977327338907,131.86019800324286,135.26206970214844,80490200,GOOGL,2023-09-08,0.0074790161018034595,1,0.005307371415973483,0.050046303962951066,0.052639860011147954,0.08738654982546312,0.10402332058689301,0.5047999525364764,0.005307371415973483,0.0254329101696896,0.04129196029549372,131.2601375579834,126.17301241556804,0.030488556683076817,0.07203646098774552,1.0,-0.34030212104348223,0.5493484043483088,1,4.0,False,0.0,0.0
322.77339871686183,329.79787848396427,322.4398370951833,327.9436340332031,74000800,MSFT,2023-09-08,-0.01211597891207905,0,0.017069181064895966,0.03495551910747352,0.04351176260495504,-0.029725054107033078,-0.021477213725325628,0.3504566626793679,0.017069181064895966,0.01528770956972769,0.019526582986875176,319.435302734375,325.8522364298503,0.02663553848305611,0.006418239218692889,0.8454930767956379,-0.20735863153018297,0.5156814045092784,1,5.0,False,0.0,-0.0
138.38181790077672,139.36918761732844,134.1408682625153,135.25048828125,31965500,JPM,2023-09-08,0.03462384428487364,1,-0.020364856999937397,-0.02189719001307955,-0.06875990859664327,-0.03966050967752843,0.010874128278652417,0.09206403964253229,-0.020364856999937397,0.014221008631184152,0.026849070230309007,137.91870880126953,139.91310373942056,-0.019346327581011735,-0.033325080593268774,0.6132244451428558,-0.13835732475792373,0.5055797014430202,1,6.0,False,0.0,0.0
137.72999572753906,138.85000610351562,133.16000366210938,138.22999572753906,169269300,AMZN,2023-09-08,0.01562615733828787,1,0.0007964133669293716,0.037295523229577965,-0.001300541361228147,0.026358800451555142,0.10152201833328522,0.5235312533136318,0.0007964133669293716,0.030203955933747226,0.028583541988734123,135.7074966430664,133.93083318074545,0.01858776520730654,0.0320998715881331,0.9676638206798149,-0.16547681584234952,0.47617667327373625,0,7.0,False,0.0,0.0
185.92768366781115,187.6064413525269,171.37183427986267,175.953857421875,305075900,AAPL,2023-09-08,-0.01779103713436947,0,-0.05953770241596279,-0.002407445536605657,0.0021933630712471786,-0.06434223683907314,-0.035147106172280895,0.2031473591833468,-0.05953770241596279,0.052048608955944535,0.0380169923794533,177.93381118774414,183.38930892944336,-0.011127473483833916,-0.04054462907883605,0.5758363526080615,0.13175235332011548,0.45840986569008874,0,8.0,False,0.0,-0.0
245.0,258.0,243.27000427246094,248.5,480110000,TSLA,2023-09-08,0.10418516961141844,1,0.014244339298030928,0.04153570482508773,0.024108824441229082,-0.11685267009824019,-0.04621174541354922,0.43277212005316645,0.014244339298030928,0.09058172595167356,0.05958210064009172,236.89749908447266,253.72833124796549,0.048976882239648134,-0.020606020708250794,0.7191423693025559,-0.13302651008318733,0.45176538848171127,0,9.0,False,0.0,0.0
294.7072634122402,304.6592078858521,289.9446918732,295.570556640625,81670800,META,2023-09-08,0.008123688212268165,1,0.0050949755919369455,0.04339784704827476,-0.012431813966445215,-0.03554872441371426,0.060106852881526285,0.6594623175796239,0.0050949755919369455,0.04176973219924254,0.04877476708069086,288.49108123779297,295.20340220133465,0.02453966816740749,0.0012437337664554793,0.787557209152517,-0.10045764195987505,0.44600914926330004,0,10.0,False,0.0,0.0
149.48244563554272,153.38983538899697,148.91629398735736,149.84439086914062,40903100,JNJ,2023-09-15,-0.005883993017658851,0,0.0055430701486003375,0.0060443375723604476,-0.05720805300570675,-0.04446698409430272,-0.017269777414181786,0.07526668145584181,0.0055430701486003375,0.020416013012886976,0.030405939987747706,150.5265655517578,153.42827351888022,-0.004531922190057713,-0.023358684599280033,0.48383911123221235,-0.7063776895541909,0.6591143442649441,1,1.0,True,0.5,-0.0029419965088294253
364.8699951171875,370.8399963378906,364.510009765625,367.8599853515625,24346500,BRK.B,2023-09-15,-0.02093182731493415,0,0.012969823858569818,0.014898179175048654,0.043396834294639364,0.06391709556266512,0.09727064981823275,0.25331325376367153,0.012969823858569818,0.0068870919462532465,0.010942176599335832,362.34999084472656,352.40499623616535,0.015206277483244213,0.0438557605041443,1.0,0.6066373228980382,0.5737684104863848,1,2.0,True,0.5,-0.010465913657467074
330.8574560496714,334.4088885367708,323.41105648154235,323.97027587890625,108640000,MSFT,2023-09-15,-0.040003643605632244,0,-0.01211597891207905,0.004746392314987968,0.043414937545630305,-0.037382188593823806,-0.012240436324618131,0.18685383044421422,-0.01211597891207905,0.015333316651180333,0.01884873077903114,322.80528259277344,325.51767985026044,0.0036089659895761628,-0.004753671051188402,0.7806308917498551,0.1448880364522065,0.5363399393168082,1,3.0,False,0.0,-0.0
242.20240088368902,244.8758110871219,233.80028331748693,236.0721893310547,37230300,V,2023-09-15,-0.024847609048719965,0,-0.025152658311915044,-0.028374551184836894,0.012176227429671505,0.009501876108642948,0.05215986801099404,0.11317990417051038,-0.025152658311915044,0.022099568485903165,0.019192417669546834,239.68569564819336,235.48495229085287,-0.0150760198991704,0.0024937348840723406,0.7477978806066127,0.5521517536088385,0.5312351151562085,1,4.0,False,0.0,-0.0
138.75,145.86000061035156,138.63999938964844,140.38999938964844,326841100,AMZN,2023-09-15,-0.08027640374284328,0,0.01562615733828787,0.0164350155857953,0.0538207333977343,0.07992307222806483,0.08551764789303529,0.41879740999974246,0.01562615733828787,0.017005854314753183,0.027846603432604367,137.49999618530273,134.85249964396158,0.021018205705627624,0.04106338229033213,1.0,0.43711046969091716,0.5307707622781281,1,5.0,False,0.0,-0.0
135.42074803161276,137.56305972256655,133.05032781273377,136.27369689941406,123589000,GOOGL,2023-09-15,-0.05203781103061722,0,0.0074790161018034595,0.012826081434055281,0.07798532592043128,0.14480921668768487,0.12309953097676707,0.35209593929125593,0.0074790161018034595,0.017986959159563026,0.04088199553073018,133.72476959228516,127.417724609375,0.019060996066026847,0.0695034565810122,1.0,0.03422125141449239,0.5060289978631103,1,6.0,False,0.0,-0.0
136.11559055028286,140.95837410125364,135.11882237294367,139.93338012695312,53441600,JPM,2023-09-15,-0.02069749726137904,0,0.03462384428487364,0.01355387764728655,-0.0010741204080154665,-0.03962587327930778,0.07909198200625767,0.20028480128369996,0.03462384428487364,0.024372696616881004,0.026394734575087852,137.8810920715332,140.76780446370444,0.01488447781045421,-0.005927664638446961,0.7604816479095243,0.3274060532523766,0.4959152572788482,0,7.0,False,0.0,-0.0
299.06305457381853,310.4339169753038,296.42382881133364,297.9716796875,93654800,META,2023-09-15,-0.004095684363355057,0,0.008123688212268165,0.01326005379736328,0.060229325501223396,0.020559965398567748,0.04010657646953297,0.5352489268989356,0.008123688212268165,0.0155892171884612,0.048314509061086995,292.72286224365234,296.16088612874347,0.017931012984830463,0.00611422251745064,0.7893196502545754,0.0651378296185261,0.4930475631748582,0,8.0,False,0.0,-0.0
264.2699890136719,278.9800109863281,260.6099853515625,274.3900146484375,663743600,TSLA,2023-09-15,-0.10754768100229428,0,0.10418516961141844,0.11991355781521729,0.2733305844996228,0.05526508053967372,0.06932972767640999,0.5232887759423972,0.10418516961141844,0.04942774971929952,0.06676690932727372,251.62250137329102,255.21083196004233,0.09048281910754108,0.0751503474249009,0.9402922200643875,0.14311463983167338,0.47932816673468465,0,9.0,False,0.0,-0.0
177.82027676778657,178.0473990105972,171.41132506918257,172.82345581054688,403746500,AAPL,2023-09-15,-0.00125700171231935,0,-0.01779103713436947,-0.07626950207575478,0.002980029410655227,-0.08697354493174603,-0.06124763968325875,0.1321852299570474,-0.01779103713436947,0.051950645255189894,0.03806209999847261,178.06218338012695,182.4496726989746,-0.029420775765713558,-0.05276094358530381,0.4250581608675791,0.32322658038662966,0.432044135823875,0,10.0,False,0.0,-0.0
150.46621502080748,151.78416665735364,148.7306783800927,148.96270751953125,24680600,JNJ,2023-09-22,-0.029595120881912518,0,-0.005883993017658851,-0.00037353825510944016,-0.034586464380917836,-0.07344506435682652,-0.02328829934315413,0.06704928097504137,-0.005883993017658851,0.01799769667225329,0.030434032443939208,149.19239807128906,153.1322898864746,-0.001539559352401132,-0.02722862937682513,0.3791550868725249,-0.4045510446943784,0.6689435993124866,1,1.0,True,0.5,-0.014797560440956259
369.3299865722656,373.3399963378906,359.760009765625,360.1600036621094,15151000,BRK.B,2023-09-22,-0.027376765240126333,0,-0.02093182731493415,-0.008233485569677068,0.01188439039522371,0.029587508006491348,0.0561876940237811,0.20487082658712685,-0.02093182731493415,0.017405170881411622,0.013265778035997067,363.4074935913086,354.0016632080078,-0.008936221697319668,0.01739636022693758,0.8696906047273586,-0.05254584140414065,0.5756058909787648,1,2.0,True,0.5,-0.013688382620063166
140.47999572753906,141.75,128.52000427246094,129.1199951171875,280817300,AMZN,2023-09-22,-0.015489408660450343,0,-0.08027640374284328,-0.06590465811999302,-0.03106708359826671,-0.02337199485487651,-0.009512162376175914,0.31580555111745023,-0.08027640374284328,0.05109373733678936,0.037580238413383635,136.46499633789062,134.7491658528646,-0.053823335051552124,-0.041775180573835224,0.7059743351399983,0.13968985137866374,0.5287464080336226,1,3.0,False,0.0,-0.0
235.9448745196962,240.1459283809499,230.01050922060648,230.20635986328125,28054200,V,2023-09-22,-0.021567125814055732,0,-0.024847609048719965,-0.0493752839403645,-0.03087780216905822,-0.0009669298342154242,-0.008244750521373412,0.06759498937839936,-0.024847609048719965,0.022734252048314058,0.01835556016837406,237.85200881958008,235.3254712422689,-0.03214456331162774,-0.0217533246697188,0.4781644973235269,0.08403909298252565,0.509499902278568,1,4.0,False,0.0,-0.0
295.86817708684436,305.66129510671567,290.98647039875095,296.75128173828125,96227300,META,2023-09-22,0.0037781986860065953,1,-0.004095684363355057,0.003994731786129302,0.047565941593457506,-0.08111084525798018,0.042163261719043055,0.4517744398193304,-0.004095684363355057,0.01828745740330267,0.048279399380923446,296.09144592285156,297.16136932373047,0.0022284865858692715,-0.0013800164751646138,0.7674830990478688,0.08600754064530847,0.4956838422627376,0,5.0,False,0.0,0.0
321.5960515105036,324.1468499483667,309.03831043424583,311.0102844238281,111784900,MSFT,2023-09-22,-0.003974611392100091,0,-0.040003643605632244,-0.051634939215379205,-0.018484346212262026,-0.061142632517113715,-0.06712521422044815,0.13474593331631968,-0.040003643605632244,0.02751646772442577,0.021048710509846455,321.3410110473633,323.6527786254883,-0.03214879604026788,-0.03906190533988674,0.5414753737861158,0.16111836619588105,0.48940209549410496,0,6.0,False,0.0,-0.0
135.49018160432044,138.019281780227,128.5376462586181,129.18231201171875,130043700,GOOGL,2023-09-22,0.004683152510036592,1,-0.05203781103061722,-0.04494798655541432,0.00284883680986181,-0.01757427497572106,0.0881370508246122,0.2352996236579339,-0.05203781103061722,0.0398565654748616,0.04388733415051253,133.81651306152344,128.28968493143717,-0.034631010357249914,0.006957902194230536,0.7876448732093113,0.08901757774595098,0.4744623043768782,0,7.0,False,0.0,0.0
271.1600036621094,273.92999267578125,244.47999572753906,244.8800048828125,575237500,TSLA,2023-09-22,0.021806583761079468,1,-0.10754768100229428,-0.014567384777414483,0.026363253453485003,-0.08091877105929346,-0.06452223264591739,0.2860669091596808,-0.10754768100229428,0.08754233235669859,0.07434102079906978,253.19500350952148,253.8033332824707,-0.0328402950747656,-0.035158436590456366,0.688220742150333,-0.010005188442787749,0.46460412509531,0,8.0,False,0.0,0.0
139.32217189447775,141.28750546996196,136.52932702968312,137.037109375,36911900,JPM,2023-09-22,-0.004872025675926039,0,-0.02069749726137904,0.013209720101230005,-0.008976725662925844,-0.0712512382556384,0.00887522582364264,0.1839112188920342,-0.02069749726137904,0.026002309368046227,0.02405070186502174,137.57077026367188,140.8682657877604,-0.003879173516649237,-0.027196731579933187,0.631137226369987,-0.07060846707388924,0.45698634088263007,0,9.0,False,0.0,-0.0
174.2750855940285,177.45487842056565,171.6878251518227,172.60621643066406,297395200,AAPL,2023-09-22,-0.020481578681463608,0,-0.00125700171231935,-0.019025675482546966,-0.021387317741631273,-0.1062349711396895,-0.09766446460266609,0.09371687560266273,-0.00125700171231935,0.049911525141512134,0.035557509536167695,177.1191177368164,180.8928337097168,-0.025479470335089016,-0.04580953877006799,0.3373991051720935,-0.06362973231389912,0.44620533690069564,0,10.0,False,0.0,-0.0
359.010009765625,361.8900146484375,348.54998779296875,350.29998779296875,16820100,BRK.B,2023-09-29,-0.011304572061299978,0,-0.027376765240126333,-0.04773554683261272,-0.03354854038729527,0.0008857326416282785,0.027574051231396446,0.13450140964787227,-0.027376765240126333,0.018973599233992215,0.016168869898758563,360.36749267578125,354.78499603271484,-0.027936773120293967,-0.012641482277713112,0.6827460649674589,-0.01396243172302003,0.5516636636561701,1,1.0,True,0.5,-0.005652286030649989
148.5636142199021,148.83276177232352,144.09933955949197,144.55413818359375,37381500,JNJ,2023-09-29,0.01213490262310657,1,-0.029595120881912518,-0.035304976414945455,-0.02947403403802118,-0.07193064093458401,-0.014877138588022087,0.01977086345587309,-0.029595120881912518,0.015543750115297308,0.029617703642381216,148.09490203857422,152.95037078857422,-0.02390874909426799,-0.05489514384104843,0.12572321264775832,0.07861637942227961,0.5014427434433459,1,2.0,True,0.5,0.006067451311553285
293.3380490350795,308.2212789671032,284.55694085285074,297.8724670410156,122374800,META,2023-09-29,0.05069787622487554,1,0.0037781986860065953,-0.0003329599866283006,0.012922678743399807,-0.033855733901365204,0.0333184768938255,0.4164856033631046,0.0037781986860065953,0.005208723544931352,0.048215644365139206,297.04149627685547,297.9617563883464,0.002797490500740185,-0.0002996671398807216,0.77555751120404,0.24261177876041717,0.49874856215486796,0,3.0,False,0.0,0.0
310.5982106541626,313.4237361635249,303.5933986019012,309.7741394042969,107374600,MSFT,2023-09-29,0.03645302939832895,1,-0.003974611392100091,-0.04381925606013193,-0.03928084712535618,-0.034661971221536914,-0.061685390568359644,0.09993134286890148,-0.003974611392100091,0.023618525478119174,0.021010445242858725,318.1745834350586,321.9557164510091,-0.026401995847906257,-0.037836188097520096,0.5204672144921343,0.068934990839977,0.49565836949100517,0,4.0,False,0.0,0.0
230.50015969072382,230.58829024482802,223.19478947996956,225.24147033691406,28370600,V,2023-09-29,0.02186855266344545,1,-0.021567125814055732,-0.04587884335224346,-0.072951602948081,-0.03576502634080059,-0.0254069573019583,0.024092005645282466,-0.021567125814055732,0.01040279310171052,0.019328103492073572,233.42081451416016,234.8361473083496,-0.03504119456643362,-0.04085689993388175,0.275117598824823,0.03210855646100108,0.48913946409332887,0,5.0,False,0.0,0.0
128.76577182393018,132.95114528457344,126.17716568825698,129.78729248046875,121932700,GOOGL,2023-09-29,0.05135273356580372,1,0.004683152510036592,-0.047598359525925504,-0.035382778527277337,0.021465849501032475,0.09524591314380348,0.2615441454946288,0.004683152510036592,0.028955300191028873,0.04379573171203206,132.6263427734375,129.23024304707846,-0.021406383027681275,0.004310519118867262,0.7955606448482213,0.06945468929665588,0.48287881259576376,0,6.0,False,0.0,0.0
129.36000061035156,131.77999877929688,123.04000091552734,127.12000274658203,302586100,AMZN,2023-09-29,0.006607900564360225,1,-0.015489408660450343,-0.09452237837992938,-0.07964083955601475,-0.08920257880846538,-0.02049619400319469,0.23070966811727822,-0.015489408660450343,0.04225003489212176,0.03782966922915184,133.71499824523926,134.52749951680502,-0.04932128471154529,-0.05506306737900568,0.6537960863775605,0.12119400418966397,0.46675326911982984,0,7.0,False,0.0,0.0
243.3800048828125,254.77000427246094,234.5800018310547,250.22000122070312,588809000,TSLA,2023-09-29,0.041203730750124734,1,0.021806583761079468,-0.08808634475530108,0.021264466065370247,-0.014338609394535795,-0.08821918923300942,0.20611198844609757,0.021806583761079468,0.08723980071991162,0.07305760922816183,254.49750518798828,251.78583399454752,-0.016807645969360352,-0.006218907350753922,0.7338344433872502,0.020510376510664452,0.4608960882264662,0,8.0,False,0.0,0.0
136.67978144617302,139.98980940402407,135.12819643580607,136.3694610595703,42016800,JPM,2023-09-29,0.007934668806210077,1,-0.004872025675926039,-0.025468684199220215,-0.012260005981407196,-0.07050387082522269,0.004710852644767671,0.12932146260825217,-0.004872025675926039,0.026036378182438414,0.024107352943510983,137.14760971069336,140.92154947916666,-0.005673803960306145,-0.03230228759490972,0.6077121925012587,0.022705947212962707,0.45671905876889296,0,9.0,False,0.0,0.0
172.02357992644104,174.75897636563758,165.52582779726043,169.0709686279297,285838900,AAPL,2023-09-29,0.03668008846382764,1,-0.020481578681463608,-0.021712835014309317,-0.0963263099748698,-0.057963676938045605,-0.10089570148812399,0.04110580003901254,-0.020481578681463608,0.024689745912359288,0.03565307425694333,172.6136245727539,179.31176630655924,-0.02052361714547657,-0.05711168814834733,0.2232240317324367,-0.11508854295458437,0.4486616813251892,0,10.0,False,0.0,0.0
349.6400146484375,350.0,339.510009765625,346.3399963378906,16125900,BRK.B,2023-10-06,-0.0036091702177547536,0,-0.011304572061299978,-0.038371854685964046,-0.0462894061438025,-0.033514746926377015,0.015391832233036862,0.1082524895686936,-0.011304572061299978,0.017698757403697547,0.016646605647947607,356.1649932861328,355.22249603271484,-0.02758552113050894,-0.02500545374808183,0.5527848878358392,-0.1096012754767508,0.5571516574918969,1,1.0,True,0.5,-0.0018045851088773768
224.48742871305427,231.68504388686486,223.05771539591834,230.16717529296875,28719300,V,2023-10-06,0.01118962869581197,1,0.02186855266344545,-0.00017021497727420787,-0.04953709450480481,-0.020830015984940053,-0.03157607116096761,0.04403316075402053,0.02186855266344545,0.02291972018464015,0.018471235490691226,230.4217987060547,234.21075185139975,-0.001105031791765354,-0.017264692275940186,0.4765619832235245,-0.061264447466136684,0.525314099470001,1,2.0,True,0.5,0.005594814347905985
144.2478793813405,146.92084888016785,142.29884303054376,146.30828857421875,29751200,JNJ,2023-10-06,-0.005011232252103093,0,0.01213490262310657,-0.01781935216882702,-0.018186234214220054,-0.08665789120491263,-0.006789615959466366,-0.0312892307524445,0.01213490262310657,0.018341700083215735,0.02983250637039201,147.4173812866211,152.86702346801758,-0.007523486733534868,-0.04290483810702983,0.22029511765136564,-0.10331503868399083,0.5114004062004079,1,3.0,False,0.0,-0.0
136.19079878206526,138.1903911218125,133.40658332997998,137.45150756835938,45577200,JPM,2023-10-06,0.0199861856465271,1,0.007934668806210077,0.003023985220130365,0.01627365131970837,-0.05360523205421164,-0.024032279663473988,0.15458160329695825,0.007934668806210077,0.023393276402902532,0.021333063478390372,137.6978645324707,140.63949839274088,-0.0017891124524537227,-0.022667819928359867,0.5473344390677632,0.024508914146026184,0.5034190317497648,1,4.0,False,0.0,0.0
310.294137124608,322.9598111936179,305.3200371531252,321.06634521484375,104962800,MSFT,2023-10-06,0.0014361208976358952,1,0.03645302939832895,0.0323335313803057,-0.02097094776251418,0.021628331941797585,-0.05007263931263073,0.12712572762788654,0.03645302939832895,0.03159781166522225,0.022832604829271377,316.45526123046875,320.54537709554035,0.014571045418697581,0.0016252554444051714,0.712377107506426,-0.029834160692832956,0.49046110940929644,0,5.0,False,0.0,0.0
130.1344474612235,137.02747214489506,130.09476687574428,136.4522247314453,119459900,GOOGL,2023-10-06,-0.001598987669377383,0,0.05135273356580372,0.05627637875893621,0.00879888228767789,0.06190191423070379,0.09695433607858162,0.2689540487076476,0.05135273356580372,0.042387001606320515,0.04393824136279247,132.92388153076172,130.23527081807455,0.02654408794003693,0.047736330368254976,1.0,-0.034716811443778695,0.4877013906074231,0,6.0,False,0.0,-0.0
169.08081880430257,175.76625988669193,168.6858318118607,175.2725067138672,260574000,AAPL,2023-10-06,0.007662367273199244,1,0.03668008846382764,0.015447243664449273,-0.0038723260631574608,-0.0016874564088970034,-0.06796540878155677,0.08086690225566029,0.03668008846382764,0.026337521122588466,0.03792276012550852,172.44328689575195,178.24667104085287,0.016406668354828957,-0.01668566548602768,0.41683217180629917,-0.16452875088593322,0.46553224087026274,0,7.0,False,0.0,0.0
300.3827511018216,313.8471214300376,296.1757933117586,312.9739685058594,91442300,META,2023-10-06,-0.0023461486294565903,0,0.05069787622487554,0.05466762156021843,0.05888073583186659,0.045716927511352035,0.02123887636678856,0.45964825935105025,0.05069787622487554,0.024573946716764033,0.04694160723156997,301.39234924316406,298.50417073567706,0.03842705128971691,0.048474357107040955,0.9107383814469756,-0.09395609404229688,0.45876068408408593,0,8.0,False,0.0,-0.0
244.80999755859375,263.6000061035156,242.6199951171875,260.5299987792969,592798300,TSLA,2023-10-06,-0.03611869537557888,0,0.041203730750124734,0.06390882711707602,0.04841045786437381,0.07368640153537442,-0.07409910349599691,0.407813694025408,0.041203730750124734,0.08889106193297999,0.07380076173874953,257.5050048828125,250.04833348592123,0.011747320786487325,0.0419185568935847,0.8219013855036951,-0.020406278076851025,0.45847794237163547,0,9.0,False,0.0,-0.0
127.27999877929688,130.47000122070312,124.12999725341797,127.95999908447266,230295900,AMZN,2023-10-06,0.014301298958685482,1,0.006607900564360225,-0.008983860568319013,-0.07429644042895933,-0.0755003561964176,-0.04989600502493208,0.2537723118306898,0.006607900564360225,0.043283307758603694,0.03594598277491811,131.14749908447266,133.96750005086264,-0.024304695264885767,-0.0448429728412425,0.6718584686788961,-0.19232707583177233,0.4476057312961351,0,10.0,False,0.0,0.0
344.239990234375,349.6000061035156,342.8299865722656,345.0899963378906,13724500,BRK.B,2023-10-13,-0.026746677922505402,0,-0.0036091702177547536,-0.014872942154246616,-0.06189852096011661,-0.021187886522666677,-0.001937799076846769,0.07928318908414811,-0.0036091702177547536,0.01047508509807623,0.016229359197418004,350.47249603271484,355.1666615804036,-0.015357837649895845,-0.028371652895782362,0.5181972278455265,-0.11199178279401178,0.5587663059763198,1,1.0,True,0.5,-0.013373338961252701
145.88131592971772,147.8211060640413,143.92303132042622,145.57510375976562,27762700,JNJ,2023-10-13,-0.024545905259836798,0,-0.005011232252103093,0.007062859555602374,-0.02849147094937554,-0.08406958237479989,-0.07169152525814915,-0.040153947056402406,-0.005011232252103093,0.017144999949238928,0.021787586332927423,146.35005950927734,151.93014907836914,-0.005295219913884597,-0.04182873088162009,0.1807667596535983,-0.07129524319261393,0.5585442331179076,1,2.0,True,0.5,-0.012272952629918399
136.0873952575736,145.03928168920007,135.93582571105355,140.19863891601562,66863300,JPM,2023-10-13,-0.03412168273208549,0,0.0199861856465271,0.028079438216541908,0.001895607672892874,0.0008194511539905136,-0.03780538071584816,0.08207297398483582,0.0199861856465271,0.017446560528840523,0.019396538435771868,137.76417922973633,140.18045552571616,0.017671209598103088,0.00012971416187279594,0.6704717610245713,0.39757703956540547,0.5321605320054205,1,3.0,False,0.0,-0.0
227.97363639484928,233.70233913013254,226.89643541466188,232.74266052246094,24216700,V,2023-10-13,-0.018050061289489938,0,0.01118962869581197,0.033302882343676066,-0.014103858730791008,-0.002099363092661677,-0.004735995740461796,0.01949026098523654,0.01118962869581197,0.023390785913034614,0.0183273828274242,229.58941650390625,234.11845906575522,0.013734274282199088,-0.005876506059301678,0.5818904674124264,-0.11424568949751646,0.5192806120525294,1,4.0,False,0.0,-0.0
318.60385781984473,327.5119635418574,317.063564085275,321.5274353027344,100897000,MSFT,2023-10-13,-0.0032343974279720467,0,0.0014361208976358952,0.03794150125326601,-0.007540323165588725,0.03554725172073381,-0.044640637976778086,0.150282597274646,0.0014361208976358952,0.03129273362925993,0.022886594856760752,315.8445510864258,319.2933883666992,0.017992661886237604,0.006996846841906379,0.7202132868075855,-0.05042429837892071,0.48150377242664627,0,5.0,False,0.0,-0.0
174.6010122921434,180.0619109305439,173.6036362062995,176.61550903320312,241810100,AAPL,2023-10-13,-0.033379946597200005,0,0.007662367273199244,0.04462351204645021,0.021941774077317344,0.02498719062004473,-0.06694012472802457,0.08552285317390496,0.007662367273199244,0.023787125967633157,0.037955251262519,173.39130020141602,177.19076665242514,0.018594986184668816,-0.0032465439937422458,0.4607084816398967,-0.10904183441287185,0.4668081330187953,0,6.0,False,0.0,-0.0
135.8174603789753,140.06239744116,134.49836100864687,136.23403930664062,121135000,GOOGL,2023-10-13,-0.012813172235405124,0,-0.001598987669377383,0.04967163350866599,-0.0002910142872450949,0.0776716167891478,0.14447606084945885,0.2616882396087794,-0.001598987669377383,0.04230085418947823,0.04104140441170925,132.91396713256836,131.66842714945474,0.02497910675377568,0.03467507173913087,0.9931616811198029,-0.016304847643376696,0.466107040938438,0,7.0,False,0.0,-0.0
255.30999755859375,268.94000244140625,250.22000122070312,251.1199951171875,541322100,TSLA,2023-10-13,-0.15582187951924364,0,-0.03611869537557888,0.003596810375244841,-0.08480636425878962,0.16534404712869022,-0.03422811427015482,0.35740537901182434,-0.03611869537557888,0.06687796918941959,0.07111494034896217,251.6875,249.30666732788086,-0.0022547996337223264,0.007273482930650221,0.7415220989794455,-0.057819342885845226,0.4613468256281931,0,8.0,False,0.0,-0.0
126.22000122070312,134.47999572753906,124.76000213623047,129.7899932861328,223009300,AMZN,2023-10-13,-0.0355959269294539,0,0.014301298958685482,0.021003701084505888,-0.07550399707671207,-0.02574694417610668,-0.001615436260516856,0.2661202866199208,0.014301298958685482,0.0429400207938653,0.03486114873766723,128.49749755859375,133.9499994913737,0.010058528392350219,-0.03105641075802157,0.6966226284244931,-0.13954876037490183,0.4572251538668683,0,9.0,False,0.0,-0.0
310.066746421115,327.96634549446173,309.392048448092,312.23968505859375,105449500,META,2023-10-13,-0.019193429683124763,0,-0.0023461486294565903,0.04823278284259769,0.047883763269239044,0.11099709553462889,0.06942821718377545,0.4207863957376978,-0.0023461486294565903,0.026012858254195376,0.04430449758920702,304.9593505859375,300.1934102376302,0.023873130824380695,0.040128378605739146,0.9041654538716991,0.015172545252770231,0.45570765354466,0,10.0,False,0.0,-0.0
146.47533844706973,147.52410349368134,139.35670205129216,142.0018310546875,42690600,JNJ,2023-10-20,-0.04836608414662347,0,-0.024545905259836798,-0.029434132279844705,-0.046728987279793355,-0.07969926120660231,-0.11674203815852613,-0.04558573382125597,-0.024545905259836798,0.019131849705647585,0.019975681862363395,144.6098403930664,150.36609268188477,-0.01803479853991974,-0.05562598241408545,0.0,0.24113209192795781,0.5699096607843632,1,1.0,True,0.5,-0.024183042073311733
324.78457872571454,330.50423844384994,319.2905761994472,320.48748779296875,113729900,MSFT,2023-10-20,0.009612031689242961,1,-0.0032343974279720467,-0.0018029215160737522,0.030472315044815623,0.011424708011376072,-0.03253347503302895,0.14808658685611986,-0.0032343974279720467,0.019337587644646465,0.02256559485191056,318.21385192871094,318.3952891031901,0.007144993376237974,0.0065710730069896695,0.5374314255896069,0.0654745607536742,0.5365917787800818,1,2.0,True,0.5,0.004806015844621481
348.0,349.94000244140625,334.3500061035156,335.8599853515625,15300900,BRK.B,2023-10-20,-0.012356321316873586,0,-0.026746677922505402,-0.03025931482687838,-0.0674700634814086,-0.05638751366058836,-0.039878826518371824,0.03555020891269889,-0.026746677922505402,0.011749585391630119,0.017448914225065622,344.3974914550781,354.00416056315106,-0.024789687251915438,-0.05125412984617117,0.32289432815774094,-0.012389586163940147,0.5258638611292002,1,3.0,False,0.0,-0.0
250.0500030517578,257.17999267578125,210.4199981689453,211.99000549316406,616410700,TSLA,2023-10-20,-0.02212369602281783,0,-0.15582187951924364,-0.18631249189561683,-0.13431067761284954,-0.11148829059478138,-0.20436119369957018,0.2841652722424717,-0.15582187951924364,0.0886990037617003,0.08333040288311505,243.4650001525879,244.769167582194,-0.1292793405199818,-0.13391867289830373,0.40727773940017986,0.05399073867027715,0.5191671772069856,1,4.0,False,0.0,-0.0
141.57220133475337,141.63851843881218,134.62857461422652,135.41482543945312,58243000,JPM,2023-10-20,-0.05078693603030515,0,-0.03412168273208549,-0.014817459371213815,-0.011838281929221983,-0.02070873858294875,-0.08224602793858393,0.03169038358408849,-0.03412168273208549,0.023236325216773226,0.020619191538568116,137.3586082458496,139.16917037963867,-0.014151153911791448,-0.02697684357781316,0.4560422686934665,0.09530640060216178,0.5172363757929512,1,5.0,False,0.0,-0.0
234.0451018697498,236.4736720399164,227.81697731216835,228.54164123535156,31958900,V,2023-10-20,-0.01761090901443174,0,-0.018050061289489938,-0.007062406077444017,-0.007231418927428179,-0.03788593077344371,-0.008191356486939028,0.0009600798324491677,-0.018050061289489938,0.021475814887831797,0.018596168509479653,229.17323684692383,233.96116511027017,-0.0027559745643167544,-0.023164202795640465,0.41008323338421276,0.12863669872997519,0.49963744351934986,0,6.0,False,0.0,-0.0
174.5417330268598,176.84262444155877,170.4830858385587,170.7200927734375,288377700,AAPL,2023-10-20,-0.02695527260948749,0,-0.033379946597200005,-0.02597334873438828,-0.010927321716620919,-0.032080933356633756,-0.11600142914911116,0.0504962113522911,-0.033379946597200005,0.031172656238151474,0.037856205933107796,172.91976928710938,175.32389195760092,-0.012720792554491656,-0.026258823784705676,0.13901533055520043,0.07143790636584213,0.4635939185397883,0,7.0,False,0.0,-0.0
130.69000244140625,133.07000732421875,124.97000122070312,125.16999816894531,252244800,AMZN,2023-10-20,0.020532074238392317,1,-0.0355959269294539,-0.021803695963498182,-0.03059167516740713,-0.06070836463583695,-0.05324868154766882,0.1702505538551018,-0.0355959269294539,0.022564969158781124,0.035880345579388864,127.5099983215332,133.36333211263022,-0.018351503281235026,-0.06143618199915202,0.5643961031134216,0.0008362958136307608,0.45925691525721135,0,8.0,False,0.0,0.0
316.15894806212225,323.4021105297396,304.08371614626304,306.2467346191406,90796400,META,2023-10-20,-0.03861967198510263,0,-0.019193429683124763,-0.02149454767383574,0.031998018088541524,0.08108597554150476,-0.05170821346318055,0.44980963749677194,-0.019193429683124763,0.029929018211839523,0.03165363836137171,307.33321380615234,298.8018315633138,-0.0035351831113736853,0.0249158548221593,0.8184466782860049,-0.11431755608284577,0.4501263574532451,0,9.0,False,0.0,-0.0
137.03739334313434,139.56647145456625,133.97270746704044,134.4884490966797,127794400,GOOGL,2023-10-20,-0.09904133671665061,0,-0.012813172235405124,-0.014391671800372485,0.04107479578535167,0.044040647985404524,0.02277866105392734,0.2864054147385062,-0.012813172235405124,0.028240843125532794,0.029270594233042898,134.2405014038086,131.91803042093912,0.001847040872748451,0.019484968563725502,0.9381441465646038,0.04253449773822093,0.45006001738705664,0,10.0,False,0.0,-0.0
319.3102300618242,339.64787287454516,318.2506830695963,323.5680236816406,178267100,MSFT,2023-10-27,0.06970682969970698,1,0.009612031689242961,0.006346545130697656,0.04452884383399369,0.00349886600132554,0.008323415108954624,0.07801440432983964,0.009612031689242961,0.017737448348113343,0.02084737008549905,321.6623229980469,318.6178690592448,0.005924538086499176,0.015536337108184473,0.601240846164945,0.43227610831066277,0.5558421726680106,1,1.0,True,0.5,0.03485341484985349
226.56352190418193,233.53587903165342,223.30251728809088,224.51681518554688,34236500,V,2023-10-27,0.06250272700693094,1,-0.01761090901443174,-0.035343092316847624,-0.0032172368182611377,-0.07593413718338637,-0.03886719859951204,-0.011090301692068816,-0.01761090901443174,0.02031170916196142,0.018611644684618078,228.99207305908203,233.20456314086914,-0.019543287301392764,-0.0372537648419613,0.24548169651827603,0.14953740155827933,0.5475746388077282,1,2.0,True,0.5,0.03125136350346547
141.87190086376123,142.46589490797504,134.53047436526148,135.13375854492188,36908400,JNJ,2023-10-27,0.039423106672149766,1,-0.04836608414662347,-0.07172480008720794,-0.06516852272127516,-0.09272177750240185,-0.13241155004775784,-0.0973508909812918,-0.04836608414662347,0.026026410564925325,0.02212446687114843,142.25474548339844,148.64741388956705,-0.050057992190549516,-0.09091080020191078,0.0,0.0767301982526809,0.5350169414148754,1,3.0,False,0.0,0.0
334.07000732421875,339.8500061035156,330.5799865722656,331.7099914550781,14066700,BRK.B,2023-10-27,0.06059511808898188,1,-0.012356321316873586,-0.03877250869280957,-0.05306878956809302,-0.08483694952525822,-0.05223006168563693,0.009618030070056127,-0.012356321316873586,0.009651093624707167,0.017591766490566686,339.74999237060547,352.48082733154297,-0.02366446238726372,-0.05892756219880246,0.23508231548835573,-0.049836198453173,0.5323025179001585,1,4.0,False,0.0,0.0
133.93301925405814,138.2176595656358,119.22460095273298,121.16853332519531,257126000,GOOGL,2023-10-27,0.05672429362864495,1,-0.09904133671665061,-0.11058547524628048,-0.06640680293542944,-0.09943992426173798,-0.04636643187205369,0.13815913471881558,-0.09904133671665061,0.06231344845370995,0.040494691062840274,132.08581161499023,131.42708778381348,-0.08265292203841779,-0.0780550998397882,0.5185876844379645,0.644250748143171,0.5251604566954079,1,5.0,False,0.0,0.0
135.40536824661368,136.10635221522327,128.0638773242415,128.5375213623047,53801500,JPM,2023-10-27,0.05387273136285309,1,-0.05078693603030515,-0.08317568304422984,-0.05743177128084709,-0.06898766340282836,-0.1238864799224213,-0.00441286332285129,-0.05078693603030515,0.03363583094124446,0.024175025691630516,135.4006233215332,137.6545206705729,-0.05068737344680341,-0.06623101997562808,0.14777422498845819,-0.041334610330311605,0.5043059007667748,1,6.0,False,0.0,0.0
210.0,222.0500030517578,202.50999450683594,207.3000030517578,585973400,TSLA,2023-10-27,0.061070928488835996,1,-0.02212369602281783,-0.17449821964587364,-0.17152904627751286,-0.1539120537959361,-0.1834081676776581,0.26163962103300276,-0.02212369602281783,0.08226386825176456,0.08277806543709693,232.73500061035156,240.88916778564453,-0.10928737616555317,-0.1394382530466296,0.3467372499977462,0.003162459135002793,0.48452815916986824,0,7.0,False,0.0,0.0
307.090139491986,315.87118976703397,277.2245031094945,294.4195861816406,175795200,META,2023-10-27,0.06022301434116728,1,-0.03861967198510263,-0.057071857709596,-0.011591809386328977,0.0011810721283167513,-0.04505509407367525,0.2347287831685969,-0.03861967198510263,0.03835477577610517,0.030908189095603413,306.4699935913086,297.6442515055339,-0.03932002369451448,-0.01083395801391207,0.689860219559706,0.5171650160501973,0.46319048297057996,0,8.0,False,0.0,0.0
168.77470794688867,171.8359684831129,163.60015755926395,166.1182861328125,286078100,AAPL,2023-10-27,0.0501129448627724,1,-0.02695527260948749,-0.05943545364646985,-0.01746416028179909,-0.1121082121399134,-0.07441555027527624,-0.005892655274370218,-0.02695527260948749,0.03256279163594647,0.03326562919662167,172.18159866333008,174.21092096964517,-0.035214637206228305,-0.04645308567218209,0.0,0.06265787514002774,0.4597152587628611,0,9.0,False,0.0,0.0
124.62999725341797,130.02000427246094,118.3499984741211,127.73999786376953,395043700,AMZN,2023-10-27,0.08501650556881901,1,0.020532074238392317,-0.015794710905361553,0.004877242792572067,-0.0751520244741617,-0.0847603986504658,0.2113798156529858,0.020532074238392317,0.025352748492523742,0.03177113760267899,127.66499710083008,132.37749799092612,0.00058748102175743,-0.03503238992683233,0.6357615006601305,0.4357476333000998,0.45440865919577095,0,10.0,False,0.0,0.0
327.09996393650596,347.68285894520625,325.54984988044805,346.1229248046875,119238000,MSFT,2023-11-03,0.0478175513562451,1,0.06970682969970698,0.07998888564498019,0.07804175044593031,0.055434193211519434,0.1013579952716912,0.14057571249552625,0.06970682969970698,0.033968597070079695,0.027587553032736394,327.9264678955078,321.2723439534505,0.05548944257521149,0.07735051372749857,1.0,-0.06869322752727813,0.5065267274501786,1,1.0,True,0.5,0.02390877567812255
135.58855140190985,141.3243068532192,135.50502430633895,140.46115112304688,31791100,JNJ,2023-11-03,-0.0270253035709358,0,0.039423106672149766,-0.010849718769100125,-0.03996449899149601,-0.05742392946680286,-0.12315915099074481,-0.055882958664747795,0.039423106672149766,0.037195468521400946,0.024068107937303653,140.79296112060547,147.0033416748047,-0.002356722913685716,-0.04450368595178067,0.20780296762750503,-0.08615277594126747,0.487097974710422,0,2.0,True,0.5,-0.0135126517854679
332.9599914550781,354.3500061035156,332.17999267578125,351.80999755859375,16334100,BRK.B,2023-11-03,-0.003553054230051589,0,0.06059511808898188,0.0474900640227669,0.015793732397475058,-0.031226756239800646,-0.018250337473226352,0.08623561891660159,0.06059511808898188,0.038613071790574216,0.024698385255964156,341.11749267578125,351.9358266194661,0.0313455191023444,-0.00035753410524019813,0.6603894447619324,0.09945444938427839,0.48102810335324353,0,3.0,False,0.0,-0.0
227.37631555498007,240.23407081455184,225.26109237951354,238.5497283935547,26311400,V,2023-11-03,0.008916886998799667,1,0.06250272700693094,0.043791088154026214,0.03641941162946538,-0.014921794711037717,0.01483077871812144,0.05502580574672611,0.06250272700693094,0.037886457271183185,0.026572421334461617,231.08771133422852,233.49507776896158,0.03229084323109532,0.021647782355371792,0.8193795624537437,-0.09833409724691256,0.47946487964532525,0,4.0,False,0.0,0.0
129.24800741422763,136.19160455337342,128.8690834524757,135.46218872070312,48684900,JPM,2023-11-03,0.023986077396608296,1,0.05387273136285309,0.0003497643710450582,-0.014472877619526203,0.0015652471362093134,-0.06730228771045099,0.060731925520014274,0.05387273136285309,0.04835561645351847,0.03053494452523303,134.90329360961914,136.83995564778647,0.004142931548441808,-0.010068454937456894,0.45816527879896723,-0.14435041194203502,0.46180611481148465,0,5.0,False,0.0,0.0
296.76113522682925,316.3375111890121,294.5484984510661,312.1504211425781,106700000,META,2023-11-03,0.04504140129412337,1,0.06022301434116728,0.019277549296254692,-0.0026313605799641593,0.0560944388047151,0.04296526921049759,0.3514906763607304,0.06022301434116728,0.042786998260774825,0.03466686409263283,306.2641067504883,298.7158457438151,0.019219733107299408,0.044974431688785454,0.881313699408496,-0.1084951762027534,0.4578446843014647,0,6.0,False,0.0,0.0
166.90830774256386,175.5588693503195,165.80230595130433,174.44296264648438,310075900,AAPL,2023-11-03,0.05658418161744261,1,0.0501129448627724,0.021806864163244732,-0.004732881858859006,-0.008586880660240603,-0.006412351735930799,0.020528867093012826,0.0501129448627724,0.03833705079197622,0.0364701120262088,171.97421264648438,174.11710357666016,0.014355349921414406,0.0018714937426049794,0.3082722231451377,0.10117870081710545,0.45323610669157843,0,7.0,False,0.0,0.0
122.20001252709248,128.46820067879287,121.6842763149313,128.04173278808594,138832500,GOOGL,2023-11-03,0.027033336618464965,1,0.05672429362864495,-0.047935092953294456,-0.061636898628162684,-0.053380352156091715,-0.0035504264097860894,0.22288530989461197,0.05672429362864495,0.0642625224957269,0.04394609738937419,129.9831886291504,131.3890692392985,-0.014936207224486076,-0.025476521529474105,0.5774783925183495,-0.1388735933795625,0.44580243483489973,0,8.0,False,0.0,0.0
209.27999877929688,226.3699951171875,194.07000732421875,219.9600067138672,621700600,TSLA,2023-11-03,-0.02414081039872984,0,0.061070928488835996,0.037596117808299745,-0.1557210004817825,-0.11484906754983026,-0.09350911911539894,0.29342590774812005,0.061070928488835996,0.0893539661829247,0.08478590601536033,222.59250259399414,238.99833552042642,-0.011826525374615149,-0.07965883429732956,0.4583774849184913,0.05132123573839387,0.4311430540019509,0,9.0,False,0.0,-0.0
129.72000122070312,139.49000549316406,128.55999755859375,138.60000610351562,281900800,AMZN,2023-11-03,0.03578637255884165,1,0.08501650556881901,0.10729414501103895,0.08315104013105667,0.00267677340239425,0.0013727507866416744,0.31175469713918647,0.08501650556881901,0.049484971986527376,0.04136331994705851,130.32499885559082,132.39333152770996,0.0634951645546844,0.046880567957507724,0.940590990730019,-0.021346493564564306,0.41882172217429536,0,10.0,False,0.0,0.0
140.86953911479276,141.4728092515802,135.17087783822743,136.66514587402344,29056100,JNJ,2023-11-10,0.017249620303138924,1,-0.0270253035709358,0.01133238167568984,-0.06120523122171895,-0.08795287510379113,-0.14012931536855588,-0.07054256462548258,-0.0270253035709358,0.03790706287506131,0.02449929227856467,138.56547164916992,145.14736557006836,-0.013714280711704774,-0.05843867480977616,0.05973406819710379,-0.17246319231136198,0.49022936083991125,0,1.0,True,0.5,0.008624810151569462
313.5197164612281,326.5375610295446,312.00163061151295,326.2101135253906,75752300,META,2023-11-10,0.01907102395274962,1,0.04504140129412337,0.10797694459137297,0.04474264206414125,0.09476885141401992,0.1607060409144354,0.40614198119781797,0.04504140129412337,0.04814041716621806,0.029747066392038595,309.7567138671875,302.4796422322591,0.05311716880253892,0.07845311875537742,1.0,-0.32521252376438026,0.4795837719700375,0,2.0,True,0.5,0.00953551197637481
346.76065357014403,363.0955302142946,346.66254017187435,362.6736755371094,129319400,MSFT,2023-11-10,0.0025175673932487097,1,0.0478175513562451,0.1208575909649987,0.1279711642511432,0.11946589715122413,0.1680674391605077,0.2016135107078172,0.0478175513562451,0.03371688723518644,0.02893172444457669,338.21302795410156,325.6209538777669,0.07232319739713677,0.11379096221569163,1.0,-0.04306097591657754,0.4789589922918171,0,3.0,False,0.0,0.0
238.9414685799237,240.69648062015688,236.47663529686352,240.67684936523438,23552300,V,2023-11-10,0.01757376752345996,1,0.008916886998799667,0.07197694375956831,0.03408996367474182,0.019505304912144306,0.03191903337051105,0.0641987256601535,0.008916886998799667,0.037869866807586305,0.026476290896429618,233.07125854492188,234.11545689900717,0.0326320408092986,0.02802631040742276,0.9063714912242384,-0.18826528897777084,0.4776884869026973,0,4.0,False,0.0,0.0
354.0299987792969,354.0299987792969,344.05999755859375,350.55999755859375,17904700,BRK.B,2023-11-10,0.02387607021759086,1,-0.003553054230051589,0.056826766118283745,0.015850941142168784,-0.047028729630474,-0.005672793322695657,0.0870414839971263,-0.003553054230051589,0.0386091676380075,0.024271524563750292,342.48499298095703,351.7691599527995,0.0235776887838286,-0.0034373746532185834,0.6339400044555942,0.1259684560044272,0.47142093781847866,0,5.0,False,0.0,0.0
138.75999450683594,143.64999389648438,138.36000061035156,143.55999755859375,228568800,AMZN,2023-11-10,0.011284446536203863,1,0.03578637255884165,0.12384531046959713,0.10609449868838361,0.022579942892848592,0.077615945377155,0.3020133754506902,0.03578637255884165,0.049671995434988944,0.04058149358853403,133.76749992370605,133.25499788920084,0.07320535735864708,0.07733293184216117,1.0,-0.21030550336896803,0.4663117459659108,0,6.0,False,0.0,0.0
135.62322444025978,138.7587625615186,135.2632503662973,138.71139526367188,37517000,JPM,2023-11-10,0.043638641716324145,1,0.023986077396608296,0.07915100426349753,-0.010608117623985391,-0.008732618780255441,-0.00979735930422354,0.10755797732346073,0.023986077396608296,0.049019656744059545,0.030023982631790777,134.5314826965332,136.72558466593424,0.03107014420236065,0.014524060018391127,0.550348399396545,-0.2430228241219008,0.4559471210746516,0,7.0,False,0.0,0.0
127.9921517032279,131.71141329610631,127.61526180428386,131.5031280517578,125896900,GOOGL,2023-11-10,0.020514518769546575,1,0.027033336618464965,0.08529107717121764,-0.03472635237830912,-0.035007260800868134,0.04024801247642573,0.12832940211636323,0.027033336618464965,0.06763739569575146,0.044213574470421006,128.8004608154297,131.81306584676108,0.02098336620240082,-0.0023513434955194645,0.7243093368511778,-0.22483220959969508,0.452211979972878,0,8.0,False,0.0,0.0
223.97999572753906,226.32000732421875,205.69000244140625,214.64999389648438,613925200,TSLA,2023-11-10,0.09154441981838457,1,-0.02414081039872984,0.03545581638458262,-0.14522938009649156,-0.21771936864573982,-0.003898146434946126,0.27783069029626195,-0.02414081039872984,0.08964934148432548,0.07823049385478235,213.47500228881836,238.92833455403647,0.005504118023506699,-0.10161348465793307,0.34087309990482095,0.007256287187348942,0.44245919359989905,0,9.0,False,0.0,0.0
174.17636920813592,184.48178544542026,174.00849494223715,184.3136749267578,303608500,AAPL,2023-11-10,0.017650286058301434,1,0.05658418161744261,0.10953272645371492,0.043587145521333914,0.06648529889835553,0.06966345645510397,0.08302476690525307,0.05658418161744261,0.048361581849331994,0.03932011476237286,173.89875411987305,175.11741256713867,0.05989071548899938,0.05251483690174652,0.6737959060976836,0.022130216619217213,0.44056025003759747,0,10.0,False,0.0,0.0
240.43149906268863,245.57377618019126,239.55809544057414,244.9064483642578,45729200,V,2023-11-17,0.018993545808089873,1,0.01757376752345996,0.0266473578214097,0.07160536277086504,0.06385613546779023,0.031006596180477075,0.07394258549736898,0.01757376752345996,0.03332275915324444,0.02642948588945645,237.16246032714844,234.72923533121744,0.032652672039356956,0.043357245290215785,1.0,0.4089012196004911,0.4986240525035895,0,1.0,True,0.5,0.009496772904044937
136.6651639573006,139.95068427202415,136.1082883545003,139.02256774902344,33230900,JNJ,2023-11-17,0.026244917809637114,1,0.017249620303138924,-0.010241859492972627,-0.020980456966901317,-0.0667290487399641,-0.09900759125346459,-0.04338349515837325,0.017249620303138924,0.04014049826990855,0.02523379090756172,137.8206558227539,143.87429809570312,0.008720840276767117,-0.033722008801407966,0.15168885740984328,0.01478854691132292,0.49054075983367845,0,2.0,True,0.5,0.013122458904818557
350.0899963378906,360.55999755859375,348.80999755859375,358.92999267578125,15239100,BRK.B,2023-11-17,0.010447719824259183,1,0.02387607021759086,0.020238183015255817,0.06868935964512168,-0.0034151792920407154,0.008428623779206834,0.08638268943361571,0.02387607021759086,0.032822539988440126,0.025131960401989104,348.2524948120117,352.0191599527995,0.030660219303046965,0.01963197890679691,0.8110453534287089,-0.04073044759114075,0.48146972769656043,0,3.0,False,0.0,0.0
142.0800018310547,147.2899932861328,139.52000427246094,145.17999267578125,255521100,AMZN,2023-11-17,0.010745370547487587,1,0.011284446536203863,0.04747464850291028,0.15986254533476862,0.12438040710904552,0.08944918700513571,0.2488601520497311,0.011284446536203863,0.032833952223732275,0.0405403399969983,138.76999855041504,134.2483310699463,0.046191498107117646,0.08142865925193021,1.0,-0.11967776320839418,0.4731298313671009,0,4.0,False,0.0,0.0
361.2511581241037,369.97665770103697,358.97505869997684,363.58673095703125,141869800,MSFT,2023-11-17,0.02049477883600903,1,0.0025175673932487097,0.05045550265761323,0.13448026773483313,0.1690505078653759,0.1474413735383715,0.16663086024902074,0.0025175673932487097,0.0318420632802517,0.028995564009469118,348.9878387451172,329.5142339070638,0.04183209439162239,0.1034022010095541,1.0,-0.0021366488111450588,0.4667240419595427,0,5.0,False,0.0,0.0
130.69976098599605,136.09517216084916,130.1741067560777,134.2008514404297,139835300,GOOGL,2023-11-17,0.010198536962021665,1,0.020514518769546575,0.04810243127947467,-0.002138456188480964,0.03884850294563291,0.04180801280069435,0.10223215186488055,0.020514518769546575,0.06873048398402157,0.04426216091830849,128.7285614013672,132.26185862223306,0.042510302138779155,0.014660256844981845,0.8745866901038524,-0.15467876456477325,0.45979493928836174,0,6.0,False,0.0,0.0
323.6600612938685,335.765144760248,323.1639545354659,332.4312744140625,82046500,META,2023-11-17,0.00952124958276368,1,0.01907102395274962,0.06497141088981873,0.08550144976234897,0.12023534478698261,0.17352039376804695,0.36394740722028507,0.01907102395274962,0.043489171455960554,0.029752068658629165,316.30284881591797,306.5758361816406,0.05099045316386319,0.08433619085720445,1.0,-0.2546207761177759,0.45849908720256727,0,7.0,False,0.0,0.0
138.01987256648778,144.80245730700287,137.50834335509538,144.7645721435547,40907900,JPM,2023-11-17,0.004711250029117986,1,0.043638641716324145,0.06867143895062311,0.06904522214432163,0.05638956340948931,0.046906644105584316,0.11370108484799046,0.043638641716324145,0.04729782518705661,0.03224038934025052,136.8689193725586,137.2660992940267,0.057687697157190465,0.05462727423663516,0.8582866582029787,-0.09551476331218667,0.4499728400496327,0,8.0,False,0.0,0.0
183.74018560328048,188.82264852852316,182.1482051958573,187.56686401367188,262862000,AAPL,2023-11-17,0.0014761174847965908,1,0.017650286058301434,0.07523319466766698,0.09868065888759636,0.08667502186410259,0.06343395788960082,0.08584373893884067,0.017650286058301434,0.038209461923881985,0.039119113245327755,178.11044692993164,176.04977798461914,0.05309299508669674,0.06541948624359484,0.7942651916594058,-0.09562545774667575,0.4476948703643514,0,9.0,False,0.0,0.0
215.60000610351562,246.6999969482422,211.61000061035156,234.3000030517578,719922800,TSLA,2023-11-17,0.004908211188671352,1,0.09154441981838457,0.06519365293775725,0.10524079900225858,-0.04320484163710203,-0.017980608374113638,0.3006550674231967,0.09154441981838457,0.058749894656197094,0.07643731107608939,219.0525016784668,238.5708351135254,0.0696066068931358,-0.017901735808298902,0.4662736849825746,0.133057750434582,0.42405779681413985,0,10.0,False,0.0,0.0
144.06358253221205,146.2991621172823,143.9120129602485,145.44659423828125,22773900,JPM,2023-11-24,0.02149278828298984,1,0.004711250029117986,0.048555484297498896,0.1315497039056439,0.06656280011802473,0.05348673380903124,0.13725098816103776,0.004711250029117986,0.021771319055649573,0.03218742252543476,141.09618759155273,137.88147354125977,0.030832914205464856,0.05486683963206773,0.8893555309794883,-0.392224771606252,0.5784802501261613,1,1.0,True,0.5,0.01074639414149492
359.3500061035156,363.19000244140625,358.17999267578125,362.67999267578125,9526300,BRK.B,2023-11-24,-0.015468141239810662,0,0.010447719824259183,0.034573240533988026,0.09336469210604781,0.03534115133948923,0.0006069669091475216,0.1312538545575661,0.010447719824259183,0.027548044663739783,0.024736225449072467,355.9949951171875,352.0374933878581,0.01877834702814618,0.030231152896540436,0.8650339724959945,-0.35419512509279005,0.5766964343942466,1,2.0,True,0.5,-0.007734070619905331
187.7646375447921,190.77057938008178,187.13179223741543,187.84373474121094,148305600,AAPL,2023-11-24,0.006685172779361981,1,0.0014761174847965908,0.019152457438960546,0.13078300477425353,0.11103482913494167,0.00401294379081274,0.08577291771384288,0.0014761174847965908,0.026260859315858243,0.03509003550059875,183.54180908203125,176.11234410603842,0.02343839630161315,0.06661310821068267,0.804518029059406,-0.4211628605886508,0.5752061298421123,1,3.0,False,0.0,0.0
132.5941051889177,138.2771361292862,132.52467173584012,135.5695037841797,80779000,GOOGL,2023-11-24,-0.035335306842123715,0,0.010198536962021665,0.030922273809497636,0.1188507450225107,0.04455144408364231,0.007592311677283137,0.09694229235660123,0.010198536962021665,0.019978471127695453,0.04250549431195634,132.32880401611328,132.34698613484701,0.02448975332439174,0.024349006678922702,0.9508278097847983,-0.33425323126683215,0.5714227830031193,1,4.0,False,0.0,-0.0
332.28244395513093,340.2499126792458,331.58788228778786,335.596435546875,45158600,META,2023-11-24,-0.03964762917002218,0,0.00952124958276368,0.028773853514366232,0.13985771089234045,0.1266446975801392,0.14120396506492217,0.2907571878672752,0.00952124958276368,0.023313044461245696,0.02875869074013628,326.59706115722656,310.0361836751302,0.027554976636229078,0.08244280254245417,1.0,-0.4166637064058537,0.5332080477872216,1,5.0,False,0.0,-0.0
244.95555017236282,249.95062545063874,241.02032959542967,249.55809020996094,23160200,V,2023-11-24,0.008454580878712648,1,0.018993545808089873,0.036901101490027344,0.1115340737562096,0.1079580054093694,0.02713069291559722,0.13470769430582763,0.018993545808089873,0.024085955281367654,0.02618748419799436,243.42277908325195,235.2785555521647,0.02520434262485627,0.06069203640036047,1.0,-0.21988731241542325,0.4860401781683809,0,6.0,False,0.0,0.0
138.3770406357038,142.8395955588241,138.0308778369447,142.67120361328125,22752900,JNJ,2023-11-24,0.03855734163270985,1,0.026244917809637114,0.043947252979879226,0.055777661699935255,-0.013025808835171793,-0.04211591974021234,0.0031571754528885165,0.026244917809637114,0.02880917118226257,0.02557978767002837,139.70501708984375,143.35155487060547,0.02123178240284629,-0.0047460333300070046,0.29400939213037086,-0.22099785159760676,0.48036849020884664,0,7.0,False,0.0,0.0
364.93351959280636,373.35841268345206,364.7172440162698,371.0383605957031,114410100,MSFT,2023-11-24,-0.00773651659355401,0,0.02049477883600903,0.02306394321618699,0.14670898679644773,0.197770612192544,0.15072116788376433,0.13850458883033312,0.02049477883600903,0.029632704346145473,0.029059451658208963,360.8554229736328,333.5641098022461,0.028218884832484248,0.11234497265210486,1.0,-0.09348932814591948,0.47571352652375487,0,8.0,False,0.0,-0.0
234.0399932861328,244.00999450683594,231.02000427246094,235.4499969482422,421683900,TSLA,2023-11-24,0.014355510412495498,1,0.004908211188671352,0.09690195035266891,0.1357935044962637,-0.0590280720981744,-0.03901880646883982,0.21887456219945212,0.004908211188671352,0.05250132992275544,0.07602916441817058,226.0900001525879,237.77416865030924,0.041399428498992696,-0.009774702253234069,0.37999450864867235,-0.2904625020901406,0.47127919155834525,0,9.0,False,0.0,0.0
145.1300048828125,147.74000549316406,141.5,146.74000549316406,181224700,AMZN,2023-11-24,0.0019762387575099627,1,0.010745370547487587,0.022151072643146197,0.14873968958146855,0.15434237195302103,0.06240957631560118,0.22171346888260213,0.010745370547487587,0.034885420529450206,0.039561832262000315,143.52000045776367,134.96666526794434,0.022435932449345275,0.08723146713187702,1.0,-0.23470543236522545,0.47112716813837663,0,10.0,False,0.0,0.0
249.55808209258632,252.11941328071623,246.9182331390767,251.66799926757812,26483000,V,2023-12-01,-0.0027686370368017466,0,0.008454580878712648,0.027608709156010658,0.05499176612928758,0.09341394552564686,0.03924939557327134,0.12539552365445195,0.008454580878712648,0.005574790559201578,0.026168786735012956,246.7023468017578,236.07061894734701,0.020128111994858866,0.06607082401774833,1.0,-0.10925148434261345,0.542787295330258,1,1.0,True,0.5,-0.0013843185184008733
362.6400146484375,362.6400146484375,355.29998779296875,357.07000732421875,17987400,BRK.B,2023-12-01,-0.011174337441145488,0,-0.015468141239810662,-0.005182028221426993,0.014951279958293151,0.030981148870429243,-0.0167423562562381,0.08373799750490929,-0.015468141239810662,0.017054489303204055,0.025140537214629933,357.30999755859375,351.53082784016925,-0.0006716583247454722,0.015757307881310467,0.7015219958752722,0.18616164530354862,0.5333610602287875,1,2.0,True,0.5,-0.005587168720572744
147.52999877929688,149.25999450683594,144.3300018310547,147.02999877929688,242850800,AMZN,2023-12-01,0.002652515764717256,1,0.0019762387575099627,0.012742844722737345,0.06082245529978669,0.14903094585234555,0.0636620366327958,0.1833400304168762,0.0019762387575099627,0.014532584983232066,0.03954979107088409,145.62749862670898,135.69999885559082,0.009630737091646191,0.08349299940498311,1.0,0.06963247003244133,0.5199179940023766,1,3.0,False,0.0,0.0
145.3423911390429,149.53888490616447,144.6603570760402,148.57264709472656,40753700,JPM,2023-12-01,0.010711670100526316,1,0.02149278828298984,0.02630529621153177,0.09678315770502333,0.08090954928840088,0.09849989440166351,0.1325004248247459,0.02149278828298984,0.015946157894137666,0.031469379583320786,144.3738021850586,138.9916534423828,0.029083149755146698,0.06893215106844841,1.0,0.14837568905091492,0.4801327019094284,0,4.0,False,0.0,0.0
333.5624206353755,337.25345710089465,318.2624476796763,322.29083251953125,82769000,META,2023-12-01,0.02441362067701891,1,-0.03964762917002218,-0.030503874559951072,0.03248565656210145,0.029768814506045516,0.09040236004087032,0.19151925777766543,-0.03964762917002218,0.035431895483547804,0.03233443095684018,329.13216400146484,312.26287333170575,-0.020785970592357983,0.03211383755241748,0.8170030161063268,0.15871687040469484,0.47854087644615556,0,5.0,False,0.0,0.0
370.3993982063347,377.792014506202,365.02199502186244,368.1678161621094,135190600,MSFT,2023-12-01,-0.0007475885317150821,0,-0.00773651659355401,0.012599704045908933,0.06369093110449553,0.14670323330135204,0.12265577969668318,0.12124218314705781,-0.00773651659355401,0.02434168119760252,0.029555615209220856,366.3666458129883,336.91612497965497,0.004916305481696304,0.09275807497887367,0.9531448473877537,0.03835039811639973,0.47571811272161835,0,6.0,False,0.0,-0.0
187.79430602014355,189.93999969621768,186.08363355367433,189.09950256347656,216481400,AAPL,2023-12-01,0.023373928059179372,1,0.006685172779361981,0.00817115836458715,0.0840190953801574,0.0788885610689758,0.07471075277470596,0.059687961824358204,0.006685172779361981,0.024919252487127865,0.02948052752556335,187.2059440612793,177.20781453450522,0.010114841767937754,0.06710588954673802,0.8510205373176158,-0.07015449540003704,0.4679794068495032,0,7.0,False,0.0,0.0
142.47476086698134,148.24707157042198,141.11819291929532,148.17222595214844,40373500,JNJ,2023-12-01,-0.025003050785145975,0,0.03855734163270985,0.0658141937044554,0.05489827448691842,0.012739793460055049,-0.005678129621870309,0.024446968182439077,0.03855734163270985,0.028556375335736656,0.028304822475133273,141.63278579711914,143.2810427347819,0.0461717964398205,0.03413698786670816,0.5085850499663717,0.2876933405840205,0.45020223366665557,0,8.0,False,0.0,-0.0
134.9149496481958,137.28535801552067,129.5988660526321,130.77911376953125,136564300,GOOGL,2023-12-01,0.02373727356097599,1,-0.035335306842123715,-0.025497138312995826,0.021378818622954654,-0.041575804081461,-0.03314274239991155,0.05767228404230651,-0.035335306842123715,0.028158341845448232,0.04377342014794271,133.0131492614746,131.97340647379556,-0.01679559881370629,-0.009049495168569788,0.6839779409389721,0.13079052860267182,0.44619706885446436,0,9.0,False,0.0,0.0
236.88999938964844,252.75,231.89999389648438,238.8300018310547,649667900,TSLA,2023-12-01,0.020977241001655766,1,0.014355510412495498,0.019334181477992374,0.08578830033286167,-0.08329174010638574,-0.03891347351688257,0.11618451403713026,0.014355510412495498,0.04938125209800359,0.07603113985716098,230.80749893188477,236.9683354695638,0.03475841528674728,0.007856181956977126,0.42562092332561674,0.08043897226334384,0.4346376711973073,0,10.0,False,0.0,0.0
251.1380705738127,252.59048391528273,247.43834630622112,250.97122192382812,20642200,V,2023-12-08,0.008954531498420737,1,-0.0027686370368017466,0.005662536176159527,0.04277259148831436,0.07832067125316722,0.0631121888393209,0.1485344770879673,-0.0027686370368017466,0.010039969136194149,0.02469525983974541,249.27593994140625,237.31220499674478,0.006800824751961088,0.057557161576543114,0.9750477444666964,-0.28828957734629956,0.6373217042172613,1,1.0,True,0.5,0.0044772657492103685
355.9100036621094,357.8299865722656,350.8500061035156,353.0799865722656,15272700,BRK.B,2023-12-08,0.009686228497220117,1,-0.011174337441145488,-0.0264696324511553,0.007188467113252717,0.02315335222453596,-0.040178326993548064,0.053058479447532614,-0.011174337441145488,0.018516660544575448,0.024875013560433437,357.9399948120117,350.29916127522785,-0.013577717802389033,0.007938429789310586,0.591147959205209,0.052826774435377644,0.5303537724472877,1,2.0,True,0.5,0.004843114248610059
145.25,148.57000732421875,142.80999755859375,147.4199981689453,229054400,AMZN,2023-12-08,0.01729753821347546,1,0.002652515764717256,0.00463399652668639,0.02688771716352334,0.13583485472524592,0.05007478317444325,0.1943611585875007,0.002652515764717256,0.005035646973429841,0.039436197481735456,146.59249877929688,136.28583208719888,0.005644895861242505,0.08169716478395594,1.0,0.008327289575425612,0.5273999182118764,1,3.0,False,0.0,0.0
362.84943241289693,368.11866396815253,356.75441514637487,367.892578125,119583700,MSFT,2023-12-08,-0.00935247012385787,0,-0.0007475885317150821,-0.00847832139418836,0.014390078298794684,0.14420275762349943,0.1355750990640605,0.14992344561595816,-0.0007475885317150821,0.012028012240012324,0.028955544740792972,367.67137145996094,340.5763168334961,0.0006016423420749373,0.08020599184780819,0.9486522082623913,-0.06402334625172834,0.5172781360370282,1,4.0,False,0.0,-0.0
187.85363103881406,193.79636559429088,185.35194945178898,193.51950073242188,251991700,AAPL,2023-12-08,0.009503651253452094,1,0.023373928059179372,0.030215359586149404,0.0499465154135863,0.09571068697053575,0.11975252331814557,0.08439703904959828,0.023373928059179372,0.009999001757764572,0.02879478062886872,189.5074005126953,178.93248494466147,0.02117120602610867,0.08152245687680315,1.0,0.1458846776871512,0.5076859947573673,1,5.0,False,0.0,0.0
147.79588967365407,150.8272298337835,147.66326992118485,150.1641082763672,43609400,JPM,2023-12-08,0.042328974596985924,1,0.010711670100526316,0.03243468204114408,0.08256504803318587,0.07108107066803449,0.07311142016388317,0.14024833640608092,0.010711670100526316,0.0171362765406004,0.030390536989603378,147.23698043823242,139.84421412150064,0.019880384869497725,0.07379564624604584,1.0,0.1782749692829675,0.4911626436979536,0,6.0,False,0.0,0.0
314.8194441263184,330.5758617421196,311.21770411369187,330.15911865234375,77276000,META,2023-12-08,0.0065212363756157465,1,0.02441362067701891,-0.016201950672303234,0.01210571028677121,0.05738999381320564,0.10802180596021937,0.2558973574350132,0.02441362067701891,0.02931272027836002,0.03269320750369547,330.1194152832031,314.9451599121094,0.00012026971847922674,0.048306691693500214,0.9042462800510127,0.07607969501142042,0.46677358880751607,0,7.0,False,0.0,0.0
128.8153273436033,137.42418419027493,126.85155485379651,133.88345336914062,176658100,GOOGL,2023-12-08,-0.017705004202099195,0,0.02373727356097599,-0.012436797126020194,0.01810090263743347,-0.0172540280642286,-0.01754002118279452,0.10439342659432249,0.02373727356097599,0.02735904287694425,0.04433818677354881,133.6082305908203,131.77421951293945,0.002059923831812416,0.01600642268265573,0.8569059514925056,0.3236864381935525,0.4594302349092889,0,8.0,False,0.0,-0.0
235.75,246.66000366210938,233.2899932861328,243.83999633789062,578776200,TSLA,2023-12-08,0.039616157345751635,1,0.020977241001655766,0.035633890415776026,0.13598883424838681,-0.028990119946042503,-0.11133793753278198,-0.002291315763415791,0.020977241001655766,0.03961796688888383,0.06908755642846418,238.10499954223633,234.42250061035156,0.02408599906209452,0.040173173236439874,0.49325043713504707,-0.023183469316353844,0.45887896706497444,0,9.0,False,0.0,0.0
147.81672704362893,149.70653982951072,143.92484815348666,144.46746826171875,35618500,JNJ,2023-12-08,0.004792021817060288,1,-0.025003050785145975,0.012590239676580905,0.05709079910460435,-0.00760868767694467,-0.035883375922409755,-0.020144039908673417,-0.025003050785145975,0.02759543460035024,0.029112594542239467,143.58336639404297,142.83296585083008,0.006157411473760144,0.011443453555362693,0.36407539892746393,0.07954640168879457,0.44921101493902854,0,10.0,False,0.0,0.0
250.2449876850646,258.3411920939507,249.70530556822445,253.2185516357422,38828500,V,2023-12-15,0.0015501721579920247,1,0.008954531498420737,0.006161102614065328,0.033939911860227934,0.10797555433225581,0.09996331893752974,0.1317355166406049,0.008954531498420737,0.008893290747211681,0.02278701947288638,251.35396575927734,239.22988764444986,0.00741816772547188,0.058473730556955594,1.0,0.4234116826545473,0.5583654060141611,1,1.0,True,0.5,0.0007750860789960123
362.23992455873395,371.24479409698984,357.9635876470979,364.4518737792969,205282400,MSFT,2023-12-15,0.010384715448597648,1,-0.00935247012385787,-0.010093066856165178,0.002379467534440627,0.1371797267003716,0.1718322255949627,0.0874565808996206,-0.00935247012385787,0.013737427257827934,0.02514589551955115,367.88765716552734,345.02978261311847,-0.009339218968916319,0.05629105701856574,0.8924904832164885,0.42937694571731555,0.5482598803382959,1,2.0,True,0.5,0.005192357724298824
145.66000366210938,150.57000732421875,143.63999938964844,149.97000122070312,317107900,AMZN,2023-12-15,0.023004580383813034,1,0.01729753821347546,0.019995935970994694,0.032993585800896286,0.19813056974151722,0.16147774854384433,0.1950753348765597,0.01729753821347546,0.007274379252684788,0.02897195289465484,147.79000091552734,138.0233325958252,0.014750661693424094,0.08655542798594396,1.0,0.3073409426019065,0.5234429059140575,1,3.0,False,0.0,0.0
355.0,364.04998779296875,354.20001220703125,356.5,23520400,BRK.B,2023-12-15,-8.414804851852864e-05,0,0.009686228497220117,-0.0015963461296853998,-0.006770102040417281,0.061454223630815985,-0.010162160220164473,0.053767262489060164,0.009686228497220117,0.013620044552421412,0.024450082650357315,357.3324966430664,349.99416097005206,-0.002329753523363398,0.018588421623709994,0.6857541557519524,0.4188831311419039,0.5213886755788784,1,4.0,False,0.0,-0.0
190.94856782781682,197.38570218691584,189.2774811684409,195.358642578125,379414800,AAPL,2023-12-15,-0.020094002791840482,0,0.009503651253452094,0.03309971697332936,0.04154133836712859,0.1443213238958656,0.13181695664246584,0.07126012687417882,0.009503651253452094,0.009353843308975185,0.028584366095861923,191.4553451538086,180.82852045694986,0.020387508226425544,0.08035304433425572,1.0,0.5234582438050439,0.5151229770764292,1,5.0,False,0.0,-0.0
150.16411790485932,156.5677682945357,149.81361146891027,156.52040100097656,64648300,JPM,2023-12-15,0.013133229106153221,1,0.042328974596985924,0.05349405870908863,0.08120653198051997,0.15585867716500656,0.14217529627438963,0.16984733977941535,0.042328974596985924,0.016539728388189828,0.03074076133464348,150.1759376525879,141.4678217569987,0.042246870221418265,0.10640284876820894,1.0,0.5053278714767795,0.48654047967451447,0,6.0,False,0.0,0.0
242.74000549316406,254.1300048828125,228.1999969482422,253.5,636290500,TSLA,2023-12-15,-0.0037870087332039226,0,0.039616157345751635,0.06142443602760883,0.08194620869894242,0.19581109217988346,0.0352008940922417,-0.02702083485848983,0.039616157345751635,0.01466703648254035,0.06245495086515878,242.90499877929688,235.14083353678384,0.043617880545676835,0.07807732152290847,0.6236500513810048,0.11316541569270888,0.48015420526947455,0,7.0,False,0.0,-0.0
326.83513788878696,336.0230331691818,317.5083365583756,332.3121643066406,112025500,META,2023-12-15,0.055147552094023444,1,0.0065212363756157465,0.031094064043854175,-0.0003582999452498292,0.0851125146523306,0.11983396452427852,0.191885980394507,0.0065212363756157465,0.02769462451990712,0.03244725079453078,330.08963775634766,317.90856679280597,0.00673310003125116,0.045307358839505874,0.9397954525620457,0.41255010968413686,0.46446837185318757,0,8.0,False,0.0,0.0
144.54231799765637,147.0308844653029,141.9882792308341,145.15975952148438,53147900,JNJ,2023-12-15,0.001933631095352828,1,0.004792021817060288,-0.02033084413294106,0.04414529145757373,0.02223864610295556,-0.025529530587702687,-0.04074730876661603,0.004792021817060288,0.027847716049218457,0.029167913025175424,145.1176643371582,142.51605351765951,0.0002900762255129141,0.018550233033903574,0.3910792617237952,0.399616045000158,0.45819350582528856,0,9.0,False,0.0,0.0
131.29487380940387,132.6238517222141,128.62688824878407,131.51304626464844,179845100,GOOGL,2023-12-15,0.06704360065201365,1,-0.017705004202099195,0.005612000830733432,-0.020028227443656288,-0.022123854145216004,0.0180422088491361,0.07342339472784709,-0.017705004202099195,0.026697527417698805,0.041745544440483555,132.936279296875,131.96844736735025,-0.010706129581437906,-0.003450833224052041,0.7248618333704497,0.2536112009047715,0.44473079329583154,0,10.0,False,0.0,0.0
253.87600250439223,256.3392445070479,252.24701091021728,253.611083984375,33371400,V,2023-12-22,0.007429550313778233,1,0.0015501721579920247,0.010518584721829649,0.016240682764498526,0.12958614603001473,0.12595199989160943,0.1303296902835267,0.0015501721579920247,0.005662675761749057,0.02094389395890569,252.36721420288086,241.59402211507162,0.004928808939873575,0.04974072522199924,1.0,0.1186715954983486,0.5813478891988522,1,1.0,True,0.5,0.0037147751568891163
363.1935033333252,369.662076309118,362.4365238179664,368.2366027832031,103538800,MSFT,2023-12-22,0.003897690251183139,1,0.010384715448597648,0.0009351225837619381,-0.007551127080234421,0.13805004151310096,0.188726094086908,0.12272406814999437,0.010384715448597648,0.008978512058602338,0.024569497450899588,367.18721771240234,349.90165456136066,0.0028579019643943937,0.05240029014674796,0.9542676335712073,-0.26515523988392387,0.5756572079942337,1,2.0,True,0.5,0.0019488451255915695
357.4200134277344,362.54998779296875,353.6300048828125,356.4700012207031,16721100,BRK.B,2023-12-22,0.0005330110268904065,1,-8.414804851852864e-05,0.009601265371475876,-0.017122509045128242,0.07464354527583805,0.017613513110885215,0.06329605136675065,-8.414804851852864e-05,0.011333806672653948,0.022954670778789394,355.7799987792969,350.5083287556966,0.001939407622052025,0.01700864708741867,0.6849243138608921,-0.09002797218019742,0.5363555377120731,1,3.0,False,0.0,0.0
193.8952224343076,195.46741418063525,190.81015202156473,191.43310546875,232340900,AAPL,2023-12-22,-0.005526966879646933,0,-0.020094002791840482,-0.010781317933207801,0.019108280254777066,0.1523903233368189,0.1322647940228705,0.03983732276799956,-0.020094002791840482,0.018169226121139505,0.02854607122755235,192.35268783569336,182.69203186035156,-0.004780709733200439,0.04784594883196691,0.8657493414378572,-0.13966041268294271,0.5333518637338924,1,4.0,False,0.0,-0.0
150.55999755859375,155.6300048828125,150.0500030517578,153.4199981689453,221826000,AMZN,2023-12-22,-0.00964669368532578,0,0.023004580383813034,0.040700041205562254,0.04552264158183128,0.20103335474110984,0.2068910860141593,0.18626765635834186,0.023004580383813034,0.010561897976061736,0.02764014848993552,149.45999908447266,140.21499888102213,0.026495377416900112,0.0941767955875259,1.0,-0.12221044872522246,0.5071097115152677,1,5.0,False,0.0,-0.0
253.77999877929688,259.8399963378906,247.0,252.5399932861328,551215200,TSLA,2023-12-22,-0.0160766518829899,0,-0.0037870087332039226,0.03567912187870337,0.07258439821363605,0.21823439251508203,0.009271809024504751,-0.015822341078764235,-0.0037870087332039226,0.01792486795284735,0.06225707831000004,247.17749786376953,235.33416620890299,0.021694917493334298,0.07311232089418085,0.6106909977884232,-0.08737309028523688,0.5030913487987124,1,6.0,False,0.0,-0.0
157.1740249143251,160.4800726590447,156.82354898280948,158.57601928710938,43728000,JPM,2023-12-22,0.016129131585870482,1,0.013133229106153221,0.0560181198243499,0.09026973177053943,0.23369439216223964,0.16284113800111433,0.22285412384053194,0.013133229106153221,0.014370603227340685,0.03030136379236248,153.45829391479492,143.3183682759603,0.03334929147039767,0.10645984317774526,1.0,-0.09249484018316956,0.4908823288447587,0,7.0,False,0.0,0.0
334.85228604462384,354.4186979641028,334.3958459469585,350.63836669921875,80155600,META,2023-12-22,0.001612920351918179,1,0.055147552094023444,0.06202841869238074,0.04482148664014263,0.190947828052765,0.17714258784091474,0.22394608624845236,0.055147552094023444,0.03963454386148961,0.03485733468318056,333.8501205444336,322.30572509765625,0.05028677577652907,0.08790610713780511,1.0,-0.08972560522914119,0.478059857579825,0,8.0,False,0.0,0.0
131.5427856233193,140.8260557157536,131.34441299342456,140.3301544189453,160862500,GOOGL,2023-12-22,-0.012721551490826544,0,0.06704360065201365,0.048151589218646595,0.035115940546218694,0.15814024126481363,0.08123185049155035,0.15653082139648355,0.06704360065201365,0.04569560920133997,0.04575629266191091,134.1264419555664,132.84701919555664,0.04625271775593709,0.05632896596929404,1.0,-0.016026180172189708,0.46694174852844395,0,9.0,False,0.0,-0.0
145.20656539973086,146.56309655685993,143.24189505111931,145.44044494628906,29288700,JNJ,2023-12-22,0.008233677819586172,1,0.001933631095352828,0.006734918914808263,0.019409952834729127,0.07627025631749151,0.006131313664432314,-0.04615234506931254,0.001933631095352828,0.026049341098047116,0.027821802009398374,145.80997467041016,142.58991241455078,-0.002534324040288638,0.019991123379408116,0.4020278192758894,-0.2605198808800936,0.4662785657377789,0,10.0,False,0.0,0.0
356.8999938964844,358.67999267578125,355.30999755859375,356.6600036621094,10452900,BRK.B,2023-12-29,0.02503783038212859,1,0.0005330110268904065,0.0004488181265340785,-0.0011482444722306084,0.013785867761497705,0.029797330465264782,0.04592376440501278,0.0005330110268904065,0.008538345143206755,0.022596926020118632,355.67749786376953,351.36832936604816,0.002762350174640993,0.015060191411128798,0.6901802605686654,-0.36617495691033863,0.7098037585500221,1,1.0,True,0.5,0.012518915191064295
253.70916597223004,256.5845879214296,253.4933267103904,255.49530029296875,13215200,V,2023-12-29,-0.002535036138016089,0,0.007429550313778233,0.008991239553813202,0.015207738117397174,0.07103580462459202,0.11004229846311087,0.10070288863069021,0.007429550313778233,0.00541452530204749,0.02062054204274762,253.32403945922852,243.70469919840494,0.008571080890606542,0.048380688322160026,1.0,-0.5015826350472811,0.6907926614555018,1,2.0,True,0.5,-0.0012675180690080445
368.6494851818368,370.77290330963024,366.49658807749455,369.671875,60636300,MSFT,2023-12-29,-0.022045406214337038,0,0.003897690251183139,0.014322882103946055,0.004085253441132863,0.06803637814109198,0.15138780663115448,0.10883012064448927,0.003897690251183139,0.008300379179559048,0.02374217685452282,367.563232421875,353.95211537679035,0.005736815851332899,0.044412108136366424,0.9776952098773304,-0.5040393324734194,0.6779871703520581,1,3.0,False,0.0,-0.0
145.01008913403976,147.1057164420194,144.8697624998542,146.63795471191406,18149300,JNJ,2023-12-29,0.02800803116316075,1,0.008233677819586172,0.010183229810400096,-0.010354647980586162,0.043975174199278655,0.0022532294028445587,-0.03853112962023442,0.008233677819586172,0.015214349840232256,0.027700673322385422,145.42640686035156,142.61738459269205,0.008331003135667814,0.028191304522268146,0.4487384904739514,-0.4669981292821671,0.6634620502622236,1,4.0,False,0.0,0.0
191.4429507751369,192.48122849088116,188.95118798803827,190.37506103515625,153729000,AAPL,2023-12-29,-0.05895176661253787,0,-0.005526966879646933,-0.02550991078357734,0.0067454353628007,0.09133127612008574,0.08616613412133156,-0.004774067946372251,-0.005526966879646933,0.01877774937951077,0.02765022465443008,192.67157745361328,183.95057805379233,-0.011919331583870596,0.034925049159047594,0.8295649523873139,-0.3956459334093646,0.636172309697088,1,5.0,False,0.0,-0.0
153.55999755859375,154.77999877929688,151.02999877929688,151.94000244140625,123382100,AMZN,2023-12-29,-0.044096333030045565,0,-0.00964669368532578,0.013135968558165123,0.03339457051536576,0.09624816558757887,0.18740234079794904,0.16554159044197703,-0.00964669368532578,0.014732677486823035,0.028533295251268076,150.6875,142.21333249409994,0.008311919976150994,0.06839492315328344,0.9476107707065818,-0.4463262410329084,0.6012587775179028,1,6.0,False,0.0,-0.0
140.42937316952606,141.51043473069583,137.64239294340334,138.54493713378906,71187600,GOOGL,2023-12-29,-0.02834890344715857,0,-0.012721551490826544,0.05346915054336199,0.0593812202913635,0.08202953925253675,0.015336594228950506,0.16700093806779637,-0.012721551490826544,0.03925534634339659,0.04387474332728522,136.06789779663086,133.02141189575195,0.018204436000476942,0.04152357999602252,0.9182201867439478,-0.5161858747542492,0.5558990716902734,1,7.0,False,0.0,-0.0
352.2258964816082,359.08211028758853,349.0805970920824,351.20391845703125,49892400,META,2023-12-29,-0.005678534964047577,0,0.001612920351918179,0.05684942105507251,0.08971116463806905,0.12511114728438888,0.12215057416334663,0.23339592349424576,0.001612920351918179,0.024219742005828982,0.033021276874134975,341.0783920288086,325.4915542602539,0.0296868012306315,0.07899548808636192,1.0,-0.375074643924603,0.5415368337632603,1,8.0,False,0.0,-0.0
158.63288391713263,161.69260928256372,158.36762993040162,161.1337127685547,23867400,JPM,2023-12-29,0.019002071863424286,1,0.016129131585870482,0.029474188272424318,0.0845449409393606,0.18951062499647997,0.17229498329377968,0.1862758314050843,0.016129131585870482,0.014670450858855917,0.03026733163694005,156.59856033325195,145.29188537597656,0.028960371191482537,0.10903449529602915,1.0,-0.4571059594627561,0.5328408215716816,1,9.0,False,0.0,0.0
254.49000549316406,265.1300048828125,247.42999267578125,248.47999572753906,407898300,TSLA,2023-12-29,-0.04422887324267999,0,-0.0160766518829899,-0.019802778195112225,0.04040528335008209,0.12965988426601482,-0.04625188311602357,-0.05076973619553726,-0.0160766518829899,0.024950329656364144,0.0612187972958807,249.58999633789062,234.3299992879232,-0.004447296072110474,0.06038491222897013,0.5558854165486589,-0.24955935115221817,0.45799915037723543,0,10.0,False,0.0,-0.0
254.76903831719534,256.58459482596896,252.07035395191767,254.8476104736328,17210700,V,2024-01-05,0.01725124512826337,1,-0.002535036138016089,0.0048756799972276,0.015445549972184391,0.05887878765977139,0.0949759270670476,0.10269528850219967,-0.002535036138016089,0.005320630185135242,0.020862891875384208,254.2931365966797,245.5467783610026,0.0021804516015411224,0.037878045783016345,0.9790922694544297,-0.3291862280245318,0.7176667810038135,1,1.0,True,0.5,0.008625622564131685
367.5288028618132,369.5342646061022,360.29347657411785,361.5223083496094,90248200,MSFT,2024-01-05,0.05634260911977784,1,-0.022045406214337038,-0.018233642128038907,-0.017315570234815114,-0.003174664347487699,0.12439023441100083,0.09506127339170467,-0.022045406214337038,0.014413744632834485,0.025593434266626035,365.97066497802734,357.28502146402997,-0.012154954082685965,0.011859682413263517,0.8446719461859641,-0.21473064179974277,0.5649718722953705,1,2.0,True,0.5,0.02817130455988892
356.32000732421875,369.3699951171875,355.94000244140625,365.5899963378906,16166800,BRK.B,2024-01-05,-0.005388553408016028,0,0.02503783038212859,0.025584186848701895,0.03543109278742573,0.042874255145967544,0.05940479358296913,0.07242593981654188,0.02503783038212859,0.011714998170310327,0.02337214447067092,358.8050003051758,353.07666269938153,0.018909981820052657,0.03544084036265871,0.9372063790613079,-0.03281424802426525,0.5356025491484413,1,3.0,False,0.0,-0.0
185.05530386559408,186.3308738952772,178.1534248404595,179.15211486816406,275266500,AAPL,2024-01-05,0.026161764421557265,1,-0.05895176661253787,-0.06415290903062065,-0.07424257405522916,-0.028004216511036684,0.014362305150019683,-0.04728506690029899,-0.05895176661253787,0.029388799471577163,0.03360685487487236,189.07973098754883,184.1619618733724,-0.05250491984272243,-0.027203484119337595,0.4457479429065238,0.05795314000118368,0.49156375341905634,0,4.0,False,0.0,0.0
146.81566788638946,151.54020410682824,146.68469162401632,150.7449951171875,30223200,JNJ,2024-01-05,0.007819844959482625,1,0.02800803116316075,0.03647231808770535,0.0434528751074692,0.10302443357535163,0.03551356807516659,0.02731296937878147,0.02800803116316075,0.01179543860035176,0.028720290292534534,146.99578857421875,143.0482088724772,0.02550553712683934,0.053805540840932364,0.6089397844214436,-0.07580741706807859,0.48750277847443885,0,5.0,False,0.0,0.0
160.17695674306748,165.25356125376524,160.00645180683773,164.19558715820312,41868200,JPM,2024-01-05,-0.018691310861854826,0,0.019002071863424286,0.0354376903667839,0.09344096297639859,0.18372096860599818,0.1711639173370476,0.2097216421656387,0.019002071863424286,0.013337416830510821,0.03025024719504565,160.10643005371094,147.29163106282553,0.02554024284421552,0.11476521763933345,1.0,-0.03813122480427822,0.47498200981734234,0,6.0,False,0.0,-0.0
151.5399932861328,152.3800048828125,144.0500030517578,145.24000549316406,197957800,AMZN,2024-01-05,0.06458268568755265,1,-0.044096333030045565,-0.05331764289798446,-0.014787631955353486,0.011702479542635924,0.11903854693150673,0.11912472537589092,-0.044096333030045565,0.030663748030736338,0.033217720071006,150.1425018310547,143.50083351135254,-0.032652288846279354,0.012119594982519244,0.7104427371404868,-0.07955908921090005,0.47030628151338855,0,7.0,False,0.0,0.0
348.5844297575738,350.7475137214206,337.36249827821,349.2095947265625,60513900,META,2024-01-05,0.06404303104982123,1,-0.005678534964047577,-0.004074773636742024,0.05770089329042216,0.0705051138746553,0.11840234101258185,0.2114067813117988,-0.005678534964047577,0.02762302715498211,0.03314963993972431,345.8410110473633,328.57238006591797,0.009740266687856325,0.0628087322997275,0.971574375092976,-0.20004732516952128,0.4672834355399402,0,8.0,False,0.0,0.0
137.41428922141964,138.48542134501582,134.04209286030343,134.61734008789062,97574900,GOOGL,2024-01-05,0.05098386109172215,1,-0.02834890344715857,-0.04070981290307363,0.005481534127496301,0.023681657480475238,-0.011867072480403196,0.13600560387481164,-0.02834890344715857,0.043805323954049916,0.04475435535139719,136.25136947631836,132.8866869608561,-0.011992755703727043,0.013023525280183357,0.7317170695144402,-0.2339106848468634,0.4614505430973789,0,9.0,False,0.0,0.0
250.0800018310547,251.25,234.89999389648438,237.49000549316406,420855000,TSLA,2024-01-05,-0.07831911100802513,0,-0.04422887324267999,-0.05959447292737041,-0.026041629511539766,0.10640583389764435,-0.0542767994944523,-0.1346062317111929,-0.04422887324267999,0.034874346207824314,0.061671199997992796,248.00249862670898,233.19416681925455,-0.04238865814561099,0.018421724404620976,0.4075324202914701,-0.16507750244388242,0.45419423313911045,0,10.0,False,0.0,-0.0
366.010009765625,368.8299865722656,362.1300048828125,363.6199951171875,15093500,BRK.B,2024-01-12,0.009267903752381512,1,-0.005388553408016028,0.01951435928787748,0.019971935812587605,0.013066621728774486,0.08265351925317077,0.0660529450326599,-0.005388553408016028,0.013604372242490302,0.02146468765127368,360.58499908447266,355.3899968465169,0.008416867147609253,0.023157653123885957,0.8827111770332181,0.03319454498470931,0.5596644408499034,1,1.0,True,0.5,0.004633951876190756
256.07426881802627,261.2263852346995,255.10273887615202,259.2440490722656,26325700,V,2024-01-12,0.025475846768929555,1,0.01725124512826337,0.014672476460421358,0.023795639764937926,0.05854317354144545,0.13434054149150354,0.09076431168407284,0.01725124512826337,0.008587953312978082,0.019320798897495283,255.79951095581055,248.1053123474121,0.013465772876517068,0.044895196396505854,1.0,0.16843425096812137,0.5587273949323894,1,2.0,True,0.5,0.012737923384464778
163.95733642578125,168.04627182521298,160.73576412862877,161.12655639648438,62179700,JPM,2024-01-12,0.007453224983166917,1,-0.018691310861854826,-4.4412630649137697e-05,0.029428466615537774,0.11302478231141011,0.1898738256582364,0.14407124893660073,-0.018691310861854826,0.017554031328351528,0.02829884533776995,161.2579689025879,149.43427530924478,-0.0008149210051312528,0.07824363629457265,0.9139316535202601,0.4490446175294929,0.5212899309007679,1,3.0,False,0.0,0.0
150.716968169153,152.75643389591977,149.3229948483775,151.92379760742188,27314800,JNJ,2024-01-12,-0.004372228814245371,0,0.007819844959482625,0.0360468945839596,0.0465971982058595,0.09279953655933726,0.06987210290910428,0.03133113535136234,0.007819844959482625,0.011376040653001396,0.027355693848369916,148.68679809570312,143.87503941853842,0.021770591291065733,0.05594270014737779,0.6549207501800456,0.040801707056851155,0.505285915017467,1,4.0,False,0.0,-0.0
363.0459903834981,384.0639578363486,362.7609230571881,381.89141845703125,118990200,MSFT,2024-01-12,0.026256814666794748,1,0.05634260911977784,0.03305510720021987,0.04785143370752798,0.050344762174951985,0.1915954070061192,0.12988830069154078,0.05634260911977784,0.032626825613098334,0.028394798907990175,370.33055114746094,362.40201568603516,0.031217698009924355,0.05377840609992801,1.0,0.2746212978373841,0.5008906800799721,1,5.0,False,0.0,0.0
146.74000549316406,157.1699981689453,146.14999389648438,154.6199951171875,224548400,AMZN,2024-01-12,0.004656585457511131,1,0.06458268568755265,0.01763849304145393,0.031006160289624995,0.0650227505003933,0.2352799982348226,0.14805467423367302,0.06458268568755265,0.046372841048079226,0.033328903543285035,151.30500030517578,145.95499992370605,0.021909353989131297,0.05936758040499357,1.0,0.1699581471909537,0.49840222815195995,0,6.0,False,0.0,0.0
236.13999938964844,241.25,217.14999389648438,218.88999938964844,502418200,TSLA,2024-01-12,-0.030608967823675948,0,-0.07831911100802513,-0.11908401821745185,-0.13652860201322115,-0.06577039462822898,0.03254867549266072,-0.22208403016834666,-0.07831911100802513,0.03312907786166444,0.04634354419223656,239.3499984741211,233.76916631062826,-0.08548150914939245,-0.06364897114450352,0.17275293388776547,0.06761952791102921,0.4915634333257287,0,7.0,False,0.0,-0.0
135.17278901977872,144.02958884214235,135.1430361482217,141.48065185546875,110278000,GOOGL,2024-01-12,0.026148081616242047,1,0.05098386109172215,0.021189621089110933,0.07579176267244336,0.05424556056762797,0.0519911026244535,0.13737841086526048,0.05098386109172215,0.046829838974282494,0.0468421617452221,138.74327087402344,133.46937052408853,0.019729828799631033,0.06002336940619912,1.0,0.0027483331552637935,0.4603148148831445,0,8.0,False,0.0,0.0
180.05193047893468,184.9564063690912,179.46853775144191,183.83905029296875,238385400,AAPL,2024-01-12,0.030335549012141083,1,0.026161764421557265,-0.034332284421332404,-0.058966381692325154,-0.01987458573936285,0.07684483593235503,-0.02241168736455601,0.026161764421557265,0.03531338087748934,0.03232672832982518,186.19983291625977,185.25520833333334,-0.012678758011306801,-0.007644362893249768,0.606037898111774,0.05981826826914727,0.4573425124492421,0,9.0,False,0.0,0.0
351.93812227528014,374.1240316871446,349.3087324129408,371.57403564453125,85986700,META,2024-01-12,0.02392610616292834,1,0.06404303104982123,0.058000825494753716,0.11814755989991932,0.11774692769042594,0.2133159104753688,0.21245179738195996,0.06404303104982123,0.03588950637978491,0.035163175750136964,355.65647888183594,334.0163218180339,0.04475542470852556,0.1124427501688321,1.0,0.2437119551500171,0.4538766685238672,0,10.0,False,0.0,0.0
157.14245233618308,162.5752918286845,156.5991760965609,162.3274688720703,50811900,JPM,2024-01-19,0.011567175297766186,1,0.007453224983166917,-0.011377396423771557,0.023657105291366776,0.11606235761102512,0.2628800302949903,0.11406657238866558,0.007453224983166917,0.01716025464448339,0.019679298648061193,162.19583129882812,152.25010426839194,0.000811596526175018,0.06618954155797252,0.9476102182090961,0.13719456243929296,0.57391918961006,1,1.0,True,0.5,0.005783587648883093
362.94000244140625,368.30999755859375,357.9800109863281,366.989990234375,12668300,BRK.B,2024-01-19,0.05016486594185299,1,0.009267903752381512,0.0038294097500153335,0.029511568933281884,0.011883747782157617,0.10635796234095252,0.06140091355024202,0.009267903752381512,0.013232273050080923,0.020596187361593216,363.2149963378906,358.3299967447917,0.010393276529178763,0.024167648726743707,0.9759337409660778,-0.06819046918529281,0.5655934906824024,1,2.0,True,0.5,0.025082432970926494
151.15664562581915,151.7928120382831,149.39783142916468,151.25955200195312,24435100,JNJ,2024-01-19,-0.013483479078772342,0,-0.004372228814245371,0.0034134259937825817,0.04001023964010186,0.06019678933915151,0.11933208719026811,-0.035442734488524974,-0.004372228814245371,0.013400236164449672,0.021790880614812835,150.14157485961914,145.21885553995767,0.007446153028428437,0.04159719094007963,0.6290108503508657,-0.023790879962925393,0.5619354911206794,1,3.0,False,0.0,-0.0
258.6061389778815,266.0938489820656,257.4579727070871,265.8485107421875,25235900,V,2024-01-19,-0.010926352871274192,0,0.025475846768929555,0.04316658197465362,0.04825272841216366,0.06527706843132575,0.18409175955254398,0.13683264053849742,0.025475846768929555,0.01212840346615427,0.01749310195066826,258.8588676452637,251.54962031046549,0.027001752578560856,0.05684322009341192,1.0,0.2312071962189357,0.508627851819658,1,4.0,False,0.0,-0.0
153.52999877929688,155.75999450683594,149.91000366210938,155.33999633789062,165839800,AMZN,2024-01-19,0.024333712298246324,1,0.004656585457511131,0.06954000594004328,0.012514653838223921,0.05860699552125337,0.21606387142385564,0.1949230487530047,0.004656585457511131,0.04535092416051856,0.03354495271949205,151.7849998474121,148.25499979654947,0.023421263590291064,0.04778925871683182,1.0,-0.06795980094083687,0.49385019067184616,0,5.0,False,0.0,0.0
386.9935252639614,391.9186706542969,378.29339285307435,391.9186706542969,102159600,MSFT,2024-01-19,0.013193882665618828,1,0.026256814666794748,0.08407880123207434,0.06431209633181534,0.05627534043938298,0.21124042541331778,0.1645139109474123,0.026256814666794748,0.03329963054340068,0.028510022130776025,376.2510681152344,368.09790293375653,0.04164135032904137,0.06471313074779239,1.0,0.0983890463863144,0.4829988031507178,0,6.0,False,0.0,0.0
140.83600213102596,145.24951781414885,137.76140795638582,145.1800994873047,103657400,GOOGL,2024-01-19,0.03969121731063141,1,0.026148081616242047,0.07846507286890181,0.03456096152990917,0.07089054274643236,0.19816668158940653,0.21963019830143082,0.026148081616242047,0.03616382510176735,0.03355910012741616,139.95575714111328,135.470334370931,0.037328527621224294,0.07167447516433678,1.0,0.08343839879967985,0.4793117098363471,0,7.0,False,0.0,0.0
180.12115895148446,189.80154302609114,178.281963767062,189.41590881347656,259829200,AAPL,2024-01-19,0.004489445051262919,1,0.030335549012141083,0.05729094492055253,-0.010537344887834643,0.008369584827684573,0.1402471890544157,0.0006843975338794994,0.030335549012141083,0.04120928631027808,0.031117462238865554,185.6955337524414,187.19667689005533,0.020034811747249304,0.011855081833128,0.7967626086992824,0.12090754835392747,0.4722184262134781,0,8.0,False,0.0,0.0
215.10000610351562,223.49000549316406,207.55999755859375,212.19000244140625,429375100,TSLA,2024-01-19,-0.1363872100873258,0,-0.030608967823675948,-0.10653081168287759,-0.1597766370374819,-0.09878952987181,0.02358899815562232,-0.18394734479336783,-0.030608967823675948,0.02661729292084381,0.04683467368005792,229.26250076293945,234.17666625976562,-0.07446703348659012,-0.09388921692979513,0.07288714479653549,-0.02445047464236394,0.4697825543776201,0,9.0,False,0.0,-0.0
370.74058974438293,381.3672432896038,355.8176948238154,380.46435546875,66056800,META,2024-01-19,0.02787851438222466,1,0.02392610616292834,0.08950143757264328,0.0850619658376297,0.13369605624314795,0.29225219151698867,0.30309930749054526,0.02392610616292834,0.03135211517250188,0.030531457224050196,363.11297607421875,341.1867192586263,0.047785071142664615,0.11512064800022448,1.0,0.006772342748975202,0.4531388149890586,0,10.0,False,0.0,0.0
151.55890238150562,153.03707116715634,146.79699962155422,149.2200469970703,34292700,JNJ,2024-01-26,-0.0181190138133821,0,-0.013483479078772342,-0.017796755037273182,0.01760862179392131,0.0070716427332357945,0.06235813820399683,-0.0718444008953465,-0.013483479078772342,0.017942228308102624,0.0205366005708539,150.7870979309082,145.94876352945963,-0.010392473595823959,0.022413916969912462,0.5621864127783729,0.17980351917760862,0.5940462417204555,1,1.0,True,0.5,-0.00905950690669105
267.16349925363227,267.7719930769987,260.6473934075871,262.9437561035156,32370400,V,2024-01-26,0.03448504382646478,1,-0.010926352871274192,0.014271135806163349,0.029153005170764246,0.044804094556133434,0.10225971697488645,0.14110447729171716,-0.010926352871274192,0.01691464336974808,0.010583345522193036,260.7209815979004,253.58245595296225,0.008525491473652558,0.03691619798922452,0.9297208933833546,0.2801872997260306,0.5819999773508507,1,2.0,True,0.5,0.01724252191323239
162.47044192364703,164.9485789616812,160.54512708940132,164.20513916015625,47481900,JPM,2024-01-26,0.014220802077955286,1,0.011567175297766186,0.019106613040847265,0.019061351835250262,0.10521783363974646,0.21218430553130618,0.1128760695741704,0.011567175297766186,0.016394821283194354,0.01656637447705537,162.96368789672852,154.64535013834634,0.0076179625010355245,0.06181750057960156,1.0,-0.061352158255070455,0.5723211747992195,1,3.0,False,0.0,0.0
212.25999450683594,217.8000030517578,180.05999755859375,183.25,653348300,TSLA,2024-01-26,0.025429760775494525,1,-0.1363872100873258,-0.16282150618587787,-0.26251608519449765,-0.23271783865065354,-0.16689400615276861,-0.3122279000117516,-0.1363872100873258,0.04715047155493562,0.05792871678788732,212.9550018310547,231.11749903361002,-0.13948957092175185,-0.20711326158236476,0.0,0.30279044341351335,0.5525496460455727,1,4.0,False,0.0,0.0
368.04998779296875,385.7300109863281,366.5299987792969,385.3999938964844,18715300,BRK.B,2024-01-26,0.013881697426680883,1,0.05016486594185299,0.05989769284353463,0.08058091723007599,0.07934014616506868,0.09547766286060777,0.1017409353256955,0.05016486594185299,0.023768640030434444,0.018296330711345284,370.3999938964844,361.12916310628253,0.040496760926491904,0.06720817167307747,1.0,0.1950277680668029,0.5143838085158902,1,5.0,False,0.0,0.0
156.88999938964844,160.72000122070312,153.89999389648438,159.1199951171875,224906800,AMZN,2024-01-26,0.07975114901216784,1,0.024333712298246324,0.02910360976657267,0.047255446626375486,0.082228092486341,0.14805186226576494,0.2035397249586388,0.024333712298246324,0.045156167853431115,0.026096129634019055,153.57999801635742,149.96499888102213,0.036072386849751226,0.061047553125570975,1.0,0.10620854917437716,0.5039884937556985,1,6.0,False,0.0,0.0
393.2458273875224,400.1174768477645,386.9247237943795,397.089599609375,111234300,MSFT,2024-01-26,0.018047650784301483,1,0.013193882665618828,0.03979712666430024,0.07416773215266925,0.07855597957679983,0.14725021416436745,0.1987079360888433,0.013193882665618828,0.032477172477739916,0.02306215117490268,383.1054992675781,372.34512583414715,0.03650195668955858,0.06645574779525854,1.0,0.052776136608583935,0.4979448208047048,0,7.0,False,0.0,0.0
190.14763349819026,194.18197579456825,189.7916578927919,190.2662811279297,255536900,AAPL,2024-01-26,-0.03414396215470472,0,0.004489445051262919,0.034961183843793764,-0.0005713978849701817,0.00617018315033091,0.09070769173710902,-0.014790128884155984,0.004489445051262919,0.04122747488889865,0.028652701878764023,185.66833877563477,188.51528676350912,0.02476427797337677,0.009288341515864218,0.8258447546725558,-0.006676656773739631,0.47249213969004034,0,8.0,False,0.0,-0.0
145.89417546961977,151.79542676635216,144.30728633154266,150.94247436523438,134334600,GOOGL,2024-01-26,-0.06445888595076144,0,0.03969121731063141,0.06687714811655998,0.08948387063378105,0.15417875235977285,0.17885373056494047,0.147910789843829,0.03969121731063141,0.03514354280812072,0.03198919225764232,143.0551414489746,137.37872950236002,0.05513491396653536,0.09873249601308443,1.0,0.20521374137059767,0.4500499975580417,0,9.0,False,0.0,-0.0
384.9292833279464,393.70049681924047,378.19214441636774,391.0711364746094,77139900,META,2024-01-26,0.20513001596067748,1,0.02787851438222466,0.05247164483992672,0.11351586905046385,0.21341067450595252,0.2528291169467407,0.21095020696855227,0.02787851438222466,0.028572230929443002,0.02818977471576169,373.0797805786133,347.7634455362956,0.048223883556737235,0.12453203893102627,1.0,0.06511037555406962,0.4465525031078363,0,10.0,False,0.0,0.0
148.76161774358326,150.26788267817244,145.88951079827623,146.51632690429688,38248400,JNJ,2024-02-02,0.0009577077666600431,1,-0.0181190138133821,-0.031358185548473694,-0.028051798400360206,0.014182145414678438,0.07208261453402431,-0.05933295780167025,-0.0181190138133821,0.011433794331908526,0.0193934004090393,149.72993087768555,146.76969528198242,-0.02146266918411832,-0.0017262989965248776,0.4542804370292195,0.23093063858203733,0.5821360904824644,1,1.0,True,0.5,0.00047885388333002155
164.16702433184227,169.94298497281716,163.2710803075229,166.54026794433594,47277500,JPM,2024-02-02,0.0016025642493946446,1,0.014220802077955286,0.025952471886232065,0.01427980390163408,0.10905508550571552,0.2006242719119442,0.135140765412058,0.014220802077955286,0.01514399314194634,0.016392819549334216,163.54985809326172,156.96442286173502,0.018284392820255402,0.06100646826851963,1.0,-0.089727606605985,0.566324006546946,1,2.0,True,0.5,0.0008012821246973223
391.9144445908541,482.1761501937465,384.0858960218771,471.29156494140625,171972600,META,2024-02-02,-0.01448461538162682,0,0.20513001596067748,0.23872725044308774,0.34959512011815197,0.42746796412936394,0.4447484777467612,0.5286261521649616,0.20513001596067748,0.08519162248912587,0.060654829642874726,403.6002731323242,359.8535664876302,0.16771864717467322,0.3096759594228078,1.0,0.7147703137931378,0.5542057518324807,1,3.0,False,0.0,-0.0
261.9918436205855,274.76903780705686,261.7366822258821,272.0113830566406,31176500,V,2024-02-02,-0.0008461541999910116,0,0.03448504382646478,0.02318189519756131,0.06734916035158833,0.08383495514556794,0.13019338492276478,0.1644520362271742,0.03448504382646478,0.01963650011043932,0.013031844512858864,265.01192474365234,256.1936670939128,0.026411861729463304,0.061741244981397436,1.0,0.08337785654404328,0.553045197041977,1,4.0,False,0.0,-0.0
399.1835322269837,408.28673844568766,390.48340804499526,404.2561340332031,164773300,MSFT,2024-02-02,0.022688503106253588,1,0.018047650784301483,0.03147965203675862,0.11820522467528649,0.09884286357048433,0.11465529841533528,0.2597688764454733,0.018047650784301483,0.019354286961518783,0.02026090379780515,393.78895568847656,375.8103307088216,0.026580680320062333,0.07569191424495836,1.0,0.32572340268896727,0.5173138357682083,1,5.0,False,0.0,0.0
385.489990234375,392.07000732421875,379.1700134277344,390.75,17498600,BRK.B,2024-02-02,0.01947533039427385,1,0.013881697426680883,0.06474293685898869,0.06882027384265643,0.10668974413825749,0.1146451469685692,0.11646050145128317,0.013881697426680883,0.023598470344292674,0.018004587909353692,376.6899948120117,364.4783299763997,0.03732513573928342,0.07208019753959416,1.0,0.094077907705582,0.5002887601829099,1,6.0,False,0.0,0.0
159.33999633789062,172.5,154.80999755859375,171.80999755859375,334522900,AMZN,2024-02-02,0.015365807736235526,1,0.07975114901216784,0.10602550282593093,0.18293852286228574,0.16544566336038868,0.19678183672627747,0.23099511745014145,0.07975114901216784,0.03480741625407884,0.03214295650194593,160.22249603271484,152.3191655476888,0.07232131450200918,0.12796046998302812,1.0,0.40878751600701557,0.4933456426514009,0,7.0,False,0.0,0.0
150.8135368633547,152.51943895245324,135.38108518943704,141.212890625,238992200,GOOGL,2024-02-02,0.04649518592412272,1,-0.06445888595076144,-0.02732612029000303,0.04899480655911925,0.05474490739083948,0.07383674226684978,0.11138881569987924,-0.06445888595076144,0.05268748325102113,0.03884017751227077,144.70402908325195,138.18787638346353,-0.024126062559345907,0.021890590699449097,0.673218143102039,0.6278398303177013,0.47292522186651087,0,8.0,False,0.0,0.0
189.86087972294905,190.04875551955823,177.24370243482153,183.76983642578125,325909900,AAPL,2024-02-02,0.017438892551525642,1,-0.03414396215470472,-0.0298078045453678,0.025775423086773497,-0.050380784725780225,-0.002950613953048631,0.023936057154886115,-0.03414396215470472,0.029498671107358827,0.026449372048216926,186.82276916503906,188.46996688842773,-0.016341331160554917,-0.024938352461370772,0.6036708316460505,0.20745226234817693,0.4719632858723087,0,9.0,False,0.0,0.0
185.6300048828125,196.36000061035156,182.0,187.91000366210938,540672800,TSLA,2024-02-02,0.03012082141346184,1,0.025429760775494525,-0.11442574343718903,-0.2087666877942862,-0.22937169256793588,-0.12457484740144198,-0.25978884735554897,0.025429760775494525,0.06887555080743182,0.05886181280006591,200.56000137329102,228.88916651407877,-0.06307338265139373,-0.17903496035251976,0.051130161434413,0.01734713999491211,0.45230468553948383,0,10.0,False,0.0,0.0
165.71110362867506,167.6268835871332,164.81515952748885,166.80715942382812,34167500,JPM,2024-02-09,0.022970261091556754,1,0.0016025642493946446,0.015846156076357643,0.035255535489540746,0.06572151845424545,0.15226506702492837,0.1485172169253801,0.0016025642493946446,0.0054962870215457356,0.014167679273787735,164.97000885009766,158.80130513509116,0.011136270080459365,0.050414285209598564,1.0,-0.23961882464999207,0.6005847098119904,1,1.0,True,0.5,0.011485130545778377
146.516337368719,149.09846266726538,145.30010977438877,146.65664672851562,43326000,JNJ,2024-02-09,0.006242762417947967,1,0.0009577077666600431,-0.01717865876697533,-0.03466968942230375,0.010311998393808919,0.05491251602598757,-0.08448323538491742,0.0009577077666600431,0.008633049717870423,0.019101449453418837,148.41314315795898,147.40586853027344,-0.011835181117172966,-0.005082713525777605,0.4840918997923024,0.23521940497012883,0.5885577861103993,1,2.0,True,0.5,0.0031213812089739834
466.221332864614,469.90242925067935,449.47280407428997,464.465087890625,122781800,META,2024-02-09,0.011129930421262202,1,-0.01448461538162682,0.18767417119463325,0.2499933884911123,0.3976770572323691,0.397176269619286,0.5518830750174082,-0.01448461538162682,0.09822133927220945,0.06209473813834365,426.82303619384766,370.85638427734375,0.08819123736255352,0.2524122748909623,0.9641178220003997,0.12142017681882744,0.554614420091507,1,3.0,False,0.0,0.0
272.2273847948897,274.9569977773081,268.92016913305525,271.7812194824219,24536700,V,2024-02-09,0.007705491084557092,1,-0.0008461541999910116,0.033609709961803125,0.048360494503237206,0.07330690317422839,0.10973484486693574,0.15620314668008217,-0.0008461541999910116,0.021430570871520407,0.01318474232679899,268.1462173461914,258.43323135375977,0.013556044803486822,0.05164965843881952,0.9951538968657754,-0.13389310754106754,0.5514213057902363,1,4.0,False,0.0,0.0
402.95851515251775,413.69354741786265,396.08690380386986,413.4281005859375,109333500,MSFT,2024-02-09,-0.03743368008118575,0,0.022688503106253588,0.04114562807143529,0.08258023250777669,0.1343832487367027,0.1370824768486849,0.315522062883437,0.022688503106253588,0.005671623841883905,0.02048515121915041,401.6731262207031,379.96377817789715,0.029265025708430148,0.08807240144973116,1.0,-0.10290590351972828,0.5050420897369006,1,5.0,False,0.0,-0.0
389.95001220703125,399.1499938964844,389.2900085449219,398.3599853515625,15519600,BRK.B,2024-02-09,0.01915354243242784,1,0.01947533039427385,0.033627378464772484,0.09553927369472359,0.11741931374912351,0.10985427097310896,0.11165056108995652,0.01947533039427385,0.018456355740070284,0.017721782607586018,385.37499237060547,367.76416269938153,0.033694435907947184,0.0831941384054613,1.0,-0.03607663139850126,0.4945601919645062,0,6.0,False,0.0,0.0
186.0440863383638,188.91162125480523,183.75994390321247,186.97457885742188,252715800,AAPL,2024-02-09,-0.03463098007551435,0,0.017438892551525642,-0.01730050249047843,0.017055835305155753,-0.042916267281854714,-0.0031577280953357656,0.0649648989772793,0.017438892551525642,0.027858229545150093,0.02643667312667281,187.60665130615234,188.42060979207358,-0.003369136671487194,-0.007674483891371708,0.7132708099375045,-0.07598649276895864,0.46525458224693234,0,7.0,False,0.0,-0.0
141.64927668377285,148.21500586230158,141.60959609870966,147.7786102294922,142235800,GOOGL,2024-02-09,-0.056912679524521836,0,0.04649518592412272,-0.020960727913381105,0.044514626497884624,0.1236802311773082,0.10117490793334882,0.15004639458170188,0.04649518592412272,0.051648965634777846,0.0403772497284907,146.2785186767578,139.3193562825521,0.010255036531024997,0.06071843979657765,0.8937371397529295,-0.08119375989147637,0.4629512984189683,0,8.0,False,0.0,-0.0
170.1999969482422,175.0,167.64999389648438,174.4499969482422,244063400,AMZN,2024-02-09,-0.02831758399440909,0,0.015365807736235526,0.09634239757086815,0.12824991888031945,0.16323261671187894,0.20161183185776355,0.2603857548773332,0.015365807736235526,0.03346398314279971,0.032115355469387194,165.17999649047852,154.7583325703939,0.05612059967744343,0.12724138371606775,1.0,0.007139652435195432,0.447139008993098,0,9.0,False,0.0,-0.0
184.25999450683594,194.1199951171875,175.00999450683594,193.57000732421875,536015900,TSLA,2024-02-09,0.032959597988428735,1,0.03012082141346184,0.0563165474718621,-0.11567450379657274,-0.23641022751787477,-0.17383694066167654,-0.2022665889421097,0.03012082141346184,0.07743230678232291,0.05149743632741764,194.2300033569336,225.49500020345053,-0.0033980127751013223,-0.14157738686191612,0.11323245189313424,-0.007107721587741422,0.431525753123369,0,10.0,False,0.0,0.0
271.7812672991632,276.3924518207994,268.1730260251898,273.87542724609375,24853900,V,2024-02-16,0.018093232378946666,1,0.007705491084557092,0.006852816850921872,0.03019357333052941,0.07990322403640393,0.09744158971433814,0.17426028674176552,0.007705491084557092,0.019471174422293024,0.012787527019807987,270.15294647216797,260.4596761067708,0.013779160370213761,0.05150797751058933,1.0,-0.11972905368013287,0.6075818122059574,1,1.0,True,0.5,0.009046616189473333
146.4882557016412,148.26580274326486,144.86038999278855,147.5721893310547,40424800,JNJ,2024-02-16,0.03379124875882655,1,0.006242762417947967,0.007206448926661224,-0.024377717784400343,0.014657163525268802,0.03435161121271424,-0.07150430593603008,0.006242762417947967,0.011563267680541597,0.017877375843958408,147.49130249023438,147.81428400675455,0.000548417699583803,-0.0016378300468498086,0.6489970844831128,0.0345974423498594,0.5690438949734561,1,2.0,True,0.5,0.016895624379413277
464.5445296788117,484.8154264310746,451.54648973334866,469.6345520019531,104693900,META,2024-02-16,0.023712415081306615,1,0.011129930421262202,-0.0035158977217407683,0.2343720121253967,0.33937012205173356,0.3994026820834815,0.6710323773833056,0.011129930421262202,0.10000665356427864,0.06204854376443732,449.11558532714844,382.0262273152669,0.04568749637102454,0.22932541910110138,0.99118678665635,-0.1213051435180309,0.5413401734607929,1,3.0,False,0.0,0.0
166.58795793021326,171.76346716084313,164.52919923319496,170.63876342773438,40869600,JPM,2024-02-16,0.02770477498756585,1,0.022970261091556754,0.024609636660175793,0.05120078944996154,0.07606915720834717,0.17320563139609502,0.21811876976668576,0.022970261091556754,0.00879733388268727,0.014296924399428253,167.04783248901367,160.90065256754556,0.02149642342085989,0.06052250693079553,1.0,-0.0372098364807284,0.5365813653788162,1,4.0,False,0.0,0.0
398.6499938964844,406.739990234375,392.1000061035156,405.989990234375,15553800,BRK.B,2024-02-16,0.027660807548100186,1,0.01915354243242784,0.03900189439379398,0.10626992843890104,0.1389176896908424,0.11941656124745448,0.15154865284142582,0.01915354243242784,0.0165307862347446,0.017968941347627092,395.12499237060547,371.37332916259766,0.027497622457601345,0.0932125663138863,1.0,-0.07537975219692272,0.4949843249288467,0,5.0,False,0.0,0.0
413.43798737008973,413.61493194410616,396.55874317637694,397.95196533203125,113551000,MSFT,2024-02-16,0.015542224018392448,1,-0.03743368008118575,-0.015594491141732614,0.015394251740193932,0.08069638467288076,0.07253590893706585,0.2816886485236896,-0.03743368008118575,0.027975062537980672,0.0244698873260597,403.1814498901367,382.2065785725911,-0.012970548519854908,0.04119601190079902,0.8506942226087602,-0.08957467957500231,0.48404795063900674,0,6.0,False,0.0,0.0
174.8000030517578,175.38999938964844,165.75,169.50999450683594,248173900,AMZN,2024-02-16,0.0323285420560091,1,-0.02831758399440909,-0.013386898809386372,0.09121925133899955,0.10487548253111312,0.15517233311492973,0.2724064926708103,-0.02831758399440909,0.04439992168107757,0.03456965338508272,168.72249603271484,156.65583165486655,0.00466741835047535,0.08205352278419364,0.8997564414818613,-0.05607421360563758,0.45228362931372024,0,7.0,False,0.0,0.0
186.54881961012742,186.79633688725167,179.5490504680876,180.4994659423828,268128900,AAPL,2024-02-16,0.0011520631169630313,1,-0.03463098007551435,-0.017796013464479676,-0.04707335791881151,-0.057114674599227144,-0.03909775755335254,0.047527714397495036,-0.03463098007551435,0.026712880361508786,0.028253490764886733,185.3775405883789,187.80858739217123,-0.026314269951544955,-0.038917929958793285,0.49182641930056736,-0.027012727577051976,0.4493251687303518,0,8.0,False,0.0,0.0
147.20336732419403,148.11582406905052,138.9912436385364,139.36813354492188,141165600,GOOGL,2024-02-16,0.024480299727490662,1,-0.056912679524521836,-0.01306365921633168,-0.04003280038316159,-0.006855410927229522,0.028019795416448723,0.1024636909442409,-0.056912679524521836,0.06006023977063808,0.044594997882562784,144.8255271911621,139.63590876261392,-0.037682539481018185,-0.0019176673111160891,0.6112593625161113,-0.1401885894347159,0.44739031439786897,0,9.0,False,0.0,0.0
192.11000061035156,203.1699981689453,182.11000061035156,199.9499969482422,495639600,TSLA,2024-02-16,-0.039909956735856844,0,0.032959597988428735,0.06407318956675945,-0.057684176220997974,-0.20824422957161137,-0.15077511344289285,-0.07211475311515014,0.032959597988428735,0.08300339409211804,0.05307114214687545,191.17000198364258,222.5366668701172,0.045927681505965934,-0.10149639715354253,0.18323452122166728,-0.10923338997228982,0.4339438970475576,0,10.0,False,0.0,-0.0
466.0626201453324,491.0311497339842,458.68053638482485,480.7707214355469,70937400,META,2024-02-23,0.03774552261520081,1,0.023712415081306615,0.03510626303254383,0.2293689730455506,0.3689218604044924,0.4917294347998915,0.6971755961457891,0.023712415081306615,0.10043754378171141,0.05815693716267248,471.5404815673828,395.2328847249349,0.019574649958966628,0.21642388580632055,1.0,-0.3967724784150538,0.5955820357164999,1,1.0,True,0.5,0.018872761307600405
269.9525636923965,281.1412051626237,268.74323780001305,278.8307189941406,21135200,V,2024-02-23,-0.0015515406231445539,0,0.018093232378946666,0.02593814070429068,0.06041962405211332,0.09133404283528446,0.1079307651573238,0.17382091170229463,0.018093232378946666,0.015203797913214783,0.013126991621750126,274.1246871948242,262.7232360839844,0.017167486254062725,0.06130970046748052,1.0,-0.1687424964823805,0.5840379189570571,1,2.0,True,0.5,-0.0007757703115722769
138.51517229621072,143.8113880616519,138.34656764889544,142.7799072265625,95053700,GOOGL,2024-02-23,-0.047374093000231654,0,0.024480299727490662,-0.03382561925008609,-0.054077337561864613,0.030567483593311184,0.09176383836168167,0.10840765776810879,0.024480299727490662,0.056332782764988876,0.0432155405129222,142.78488540649414,140.6359748840332,-3.4864894260078216e-05,0.015244551362460168,0.7258486161541359,-0.38421497672756844,0.5705478886961562,1,3.0,False,0.0,-0.0
147.58163234156362,152.94532876826761,147.46851867559718,152.558837890625,31765200,JNJ,2024-02-23,0.0017300293975972547,1,0.03379124875882655,0.04024496191458171,0.022374948679785955,0.040377562482667884,0.029604819056259668,-0.011280275913246651,0.03379124875882655,0.021441752734886993,0.017048449586348248,148.32600021362305,148.1798350016276,0.02853739513575304,0.029551948744910517,1.0,-0.17366568594551146,0.5677858689920722,1,4.0,False,0.0,0.0
397.1442902441902,409.5735691126935,391.2153593903598,404.13702392578125,86132600,MSFT,2024-02-23,0.012575020226143208,1,0.015542224018392448,-0.02247325870444783,0.01774769302278112,0.09323173131789164,0.09769786001021386,0.2754138210998438,0.015542224018392448,0.028252116999369123,0.024192275478746,404.9433059692383,385.20401255289715,-0.001991098584843032,0.0491506078750521,0.9103644804864254,-0.27282106180285626,0.513593127820518,1,5.0,False,0.0,0.0
170.7912400437692,176.51955032615737,170.04780036000503,175.36627197265625,33094300,JPM,2024-02-23,0.007065638637881566,1,0.02770477498756585,0.051311421994069795,0.06797066687184539,0.0883276315028163,0.18034022683089623,0.26821163881272714,0.02770477498756585,0.011467017848107646,0.014719127876816052,169.83811569213867,163.1334546407064,0.03254956202256931,0.07498656458230513,1.0,-0.14820065002712202,0.49699528561606937,0,6.0,False,0.0,0.0
406.4700012207031,420.55999755859375,406.05999755859375,417.2200012207031,13951500,BRK.B,2024-02-23,-0.024231858107379156,0,0.027660807548100186,0.04734415243161583,0.08256359062830021,0.16979755772101313,0.168454344141731,0.17219680781650593,0.027660807548100186,0.00568934749301624,0.016774733662035586,403.07999420166016,376.3858286539714,0.035079902804525664,0.10849019664943982,1.0,-0.10743960270938124,0.4869031233116732,0,7.0,False,0.0,-0.0
167.8300018310547,175.75,165.74000549316406,174.99000549316406,201508000,AMZN,2024-02-23,0.018458172616408364,1,0.0323285420560091,0.0030954918565122558,0.09973611653449788,0.15170463789249156,0.19016531963546623,0.31314732632821385,0.0323285420560091,0.04467209470967567,0.03482870724612921,172.68999862670898,158.98583221435547,0.013318703368727425,0.10066414759040088,1.0,-0.21612668757042175,0.4806646737834789,0,8.0,False,0.0,0.0
196.1300048828125,199.44000244140625,189.1300048828125,191.97000122070312,379627500,TSLA,2024-02-23,0.05558159140020158,1,-0.039909956735856844,-0.008265774877177723,0.04758527269142232,-0.22742271200294029,-0.1962065077715811,-0.1953979455666882,-0.039909956735856844,0.034845281518429014,0.052917895469361965,193.35000228881836,218.63166681925455,-0.007137321188410706,-0.12194786778345768,0.09567697848568012,-0.2220571797783536,0.46289673271946813,0,9.0,False,0.0,0.0
179.98465441119404,183.20237592421455,178.2124373755958,180.70741271972656,192448900,AAPL,2024-02-23,-0.01566955091265687,0,0.0011520631169630313,-0.03351881403340051,-0.050239424198216254,-0.05078211538245747,-0.04437922749655543,0.02454343489221511,0.0011520631169630313,0.026082874513460082,0.028126877783227967,182.98782348632812,187.10924657185873,-0.012462090226303735,-0.03421441734935082,0.498938055498733,-0.25924460416078277,0.4625326935382612,0,10.0,False,0.0,-0.0
152.52114933484074,153.24697415953636,150.48501826780543,152.82276916503906,32134300,JNJ,2024-03-01,-0.016037413609231277,0,0.0017300293975972547,0.035579738010158124,0.04304259050161341,0.013783370029872843,0.05783517219381018,0.026040952743319856,0.0017300293975972547,0.01558250980899301,0.01470373073020659,149.9026107788086,148.8761100769043,0.019480370428900384,0.026509687055203512,1.0,-0.1294484332236372,0.5916803565348676,1,1.0,True,0.5,-0.008018706804615638
278.28014116853154,281.31816010966486,276.80530511964076,278.3981018066406,22950300,V,2024-03-01,-0.011018521248830737,0,-0.0015515406231445539,0.016513619370762234,0.02347960103077784,0.09241009279717938,0.10928296747559685,0.14583035546738699,-0.0015515406231445539,0.009182608029155399,0.013035077612769137,275.7213668823242,265.00880940755206,0.009708115677008244,0.050523952124540195,0.9920348721567763,-0.01791794908003219,0.5885021790642566,1,2.0,True,0.5,-0.005509260624415369
480.2144859744723,500.8545450353312,476.68839173449226,498.91766357421875,69632100,META,2024-03-01,0.0072666454374441525,1,0.03774552261520081,0.06235297519621996,0.05861785079104309,0.4287054854975574,0.5111430682596929,0.6965818334274234,0.03774552261520081,0.02218622354667141,0.058057752640578324,478.44700622558594,409.2960968017578,0.0427856316002968,0.218965114675572,1.0,-0.2432222998696899,0.5657308889522905,1,3.0,False,0.0,0.0
422.0,430.0,401.7099914550781,407.1099853515625,24236100,BRK.B,2024-03-01,-0.009727080144345868,0,-0.024231858107379156,0.002758676677079963,0.041868164687300036,0.1135698170890258,0.15302481260358403,0.12318599279671982,-0.024231858107379156,0.023496345813456464,0.018799737975925802,407.1699905395508,380.8883285522461,-0.0001473713421481504,0.068843424262919,0.8817680421642888,0.39969679906440847,0.5392915075463928,1,4.0,False,0.0,-0.0
175.1375127000542,177.70145425651842,173.69829938040482,176.6053466796875,34948900,JPM,2024-03-01,0.01581301827335868,1,0.007065638637881566,0.03496616555405341,0.06043630684391421,0.07557912935581834,0.1760822789601424,0.2791732307048225,0.007065638637881566,0.012480303288311477,0.014830634747098668,172.35438537597656,165.3368911743164,0.024664073933702513,0.06815451424867214,1.0,-0.022957038809675367,0.5234199819820554,1,5.0,False,0.0,0.0
405.24008986741234,409.5834572269849,397.74515057992284,409.21905517578125,93983100,MSFT,2024-03-01,-0.02233466499717729,0,0.012575020226143208,0.028312688025926125,0.012276674921574582,0.1319330667142311,0.11233300019643133,0.2691330037577222,0.012575020226143208,0.02751385949531103,0.024056424050534025,406.1840362548828,388.6478856404622,0.007472029055799689,0.05293009506900903,0.9593932989904705,-0.06716572349095606,0.5011001707986189,1,6.0,False,0.0,-0.0
180.43019254491847,182.09349711935678,175.61845249589473,177.8758087158203,354385900,AAPL,2024-03-01,-0.049704952334890806,0,-0.01566955091265687,-0.01453554010735969,-0.03207287890437527,-0.0071241478409728165,-0.08083780682253827,-0.049264993671563784,-0.01566955091265687,0.0223525355601662,0.026982146462406553,181.5143165588379,185.80560557047525,-0.02004529401314825,-0.04267792045513508,0.4020991537841753,0.32768644523005275,0.499986510278999,0,7.0,False,0.0,-0.0
175.6999969482422,178.72999572753906,172.27000427246094,178.22000122070312,189477400,AMZN,2024-03-01,-0.016103664558016484,0,0.018458172616408364,0.051383440482124065,0.03730867675452543,0.22707239383223055,0.20892689888966487,0.29032730611880564,0.018458172616408364,0.02624221622544634,0.03461091475593283,174.29249954223633,161.5524991353353,0.02253396840817601,0.10317080933180223,1.0,-0.14188165680071407,0.49206056725588243,0,8.0,False,0.0,-0.0
140.97486857968562,141.2724124869367,134.30001978259713,136.01583862304688,197353700,GOOGL,2024-03-01,-0.01261496887906055,0,-0.047374093000231654,-0.024053525268704745,-0.03680295742797468,0.010388695351157384,0.015927175466761145,0.010909603099934051,-0.047374093000231654,0.0515332730988303,0.045696099126453046,141.48562240600586,140.81367365519205,-0.03865964392666654,-0.03407222400782994,0.4986677873072084,0.3709668903983405,0.4499840169959619,0,9.0,False,0.0,-0.0
192.2899932861328,205.60000610351562,192.0,202.63999938964844,488348800,TSLA,2024-03-01,-0.13472168937023987,0,0.05558159140020158,0.013453375756252495,0.07838856601815536,-0.14674304306468489,-0.16896324461533818,-0.17293170102089594,0.05558159140020158,0.04133297886879435,0.05600936142364492,197.03250122070312,215.19833374023438,0.028459762395566246,-0.05835702411034971,0.21274957508448084,0.028302010947595102,0.4203393137362214,0,10.0,False,0.0,-0.0
278.05397286206045,278.2407800263848,271.51581511407085,275.33056640625,26280700,V,2024-03-08,0.010712553446939665,1,-0.011018521248830737,-0.01255296618865076,0.013059573912382438,0.06205163586802409,0.08732383400690247,0.13696268716435167,-0.011018521248830737,0.012474044622243122,0.014228144770400032,276.60870361328125,266.8514773050944,-0.004620741105884285,0.03177456308949478,0.9355569689811761,0.10399800042217988,0.5767316207661097,1,1.0,True,0.5,0.005356276723469833
499.61296631053943,520.0444695551262,484.6047092081151,502.5431213378906,76590800,META,2024-03-08,-0.043186106699852345,0,0.0072666454374441525,0.045286451382340775,0.0819825524889235,0.3524710370738924,0.5122621899394859,0.7002475721860113,0.0072666454374441525,0.013777962594829529,0.058023278234156914,487.96651458740234,423.4820098876953,0.029872145556572693,0.18669296358341603,1.0,-0.048130488898389445,0.5764909994242222,1,2.0,True,0.5,-0.021593053349926172
152.06867395003687,152.34203678461694,149.16529414909374,150.37188720703125,33077500,JNJ,2024-03-08,-0.008400295816077707,0,-0.016037413609231277,-0.014335129408639458,0.025332915768851105,-0.010215057975320185,0.0359061471493789,0.009082877571608083,-0.016037413609231277,0.020619952946333845,0.015885987684859295,150.8314208984375,149.31045405069986,-0.0030466708373427798,0.007108900465676582,0.8614460689383895,-0.037057738690468356,0.560945569877711,1,3.0,False,0.0,-0.0
405.0,407.44000244140625,398.7799987792969,403.1499938964844,20322100,BRK.B,2024-03-08,0.01235274975002687,1,-0.009727080144345868,-0.033723233025868105,0.012024321520884174,0.10871239016038481,0.13085552285128865,0.11014732389449522,-0.009727080144345868,0.024306803538071863,0.019832893125943184,408.36749267578125,384.7758280436198,-0.01277647920775915,0.047752910951520455,0.835457774326265,0.09755007527324522,0.5280336564209591,1,4.0,False,0.0,0.0
176.05252438719444,181.57112673493907,175.6331451563437,179.39801025390625,35044800,JPM,2024-03-08,0.011051007108259014,1,0.01581301827335868,0.022990385984134054,0.07548147737524236,0.11339815276918896,0.14616375313775842,0.3264130320982841,0.01581301827335868,0.008993067883477304,0.011855427473587544,175.5020980834961,167.24335861206055,0.022198664363298093,0.07267643835137139,1.0,-0.026246617059467514,0.5273212014022455,1,5.0,False,0.0,0.0
198.72999572753906,199.75,173.6999969482422,175.33999633789062,549590200,TSLA,2024-03-08,-0.06712666396428113,0,-0.13472168937023987,-0.08662814386135986,-0.09417787000335176,-0.19895839541866867,-0.3083234858465853,-0.29440645336864935,-0.13472168937023987,0.08576225850398232,0.06306072833838595,192.4749984741211,208.68500010172525,-0.08902456044718099,-0.15978629871615269,0.0,0.14904546875530023,0.5268033315144266,1,6.0,False,0.0,-0.0
407.1901585103068,411.04105586312363,392.3676988449284,400.07928466796875,103580000,MSFT,2024-03-08,0.025109540208018366,1,-0.02233466499717729,-0.01004050363511777,-0.03228811950385069,0.04762575258805901,0.09775614683832567,0.21996356431014652,-0.02233466499717729,0.026136573864250272,0.02522871503134747,402.8468322753906,391.61683654785156,-0.006869974853196736,0.021608999742489754,0.8712175032599419,0.0429790857922796,0.5078968660100519,1,7.0,False,0.0,0.0
174.40064432483445,175.14319605787904,166.81674075207243,169.0345001220703,393262300,AAPL,2024-03-08,0.011070113365911904,1,-0.049704952334890806,-0.06459564896632486,-0.09594929345465641,-0.08052995349630931,-0.13474777521310588,-0.039324840052892496,-0.049704952334890806,0.022164156283087294,0.02908874825987591,177.029296875,183.6119270324707,-0.04516086825207688,-0.07939259255104081,0.09973250479049166,0.3019494697184135,0.47590396950276903,0,8.0,False,0.0,0.0
177.52999877929688,180.13999938964844,173.25999450683594,175.35000610351562,178657200,AMZN,2024-03-08,-0.005303723422862561,0,-0.016103664558016484,0.0020572638382232444,0.0051591239381933995,0.1340707000450796,0.16923387795044453,0.26853802736956367,-0.016103664558016484,0.028501009067227853,0.0358594396329503,174.5175018310547,163.66749954223633,0.004770319674108459,0.07137951391665576,0.9459001894045621,-0.12617463697540954,0.462348652934334,0,9.0,False,0.0,-0.0
134.54795880340606,136.95802694070352,129.5988832123646,134.3000030517578,208621400,GOOGL,2024-03-08,0.042611332064986795,1,-0.01261496887906055,-0.05939143917042067,-0.09120810621241349,-0.05075357449615381,0.021191485303299062,-0.0071126122238786005,-0.01261496887906055,0.036997070030118394,0.0455170316493175,138.11597061157227,141.04592005411783,-0.02762872058109933,-0.04782780671551279,0.4410390182778864,0.2994283350960394,0.43233419464129014,0,10.0,False,0.0,0.0
274.7505086357406,284.1792208983303,273.31503981454233,278.2800598144531,33716000,V,2024-03-15,0.0007775247319212752,1,0.010712553446939665,-0.0004240042996754845,0.016082613225470332,0.04676177811776938,0.09727088990951982,0.17879221861330064,0.010712553446939665,0.012910451386523797,0.01414929556251309,277.7098617553711,268.90722529093426,0.00205321501900535,0.03485527216079176,0.98986154297382,0.2957450937816457,0.5815330272272109,1,1.0,True,0.5,0.0003887623659606376
178.50208143397947,182.7435139651818,177.49176654847534,181.3805389404297,46791600,JPM,2024-03-15,0.03321060776287954,1,0.011051007108259014,0.027038775158959583,0.06295038300160005,0.11737428175742104,0.14380812279082145,0.2961920792299453,0.011051007108259014,0.00894339781746343,0.011844543854307058,178.18754196166992,169.14373524983725,0.017919305376840722,0.07234559218239922,1.0,0.24877835275781357,0.5533525061568826,1,2.0,True,0.5,0.01660530388143977
150.34363498796822,153.75600327906332,148.09066714842635,149.1087188720703,39053300,JNJ,2024-03-15,-0.01864963212709303,0,-0.008400295816077707,-0.024302990406866676,0.01041205357175179,-0.014219486316176866,0.02522182826885566,-0.004909573143200063,-0.008400295816077707,0.021923303625094696,0.01622891631449749,151.2155532836914,149.61614354451498,-0.013932656832386314,-0.0033915101701154082,0.7900362901730145,0.1483706203691384,0.5441313599471567,1,3.0,False,0.0,-0.0
397.6564469569654,421.3528170705886,395.19423897859355,410.1250915527344,134930900,MSFT,2024-03-15,0.029585580868903838,1,0.025109540208018366,0.0022140620420618706,0.030589436115854962,0.04645458933620694,0.11375427769246715,0.2659343220303061,0.025109540208018366,0.020739956364537192,0.02570393066070869,405.8901138305664,395.1075439453125,0.010433803578511869,0.03800875948220428,0.9681342710346109,0.28927211027679567,0.5377037489643272,1,4.0,False,0.0,0.0
403.29998779296875,409.0799865722656,402.5,408.1300048828125,19916500,BRK.B,2024-03-15,0.008502195817970959,1,0.01235274975002687,0.0025055134188594064,0.00527110199737213,0.11210119006832797,0.1449210409998143,0.10947105185350359,0.01235274975002687,0.023024227334999696,0.019553727676817352,408.9024963378906,389.0808283487956,-0.0018891825361706527,0.04895943245227197,0.8936966986344,0.015808492570084987,0.5302655675569705,1,5.0,False,0.0,0.0
175.4499969482422,182.8699951171875,160.50999450683594,163.57000732421875,502780200,TSLA,2024-03-15,0.044384631544618136,1,-0.06712666396428113,-0.1928049357634647,-0.18194543725569812,-0.22913424081143186,-0.3523005794219267,-0.4038776974672602,-0.06712666396428113,0.07889359481242937,0.06346927434140935,183.38000106811523,201.27083460489908,-0.10802701291586425,-0.18731391140046805,0.0,0.04726964146630408,0.5105380346633076,1,6.0,False,0.0,0.0
493.6633271933071,498.9276472763487,472.7947911045604,480.8402404785156,89740800,META,2024-03-15,0.05263372012988188,1,-0.043186106699852345,-0.036233279387619666,0.023860443037666323,0.26382467520800423,0.37132808655530103,0.6137112123635386,-0.043186106699852345,0.03531663257656206,0.061953583195875364,490.76793670654297,434.33216603597003,-0.020228901453200776,0.10707950752764184,0.8957211598242293,0.16963803648797615,0.5080312083788762,1,7.0,False,0.0,0.0
174.30999755859375,179.52999877929688,171.47000122070312,174.4199981689453,211721200,AMZN,2024-03-15,0.025513111999530436,1,-0.005303723422862561,-0.021321978597968805,0.0289658652659055,0.12282736114884707,0.13687915689371155,0.24239617442299144,-0.005303723422862561,0.022041703298789295,0.03612137117868181,175.74500274658203,165.41749954223633,-0.007539358484902836,0.054422891481383795,0.9283694093655307,0.08385466539401998,0.4623027998572768,0,8.0,False,0.0,0.0
171.22253935977105,172.64824117092596,168.5988682774061,170.90573120117188,367119800,AAPL,2024-03-15,-0.0019696480810907913,0,0.011070113365911904,-0.03918507842617336,-0.053151042254459324,-0.09772240213746886,-0.10723001237071328,-0.011096437114862745,0.011070113365911904,0.02666895393307283,0.02964681806863846,174.63086318969727,181.90131251017252,-0.021331464097951947,-0.06044805921004959,0.16372731561303683,0.12336307769582855,0.45610590819451935,0,9.0,False,0.0,-0.0
135.01410391751668,142.41296038062768,135.01410391751668,140.022705078125,175577200,GOOGL,2024-03-15,0.06792765193981865,1,0.042611332064986795,0.029458822558031006,0.00469670875654038,-0.03552411403072964,-0.0021909000392207334,0.02751087160626553,0.042611332064986795,0.04002433092370894,0.0428453011838539,138.27961349487305,141.02029927571616,0.012605557241571086,-0.0070741177171997904,0.6332440749975016,0.037987839303819326,0.44385154704644025,0,10.0,False,0.0,0.0
279.09610755516974,286.06692130146143,278.1326565297968,278.4964294433594,30597500,V,2024-03-22,-0.014756890130160016,0,0.0007775247319212752,0.011498407454107795,-0.0011988978545376394,0.059148289239927765,0.09002564479274544,0.20976861633517618,0.0007775247319212752,0.008923505359145958,0.014297067200617738,277.6262893676758,270.8239860534668,0.0031342135417558037,0.02832999950151338,0.9938452306437168,0.0779033770900397,0.5842975584756033,1,1.0,True,0.5,-0.007378445065080008
488.5976468076453,511.5719209963109,478.039241983051,506.1486511230469,52202600,META,2024-03-22,-0.04709758457986046,0,0.05263372012988188,0.007174567976490076,0.05278593008268739,0.29426235770255826,0.44118167401646646,0.7056325693293648,0.05263372012988188,0.0423139455744195,0.0617089953146039,497.11241912841797,447.2442270914714,0.018177441654891657,0.1317052752466903,1.0,-0.27538230528691243,0.576998230357996,1,2.0,True,0.5,-0.02354879228993023
408.70001220703125,417.8299865722656,406.0,411.6000061035156,15905600,BRK.B,2024-03-22,0.02167148391128282,1,0.008502195817970959,0.02095997106526304,-0.01347009994905446,0.06798135086132984,0.15404026769835122,0.14282541625489764,0.008502195817970959,0.016968089064680583,0.019280256458843445,407.49749755859375,393.6591618855794,0.010067567456244264,0.04557456285788386,0.9342767573925979,-0.20848267548143018,0.5553862504512742,1,3.0,False,0.0,0.0
175.8000030517578,181.4199981689453,173.52000427246094,178.8699951171875,148898500,AMZN,2024-03-22,0.008441939994663139,1,0.025513111999530436,0.02007407408696582,0.022172635591893863,0.12412016469366205,0.17724096513797583,0.38530051023350476,0.025513111999530436,0.01959420115528768,0.035688200516563934,176.7150001525879,167.66166559855142,0.012194748395658817,0.0668508777997785,1.0,-0.18272317569858598,0.5445332727642018,1,4.0,False,0.0,0.0
149.47636946124726,149.58948312487718,146.20536652123064,146.32789611816406,33589600,JNJ,2024-03-22,0.0190687030781318,1,-0.01864963212709303,-0.026893265516442222,-0.040842876483682455,-0.01938178506915378,-0.002114449798206408,-0.017687724969833285,-0.01864963212709303,0.009146193526929088,0.017149344862103285,149.65781784057617,149.59030532836914,-0.02225023570742779,-0.021808961503512414,0.6328300555437186,-0.025362211081667918,0.5417816528308772,1,5.0,False,0.0,0.0
407.9879061886506,424.30745690999566,407.52500983634934,422.2588806152344,96748700,MSFT,2024-03-22,-0.01870599661954009,0,0.029585580868903838,0.05543800140932764,0.04484087231953571,0.06338438737911778,0.14225319579758233,0.3577006991826761,0.029585580868903838,0.023508613608089358,0.026274625032732295,410.4205780029297,399.4897944132487,0.02884432030652273,0.0569954139515072,1.0,-0.09842427139704413,0.5068270040765707,1,6.0,False,0.0,-0.0
181.69506181540558,191.08337691916773,180.989740825109,187.404296875,46172100,JPM,2024-03-22,0.018716340241373253,1,0.03321060776287954,0.0446286255335957,0.06864504084468859,0.14128155692019262,0.1630359262197305,0.3675441472000913,0.03321060776287954,0.011519403899629441,0.013398927913398013,181.19704818725586,171.33295059204102,0.03425689739343518,0.09380184154550797,1.0,0.13335387039803037,0.45706861709053287,0,7.0,False,0.0,0.0
173.82641511894556,176.8956298828125,168.37115239719608,170.56910705566406,361583900,AAPL,2024-03-22,-0.004643770222563681,0,-0.0019696480810907913,0.009078661057272397,-0.05610342991179229,-0.1035242500956951,-0.10403649444311747,-0.011802062620486775,-0.0019696480810907913,0.026146078091866854,0.029702417615326483,172.09628677368164,180.25081634521484,-0.008873984132068635,-0.05371242963476208,0.1522150022752226,-0.02033139930933814,0.44945543180632486,0,8.0,False,0.0,-0.0
147.39180580449582,150.9027808454485,144.88255840993227,149.53411865234375,168623000,GOOGL,2024-03-22,0.001061034699651131,1,0.06792765193981865,0.11343347173800788,0.047305055430969745,-0.009330413581818187,0.07931853553004786,0.15754329152104662,0.06792765193981865,0.05226378602531623,0.046706017813384515,139.96816635131836,141.93606440226236,0.06834377094728072,0.0535315269031813,0.9526983777190694,-0.10088748589829599,0.4428225239371134,0,9.0,False,0.0,0.0
170.02000427246094,178.17999267578125,165.89999389648438,170.8300018310547,418091100,TSLA,2024-03-22,0.029034662541205014,1,0.044384631544618136,-0.02572142466653704,-0.11012136925156502,-0.06777625194513126,-0.3124999808098372,-0.3023930152533054,0.044384631544618136,0.09150635551422892,0.06727326994670246,178.09500122070312,194.80000178019205,-0.04079283157782365,-0.12304927992857295,0.07487618756855519,-0.1462346302753258,0.4115415918464987,0,10.0,False,0.0,0.0
146.48816722034266,150.01369618769235,145.88485660477699,149.11817932128906,29005300,JNJ,2024-03-29,-0.03666482512499991,0,0.0190687030781318,6.344665349100609e-05,-0.024241085696786957,0.017758105679865244,-0.010791839520998825,0.031573230590594914,0.0190687030781318,0.01727198185974025,0.01597396510614304,148.73167037963867,149.4547373453776,0.002598699662713644,-0.0022519060289857284,0.7905711108829976,-0.13883394185370723,0.5806742129234208,1,1.0,True,0.5,-0.018332412562499956
278.2506434817156,279.3517376476926,272.32202612554727,274.3866882324219,28306700,V,2024-03-29,-0.006951204985639725,0,-0.014756890130160016,-0.013990839245281217,-0.014408911368960609,0.008732374171586121,0.07666965259150671,0.2181890298531477,-0.014756890130160016,0.011597690527674488,0.01545034751012285,276.6234359741211,272.4522425333659,-0.008085893857194604,0.007100127644642518,0.918178763629662,-0.04772125358176427,0.5789194704783389,1,2.0,True,0.5,-0.0034756024928198626
178.00999450683594,181.6999969482422,177.24000549316406,180.3800048828125,130798700,AMZN,2024-03-29,0.026000678093191176,1,0.008441939994663139,0.03417043215477067,0.012119872333714587,0.04988072548744471,0.24194435458970265,0.418974205360946,0.008441939994663139,0.017984083343053233,0.03076016546429923,177.25500106811523,170.58999888102213,0.017629989539738933,0.0573890970514539,1.0,-0.21920034097645102,0.5624983743679782,1,3.0,False,0.0,0.0
148.71088930605433,151.011884033954,146.60827256557076,149.69277954101562,88743000,GOOGL,2024-03-29,0.010402266360565626,1,0.001061034699651131,0.06906076023524355,0.10055403147476749,0.06005038830721565,0.11198735202524701,0.15337007714790252,0.001061034699651131,0.03715124372359207,0.04541419019158463,143.38740158081055,143.1923510233561,0.04397442097903892,0.045396478730901135,0.9580272284902358,-0.44670887389983804,0.5458681926048821,1,4.0,False,0.0,0.0
410.6700134277344,421.44000244140625,408.6000061035156,420.5199890136719,13042700,BRK.B,2024-03-29,-0.00451820114649204,0,0.02167148391128282,0.030357934929133634,0.032939510561326824,0.07618679210152757,0.1502502618398045,0.2004567618261064,0.02167148391128282,0.013168114696324269,0.019099798566883232,410.8499984741211,398.23666127522785,0.023536547585407686,0.055954988340572775,1.0,-0.24594395759890963,0.5380971436152115,1,5.0,False,0.0,-0.0
168.8760716915293,171.87598039200594,167.76718417070535,169.7770233154297,237622700,AAPL,2024-03-29,-0.011079937306470056,0,-0.004643770222563681,-0.006604271710546672,-0.04553056123179455,-0.07614314395933419,-0.05233034262326963,0.004176084713004791,-0.004643770222563681,0.0264998277694945,0.02513637583267013,170.07159042358398,179.4695587158203,-0.0017320183072354611,-0.05400657063930381,0.12512628529204256,-0.3008982790162936,0.5246521622952042,1,6.0,False,0.0,-0.0
418.8118313903608,420.94904171554725,412.67598630724365,414.360107421875,73362300,MSFT,2024-03-29,0.01140895783042728,1,-0.01870599661954009,0.010326156473642767,0.012563081266793397,0.02499398905309369,0.14615363381993274,0.3376200744797466,-0.01870599661954009,0.027736474836619802,0.02590253837076318,411.7058410644531,403.8929443359375,0.006446997085490347,0.02591568689853485,0.9223870974513059,-0.28185640564051995,0.503603350471998,1,7.0,False,0.0,0.0
187.38524407916947,191.31213205601443,184.96427551941824,190.9118194580078,31935600,JPM,2024-03-29,-0.008478454029489546,0,0.018716340241373253,0.0525485290387655,0.08100815205933842,0.1463402924379693,0.16270980701852533,0.39996021084670663,0.018716340241373253,0.009546688662529394,0.013387051188515485,184.77366638183594,173.5593032836914,0.033219847808222625,0.09998032860245387,1.0,-0.20133096500589898,0.48493288131440904,0,8.0,False,0.0,-0.0
502.3841796013196,506.5658780636044,481.8831749511718,482.3102722167969,44788500,META,2024-03-29,0.08600009503716799,1,-0.04709758457986046,0.0030572144644513966,-0.033286837829006544,0.02337981006887002,0.3811483976963881,0.619183797038835,-0.04709758457986046,0.04717184292716789,0.0651041262564391,492.9605712890625,458.33595021565753,-0.02160476860130156,0.052307312987032395,0.887410928146086,-0.3196408817014257,0.465791170947001,0,9.0,False,0.0,0.0
168.75999450683594,184.25,168.72999572753906,175.7899932861328,346873600,TSLA,2024-03-29,-0.06194891521454704,0,0.029034662541205014,0.0747079868847369,-0.13250101749105714,-0.06449901622997234,-0.25980045803993734,-0.29745826701087874,0.029034662541205014,0.08435129703231536,0.06902453621750343,171.38249969482422,189.6583340962728,0.025717290850331143,-0.07312275981028205,0.12603121945999368,-0.23652253236070775,0.44393536515085263,0,10.0,False,0.0,-0.0
275.6451968351895,276.1663126773177,268.9595174757274,272.4793701171875,24943600,V,2024-04-05,-0.004258000466814349,0,-0.006951204985639725,-0.021605516947554304,-0.010355538530566033,0.0025687964609739655,0.05105351923134194,0.1838324460052203,-0.006951204985639725,0.010883419125706322,0.015468138168756215,275.91063690185547,273.55518595377606,-0.012436152600700634,-0.003932719582111499,0.88306219160133,-0.15131698703172236,0.5953065536256512,1,1.0,True,0.5,-0.0021290002334071745
190.61634353364525,191.5218135054846,187.0498531231776,189.29318237304688,39453200,JPM,2024-04-05,-0.07424671827488383,0,-0.008478454029489546,0.010079200581546877,0.05515764698357439,0.134802505041679,0.17481057503179565,0.3771633772652865,-0.008478454029489546,0.01736573154494262,0.011382928192149411,187.2474594116211,175.90652211507162,0.010925237479076921,0.07610098873547266,0.9740496144344999,-0.039790693783179454,0.5792666051470133,1,2.0,True,0.5,-0.037123359137441914
421.489990234375,424.5199890136719,414.54998779296875,418.6199951171875,15170700,BRK.B,2024-04-05,-0.03669195339621234,0,-0.00451820114649204,0.017055366641336667,0.038372817697909456,0.05085854631645548,0.15125680858742263,0.20869665514686964,-0.00451820114649204,0.010859538992389915,0.01902970867719879,414.7174987792969,402.8199946085612,0.009410011271232754,0.039223476292381765,0.9786060809738135,-0.05235689578436964,0.5513340950119313,1,3.0,False,0.0,-0.0
169.48991432845702,170.21266810452119,166.55929585931307,167.89590454101562,239070900,AAPL,2024-04-05,0.04110158239047346,1,-0.011079937306470056,-0.01567225484610213,-0.006735876878580571,-0.10203886770593962,-0.08672339052310096,-0.04208647614593586,-0.011079937306470056,0.00930572765624089,0.023280694594227234,169.7869415283203,178.14096323649088,-0.01113770570506012,-0.057510964964719746,0.0607933221172512,-0.20666522149999833,0.5487311005156799,1,4.0,False,0.0,0.0
417.5412631842415,422.18991752028893,411.25770739473046,419.0875244140625,86656000,MSFT,2024-04-05,-0.008507237490770203,0,0.01140895783042728,-0.007510454715721315,0.047511182094491566,0.013689015865404608,0.09739969048614894,0.3052988289184504,0.01140895783042728,0.021788603152219806,0.021789753221095703,416.45790100097656,406.99261983235675,0.006314259873003936,0.029717749149082096,0.9688384317711918,-0.11507312140299963,0.5328301412388675,1,5.0,False,0.0,-0.0
180.7899932861328,186.27000427246094,178.3800048828125,185.07000732421875,176830900,AMZN,2024-04-05,0.005727549125433162,1,0.026000678093191176,0.03466211425213772,0.055431998188611775,0.06087710267560187,0.19693450503573606,0.4463114148824352,0.026000678093191176,0.01505146194573033,0.02734898883320061,179.68500137329102,173.12749989827475,0.029969145503360828,0.06898099627708554,1.0,0.05847263887893339,0.5104685590467537,1,6.0,False,0.0,0.0
148.67511735946294,149.08045093187417,142.9155196900892,143.65078735351562,32295600,JNJ,2024-04-05,-0.03195745450165266,0,-0.03666482512499991,-0.018295272710588284,-0.04469651860032886,-0.020495895972340916,-0.05445499904685169,-0.01816370929221167,-0.03666482512499991,0.023295072024457714,0.018720477335400974,147.05139541625977,148.76531982421875,-0.02312530291275383,-0.03437987077059668,0.4814870086011247,-0.035547744651114876,0.5086596136541163,1,7.0,False,0.0,-0.0
483.9193631882776,527.1263611997492,478.53584639701245,523.7890014648438,78166800,META,2024-04-05,-0.02927884598017727,0,0.08600009503716799,0.034852113707418475,0.04227673054282688,0.1277252373125377,0.4096490906752428,0.67358647738474,0.08600009503716799,0.06749102040587976,0.06647096954250749,498.2720413208008,471.0205307006836,0.05121090092954761,0.11203008642884948,1.0,0.18032742327538798,0.49897810974019946,0,8.0,False,0.0,-0.0
149.45475230591467,154.46335900189007,148.37370170217739,151.2499237060547,139205700,GOOGL,2024-04-05,0.03429501584644967,1,0.010402266360565626,0.011474338225780256,0.12620938398463433,0.023489958872747074,0.06905023211630268,0.10844600741199395,0.010402266360565626,0.03064900796767603,0.043544033696560555,147.62488174438477,144.00645701090494,0.02455576538883708,0.05029959659795824,1.0,-0.026786908093330286,0.47107116150775086,0,9.0,False,0.0,0.0
176.1699981689453,177.19000244140625,160.50999450683594,164.89999389648438,547482400,TSLA,2024-04-05,0.03729538740392013,1,-0.06194891521454704,-0.034712918521390024,-0.05954147746922356,-0.14811185794767123,-0.24665359606975867,-0.3670594761865549,-0.06194891521454704,0.05882816428627064,0.06797403972816207,168.77249908447266,185.15916697184244,-0.022945119666978764,-0.10941490722108793,0.014789132442838498,0.206421697161562,0.4525220300103586,0,10.0,False,0.0,0.0
271.60425154148044,273.3248793142941,267.6027437514646,271.31915283203125,35273000,V,2024-04-12,-0.022394474334987646,0,-0.004258000466814349,-0.011179607218380183,-0.02501403437624372,-0.009333712190855104,0.020578043016193703,0.16574740626825246,-0.004258000466814349,0.006485988600437662,0.014081118745350766,274.17041015625,274.0110727945964,-0.010399580766552563,-0.009824128401493604,0.8617008604540617,0.18444469815514997,0.5952077506698678,1,1.0,True,0.5,-0.011197237167493823
189.45613591686737,190.75995368251904,174.99911250049018,175.23878479003906,64703900,JPM,2024-04-12,0.016466876207992254,1,-0.07424671827488383,-0.08209567491663938,-0.03386115283518787,0.02695765762656155,0.0795387004287249,0.2499321401758674,-0.07424671827488383,0.047611527183798234,0.027870117952986204,185.71202087402344,176.9824651082357,-0.05639503589855843,-0.009852277270125387,0.7487260755396229,0.41999771760647153,0.554339226421039,1,2.0,True,0.5,0.008233438103996127
186.89999389648438,189.77000427246094,182.6699981689453,186.1300048828125,190250100,AMZN,2024-04-12,-0.061784772461809134,0,0.005727549125433162,0.03187714737969771,0.067136835436294,0.09804737723182644,0.1982104369176656,0.4340859427619621,0.005727549125433162,0.010839003998320593,0.02731236965844242,182.6125030517578,175.6933339436849,0.019262108411370438,0.05940277132240479,1.0,0.17660180878081544,0.521443651843923,1,3.0,False,0.0,-0.0
418.7428800514856,422.87929377947376,413.35557288951713,415.5222473144531,80206100,MSFT,2024-04-12,-0.05399375858972422,0,-0.008507237490770203,0.002804661625871452,0.013159779474318789,0.04415176582370206,0.060225700961760165,0.2923383876191401,-0.008507237490770203,0.021449764756578643,0.021449325955401485,417.80718994140625,408.95958455403644,-0.0054688925465202765,0.01604721593106362,0.933806218879738,-0.04792281639098195,0.5198717252633214,1,4.0,False,0.0,-0.0
418.32000732421875,418.57000732421875,401.44000244140625,403.260009765625,14197300,BRK.B,2024-04-12,0.004513159655226806,1,-0.03669195339621234,-0.04104437291680263,-0.01193246038988438,-0.006724255608307028,0.09883108666829421,0.16856476294600542,-0.03669195339621234,0.025021345488716273,0.023680044428881143,413.5,405.84249623616535,-0.0247641843636639,-0.006363272684577481,0.8056527449326937,-0.026186503601908884,0.5012566695009354,1,5.0,False,0.0,0.0
167.35138730592178,176.5887144383463,165.45045553411236,174.79669189453125,322249800,AAPL,2024-04-12,-0.06542059011777424,0,0.04110158239047346,0.02956624212792036,0.022766706920900992,-0.03159440953510606,-0.07718051250563795,-0.010298173408598843,0.04110158239047346,0.023808702406959207,0.025005601784093622,170.75968170166016,176.9226951599121,0.02364147176102316,-0.01201656612487878,0.2967954846224174,0.1107013165480899,0.4975876951353749,0,6.0,False,0.0,-0.0
143.2737370538649,144.26351052266276,138.7112827142574,139.06007385253906,34354800,JNJ,2024-04-12,0.002643677618585638,1,-0.03195745450165266,-0.0674505651459093,-0.067391398005053,-0.057681027279605224,-0.08065261325946893,-0.044753736998724425,-0.03195745450165266,0.025259276162877507,0.020328651181938367,144.53923416137695,147.74869664510092,-0.03790777182837746,-0.058806764390161304,0.22196353385371964,0.06324330555927382,0.4963268929580656,0,7.0,False,0.0,0.0
151.52758894524177,158.90663651169768,151.35898433160645,156.43704223632812,127140200,GOOGL,2024-04-12,-0.023077257712398547,0,0.03429501584644967,0.04505402809668979,0.1172262537639508,0.12247354009304079,0.07753778092711539,0.14829629241348297,0.03429501584644967,0.029824609927007195,0.043940698034123434,151.72846603393555,144.94453557332358,0.031032912448607064,0.07928899573582604,1.0,-0.02893021907655713,0.4541051787975115,0,8.0,False,0.0,-0.0
525.716030393533,527.9111101756489,502.39403584687636,508.45306396484375,57896900,META,2024-04-12,-0.06022661318445066,0,-0.02927884598017727,0.05420326552011678,0.05742619099193691,0.08265684838863652,0.3364013123868217,0.6284062798405312,-0.02927884598017727,0.06396030709686124,0.06871413772818416,505.1752471923828,481.6862564086914,0.00648847462475266,0.05556896672891942,0.9331386990673335,-0.006295515046246591,0.4523478509901866,0,9.0,False,0.0,-0.0
169.33999633789062,179.22000122070312,167.7899932861328,171.0500030517578,451146100,TSLA,2024-04-12,-0.14030984841747052,0,0.03729538740392013,-0.02696393660280616,0.04572962885984744,-0.14453610571429643,-0.19388283574297405,-0.31885151968111614,0.03729538740392013,0.04982334183224769,0.06990931450937658,170.64249801635742,181.73083368937174,0.002388062998007312,-0.05877280382629191,0.08317576266803672,0.02324300184418937,0.4448792954341441,0,10.0,False,0.0,-0.0
273.2166885215366,273.2363413763869,263.7781699891856,265.24310302734375,40582700,V,2024-04-19,0.017569722829904988,1,-0.022394474334987646,-0.026557119119629435,-0.04758885577996641,-0.04873069945740949,0.008744634053690525,0.16058982334075877,-0.022394474334987646,0.008186206388247946,0.01535415840294622,270.8570785522461,274.2026850382487,-0.02072670780807917,-0.03267503383365922,0.7498317186943393,0.2573451272597711,0.5402355685213371,1,1.0,True,0.5,0.008784861414952494
170.24000549316406,170.69000244140625,146.22000122070312,147.0500030517578,462858300,TSLA,2024-04-19,0.1444405970321474,1,-0.14030984841747052,-0.10824737116686522,-0.1392027075127853,-0.2339948840095173,-0.19754432168208558,-0.306335208069516,-0.14030984841747052,0.08394308668881856,0.07053264798306738,164.6974983215332,178.71416727701822,-0.10715096130557367,-0.17717769501831915,0.0,0.023818703395628527,0.5182075940997333,1,2.0,True,0.5,0.0722202985160737
176.87811507191086,179.7158408613365,171.79708073743586,178.12442016601562,63195500,JPM,2024-04-19,0.04138882373691932,1,0.016466876207992254,-0.059002453585573766,-0.049517950568519375,0.0157279285368479,0.0847676331998557,0.31539821868070783,0.016466876207992254,0.04336226996583718,0.027982509554124346,183.39205169677734,178.14240519205728,-0.028723336055323068,-0.00010095870223747472,0.7949892875367989,0.2684243221625766,0.5044949069550717,1,3.0,False,0.0,0.0
139.86133585688955,140.9171163550552,134.92181821879717,139.42770385742188,50293800,JNJ,2024-04-19,-0.01196690485638685,0,0.002643677618585638,-0.02939826209028007,-0.047155685578709305,-0.08607258822079722,-0.06562350928518801,-0.018127422570165863,0.002643677618585638,0.02699418526090878,0.020379188307885526,142.8141860961914,146.93266805013022,-0.02371250595853691,-0.05107757377786004,0.24274649412085395,0.378389100339501,0.5028299581646397,1,4.0,False,0.0,-0.0
187.42999267578125,188.69000244140625,173.44000244140625,174.6300048828125,199027900,AMZN,2024-04-19,0.028574644075189726,1,-0.061784772461809134,-0.0564110986558547,-0.023704312350414924,-0.0020572638382231334,0.09747366919036349,0.39514266547411525,-0.061784772461809134,0.03864654684577767,0.03501337207513308,181.55250549316406,176.98583475748697,-0.03812946889136826,-0.013310838564580707,0.8030484908787653,0.14234885657725638,0.4970875535269114,0,5.0,False,0.0,0.0
513.2405552726893,515.0384255513786,472.52661920207805,477.8306579589844,75578600,META,2024-04-19,-0.07853327036053837,0,-0.06022661318445066,-0.08774209343329264,-0.05594797714313826,-0.006115313070196304,0.22185099689659138,0.5602800093631419,-0.06022661318445066,0.06697892696659784,0.0731142371124954,498.0957489013672,488.91621653238934,-0.040685131296705146,-0.022673738768635432,0.7996317710924341,0.17893170399187608,0.4940655479474384,0,6.0,False,0.0,-0.0
406.989990234375,409.05999755859375,395.6600036621094,405.0799865722656,15569000,BRK.B,2024-04-19,-0.00735652356949601,0,0.004513159655226806,-0.0323443903847247,-0.015840669180190003,-0.029097393732127497,0.05106381159172302,0.2060977914598754,0.004513159655226806,0.02449689718853251,0.01963689546111998,411.8699951171875,407.4824956258138,-0.01648580529152155,-0.005895981003695372,0.8261456720430662,0.07410007295656929,0.4935738229437408,0,7.0,False,0.0,-0.0
420.15122525352587,420.36790078356154,391.7570408652649,393.0866394042969,104490300,MSFT,2024-04-19,0.01803975463064278,1,-0.05399375858972422,-0.06204165835315223,-0.06908615200332391,-0.027343163004817317,-0.010080748045317556,0.22652725730817402,-0.05399375858972422,0.027385131408374227,0.027154190703332314,410.5141296386719,408.6260045369466,-0.042452838955176486,-0.0380283314329416,0.7044078639365077,0.21248441102163618,0.4807146034686328,0,8.0,False,0.0,0.0
173.61853482041673,174.875926929409,162.45052746983075,163.36138916015625,309416500,AAPL,2024-04-19,0.026060587039928418,1,-0.06542059011777424,-0.027007897502059897,-0.04225687769565223,-0.09598955183135538,-0.14140651621651945,-0.04310391058097052,-0.06542059011777424,0.04363740191502011,0.02990604316244054,168.9577522277832,174.6806208292643,-0.03312285464168652,-0.06479958460974133,0.0,0.11666436145876435,0.47145259127464645,0,9.0,False,0.0,0.0
157.5578028687453,157.93469279815042,151.05158377553497,152.826904296875,122177700,GOOGL,2024-04-19,0.11590614461507487,1,-0.023077257712398547,0.01042632321511161,0.022020296599913447,0.07036702338214829,0.012484424543623751,0.13635710221487019,-0.023077257712398547,0.023730664156734985,0.043445901837983456,152.55166244506836,145.1015714009603,0.0018042533748574563,0.05324086308181486,0.8976384868283004,0.023978631649480553,0.45546148962286426,0,10.0,False,0.0,0.0
406.8399963378906,411.3500061035156,400.3500061035156,402.1000061035156,13468400,BRK.B,2024-04-26,-0.0030589678379946417,0,-0.00735652356949601,-0.002876565079645732,-0.04380287118659987,-0.012306205763340516,0.029046720674384297,0.21220348033432712,-0.00735652356949601,0.01785144730474596,0.019655500071955823,407.26499938964844,408.42832946777344,-0.012682143797953072,-0.015494330112958421,0.7367069016584448,-0.0775921404527663,0.5729622877809697,1,1.0,True,0.5,-0.0015294839189973208
266.39344628450857,278.2407690758451,264.8301589081286,269.9033508300781,36614100,V,2024-04-26,-0.02196548628009365,0,0.017569722829904988,-0.005218216212069748,-0.01633948582281841,-0.03051296298874362,-0.007749794155208378,0.20215205532388558,0.017569722829904988,0.01645585524829811,0.012493885050287376,269.73624420166016,274.02701568603516,0.0006195186298101341,-0.0150483880052239,0.7783726757719648,0.06580872025581197,0.554853594626128,1,2.0,True,0.5,-0.010982743140046825
139.99327989435628,141.85975213587426,137.58007957960362,137.75918579101562,43811100,JNJ,2024-04-26,0.021417923822127705,1,-0.01196690485638685,-0.009354863876333885,-0.07617443816692149,-0.09856897278019949,-0.059769046210128796,0.019428359533276707,-0.01196690485638685,0.018229176547279777,0.020107056528165444,139.97443771362305,146.2029062906901,-0.015826117673997442,-0.05775343810803679,0.06771044833063558,0.09013139846711127,0.5460617488688854,1,3.0,False,0.0,0.0
486.4223944308952,506.56586713703933,411.7089227857851,440.3050537109375,185705100,META,2024-04-26,0.019558333996399835,1,-0.07853327036053837,-0.13403009064887506,-0.08709169371988446,-0.11747952446378374,-0.06574807090876145,0.4955019107977878,-0.07853327036053837,0.07385887956176951,0.049570085629063156,487.59444427490234,486.3340072631836,-0.09698508897960989,-0.09464473564427744,0.6055353063378905,0.8694482460436384,0.540796349908664,1,4.0,False,0.0,0.0
153.04507926507185,173.27786687075127,149.63326920623868,170.5404815673828,192151900,GOOGL,2024-04-26,-0.02739156953837507,0,0.11590614461507487,0.09015409093294369,0.13926992397555793,0.25382810776925213,0.20768352529702216,0.40746509747445536,0.11590614461507487,0.059224959949058145,0.049216496059281904,157.76358795166016,147.54553731282553,0.08098759531025368,0.1558498120197529,1.0,0.323643928493625,0.5142362762287631,1,5.0,False,0.0,-0.0
394.0321015888098,406.7568397543272,382.16426819567243,400.1778259277344,121367900,MSFT,2024-04-26,0.000836725189386156,1,0.01803975463064278,-0.03692803811562617,-0.034226947141176245,-0.02209386179283168,-0.010088426030249842,0.23676567719642883,0.01803975463064278,0.032507346652540646,0.02715370044048812,406.9685592651367,408.28614552815753,-0.016686137498347242,-0.01985940421743737,0.7099786237340284,0.23617648489268306,0.48807999590758727,0,6.0,False,0.0,0.0
178.30659681566635,186.81976155716063,178.29700056215378,185.4967803955078,43855000,JPM,2024-04-26,-0.015401444320863877,0,0.04138882373691932,0.05853724458178178,-0.028364084936559286,0.050346345017214356,0.11382539901705857,0.44313332348033874,0.04138882373691932,0.04971260549678098,0.02965357263086969,182.03829193115234,179.72211456298828,0.018998686637114126,0.03213108106679696,0.9023430996654602,-0.16944276626409271,0.4794164107744949,0,7.0,False,0.0,-0.0
176.94000244140625,180.82000732421875,166.32000732421875,179.6199951171875,202325700,AMZN,2024-04-26,0.036688630307445624,1,0.028574644075189726,-0.03497560626898233,-0.004213381445015263,0.007855425243492586,0.045457177519196756,0.40613745201989326,0.028574644075189726,0.042198576060902715,0.02792345114896326,181.3625030517578,177.63666788736978,-0.00960787321110712,0.011165077871620799,0.8630336643631341,0.053183706199590786,0.4784846250100729,0,8.0,False,0.0,0.0
163.87623994630854,169.63841695172266,163.1336881290828,167.61868286132812,241302700,AAPL,2024-04-26,0.08316606066167331,1,0.026060587039928418,-0.04106490206081359,-0.012712794770182612,-0.05766453532126603,-0.08788794656720533,0.009032098533186428,0.026060587039928418,0.047431746265675964,0.030924221887912752,168.4181671142578,173.3346913655599,-0.004747019081304371,-0.032976713773798516,0.13305184809334603,-0.13203581993775582,0.4524809005362943,0,9.0,False,0.0,0.0
140.55999755859375,172.1199951171875,138.8000030517578,168.2899932861328,649063900,TSLA,2024-04-26,0.07665345338353169,1,0.1444405970321474,-0.0161356896602326,-0.042664544549997685,-0.1695124664773876,-0.1044117396285954,-0.18818142398138382,0.1444405970321474,0.12338727316235241,0.0839439926130232,162.8224983215332,177.07916641235352,0.03357948085161233,-0.049634145587482026,0.19953020989471937,0.23013183241700852,0.39587898094430857,0,10.0,False,0.0,0.0
267.7404017763637,269.8542392256118,262.0182679236362,263.97479248046875,25548600,V,2024-05-03,0.04562536141927698,1,-0.02196548628009365,-0.004781690955953932,-0.03121182213927287,-0.04124414544306654,-0.028723202496550804,0.10658181947274437,-0.02196548628009365,0.01888405431325913,0.013939202570707106,267.61009979248047,273.37648010253906,-0.013584342724100251,-0.03439098937313079,0.6106311978794234,-0.2595595949525571,0.5949484876804304,1,1.0,True,0.5,0.02281268070963849
402.6600036621094,404.8699951171875,396.3500061035156,400.8699951171875,14830400,BRK.B,2024-05-03,0.02788932275291134,1,-0.0030589678379946417,-0.010392988038492201,-0.04240122356083609,-0.005655460284794911,0.006300858163276191,0.13945026548150574,-0.0030589678379946417,0.01804231595941785,0.018957291406470247,402.82749938964844,408.6374969482422,-0.004859410728976776,-0.01900829436618856,0.7191252673450969,0.02163950462498132,0.5643618670824596,1,2.0,True,0.5,0.01394466137645567
137.75919652263332,143.59424450914054,136.24155411769405,140.70970153808594,44430700,JNJ,2024-05-03,0.0042875650744651495,1,0.021417923822127705,0.009194712709140074,-0.020473857955208175,-0.06425526638262158,-0.040550123864746546,0.0017695313832457593,0.021417923822127705,0.022594762772582978,0.021473397646776502,139.23916625976562,145.70732752482095,0.010561218641433667,-0.03429907110116803,0.25031872517485027,0.027950655444142658,0.5169466389412819,1,3.0,False,0.0,0.0
167.67419013378634,168.1601789863469,161.26713096501757,165.86911010742188,171623000,GOOGL,2024-05-03,0.008430878059846547,1,-0.02739156953837507,0.0853397238565512,0.09665582661567962,0.23506408293600445,0.12241622688044052,0.2954300640553007,-0.02739156953837507,0.06684959686944994,0.04980028628783624,161.41838455200195,149.05307896931967,0.0275726062292867,0.1128190793131052,0.8825148198193186,0.1197195595838021,0.5033998708558642,1,4.0,False,0.0,0.0
399.12396145400385,400.9952480161036,383.28702520862055,400.5126647949219,107082100,MSFT,2024-05-03,0.019869096302125522,1,0.000836725189386156,0.01889157413713871,-0.04432214880438312,0.0010832356074441662,-0.03123985953715047,0.15713995257877178,0.000836725189386156,0.030757423536474537,0.026172074973904846,402.32484436035156,407.20985921223956,-0.004504269599136634,-0.01644654289626879,0.6419584607901856,0.03674726440796783,0.4889221096399387,0,5.0,False,0.0,0.0
182.75,187.8699951171875,174.8000030517578,186.2100067138672,336824300,AMZN,2024-05-03,0.006820197453853094,1,0.036688630307445624,0.0663116389352767,0.006159827873412738,0.06193327762954559,0.06741192302292842,0.3435064827832206,0.036688630307445624,0.04468982345394898,0.029349285033223753,181.64750289916992,178.61666870117188,0.02511734949216371,0.04251192269966175,1.0,0.4511595944973654,0.4777999519294323,0,6.0,False,0.0,0.0
188.4199981689453,198.8699951171875,176.02000427246094,181.19000244140625,628370700,TSLA,2024-05-03,-0.07020255560080668,0,0.07665345338353169,0.2321659209869722,0.09878719919873302,0.03336378593417044,-0.06395621436370924,-0.17625933392016357,0.07665345338353169,0.12156060232496196,0.08678343501460323,166.89500045776367,176.0474993387858,0.08565266751211187,0.029210884118974212,0.32071395367205024,0.14695540236346982,0.45737789914282984,0,7.0,False,0.0,-0.0
185.4871603065969,186.93480098954225,180.67456103420002,182.63986206054688,36411300,JPM,2024-05-03,0.04335725026120585,1,-0.015401444320863877,0.025349931751765142,-0.03514823000538958,0.018070723315450232,0.09491620558378178,0.3482718962788576,-0.015401444320863877,0.04993756846898116,0.03045743988099447,180.37496185302734,181.0415064493815,0.012556621962670267,0.008828669416823809,0.8415346709316877,-0.3003400656304088,0.4506212731449989,0,8.0,False,0.0,0.0
436.60018048581003,451.11182764572453,424.23396143290347,448.91668701171875,91987400,META,2024-05-03,0.0536330747400664,1,0.019558333996399835,-0.06051091629567962,-0.14294365525762254,-0.10671011511092898,-0.03347593023518636,0.4381421795573075,0.019558333996399835,0.04290645551950522,0.04992127401842085,468.8763656616211,485.0383071899414,-0.04256917198574872,-0.07447168531387238,0.6284218618708854,-0.10511129270760367,0.44102949829844534,0,9.0,False,0.0,0.0
171.64826373021612,185.14291355827163,167.43056733625505,181.55886840820312,441926300,AAPL,2024-05-03,-0.00044568111218068474,0,0.08316606066167331,0.11139400406424338,0.08137758871807232,0.0740935624212109,-0.02896495599729909,0.040792162972715706,0.08316606066167331,0.0626168632710181,0.04013294968091297,171.8339080810547,172.88338216145834,0.05659511813326823,0.05018114603196855,0.56872004013406,0.34436954790240715,0.4319275520230619,0,10.0,False,0.0,-0.0
141.27531092437323,141.4921481138665,139.4277202708287,141.31300354003906,32368200,JNJ,2024-05-10,0.03155222890094245,1,0.0042875650744651495,0.025797319638740213,0.016201125348811685,-0.052282089142752786,-0.04241439948399861,0.03400909307410371,0.0042875650744651495,0.013665185619507417,0.021402271829021997,139.80239868164062,145.18572870890299,0.010805285693548106,-0.02667428268124572,0.23592113913292753,-0.24242293032688567,0.5507305759458818,1,1.0,True,0.5,0.015776114450471224
403.9599914550781,412.3800048828125,399.260009765625,412.04998779296875,14842300,BRK.B,2024-05-10,0.011867527710968995,1,0.02788932275291134,0.024745042373591986,0.021797296569160185,0.009604740801357758,0.014926470367152112,0.1754050395441864,0.02788932275291134,0.01571413072827997,0.019876264149476065,405.0249938964844,409.1424967447917,0.017344593549404097,0.007106304212614267,0.8744068666358353,0.01122634776639786,0.5465767547457583,1,2.0,True,0.5,0.005933763855484497
452.51225464015755,474.2847034264408,450.2873477934908,472.99346923828125,60373000,META,2024-05-10,-0.009008745697316911,0,0.0536330747400664,0.07424038232548624,-0.06974015349628082,-0.016318873878828355,0.007152193598213286,0.4499656804830048,0.0536330747400664,0.0631900530194434,0.052361669206505104,460.01146697998047,485.31821695963544,0.02822104053955199,-0.025395188745571562,0.7479107006657285,-0.4161841060950706,0.5380926461721406,1,3.0,False,0.0,-0.0
265.1153016970393,276.3038692145795,265.03666025547466,276.01873779296875,37300700,V,2024-05-10,-0.00043307695148320224,0,0.04562536141927698,0.022657691888903875,0.01732124294169135,-0.008126065600935095,0.00782585925443069,0.146843738901127,0.04562536141927698,0.03309417553307907,0.019579638468819445,268.78499603271484,273.5550893147786,0.026912743892049118,0.009006041468141879,0.9171100469085726,0.06538347015732682,0.5167283494248687,1,4.0,False,0.0,-0.0
186.27999877929688,191.6999969482422,184.8000030517578,187.47999572753906,172420800,AMZN,2024-05-10,-0.014828242173298256,0,0.006820197453853094,0.04375905146430692,0.007252945840604985,0.07487672110822796,0.10601145538930701,0.30593479322831163,0.006820197453853094,0.044721073619807615,0.02731246291563462,181.98500061035156,180.11416880289713,0.030194769342297922,0.040895321970491505,1.0,-0.242604673167225,0.5063260004566073,1,5.0,False,0.0,-0.0
402.58092459776026,409.1008292398404,400.22703898277103,408.4704895019531,76899100,MSFT,2024-05-10,0.015016555021042155,1,0.019869096302125522,0.020722446464878086,-0.01697083094365215,-0.004034383862047908,0.0264316427263922,0.1262755392902999,0.019869096302125522,0.034535551940687796,0.024347601185491535,400.56190490722656,408.0864028930664,0.01974372624515608,0.0009411894298947399,0.7729804202156951,-0.2494708903048365,0.4764857214195414,0,6.0,False,0.0,0.0
183.80946343667284,191.10506941270592,181.97837830963059,190.55862426757812,40334600,JPM,2024-05-10,0.030286224471411494,1,0.04335725026120585,0.027288041664538243,0.08742265301539498,0.050601268365195295,0.1167370205907512,0.3737777195979579,0.04335725026120585,0.027449011786601033,0.03190143458629595,184.2049217224121,182.7014948527018,0.034492577536775704,0.04300528258518588,0.9923463432602389,-0.12218955322302283,0.46266831928429764,0,7.0,False,0.0,0.0
166.0872775523427,170.35205118536106,164.66899190079099,167.2675323486328,114626700,GOOGL,2024-05-10,0.043937239812462,1,0.008430878059846547,-0.019191626461174338,0.06923226083463763,0.1945743531758417,0.20018492100074115,0.27196618686362073,0.008430878059846547,0.06689305991876318,0.04507435076120101,164.12600708007812,151.3780288696289,0.0191409352146239,0.10496571792917453,0.917685195454296,-0.23655910218683862,0.45891565896667574,0,8.0,False,0.0,0.0
183.8000030517578,187.55999755859375,167.75,168.47000122070312,377983200,TSLA,2024-05-10,0.053362648709112115,1,-0.07020255560080668,0.0010696294595737843,-0.015083319409670004,0.02995655485159876,-0.1574393408752478,-0.2151408990864062,-0.07020255560080668,0.1308002262387473,0.08810803251959065,166.25,173.42416636149088,0.013353390801221776,-0.02856675193964109,0.201221219192332,-0.2862437526439542,0.44843241109505666,0,9.0,False,0.0,0.0
180.5390848280799,183.50042466657956,178.62824383792136,181.4779510498047,300675100,AAPL,2024-05-10,0.0372576616205087,1,-0.00044568111218068474,0.08268331400708129,0.038223029754503424,0.06185994919145421,0.005420986163661157,-0.015385314616943035,-0.00044568111218068474,0.061659737062683094,0.03877427780232896,173.50422286987305,172.9649225870768,0.045956968931597064,0.04921823648053336,0.5661911556282105,-0.07006785479176625,0.44540982045544275,0,10.0,False,0.0,0.0
141.43554488557442,145.97912842069556,141.12448228398986,145.77174377441406,33543500,JNJ,2024-05-17,-0.04191652368810472,0,0.03155222890094245,0.035975076210064794,0.045500569409645975,-0.0038007267137968315,-0.044488370585759496,0.04854734115956538,0.03155222890094245,0.01917503760413513,0.0210555640580514,141.38840866088867,144.6201375325521,0.031002082526004893,0.007962972940768864,0.5319157988142305,-0.1296078259656771,0.5402601300477786,1,1.0,True,0.5,-0.02095826184405236
469.56665421428306,479.25098197914036,456.9819652481851,468.7323913574219,65663400,META,2024-05-17,0.013371140309111906,1,-0.009008745697316911,0.04414116231145093,-0.0190407761620508,-0.07392346039568709,-0.025039648924916613,0.41001291825987596,-0.009008745697316911,0.05614321628574992,0.051970325515390964,457.73690032958984,484.3150227864583,0.02402142151946851,-0.032174577900522916,0.7267637200099596,-0.3494307690135633,0.5382546456679888,1,2.0,True,0.5,0.006685570154555953
414.05999755859375,417.3299865722656,408.1700134277344,416.94000244140625,14775700,BRK.B,2024-05-17,-0.02285700274258562,0,0.011867527710968995,0.040087827774490714,0.029278207421449043,0.012973751843306847,-0.0006711058397911307,0.16161928774234546,0.011867527710968995,0.015988531546394034,0.018452440302430536,407.98999786376953,409.1191635131836,0.021936823511602865,0.019116285976593206,0.9469159780150361,0.020477650698933703,0.5177223633522503,1,3.0,False,0.0,-0.0
411.6911003868472,419.744796345379,404.60978666771797,414.60430908203125,85671300,MSFT,2024-05-17,0.023678553284565584,1,0.015016555021042155,0.035184016701007126,0.054740272298095194,-0.0181276744779183,0.025900337104903137,0.14031749175970143,0.015016555021042155,0.008637497370475433,0.024322368451213,405.94132232666016,408.9586766560872,0.021340490063241235,0.013804897042670516,0.8739709659655033,-0.12361298796686826,0.517604976927426,1,4.0,False,0.0,0.0
188.0,188.30999755859375,182.72999572753906,184.6999969482422,211066900,AMZN,2024-05-17,-0.021386015232848554,0,-0.014828242173298256,-0.008109176258960682,0.0576647299081694,0.032593514788408884,0.055488834506365325,0.2722138467159023,-0.014828242173298256,0.023161875328317396,0.027007051158634433,184.50249862670898,180.92333475748697,0.0010704371106258215,0.02087437861908481,0.9341856197439529,-0.08494135888875987,0.49034923066546765,0,5.0,False,0.0,-0.0
276.7266944421913,278.1450424936234,269.6575980800617,275.8992004394531,66862200,V,2024-05-17,-0.020028615151650886,0,-0.00043307695148320224,0.04517252517535986,0.04017483316431725,-0.009325896957089963,-0.010513614013774042,0.1265493509141855,-0.00043307695148320224,0.028617884130622613,0.018809375903080582,271.4490203857422,273.310796101888,0.016394165089956836,0.009470552844901947,0.8998546192656318,0.6079833771830674,0.48639277776643786,0,6.0,False,0.0,-0.0
170.0,180.0,169.0,177.4600067138672,370347300,TSLA,2024-05-17,0.01003042213430616,1,0.053362648709112115,-0.02058610120470239,0.20680042863654924,0.038810541542751764,-0.07558469768489584,-0.24259494493192324,0.053362648709112115,0.08960072598307406,0.08938918077139238,173.85250091552734,172.2150001525879,0.020750381957937325,0.030456153973998035,0.2856740679560117,-0.26872607292918615,0.477116100920461,0,7.0,False,0.0,0.0
162.91353709798523,174.82509128603235,162.65567379498282,174.61680603027344,135750300,GOOGL,2024-05-17,-0.006077411939001798,0,0.043937239812462,0.05273854738345363,0.14257896431030437,0.167738891993239,0.22297884500787846,0.3011601950065419,0.043937239812462,0.061166739042726334,0.0457434336245741,169.57348251342773,154.03110376993814,0.02974122747314789,0.1336463983993923,1.0,-0.11585195779741131,0.4738703528389958,0,8.0,False,0.0,-0.0
190.5874094528372,196.57919405411525,189.85879632323068,196.32992553710938,41773800,JPM,2024-05-17,-0.019922624938620515,0,0.030286224471411494,0.07495660214649158,0.1022066786470146,0.047627662817479655,0.11954210652161135,0.3562014699454248,0.030286224471411494,0.027481927308939287,0.032042125153365186,188.75629806518555,184.4484659830729,0.04012383983769552,0.06441614730006395,1.0,0.02907164724553768,0.4581453774836179,0,9.0,False,0.0,-0.0
183.84740874901934,189.458844598736,183.03444380225457,188.23939514160156,288966500,AAPL,2024-05-17,0.0005792586963988544,1,0.0372576616205087,0.03679537547225986,0.1522881637414053,0.10359606373603714,0.04168053932329241,0.0035855540447733425,0.0372576616205087,0.03489154430311814,0.04015212559498259,179.72372436523438,173.59258778889975,0.04738200705801998,0.0843746126448286,0.7775044206598848,-0.091921834002608,0.4563352591451979,0,10.0,False,0.0,0.0
275.03237376926955,276.0666142744857,268.9352335018416,270.3733215332031,26697200,V,2024-05-24,-0.007395486451804323,0,-0.020028615151650886,-0.02045301817154177,0.0017412555334330726,-0.01462668150948776,-0.02882483832095617,0.08340836117847217,-0.020028615151650886,0.03142680426544849,0.019622314271540965,271.56651306152344,272.6420644124349,-0.004393735865548365,-0.008321323725746677,0.6964267718260488,-0.3172451404557419,0.5470313398511721,1,1.0,True,0.5,-0.0036977432259021614
414.6043237478942,427.81570226312846,414.3872573782501,424.4215393066406,84866100,MSFT,2024-05-24,-0.034940494102259634,0,0.023678553284565584,0.03905067860382405,0.060582350665487006,0.024281854610395115,0.03714999078996728,0.14387509319853242,0.023678553284565584,0.009992235186468782,0.02494747421360054,412.0022506713867,410.2255503336589,0.03014373978544005,0.03460532617101841,1.0,-0.04246378046173038,0.5085555194256559,1,2.0,True,0.5,-0.017470247051129817
417.0400085449219,417.2799987792969,404.8699951171875,407.4100036621094,14144200,BRK.B,2024-05-24,0.017157139421083656,1,-0.02285700274258562,-0.011260731145053882,0.013205663959196201,-0.031175653224741917,0.0007369465779323292,0.12333189558188451,-0.02285700274258562,0.021622210087539912,0.018291186413909907,409.31749725341797,409.1441650390625,-0.004660180920943224,-0.00423850936939929,0.8056052064506846,-0.03440366189587085,0.5020045524757185,1,3.0,False,0.0,0.0
145.48668054107242,146.41793510153835,139.461935491968,139.6614990234375,37365500,JNJ,2024-05-24,-0.0020411115393926815,0,-0.04191652368810472,-0.011686854537301228,0.013808975579368887,-0.06341735354397171,-0.08612113373883579,-0.021095389354124583,-0.04191652368810472,0.032510566090915405,0.023663024676702067,141.86398696899414,143.52336502075195,-0.015525349263150301,-0.02690757701198032,0.12628557131381768,0.011875465022520793,0.48980460124489783,0,4.0,False,0.0,-0.0
187.70403175639103,191.16406816634918,185.02721720275102,188.3484344482422,208652100,AAPL,2024-05-24,0.011948699257420925,1,0.0005792586963988544,0.03785850214140862,0.12367208256888595,0.10938706999420389,0.058876054074071815,0.0026868061781595287,0.0005792586963988544,0.039461988165538385,0.03969459577530815,184.9061622619629,174.4653065999349,0.01861631945723108,0.07957529275515274,0.7809121914837204,-0.3270481043685798,0.48078827849747957,0,5.0,False,0.0,0.0
466.7855247891009,476.6189070760728,458.4321759489414,474.9998779296875,57338100,META,2024-05-24,-0.023817594525492036,0,0.013371140309111906,0.004241937409066976,0.0787972427896031,-0.015157036265284751,-0.047939344286160424,0.41539011627357136,0.013371140309111906,0.025918667169616123,0.05078652819170371,466.41060638427734,482.3218739827474,0.0184156865813927,-0.015180725668937356,0.757868154383091,-0.16708738572765514,0.47569285695076957,0,6.0,False,0.0,-0.0
184.33999633789062,186.6699981689453,180.0800018310547,180.75,170641500,AMZN,2024-05-24,-0.02384507639609268,0,-0.021386015232848554,-0.03589714039315228,0.006291086257269152,0.0020511980661486184,0.014195930658555955,0.2317704322862404,-0.021386015232848554,0.02618209573652069,0.02762421283555025,184.7849998474121,181.13416798909506,-0.021836187194545276,-0.002120902938192115,0.8406724127965783,-0.23389267790069856,0.4667190009994423,0,7.0,False,0.0,-0.0
174.74573004665857,177.30458297385175,171.53229263275466,173.5555877685547,95028100,GOOGL,2024-05-24,-0.014229472666018927,0,-0.006077411939001798,0.03759280316765712,0.01767970967046062,0.15941188546773355,0.27599542469127547,0.28019637841890366,-0.006077411939001798,0.029997218902931652,0.041771993471008684,170.3272590637207,157.15941619873047,0.01895368200357317,0.10432827994913785,0.9757921047621136,-0.2648128796094448,0.46343772098511216,0,8.0,False,0.0,-0.0
177.55999755859375,186.8800048828125,173.25999450683594,179.24000549316406,402867400,TSLA,2024-05-24,-0.006471789927241511,0,0.01003042213430616,0.06392832073617516,0.06506632981090932,0.019625759933989295,-0.11547569071735664,-0.23873430530319562,0.01003042213430616,0.06463432366162646,0.08763473324741274,176.59000396728516,170.2650006612142,0.015006520563699777,0.05271197719493692,0.3023955224447548,-0.09446053386197084,0.46260570396132045,0,9.0,False,0.0,-0.0
195.94649233225823,197.3749445599267,187.32787083564088,192.41851806640625,56645000,JPM,2024-05-24,0.009565880063503451,1,-0.019922624938620515,0.009760218441840163,0.037314597353874435,0.007892118008596238,0.08953959596364536,0.3229496302345325,-0.019922624938620515,0.031958972686897444,0.03318853061740127,190.48673248291016,185.76623026529947,0.01014131303695609,0.0358099951299351,0.9180981915579197,0.2935254648910426,0.46092296302312735,0,10.0,False,0.0,0.0
270.11724319447274,270.3437745284573,264.23678133459225,268.373779296875,25493700,V,2024-05-31,0.02279228553052559,1,-0.007395486451804323,-0.027275980251452725,0.016664420019315784,-0.015067529033654048,-0.025267035186751774,0.06638023140770866,-0.007395486451804323,0.02862849818195236,0.01950281033627785,272.666259765625,272.0623321533203,-0.015742616898913986,-0.01355774916450625,0.624654398072078,-0.34779455312246965,0.6279810404666983,1,1.0,True,0.5,0.011396142765262796
408.239990234375,415.3999938964844,401.5799865722656,414.3999938964844,14837500,BRK.B,2024-05-31,-0.00164090899082181,0,0.017157139421083656,-0.00609202410430465,0.03375158765709463,-0.010080744517523055,0.027905246608756373,0.16055671267906324,0.017157139421083656,0.021950648826945935,0.01860638566145932,412.6999969482422,410.0816650390625,0.004119207561940952,0.010530411929074113,0.9092527447266224,0.012803819814777295,0.5198727760479438,1,2.0,True,0.5,-0.000820454495410905
189.86531862155948,191.3425280405038,187.47602704829728,190.5989532470703,230395500,AAPL,2024-05-31,0.024135197776527617,1,0.011948699257420925,0.01253487934177544,0.04979148040591519,0.13522097973812408,0.1275742709886265,0.007929426906294612,0.011948699257420925,0.017538828864375855,0.03568779530186531,187.1661834716797,176.26234436035156,0.018340758526553147,0.08133676502911436,0.8512469408270592,-0.1041200782510403,0.5146657279875912,1,3.0,False,0.0,0.0
179.92999267578125,184.0800018310547,173.8699951171875,176.44000244140625,150024900,AMZN,2024-05-31,0.044547724447928205,1,-0.02384507639609268,-0.044721140461905895,-0.052467665110359274,-0.046631029022946135,0.006216118049332531,0.20002723190017857,-0.02384507639609268,0.013949190721497383,0.028158678893749536,182.34249877929688,181.2250010172526,-0.03237038198667486,-0.026403633874946486,0.7386364621564604,-0.1477723413099491,0.4968479630531091,0,4.0,False,0.0,0.0
139.49043154659668,140.14615255716046,136.56361436413783,139.37643432617188,41875100,JNJ,2024-05-31,0.002795326649130958,1,-0.0020411115393926815,-0.04387207892730649,-0.00947530410014541,-0.029755166025124735,-0.07312173229375574,-0.0593619456646155,-0.0020411115393926815,0.03032387739416133,0.023533410934547038,141.53067016601562,142.60707728068033,-0.015220982401318639,-0.022654155853358393,0.10736147535420636,0.15396311322659018,0.4829782980176173,0,5.0,False,0.0,0.0
423.8986396092449,425.1911706830153,399.1137199488239,409.592041015625,107624900,MSFT,2024-05-31,0.02100560652182848,1,-0.034940494102259634,-0.012089281169083477,0.02266938606136737,-0.02265751864533161,0.023777177954992235,0.11251451928996414,-0.034940494102259634,0.02746069920092818,0.02635241092161798,414.2720947265625,411.0182800292969,-0.011297052759555393,-0.0034700135808319876,0.764234028534527,0.2124652243245817,0.47769256456412906,0,6.0,False,0.0,0.0
173.01998246270298,175.8168734132129,168.05106912485823,171.0859832763672,104531300,GOOGL,2024-05-31,0.011362263073621648,1,-0.014229472666018927,-0.020220406237954625,0.031451746293005955,0.13114756744514278,0.2739090051281119,0.30820570919197166,-0.014229472666018927,0.02571635605195158,0.041893527259796205,171.63147735595703,160.22491455078125,-0.0031782869202862107,0.06778639112423224,0.9180855040695995,-0.07070154804101203,0.4673466509691015,0,7.0,False,0.0,0.0
191.6035819904328,194.901490452382,188.75628625159806,194.25917053222656,34277200,JPM,2024-05-31,-0.013226094573005387,0,0.009565880063503451,-0.01054732231583011,0.0636186883881229,0.026234374090626345,0.08283904741912673,0.30750292419822944,0.009565880063503451,0.0275936046018262,0.033098347635731176,193.39155960083008,187.00466028849283,0.004486291610591886,0.03879320564814903,0.9551452757093567,-0.20760374176590735,0.4607227177400104,0,8.0,False,0.0,-0.0
473.37087913585106,477.6220580395815,451.3998233629331,463.6865234375,47041400,META,2024-05-31,0.05597331329043942,1,-0.023817594525492036,-0.010764922614606043,0.03290106350044342,-0.11474559003579565,-0.07731992788388986,0.4387207970285658,-0.023817594525492036,0.03372287861055893,0.051012742364978325,470.10306549072266,479.08382415771484,-0.01364922401968316,-0.03213905363489389,0.6896012270712185,-0.18336538407288738,0.4567641303295542,0,9.0,False,0.0,0.0
176.39999389648438,182.6699981689453,173.16000366210938,178.0800018310547,259452200,TSLA,2024-05-31,-0.003369306476562417,0,-0.006471789927241511,0.003493717422129672,-0.01716430580300521,0.0799272796992585,0.01562681390664511,-0.25436502756874646,-0.006471789927241511,0.051232692878925803,0.0778638212924306,175.81250381469727,170.4933344523112,0.012897251146296806,0.044498322489349595,0.2914983529251221,-0.26430459261300876,0.4482956828978429,0,10.0,False,0.0,-0.0
268.99436088045644,276.1257086292697,264.03979892282126,274.4906311035156,23774000,V,2024-06-07,-0.0287436479300871,0,0.02279228553052559,0.01522823903987458,-0.005536242581470341,0.011689105757483276,-0.013617320312005687,0.0937135700236813,0.02279228553052559,0.01797313916900685,0.0205024025390047,272.2842330932617,271.7465464274089,0.008103289658708102,0.01009795602624064,0.8305458561982318,-0.33418797973213765,0.673298425992794,1,1.0,True,0.5,-0.01437182396504355
414.8900146484375,416.7200012207031,405.7699890136719,413.7200012207031,18073200,BRK.B,2024-06-07,-0.01977180859432892,0,-0.00164090899082181,0.015488077125928923,0.0040529389084060785,0.02593857858892945,0.01369660713746268,0.17174582801233385,-0.00164090899082181,0.017843933844736995,0.018366697713005527,413.1175003051758,410.54749806722003,0.0014584250608657978,0.007727493574844813,0.89383311336532,0.16920747979155948,0.5539143065779848,1,2.0,True,0.5,-0.00988590429716446
139.9275651914542,141.4955083392696,137.46636603871238,139.7660369873047,32224800,JNJ,2024-06-07,-0.0104706406001851,0,0.002795326649130958,0.0007485095362584904,-0.010947092723112783,0.005076677404286745,-0.06265684498826185,-0.03254318311923965,0.002795326649130958,0.030229288701814103,0.023653476022825807,141.14392852783203,141.82852045694986,-0.009762315353548101,-0.014542092542460194,0.13322535192720472,-0.11109456040284427,0.4984934101511958,0,3.0,False,0.0,-0.0
409.98676649158153,420.59334639709124,403.4649593325196,418.1957702636719,77304600,MSFT,2024-06-07,0.04416650448110149,1,0.02100560652182848,-0.014668833851221419,0.02380901683638581,0.006434127093068787,0.019678578261042023,0.1367333703632918,0.02100560652182848,0.027658496652445748,0.026054187558721586,416.7034149169922,411.6908365885417,0.0035813369731489963,0.01580053063369835,0.9010199497157318,-0.13010634745457317,0.47958118623332907,0,4.0,False,0.0,0.0
193.9523837810448,194.05784016408327,187.26073644389058,191.68988037109375,36249000,JPM,2024-06-07,-0.03085773409109649,0,-0.013226094573005387,-0.0037867337438959314,0.005936525349422794,0.09387816516055758,0.056838189426981156,0.2765359350604679,-0.013226094573005387,0.022871876278729008,0.03357778400904277,193.67437362670898,187.8637720743815,-0.010246545366090487,0.020366397706511385,0.8834438436509302,-0.1417561928438249,0.4778712997891254,0,5.0,False,0.0,-0.0
191.24334718637152,195.24867030234284,190.86662095571478,195.1990966796875,245994400,AAPL,2024-06-07,0.0792320978868355,1,0.024135197776527617,0.036372281253698846,0.07560778348283859,0.11672077179507867,0.1421448263190197,0.008679207733116145,0.024135197776527617,0.015786874994410345,0.035900921664892345,190.5964698791504,178.2867914835612,0.024148541698885806,0.09486011305378006,0.9950137627016479,0.010235126284832141,0.4758237940019633,0,6.0,False,0.0,0.0
171.12564767729586,176.41194296176616,169.75697011042396,173.0299072265625,119319600,GOOGL,2024-06-07,0.0145185652374209,1,0.011362263073621648,-0.0030288886042275642,0.034450050150314215,0.10606736584272469,0.23572749955102834,0.2923920236019615,0.011362263073621648,0.025773850179204506,0.04140658483400417,173.07207107543945,162.97551472981772,-0.00024362017866286223,0.06169265679825009,0.9631842138054861,0.04981883041854096,0.46469307080554434,0,7.0,False,0.0,0.0
177.6999969482422,186.2899932861328,175.9199981689453,184.3000030517578,149494100,AMZN,2024-06-07,-0.003472595654101518,0,0.044547724447928205,0.01964040415910273,-0.01696177057952719,-0.00983184754229638,0.05664490876351569,0.2501696197319683,0.044547724447928205,0.03250729830424472,0.030723204289717896,181.54750061035156,182.04833475748697,0.015161334814043137,0.012368519037926795,0.9247160650810623,-0.12220735689727102,0.4535429074698943,0,8.0,False,0.0,-0.0
178.1300048828125,182.63999938964844,172.1300048828125,177.47999572753906,312710900,TSLA,2024-06-07,0.002986245165965018,1,-0.003369306476562417,-0.009819290960087157,0.05348129899418974,0.0375913040693463,0.08503996931264268,-0.27214567588163874,-0.003369306476562417,0.027595074710562193,0.07467197366550658,178.06500244140625,171.6525001525879,-0.0032853548190059367,0.03394937778226881,0.2858618463895009,-0.0702659134110879,0.4485223055196393,0,9.0,False,0.0,0.0
467.68941896049296,499.4342020437463,465.0870657511374,489.6405944824219,54106600,META,2024-06-07,0.02373523508896458,1,0.05597331329043942,0.030822569084747453,0.03519525390265854,-0.03699942200313422,0.018302033114259375,0.4830442862855213,0.05597331329043942,0.034769916837913216,0.052365720104908454,474.2648468017578,479.8171869913737,0.03242017152304588,0.02047322971618515,0.8216577655593529,-0.034455129277558005,0.4325559648154771,0,10.0,False,0.0,0.0
139.24338373876677,140.2221629407793,136.72518209148672,138.30259704589844,28507300,JNJ,2024-06-14,0.022055762710536664,1,-0.0104706406001851,-0.007704582811757232,-0.051238645673844285,-0.008069463818137335,-0.054844628298249876,-0.04723872854426325,-0.0104706406001851,0.020100737132806357,0.023343965010045483,139.27664184570312,141.15974553426108,-0.006993597683693231,-0.020240533004284744,0.03607450109247605,-0.18534685692281427,0.5799314547465262,1,1.0,True,0.5,0.011027881355268332
413.3399963378906,413.94000244140625,403.3299865722656,405.5400085449219,17157000,BRK.B,2024-06-14,0.010060626538191952,1,-0.01977180859432892,-0.02138027384666341,-0.027342048807337593,0.0011356324378029026,-0.014723025920144628,0.13755963126205284,-0.01977180859432892,0.01849913506123153,0.01915402713913278,410.2675018310547,410.0424982706706,-0.011522953353686693,-0.010980544077108356,0.7661204789426288,0.06877385655929813,0.5724300000555705,1,2.0,True,0.5,0.005030313269095976
273.9686139056305,274.38229812832316,265.2316011968135,266.60076904296875,34893500,V,2024-06-14,0.016847806552537925,1,-0.0287436479300871,-0.006606495830372983,-0.03370227743202514,0.0051185723592031,-0.042713870422564804,0.05284848728807612,-0.0287436479300871,0.022531783635799003,0.02199301733188303,269.9596252441406,270.75524139404297,-0.012442068691324693,-0.015344014504332426,0.5150623731693121,0.259029536778449,0.5390829507811867,1,3.0,False,0.0,0.0
195.20899197297106,218.30889945026047,190.49978557066368,210.66513061523438,635503200,AAPL,2024-06-14,-0.02353060049325839,0,0.0792320978868355,0.1052795780161111,0.11913412416547153,0.28956500491497716,0.23507201422169177,0.07835070839514158,0.0792320978868355,0.034858822934301925,0.04044970955570215,196.2029037475586,181.62812678019205,0.07371056488686523,0.15987063429984705,1.0,0.9249722008758201,0.5143637531735983,1,4.0,False,0.0,-0.0
176.05999755859375,191.0800018310547,167.41000366210938,178.00999450683594,406948200,TSLA,2024-06-14,0.028088310512295322,1,0.002986245165965018,-0.00039312288577564303,0.003099221076078962,0.2105405699596008,0.04203004506715402,-0.29779094869098255,0.002986245165965018,0.007308494070813015,0.07386106050428695,178.20249938964844,172.25083287556967,-0.0010802591628727987,0.03343473895087956,0.2934874805305413,0.17787112058962995,0.5113240395194528,1,5.0,False,0.0,0.0
173.73488619485127,179.13651982603324,171.54047994095143,175.54205322265625,112108900,GOOGL,2024-06-14,0.01606430764641198,1,0.0145185652374209,0.026045792068721818,0.005298729334348273,0.14863318098530454,0.17392642431510308,0.3347881309768055,0.0145185652374209,0.013802600900159601,0.038375505095295276,173.30338287353516,165.1428426106771,0.012917637913362201,0.06297100405674394,1.0,0.04048303908299977,0.5100646453247019,1,6.0,False,0.0,0.0
191.00921185125108,192.5431055563028,182.99458959650315,185.77476501464844,43519200,JPM,2024-06-14,0.013004669018766846,1,-0.03085773409109649,-0.043675701354704444,-0.0537623619709765,0.04294944422276603,-0.00869527480172172,0.18690447907483554,-0.03085773409109649,0.01707437031445466,0.03380203064618296,191.03558349609375,187.72797775268555,-0.027538421822617565,-0.010404483984855384,0.7204220285825143,0.019839428579463192,0.4992454586903593,0,7.0,False,0.0,0.0
419.0344147777948,437.48495834500466,418.2352227759558,436.666015625,80442800,MSFT,2024-06-14,0.016291169439064612,1,0.04416650448110149,0.0660998552175045,0.05321147431346107,0.1108645572048581,0.0341191995506982,0.19814452069310584,0.04416650448110149,0.03389617001392547,0.02774572489966842,422.2188415527344,412.8914311726888,0.03421726519625534,0.05758071652101604,1.0,-0.08127949419595337,0.481544439002641,0,8.0,False,0.0,0.0
184.07000732421875,188.35000610351562,182.22999572753906,183.66000366210938,160872800,AMZN,2024-06-14,0.029511042474532623,1,-0.003472595654101518,0.040920432559508724,-0.00563071631465295,0.0517093198580425,0.02677927363828503,0.22464494343656383,-0.003472595654101518,0.03171850134736736,0.030100322066357623,181.28750228881836,182.44750213623047,0.013086954938080986,0.006645755692361144,0.9095645608762246,0.01974206432528991,0.4536667333154548,0,9.0,False,0.0,0.0
490.5345592888621,510.5488355125895,490.08760756920253,501.2623291015625,53075700,META,2024-06-14,-0.018605128020298345,0,0.02373523508896458,0.08103708812906074,0.0693998075318325,0.04903760516887856,-0.0096539267874024,0.5084080059104406,0.02373523508896458,0.03287921818627966,0.0504950521372578,482.39733123779297,479.4099934895833,0.0391067625008692,0.04558172734973254,0.8709660389839,0.003502522667135466,0.4494419065658157,0,10.0,False,0.0,-0.0
405.17999267578125,411.0,403.54998779296875,409.6199951171875,21265900,BRK.B,2024-06-21,-0.006884447433802565,0,0.010060626538191952,-0.009910098838389114,0.005424489912405406,0.018701787862534847,-0.02592027532876684,0.14910088847441982,0.010060626538191952,0.016132534314297176,0.018168928178833855,410.8199996948242,409.13416544596356,-0.0029209984385574206,0.0011874580816157998,0.8293141810716422,0.19247591597788416,0.5456761580571277,1,1.0,True,0.5,-0.0034422237169012826
137.8084688417842,141.66655782258937,137.54239380443985,141.35296630859375,36745200,JNJ,2024-06-21,-0.017411602351887656,0,0.022055762710536664,0.011354184145846657,0.012111192397214587,0.026087411136633598,-0.05207422091685032,-0.028104140077437223,0.022055762710536664,0.013784123233579838,0.023631559371498766,139.6995086669922,140.51264444986978,0.011835815726045196,0.0059804002836467696,0.23857407818218468,0.054741791314681265,0.5286938459007176,1,2.0,True,0.5,-0.008705801175943828
264.965650423225,273.87010023408544,264.965650423225,271.0924072265625,40724800,V,2024-06-21,-0.04632655331055768,0,0.016847806552537925,-0.01238010879748963,0.0026596029862770987,0.004405489568126697,-0.012005979689032609,0.06892964994883477,0.016847806552537925,0.023672510114180943,0.022399497656412904,270.13939666748047,270.480717976888,0.003527847366354697,0.0022614893004193615,0.6773432534418489,0.3043831974760982,0.5143078745350551,1,3.0,False,0.0,-0.0
177.9199981689453,188.80999755859375,177.0,183.00999450683594,296598800,TSLA,2024-06-21,0.08125244971482215,1,0.028088310512295322,0.031158434259747958,0.021033189567803534,0.08746807182810712,0.04107174183089679,-0.27532272363893673,0.028088310512295322,0.015688554112597404,0.07383468222579338,179.1449966430664,172.85249964396158,0.021574690536684482,0.05876394546677988,0.35453015924021064,-0.07001190944557079,0.5112575703030298,1,4.0,False,0.0,0.0
174.2214424940307,179.57340412547137,172.87101736722028,178.3620147705078,119407500,GOOGL,2024-06-21,0.014028756452681312,1,0.01606430764641198,0.030816103582391285,0.02769387643319643,0.04586320579864567,0.1915204949590561,0.2710170206042901,0.01606430764641198,0.014240671019980375,0.038156037058420265,174.50498962402344,167.5319455464681,0.02210266396848848,0.06464480066003753,1.0,0.04888954476968377,0.5072664152461535,1,5.0,False,0.0,0.0
185.4871828705368,191.21054490916163,184.68188745097152,188.19070434570312,47451600,JPM,2024-06-21,0.03036146305447396,1,0.013004669018766846,-0.01825435969085354,-0.021971969034934813,0.014522753141329225,-0.01425325639884345,0.18675386853402443,0.013004669018766846,0.020591677193924615,0.033550792963306854,189.97863006591797,187.5012181599935,-0.009411193877934987,0.0036772357666567945,0.7687942549222223,0.17529365870573455,0.5027120295929189,1,6.0,False,0.0,0.0
436.68574902549324,444.92436422206765,434.84070005199675,443.7798156738281,91967000,MSFT,2024-06-21,-0.006291940799257212,0,0.016291169439064612,0.06117719792819898,0.0456109659250854,0.10895653612243761,0.07100033937871308,0.20514857110796392,0.016291169439064612,0.03335197915680686,0.027069915387032233,427.05841064453125,415.34307352701825,0.03915484302032679,0.06846567081360044,1.0,0.029464153536988613,0.48698129333489976,0,7.0,False,0.0,-0.0
182.52000427246094,189.27999877929688,181.22000122070312,189.0800018310547,187780400,AMZN,2024-06-21,0.022054147073000685,1,0.029511042474532623,0.025935966902585816,0.046085763933912505,0.05266677970732214,0.04823149302991925,0.23243386838553315,0.029511042474532623,0.03103688924956898,0.031069434507889394,183.37000274658203,183.17250188191733,0.031139221240913173,0.03225101960416343,1.0,0.1588303231764645,0.480077522013049,0,8.0,False,0.0,0.0
211.5375569916551,217.06963733267014,205.3313122387871,205.7080535888672,501649200,AAPL,2024-06-21,0.015085062749591316,1,-0.02353060049325839,0.05383711855195927,0.09216757862351854,0.22723821758610652,0.21163658999180956,0.07456885832344962,-0.02353060049325839,0.042624539189003524,0.041777372840540235,200.54280853271484,184.62237930297852,0.025756321525285397,0.11420974188229671,0.8952075063433479,0.24359727042792745,0.45516535145319187,0,9.0,False,0.0,0.0
498.786655835113,507.81445501821185,489.56003146184884,491.936279296875,58487400,META,2024-06-21,0.019079244812952645,1,-0.018605128020298345,0.004688509981244149,0.03565559098879301,0.11726239603834676,0.01995812163783084,0.40297333668241464,-0.018605128020298345,0.037692809133161975,0.04869861832696706,486.63143157958984,480.21216074625653,0.010901161275312266,0.02441445575305501,0.8175459364705002,0.09984669347297803,0.44838928176234544,0,10.0,False,0.0,0.0
141.59054657000584,142.27474365974027,137.63739981323994,138.89178466796875,34329900,JNJ,2024-06-28,0.0021893098224954333,1,-0.017411602351887656,0.004260134188765585,-0.0034772711796381417,-0.012919627077917828,-0.03312897042349838,-0.052825136978782106,-0.017411602351887656,0.017366363636180427,0.021809535702148265,139.5783462524414,140.11606089274088,-0.004918825898903689,-0.008737586661883956,0.07518787853003474,0.04182169107605649,0.5719292240071485,1,1.0,True,0.5,0.0010946549112477166
410.70001220703125,417.0,405.7900085449219,406.79998779296875,22185800,BRK.B,2024-06-28,0.010742442885690595,1,-0.006884447433802565,0.0031069172498361386,-0.01833978333844788,0.014792807513687167,-0.028235649185629264,0.14058202101730677,-0.006884447433802565,0.012370475419005064,0.018211132000092733,408.9199981689453,408.149164835612,-0.005184413541693966,-0.0033055979501677157,0.7588751723653379,0.1278731194849132,0.5506388451839731,1,2.0,True,0.5,0.005371221442845298
443.79952742787026,450.08461670642896,440.4547666539863,440.9875793457031,92002700,MSFT,2024-06-28,0.04611245968157984,1,-0.006291940799257212,0.00989672556614618,0.07665075291070034,0.10105776448169501,0.05225651840211576,0.19291622968532063,-0.006291940799257212,0.020689963494584913,0.027234468799817297,434.9072952270508,417.16807810465497,0.01398064411745037,0.057098091851295774,0.9660549362732403,0.07694581277905033,0.5098356041550383,1,3.0,False,0.0,0.0
178.88827736336933,184.73669324083986,177.40878962737892,180.8642120361328,109272700,GOOGL,2024-06-28,0.04639032922732467,1,0.014028756452681312,0.030318426358645567,0.05715388585615555,0.09040322166676873,0.19579704640137052,0.30545522469346675,0.014028756452681312,0.0019569183758558805,0.03812768040914057,176.94954681396484,169.99980290730795,0.022123058762527625,0.0639083630864481,1.0,-0.050027091424265646,0.5063402916516073,1,4.0,False,0.0,0.0
189.3300018310547,199.83999633789062,185.3300018310547,193.25,312408400,AMZN,2024-06-28,0.03492884864165591,1,0.022054147073000685,0.05221603041854417,0.09527316552932019,0.03780673987596472,0.044199450759468295,0.2718836178413544,0.022054147073000685,0.02006895246825728,0.03083980175221581,187.57250213623047,183.85416793823242,0.030268284525234224,0.05110480859440836,1.0,0.5416998486347082,0.5040197790159358,1,5.0,False,0.0,0.0
271.1909057168588,276.184875794111,257.33192601181986,258.53363037109375,79133800,V,2024-06-28,0.03006033077459702,1,-0.04632655331055768,-0.030259247566441938,-0.03666583580393701,-0.02061243067281726,-0.05118090129207209,0.011891921591673293,-0.04632655331055768,0.033969891298873955,0.025983352993663642,267.67935943603516,269.3185729980469,-0.034166732482512785,-0.040045298424447484,0.15369233284788933,0.7730471902987854,0.4972715488987306,0,6.0,False,0.0,0.0
205.93610206103614,214.21437951883613,204.8158016590104,208.81117248535156,334805300,AAPL,2024-06-28,0.07463684307869345,1,0.015085062749591316,-0.00880049832864338,0.09555256693709668,0.1501017511073952,0.24369425839294756,0.09684100086402991,0.015085062749591316,0.04238296180209007,0.04085596999071383,205.09586334228516,188.0319849650065,0.01811498819391555,0.11050879202393227,0.9608073680251399,-0.22045486600004738,0.46622399537509013,0,7.0,False,0.0,0.0
184.97000122070312,203.1999969482422,182.00999450683594,197.8800048828125,388819500,TSLA,2024-06-28,0.2710733680313726,1,0.08125244971482215,0.11162300426459204,0.11118599982126098,0.09211326351631088,0.20000007402687503,-0.2036380864245103,0.08125244971482215,0.03848479621930063,0.07344673366030825,184.09499740600586,175.60083389282227,0.07487985915448303,0.12687394755533044,0.5620300802621732,0.10689845271157306,0.4603354810760335,0,8.0,False,0.0,0.0
189.6382886582382,194.2304148700683,188.17151534458446,193.90444946289062,47628100,JPM,2024-06-28,0.01811906177991629,1,0.03036146305447396,0.04376097285118985,-0.0018260196847545984,0.06167649972605349,0.0243604499223653,0.20337604174370627,0.03036146305447396,0.027190319440857497,0.034586692226216374,189.88994979858398,187.88549041748047,0.021141190824289557,0.032035252067821096,0.931101024321569,0.08958929446679087,0.4509029765252205,0,9.0,False,0.0,0.0
496.33088323813683,519.874839712924,491.4490995948573,501.3220520019531,60447100,META,2024-06-28,0.07078238746293453,1,0.019079244812952645,0.00011914500037857323,0.08116588829333526,0.11673739583858755,-0.04289312948545865,0.42743866356744076,0.019079244812952645,0.030546285143471526,0.04161266851685888,496.0403137207031,478.3399149576823,0.010647800461282442,0.04804561845169042,0.8713081348903213,0.06930754371192238,0.44632799336485546,0,10.0,False,0.0,0.0
138.80627134717227,141.30547744758792,137.3143270012343,139.19586181640625,18771100,JNJ,2024-07-05,0.023211369012775318,1,0.0021893098224954333,-0.01526041192144656,-0.004079497302697521,-0.014981931390574021,0.0009764698098115865,-0.07661370974076509,0.0021893098224954333,0.017327634048118868,0.01976004587983522,139.4358024597168,140.12737655639648,-0.001720796517665324,-0.006647628485468182,0.09537412113163703,-0.36559206107128217,0.7283676978877891,1,1.0,True,0.5,0.011605684506387659
408.0899963378906,411.3999938964844,403.82000732421875,411.1700134277344,13314500,BRK.B,2024-07-05,0.032273727607337266,1,0.010742442885690595,0.003784039668530914,-0.006163559376981764,-0.00213560099818888,0.01961514524266028,0.12467523057637808,0.010742442885690595,0.014678457783396076,0.014897724709926697,408.2825012207031,408.8083318074544,0.007072338879080098,0.005776989940098121,0.8356770371021921,-0.2795495865979828,0.6594495114605744,1,2.0,True,0.5,0.016136863803668633
210.26855134899324,224.50523511983306,210.10001313722785,224.39617919921875,216231300,AAPL,2024-07-05,0.018556200219393082,1,0.07463684307869345,0.09084780728955844,0.14957591001275117,0.2364927965140824,0.2837552974664692,0.2525455218005619,0.07463684307869345,0.0494726874375413,0.04355564675905494,212.39513397216797,192.16527557373047,0.056503390650293195,0.1677249103890357,1.0,-0.48766091948235657,0.5528071772266315,1,3.0,False,0.0,0.0
181.73798367721864,189.5127215858847,180.0202000494524,189.2545623779297,64588200,GOOGL,2024-07-05,-0.029013656145894573,0,0.04639032922732467,0.06106988431049598,0.09376792377356424,0.1314482836003683,0.209781006291492,0.40587061261474067,0.04639032922732467,0.01578374960232179,0.03881907402252561,181.00571060180664,172.7345962524414,0.04557232889889118,0.09563785416411497,1.0,-0.3626855771154428,0.5439031915496351,1,4.0,False,0.0,-0.0
259.8338532248404,266.49238967887067,257.38117622559156,266.30523681640625,29657800,V,2024-07-05,-0.017088132528256583,0,0.03006033077459702,-0.017658814052122884,-0.029820304810412646,-0.035191454950599166,-0.01847977174957871,0.044958735620394874,0.03006033077459702,0.03633888389823172,0.02778560257941148,265.6330108642578,268.90074666341144,0.002530656675393317,-0.009652296913306935,0.38289266946827144,-0.35669831175007416,0.5414231975808437,1,5.0,False,0.0,-0.0
193.49000549316406,200.5500030517578,192.82000732421875,200.0,158248800,AMZN,2024-07-05,-0.02754997253417968,0,0.03492884864165591,0.05775332167969016,0.08518717682187504,0.06678048089277744,0.07451778194450731,0.377031068822242,0.03492884864165591,0.016992453608470733,0.03211006830985331,191.49750137329102,185.0100008646647,0.04440004995226987,0.0810226423721847,1.0,-0.22740490051145457,0.5052476488369549,1,6.0,False,0.0,-0.0
194.46049781077463,201.68901933140828,194.28794079062752,197.41781616210938,31662700,JPM,2024-07-05,0.00073249490221583,1,0.01811906177991629,0.04903064605920271,0.029881263319309737,0.03599517954590037,0.12656462665296342,0.2023332635115005,0.01811906177991629,0.026689134401149926,0.024844279617256347,191.3219337463379,189.73374303181967,0.031861910949811056,0.040499243874617674,1.0,-0.25613996344448775,0.5043449073131115,1,7.0,False,0.0,0.0
201.02000427246094,252.3699951171875,200.85000610351562,251.52000427246094,661802000,TSLA,2024-07-05,-0.013080504488851452,0,0.2710733680313726,0.37435119295119135,0.41717382424656724,0.4929661212678371,0.4704472363929384,0.05907616512182323,0.2710733680313726,0.12128704341719704,0.10381169764708646,202.60499954223633,182.30666732788086,0.24143039333058258,0.3796533498146779,1.0,0.5090956199475707,0.5014446963384307,1,8.0,False,0.0,-0.0
442.6747341437756,462.1020709028193,439.714755113794,461.3226013183594,57575700,MSFT,2024-07-05,-0.029963975410109867,0,0.04611245968157984,0.03953038201589809,0.10312593794886094,0.12939028197813918,0.11022359043328445,0.27605569743219927,0.04611245968157984,0.02495396286995235,0.02932889173559463,445.68900299072266,420.98477427164715,0.03507737059413629,0.09581778133544461,1.0,-0.2847477019344187,0.4876054247342872,0,9.0,False,0.0,-0.0
502.0478255113692,537.7613279468876,490.335531960126,536.8068237304688,45427400,META,2024-07-05,-0.07601253342365699,0,0.07078238746293453,0.09121210677473779,0.09632826562900543,0.13491381729847962,0.055764753475033624,0.5372052539129066,0.07078238746293453,0.03664159064523912,0.04566210863348743,507.83187103271484,480.7027282714844,0.05705619192200584,0.11671266285657267,1.0,-0.1643138077315055,0.45498855460987475,0,10.0,False,0.0,-0.0
139.11982350461608,143.37706043903248,137.9604995840531,142.42678833007812,28930600,JNJ,2024-07-12,0.03209228288330879,1,0.023211369012775318,0.02545149571344396,0.029820056689253693,-0.02294652830326538,0.02150996100260749,-0.0625116632608439,0.023211369012775318,0.019213781543488774,0.020847570193071752,140.46685028076172,140.37730026245117,0.013953029098316971,0.014599853849555533,0.3098600394851333,-0.025715459584700007,0.5661246540507485,1,1.0,True,0.5,0.016046141441654393
197.65882429121405,202.2089220462034,194.82466361458398,197.5624237060547,52195900,JPM,2024-07-12,0.023616772135302888,1,0.00073249490221583,0.018864828802518607,0.06345134491477777,0.006277688770947698,0.10912598913682037,0.22613198050303085,0.00073249490221583,0.012274860557890024,0.024902165447833916,194.26884841918945,191.35357666015625,0.016953697485035946,0.03244698716515426,1.0,0.16679101120330309,0.5562586049997216,1,2.0,True,0.5,0.011808386067651444
411.2699890136719,427.45001220703125,408.0,424.44000244140625,19240800,BRK.B,2024-07-12,0.023631134486861827,1,0.032273727607337266,0.043362869168557916,0.04660451126461629,0.017988199635639468,0.04779306929715932,0.1672625492022728,0.032273727607337266,0.016043400567441884,0.017327793911816578,413.0074996948242,410.4216664632161,0.02768110205027674,0.034155935525997716,1.0,0.012580420224453048,0.5412913518982706,1,3.0,False,0.0,0.0
247.7100067138672,271.0,233.08999633789062,248.22999572753906,823613000,TSLA,2024-07-12,-0.03637754878426669,0,-0.013080504488851452,0.2544470871351787,0.3944722396921738,0.3987940174474349,0.6880652198298052,0.13403991237471824,-0.013080504488851452,0.1255777135717375,0.08953970612941971,220.1599998474121,190.73833338419595,0.12749816451481477,0.30141640289757676,0.9685076241363163,0.5175978735907543,0.5304095416486798,1,4.0,False,0.0,-0.0
460.3261258064599,461.4608086849496,444.6382348256943,447.4995422363281,87801100,MSFT,2024-07-12,-0.036247418363690165,0,-0.029963975410109867,0.0147667716634714,0.024809639916268944,0.07934127174686068,0.1384247068648563,0.17179784778714224,-0.029963975410109867,0.032446179838588204,0.025148127593374127,448.3973846435547,425.5191828409831,-0.0020023364051070525,0.0516553901250536,0.8008317547756865,0.06636748834434258,0.5063308745500519,1,5.0,False,0.0,-0.0
200.0399932861328,201.1999969482422,192.86000061035156,194.49000549316406,175514700,AMZN,2024-07-12,-0.05840917419661873,0,-0.02754997253417968,0.006416587286748099,0.05896766642224027,0.05300491990622658,0.1137261642045928,0.2578580496381391,-0.02754997253417968,0.028680491430770248,0.02652894791004201,194.2050018310547,186.66500091552734,0.0014675402766264334,0.041920041460679736,0.8766235097398626,-0.1581547289934928,0.5025056867013945,1,6.0,False,0.0,-0.0
225.13972278278513,231.07831900756045,221.3327047505454,228.56011962890625,287546800,AAPL,2024-07-12,-0.027023517589657375,0,0.018556200219393082,0.09457801950199829,0.08494518747080115,0.2141991821476783,0.39910734601326436,0.243262077696057,0.018556200219393082,0.040417423077364636,0.033935759781968985,216.86888122558594,197.59850311279297,0.053909248469627746,0.1566895296693609,1.0,-0.14180031137878601,0.49309991490811467,0,7.0,False,0.0,-0.0
266.19689780906924,267.36905306637755,254.6330123446287,261.75457763671875,40059300,V,2024-07-12,-0.0010538436086291458,0,-0.017088132528256583,0.012458523330221016,-0.018177709777982387,-0.05126735699199114,-0.013152181341602565,0.009684035461710039,-0.017088132528256583,0.034435976104973905,0.02745791849597708,264.4214630126953,268.6100362141927,-0.010085737162147557,-0.02552197480814644,0.15869011193889596,-0.15475875863836974,0.47095338790897034,0,8.0,False,0.0,-0.0
539.2329128015355,539.6902908773806,491.3894609308073,496.0027770996094,70862800,META,2024-07-12,-0.04426002332243628,0,-0.07601253342365699,-0.010610494553555005,-0.010492613740553991,0.05817900841717827,0.038030458778525844,0.33486931141258136,-0.07601253342365699,0.06189390123525364,0.04790017529934025,506.51698303222656,482.2170715332031,-0.020757854691613065,0.0285881740407381,0.7390085554837664,0.20502311194360123,0.46918029143762896,0,9.0,False,0.0,-0.0
188.55948674203475,190.39645856086898,183.18768799095292,183.7635955810547,100634000,GOOGL,2024-07-12,-0.040038923432785034,0,-0.029013656145894573,0.01603072002073369,0.0468351725838041,0.05238206882100149,0.20242961425223527,0.29886025524380955,-0.029013656145894573,0.031012787091467115,0.039404851392862345,183.06109619140625,175.3126538594564,0.0038375132907206844,0.04820497286164627,0.9000816881401149,0.021918119818513437,0.4594569627434574,0,10.0,False,0.0,-0.0
142.61685923320152,149.65837607191384,141.46702344510575,146.99758911132812,44546600,JNJ,2024-07-19,0.03846409361202641,1,0.03209228288330879,0.05604855771655082,0.039932821716746725,0.05252764820073641,0.06706197679135095,-0.02817648759511049,0.03209228288330879,0.022173636026433085,0.022015943629187913,141.8780059814453,141.14716720581055,0.036084402895769196,0.04144909190410395,0.6132938684591985,0.4077179166712752,0.5404609440878494,1,1.0,True,0.5,0.019232046806013203
255.97000122070312,265.6000061035156,236.8300018310547,239.1999969482422,587103100,TSLA,2024-07-19,-0.08110365444813161,0,-0.03637754878426669,-0.04898221658295221,0.30703242515701734,0.33452348592661085,0.42135603120231635,0.1272915509499295,-0.03637754878426669,0.13981527861734386,0.08699418060830277,234.20750045776367,196.64750035603842,0.02131655254729492,0.2163897151764489,0.8820713393293494,-0.045879606275872065,0.5319354246968596,1,2.0,True,0.5,-0.040551827224065806
199.7314503097893,209.72812101590785,199.2783684798156,202.22821044921875,54360200,JPM,2024-07-19,0.01172650164925848,1,0.023616772135302888,0.0243665662027146,0.07459192074508092,0.05098102033727869,0.09019795393772845,0.2458040025782331,0.023616772135302888,0.012680203303296542,0.023272762706299847,197.77822494506836,192.74786249796549,0.02249987583509938,0.04918523001184161,1.0,0.16999960720356388,0.5291164757315527,1,3.0,False,0.0,0.0
425.5899963378906,449.25,425.29998779296875,434.4700012207031,22462300,BRK.B,2024-07-19,0.007342284697317458,1,0.023631134486861827,0.05666752689168053,0.06066599872988698,0.0664195707404287,0.08050234923113697,0.1838742548352139,0.023631134486861827,0.017028602613557674,0.01777892811539202,419.2200012207031,413.1191660563151,0.03637708114019933,0.05168202523307164,1.0,0.16379848555892607,0.5280299995947545,1,4.0,False,0.0,0.0
495.76415462534726,503.76787552831104,456.4811865614618,474.0496826171875,89108200,META,2024-07-19,-0.023259618145369476,0,-0.04426002332243628,-0.11690824024396473,-0.036359580361206234,-0.002000411698296567,0.07663920416503678,0.24597659623891954,-0.04426002332243628,0.06552305644526371,0.04332308170020276,502.0453338623047,485.0291239420573,-0.055763193793163524,-0.02263666403294462,0.5693769844917785,0.34075167719596533,0.5122025311583704,1,5.0,False,0.0,-0.0
261.6856140696345,269.51633444838365,260.3459824975949,261.4787292480469,32430500,V,2024-07-19,-0.022602234908763674,0,-0.0010538436086291458,-0.018123967917637374,-0.03546273419041612,-0.0328974479978934,-0.031213475327822482,-0.016437111052235,-0.0010538436086291458,0.03186903854627193,0.02684741698114242,262.0180435180664,267.9079844156901,-0.0020583096598167927,-0.023997997602294374,0.14509957224155948,-0.2844163824860134,0.4982802467471032,0,6.0,False,0.0,-0.0
194.55999755859375,196.6199951171875,180.11000061035156,183.1300048828125,216879400,AMZN,2024-07-19,-0.0034402056791056346,0,-0.05840917419661873,-0.08434997558593749,-0.03146814517993601,0.01316738524377592,0.01954130865739634,0.17889796060297258,-0.05840917419661873,0.04346315740788087,0.032094417461479556,192.71750259399414,186.95750172932944,-0.04974897236697806,-0.020472550237958687,0.5873289358563584,0.005175011033527133,0.49080812248254774,0,7.0,False,0.0,-0.0
183.61465170436622,187.3481290420976,175.22431015700485,176.40589904785156,99696400,GOOGL,2024-07-19,-0.06000214342487986,0,-0.040038923432785034,-0.06789090402174891,-0.010967109365596195,0.016423045295999916,0.03439310963919873,0.21508319439660828,-0.040038923432785034,0.03989629047840681,0.027407339289665697,182.5720672607422,175.80143864949545,-0.033773886144830456,0.003438313150333494,0.7661947709594497,0.06572654147758117,0.4888913059171594,0,8.0,False,0.0,-0.0
447.2528536845848,451.1600479833261,426.23702212212055,431.2788391113281,95118300,MSFT,2024-07-19,-0.027087041634514808,0,-0.036247418363690165,-0.06512527702127047,-0.028169322084914405,0.016156813850423335,0.07771798227823368,0.10042942937962263,-0.036247418363690165,0.037432352530631104,0.028461054317377145,445.2721405029297,428.1109339396159,-0.03142640223526294,0.007399729650817699,0.5597077938921875,0.14428787197990478,0.48181993172461707,0,9.0,False,0.0,-0.0
234.44910163171727,235.1926606193721,220.36114484151935,222.3836212158203,278397600,AAPL,2024-07-19,-0.028309196848965268,0,-0.027023517589657375,-0.008968771173290313,0.08106424292109282,0.1807033165275973,0.3267233545785557,0.17404933201681616,-0.027023517589657375,0.04172227021644744,0.03760016321404233,221.03777313232422,202.16224797566733,0.006088769645224312,0.10002546688433567,0.9052665846607802,-0.003035503737306211,0.4570349355391128,0,10.0,False,0.0,-0.0
244.2100067138672,255.75999450683594,214.7100067138672,219.8000030517578,576337100,TSLA,2024-07-26,-0.05518655466058464,0,-0.08110365444813161,-0.11453085108612915,0.11077419460307092,0.2342767340056695,0.21309123069766156,0.1994543140614342,-0.08110365444813161,0.159809383958068,0.09156910613513129,239.6875,199.86500040690103,-0.08297260786750327,0.09974233910025032,0.6963721561207651,-0.12968122983845998,0.5700539381820987,1,1.0,True,0.5,-0.02759327733029232
202.8837329720962,205.48651931773958,200.56046601291564,204.59963989257812,34771100,JPM,2024-07-26,-0.06172265617949979,0,0.01172650164925848,0.0356202159019563,0.055157013979374225,0.053230276501341045,0.12023540526301635,0.24600022227698615,0.01172650164925848,0.009829035274102511,0.02213911080759144,200.45202255249023,194.5778439839681,0.020691321979561472,0.051505329195834504,1.0,-0.19599699173188723,0.5614695680831141,1,2.0,True,0.5,-0.030861328089749895
435.04998779296875,439.6300048828125,430.7300109863281,437.6600036621094,14584300,BRK.B,2024-07-26,-0.02124941331793906,0,0.007342284697317458,0.031146925701302397,0.07586041493404894,0.05612936802174584,0.09177541096376385,0.13559940475676724,0.007342284697317458,0.011557369789982019,0.017515891531635457,426.9350051879883,416.1850001017253,0.02512091616708423,0.05159965773666775,1.0,-0.1618447197562135,0.5467393562547872,1,3.0,False,0.0,-0.0
179.31522557776697,182.31391975552617,162.90191767605657,165.8211669921875,196227100,GOOGL,2024-07-26,-0.0020361165688927985,0,-0.06000214342487986,-0.09763864563127311,-0.08317314340185789,-0.03077292588998981,-0.0002890418547693008,0.09857194066496655,-0.06000214342487986,0.04650762301103606,0.031952457702902615,178.81130599975586,175.79744338989258,-0.07264719048350388,-0.05674870012517297,0.5735859649668389,0.7020833111964397,0.5028078985050358,1,4.0,False,0.0,-0.0
147.0736198695458,153.54497628383004,144.0327452409806,152.65171813964844,38647200,JNJ,2024-07-26,0.02178778616904542,1,0.03846409361202641,0.07179077706838233,0.09906945543664691,0.09524769289483648,0.0848698879396752,0.022997386823269794,0.03846409361202641,0.01582216514969742,0.023617695166726873,145.31798934936523,142.14233525594076,0.05046676480399048,0.07393562843036539,0.9886447320572078,0.1810092783938333,0.48971767722736886,0,5.0,False,0.0,0.0
483.78339946267863,492.3737546328562,440.1058796187656,463.0234680175781,71591200,META,2024-07-26,0.04818547261588235,1,-0.023259618145369476,-0.06649017022622072,-0.07639517119072547,-0.001429964828406849,0.03142405130841386,0.18398783451930956,-0.023259618145369476,0.06315293136633378,0.04395658414128507,492.47068786621094,486.2046890258789,-0.05979486814986379,-0.04767790507069114,0.23541966434442171,0.033846758145432254,0.48313452553747754,0,6.0,False,0.0,0.0
263.222225368885,264.37466144490134,248.91012877801253,255.5687255859375,42124200,V,2024-07-26,0.027441597539953566,1,-0.022602234908763674,-0.023632259296593516,-0.011468159020164959,-0.04771350518849515,-0.03184420306023428,-0.028047939326898197,-0.022602234908763674,0.023657719278579823,0.0268903933752979,261.27681732177734,267.2074788411458,-0.02184691238338987,-0.04355698914448247,0.0,0.16791223232814723,0.48199036327976674,0,7.0,False,0.0,0.0
435.89641421757136,442.4084337865644,411.7034934246348,419.5967712402344,109249300,MSFT,2024-07-26,-0.03945714658303412,0,-0.027087041634514808,-0.06235262466784397,-0.048506599975460696,0.024426085525982577,0.047649195950106416,0.05668033525179239,-0.027087041634514808,0.03879498613001562,0.030073425518197663,439.9244384765625,429.7012761433919,-0.04620717891172832,-0.02351518476706982,0.38850675058006506,0.24947590297371458,0.472334474546275,0,8.0,False,0.0,-0.0
225.06043082550624,225.82382229500527,212.77682977395946,216.08811950683594,242932200,AAPL,2024-07-26,0.00871733611664438,1,-0.028309196848965268,-0.05456770035962544,0.03484941411358089,0.13373193202548417,0.19018212330449136,0.13571421181845866,-0.028309196848965268,0.04860837004450643,0.03549078799125897,222.8570098876953,205.03968556722006,-0.030373244190391113,0.053884368331192034,0.8087079298568829,-0.0520716892338845,0.4673828520336394,0,9.0,False,0.0,0.0
185.0,189.38999938964844,176.8000030517578,182.5,202972200,AMZN,2024-07-26,-0.08000003344392126,0,-0.0034402056791056346,-0.061648440302941365,-0.05562742561448897,0.0343459389862919,-0.019923777348700877,0.1469331674224459,-0.0034402056791056346,0.03941545024614745,0.030195958903115886,190.03000259399414,186.64833450317383,-0.039625335427070696,-0.02222540326553668,0.426041428430587,0.0773255472189982,0.44272828765671124,0,10.0,False,0.0,-0.0
438.010009765625,443.8900146484375,423.489990234375,428.3599853515625,18299000,BRK.B,2024-08-02,0.007727211199373141,1,-0.02124941331793906,-0.014063147862852898,0.041807455219127654,0.03538621310950241,0.03958257017784117,0.09625076225607798,-0.02124941331793906,0.023555030018465307,0.018047668212238376,431.2324981689453,417.5441665649414,-0.0066611696233001005,0.025903412507473966,0.7633584229641174,-0.018641468149689477,0.5294507287817777,1,1.0,True,0.5,0.0038636055996865704
224.89999389648438,234.67999267578125,205.77999877929688,207.6699981689453,464001100,TSLA,2024-08-02,-0.036933588079995805,0,-0.05518655466058464,-0.13181437784934125,-0.1743400340277299,0.17010369150421245,0.23268235688375438,0.10515669268128702,-0.05518655466058464,0.028822329242646043,0.09032324782676766,228.7249984741211,203.13166681925455,-0.09205377831736239,0.022341821050131827,0.5802622227324552,-0.24277303852468712,0.5174810113492475,1,2.0,True,0.5,-0.018466794039997902
183.83999633789062,190.60000610351562,160.5500030517578,167.89999389648438,326330000,AMZN,2024-08-02,-0.005717638415579596,0,-0.08000003344392126,-0.08316502255364444,-0.1605000305175781,-0.08898539817532047,-0.10443781884606995,-0.0227577190947571,-0.08000003344392126,0.03370675007173275,0.03758269164666178,182.00500106811523,185.01666768391928,-0.07749790988628968,-0.09251422588951208,0.0,0.4162148638331302,0.5115813351747961,1,3.0,False,0.0,-0.0
256.41586423159106,263.9412478868261,254.70193939930846,262.5819396972656,33940000,V,2024-08-02,-0.023629156867770007,0,0.027441597539953566,0.0042191211973201526,-0.013981313937538209,-0.0433846917046834,-0.04868074610855422,-0.03466562043622823,0.027441597539953566,0.022455714020785656,0.02433092645592906,260.3459930419922,266.0877456665039,0.008588365924697694,-0.013175375515534715,0.301488096409441,-0.08612356449506575,0.5006605777926976,1,4.0,False,0.0,-0.0
204.99484920511273,208.6002417445629,189.80220387142558,191.97120666503906,53416200,JPM,2024-08-02,0.033443936404227825,1,-0.06172265617949979,-0.05071994535972668,-0.027589250063417947,0.0014676116099643366,0.007412849472912875,0.15270143992564678,-0.06172265617949979,0.0380396498938467,0.0277097806622098,199.09037017822266,194.6955591837565,-0.035758452339059055,-0.013992884738301403,0.6658479922221218,0.09716067399460004,0.48796129444341857,0,5.0,False,0.0,0.0
425.8226295279651,426.3850328487882,398.9460475006439,403.0406799316406,150439100,MSFT,2024-08-02,-0.006046792278877944,0,-0.03945714658303412,-0.06547541084527508,-0.12633658359716549,-0.03623922432901694,-0.013293027794818335,-0.0030066435589637397,-0.03945714658303412,0.005665046746779444,0.032090214780330306,425.3539581298828,429.24879201253253,-0.052458141676511194,-0.06105576199298124,0.14587675249423512,0.3595702561048404,0.48262638193885865,0,6.0,False,0.0,-0.0
152.0150429032207,156.65236070043406,149.8674285851847,155.9776611328125,38957700,JNJ,2024-08-02,-0.02144509297063868,0,0.02178778616904542,0.06108992722787687,0.12056248725655916,0.1159911556122919,0.10377429695363038,0.06457528951497449,0.02178778616904542,0.00784444963769006,0.023968148827466715,149.5134391784668,143.36439005533853,0.043235056258920546,0.08798050249860001,1.0,0.031431254926956864,0.4789365023249535,0,7.0,False,0.0,-0.0
215.0967318967012,223.66254232334134,213.89711684474761,217.97183227539062,296061500,AAPL,2024-08-02,-0.01646489093946224,0,0.00871733611664438,-0.019838641516445654,-0.02862948445358593,0.11666414436882411,0.20109264521931136,0.18611321920299173,0.00871733611664438,0.02418798789865603,0.03522166394602659,221.25092315673828,208.0808423360189,-0.014820687907479035,0.0475343613007837,0.8375997925513192,0.07177587595178414,0.475812356807673,0,8.0,False,0.0,-0.0
467.1793406971926,524.1400864636705,454.07517290776104,485.33447265625,114143600,META,2024-08-02,0.06069994919338195,1,0.04818547261588235,0.023805078777313193,-0.09588617133537602,-0.008794454288913012,0.026091276562111965,0.029796645557595758,0.04818547261588235,0.05268445722969448,0.04341620353307972,479.60260009765625,487.2331059773763,0.011951295838318332,-0.0038967658351491963,0.4666175442813005,0.32070216930118045,0.4473012168498726,0,9.0,False,0.0,0.0
167.63824201341453,173.01999398241156,163.50757790048146,165.48353576660156,118644100,GOOGL,2024-08-02,-0.017940588811806712,0,-0.0020361165688927985,-0.06191608863537623,-0.12560345342617873,-0.0436131046991769,-0.010665528192960294,0.1718727308405139,-0.0020361165688927985,0.024173736188392518,0.03185743891613722,172.86854934692383,175.64877700805664,-0.042720400027777994,-0.05787254209568915,0.5674421394184982,-0.0788530159844224,0.43157269648995294,0,10.0,False,0.0,-0.0
413.42999267578125,434.75,406.1099853515625,431.6700134277344,23332000,BRK.B,2024-08-09,0.02974493464564021,1,0.007727211199373141,-0.013686400823136435,0.0170342355686095,0.06443261905666708,0.035328850434297676,0.08361790666995561,0.007727211199373141,0.018685562846942765,0.017909900795349546,433.04000091552734,418.77166748046875,-0.0031636511289870883,0.030800426458810426,0.8371843206543153,0.18620801854657487,0.552574924892914,1,1.0,True,0.5,0.014872467322820104
197.3802115476467,214.91830568661297,194.3167520967801,214.38294982910156,342088200,AAPL,2024-08-09,0.04657610452987915,1,-0.01646489093946224,-0.007891084811261107,-0.06202818681939337,0.017648004693560537,0.13888460844146744,0.1465887562853132,-0.01646489093946224,0.01716571796000159,0.03567707660197054,217.7066307067871,210.25947189331055,-0.015266787542920435,0.01961137778317701,0.7825545114471231,0.18014402152000097,0.5205427754447597,1,2.0,True,0.5,0.023288052264939574
185.22000122070312,203.8800048828125,182.0,200.0,368934700,TSLA,2024-08-09,0.08059997558593746,1,-0.036933588079995805,-0.09008190526319226,-0.19429559907206795,0.12353242049181468,0.12701449584906088,0.0332179182336414,-0.036933588079995805,0.021036424805093247,0.09113362356997666,216.66749954223633,205.00999959309897,-0.07692662525505922,-0.024437830364581026,0.5068440349338191,-0.2607911535702693,0.5134167988023993,1,3.0,False,0.0,0.0
257.5288964341667,258.97685120352725,250.69296215947395,256.3773498535156,59578500,V,2024-08-09,0.02933481633615531,1,-0.023629156867770007,0.003164018859209916,-0.020543013351483785,-0.03834729819479776,-0.07075718434429323,-0.05667746159297271,-0.023629156867770007,0.02397851432926204,0.024946053043318903,259.0016860961914,264.46092478434247,-0.010132506402684704,-0.03056623558818261,0.03476160677154053,0.41791790719757826,0.5082922428002113,1,4.0,False,0.0,0.0
155.64508465890188,157.536131646822,150.17149581652734,152.63270568847656,35306300,JNJ,2024-08-09,-0.007657850889193796,0,-0.02144509297063868,-0.0001245479016127593,0.07165728777613056,0.10361416884906638,0.04706647349077486,0.040748640401028435,-0.02144509297063868,0.027002044588419,0.024220878325264816,152.0649185180664,143.9361368815104,0.003733847201204954,0.0604196346753787,0.8163976193626954,-0.1030917490273584,0.4786355095380359,0,5.0,False,0.0,-0.0
187.06445780696276,199.0373586273821,184.0278448440605,198.3914794921875,47038600,JPM,2024-08-09,0.03969862904967503,1,0.033443936404227825,-0.03034296836323913,0.004196424454512293,0.06791403814476227,0.010500457072136316,0.18934630969950805,0.033443936404227825,0.04324723094891397,0.028026631577442045,199.29763412475586,194.8673553466797,-0.004546740539835614,0.018084733275300025,0.8171966967101894,-0.0075517139705917335,0.4705788182520217,0,6.0,False,0.0,0.0
383.9784249914832,404.60944914169323,380.4362896519731,400.60357666015625,125786300,MSFT,2024-08-09,0.03252119413927557,1,-0.006046792278877944,-0.045265349692607204,-0.10479556100060938,-0.08258586121758893,-0.033768902336962725,-0.03101996189326628,-0.006046792278877944,0.015050625781815862,0.03172983094065128,413.62996673583984,428.08206431070965,-0.03149285864967988,-0.06418976626549111,0.110160933399405,0.04692577711285839,0.4595423558663154,0,7.0,False,0.0,0.0
154.2100067138672,168.5500030517578,151.61000061035156,166.94000244140625,272525600,AMZN,2024-08-09,0.06062055210966877,1,-0.005717638415579596,-0.08526026059503422,-0.14165253881246942,-0.0910377920467863,-0.09615590038051136,-0.043049553672758645,-0.005717638415579596,0.03834994435488646,0.03753502132001048,175.11750030517578,183.53666814168295,-0.04669720530226096,-0.09042697499261965,0.0,0.07008412230717531,0.4529977067656719,0,8.0,False,0.0,0.0
448.7559059334732,515.3609818210642,448.2090488117456,514.7942504882812,92309900,META,2024-08-09,0.018637508893649457,1,0.06069994919338195,0.1118102775489076,0.03788582293541887,0.02699568788856066,0.09826899096404862,0.10835940937181499,0.06069994919338195,0.05189252084276915,0.046233469615072235,484.3004684448242,491.07159423828125,0.06296459332649018,0.048307938248387305,0.771894616671463,0.005683463211103579,0.44875586693089753,0,9.0,False,0.0,0.0
154.4023257364845,163.26928160754815,153.83634209310054,162.51466369628906,181955000,GOOGL,2024-08-09,-0.004337987454369752,0,-0.017940588811806712,-0.0199401762505641,-0.11563189007908325,-0.0742123570233244,-0.06930685888210675,0.09971709331893552,-0.017940588811806712,0.025352953079590408,0.02889418703771488,167.55631637573242,174.64026514689127,-0.030089302441680732,-0.0694318772386383,0.5134180128179854,0.22010465320173944,0.4271757639768171,0,10.0,False,0.0,-0.0
434.1600036621094,445.20001220703125,425.8999938964844,444.510009765625,15279600,BRK.B,2024-08-16,0.019954545279788682,1,0.02974493464564021,0.03770199123713169,0.023108634696787034,0.08517654182983891,0.09106307103417377,0.09487923460628345,0.02974493464564021,0.020905263545574024,0.017424855510535145,435.5500030517578,421.8633346557617,0.020571706235994247,0.05368249205241504,1.0,-0.14513622650007207,0.5604188435338121,1,1.0,True,0.5,0.009977272639894341
152.96529747903207,153.65899203562424,148.66058297863026,151.4638671875,34708600,JNJ,2024-08-16,0.029738364689649854,1,-0.007657850889193796,-0.02893872053555846,0.030383342360733145,0.07152945667112998,0.08450695608015679,0.026371350009011252,-0.007657850889193796,0.027265147252165868,0.019944123635094863,153.18148803710938,144.91966756184897,-0.011212979268051426,0.04515742918647048,0.7522408510795114,-0.05951369667212669,0.5214428856910197,1,2.0,True,0.5,0.014869182344824927
198.9795069946796,206.38302468646538,196.32850348454394,206.26734924316406,35255800,JPM,2024-08-16,0.020283198538356917,1,0.03969862904967503,0.07447024387917511,0.01997317181897129,0.09605492981340058,0.0719724448349528,0.20879538212616278,0.03969862904967503,0.04657515815952671,0.029194922817713923,200.3074188232422,196.02142461140951,0.029753917528042795,0.052269412142402105,1.0,-0.17279567249740002,0.48376290692096885,0,3.0,False,0.0,0.0
214.46232494953352,225.14226768918678,213.99582080224636,224.36807250976562,214898200,AAPL,2024-08-16,0.003494787130685184,1,0.04657610452987915,0.029344343108947513,0.008923549689027865,0.09071117340983048,0.19123938124063122,0.2430400906636816,0.04657610452987915,0.03311678590429304,0.03685291048536902,218.20274353027344,213.2611083984375,0.02825504794185507,0.05208152670095334,0.935703546848203,-0.21568575925785516,0.48044836593883533,0,4.0,False,0.0,0.0
257.1077182730638,264.94432639584994,255.3706092253671,263.89813232421875,59836300,V,2024-08-16,0.00022434452658326443,1,0.02933481633615531,0.0050125024914911,0.00925277204432473,-0.026538090741623832,-0.023949068540733198,-0.03643004785861925,0.02933481633615531,0.029748789495838954,0.026415103131886646,259.6065368652344,263.92132568359375,0.016531153301475587,-8.787982295455077e-05,0.3580693447941552,0.22440364438123783,0.47809934555632655,0,5.0,False,0.0,0.0
513.8894234095668,536.667738996692,506.17404327864693,524.3887329101562,63214200,META,2024-08-16,0.0010995642829583208,1,0.018637508893649457,0.08046875392996733,0.10618939773369562,0.06596881543208322,0.10397656352193763,0.1165889108346001,0.018637508893649457,0.03731389638796945,0.04630550946064036,496.8852310180664,495.1873321533203,0.05535182004854122,0.058970411520532506,0.8713174813498326,-0.2590470167957525,0.45856820939297793,0,6.0,False,0.0,0.0
168.13999938964844,178.33999633789062,166.11000061035156,177.05999755859375,181342200,AMZN,2024-08-16,-0.00011298019166816609,0,0.06062055210966877,0.05455630729657335,-0.033145891783834314,-0.06357099722899817,-0.020414951266424675,0.04454016457096488,0.06062055210966877,0.05749141488841666,0.042020344856800035,173.5999984741211,183.22916793823242,0.019930870477446794,-0.03366915021803918,0.306109977753367,-0.2622142660984367,0.4545248692963414,0,7.0,False,0.0,-0.0
199.02000427246094,219.8000030517578,194.6699981689453,216.1199951171875,389155900,TSLA,2024-08-16,0.019433704895069237,1,0.08059997558593746,0.040689541208392965,-0.09648830320030777,0.18091908422583347,0.2057575791885924,0.0808702096311158,0.08059997558593746,0.07150527134645032,0.09315037687433866,210.89749908447266,208.08333206176758,0.024763195653747516,0.03862232969738444,0.6611466570150847,-0.13445358526286944,0.4537702181116091,0,8.0,False,0.0,0.0
401.6297215819056,416.46849580465874,398.84733381774834,413.6316833496094,97971900,MSFT,2024-08-16,-0.004014495329493384,0,0.03252119413927557,0.026277752954776412,-0.04091820456130335,-0.06793488856279395,-0.025422498525070614,0.03940103174134535,0.03252119413927557,0.031535002042261936,0.03248420316136597,409.21817779541016,427.1829096476237,0.010785213838681917,-0.031722304408649094,0.30108821461603,-0.18938803168747076,0.45350154578574375,0,9.0,False,0.0,-0.0
163.1898806325975,163.89484419906685,156.5967339743886,161.80967712402344,130771000,GOOGL,2024-08-16,0.01632291022965182,1,-0.004337987454369752,-0.022200750216986864,-0.08274225523415624,-0.09280192123744335,-0.06767808974376,0.16102349230262236,-0.004337987454369752,0.026880932703986775,0.028895834268523348,163.9072608947754,173.66143925984701,-0.012797381637037697,-0.06824636595398681,0.5005894762796189,-0.16652910497369966,0.441767977748431,0,10.0,False,0.0,0.0
263.9376410451632,265.99048845664703,261.7761570527764,263.95733642578125,28121800,V,2024-08-23,0.03339058616400714,1,0.00022434452658326443,0.029565741968222037,0.03282330739260586,0.020978725463694614,-0.016456312843470045,-0.05334197975751709,0.00022434452658326443,0.02512332357602934,0.02635718373314695,261.7036895751953,263.55328877766925,0.008611444700088455,0.0015330776177597816,0.36587226056342714,-0.38015589888723944,0.5995056013359781,1,1.0,True,0.5,0.01669529308200357
151.53039579025037,156.05367591101395,151.21680425653776,155.96815490722656,30348400,JNJ,2024-08-23,0.018210778446160036,1,0.029738364689649854,0.021852781837974122,0.02172551221823915,0.12294730231942919,0.11904251002882149,0.022347554974467165,0.029738364689649854,0.024165489168748153,0.020733938999198613,154.0105972290039,146.30231094360352,0.012710538842414243,0.06606760960426006,0.9994782095972582,-0.12867694030332832,0.5610545990630416,1,2.0,True,0.5,0.009105389223080018
446.010009765625,453.7200012207031,443.8399963378906,453.3800048828125,15628500,BRK.B,2024-08-23,0.049715488778001804,1,0.019954545279788682,0.050293026570659816,0.03591829522726875,0.11450348694098178,0.0940637344605395,0.08666891221972195,0.019954545279788682,0.022113295520222884,0.017584830702536833,439.4800033569336,425.1116689046224,0.0316282912071193,0.0664962597969343,1.0,-0.13820270722961825,0.5383970203890477,1,3.0,False,0.0,0.0
164.11331216253947,167.4495939252533,162.15719125168386,164.4508819580078,100108700,GOOGL,2024-08-23,-0.013524902405048778,0,0.01632291022965182,0.011914114195487047,-0.008263631592004494,-0.09074946277844043,-0.038782261359431414,0.15177888228389103,0.01632291022965182,0.014086623487229792,0.029392350380527437,163.56468963623047,173.10851414998373,0.005417992867215116,-0.050012746250452045,0.5486510905727666,-0.2465648676861617,0.5168641215119713,1,4.0,False,0.0,-0.0
177.63999938964844,182.38999938964844,175.24000549316406,177.0399932861328,154181700,AMZN,2024-08-23,0.008246762139826336,1,-0.00011298019166816609,0.0605007229964043,-0.029917845007491395,-0.08388101792428038,0.0034005374995718096,0.011714885014097787,-0.00011298019166816609,0.05758666963201205,0.04139598406488398,172.2349967956543,183.27916717529297,0.02789791029624089,-0.03404191532141154,0.30550488779758334,-0.3399611185819038,0.5113501249427637,1,5.0,False,0.0,0.0
523.8417936399916,541.1020356974973,519.7554305554554,524.96533203125,58279600,META,2024-08-23,-0.012670572554549286,0,0.0010995642829583208,0.019757566315710573,0.13377694283806862,0.04716185919785709,0.13215568168655167,0.09192450501923499,0.0010995642829583208,0.027196524462822363,0.045233589036700765,512.3706970214844,500.2938995361328,0.024581099354394897,0.04931387833829737,0.8772924921810022,-0.28915895938158354,0.4918965800936983,0,6.0,False,0.0,-0.0
224.0405257400108,226.64102413052154,221.38045847347976,225.15219116210938,188124900,AAPL,2024-08-23,0.009522232073113424,1,0.003494787130685184,0.050233665231272706,0.04194618230729108,0.07825739629858242,0.18128765833382232,0.24594883947188007,0.003494787130685184,0.026336384354574503,0.03700322583402523,220.4687614440918,216.14054489135742,0.02124305360696299,0.041693455872805485,0.9477301407206034,-0.27725772321366826,0.48787102852536207,0,7.0,False,0.0,0.0
206.29627759905622,211.299436648114,205.17804304045464,210.45111083984375,29394200,JPM,2024-08-23,0.029728416014821235,1,0.020283198538356917,0.060787042762747046,0.028599615084063057,0.08533409843243334,0.08335225700416049,0.20006605872683458,0.020283198538356917,0.04713208637501635,0.029469710021857557,201.7702865600586,197.3707529703776,0.04302330351898087,0.06627303018613562,1.0,-0.2878656465469205,0.4804756907972452,0,8.0,False,0.0,0.0
414.11604821044875,421.8554866317301,407.32548933843145,411.9711608886719,85544600,MSFT,2024-08-23,0.000839736608938324,1,-0.004014495329493384,0.028376142627800638,-0.018173663083781322,-0.0657987204539483,0.005808510993396299,0.019384853401427815,-0.004014495329493384,0.029410586597269608,0.03078636216531198,407.31177520751953,427.38116963704425,0.011439359146389716,-0.03605682665303067,0.27675320981271545,-0.2557163051703576,0.4518930711378251,0,9.0,False,0.0,0.0
217.07000732421875,228.22000122070312,210.32000732421875,220.32000732421875,381622100,TSLA,2024-08-23,-0.028186304046044497,0,0.019433704895069237,0.10160003662109385,0.002365806484263322,0.1134020713952153,0.23719679390635529,0.1476793557495597,0.019433704895069237,0.06128625369058039,0.09279858801936917,211.0275001525879,211.60333251953125,0.044034579213191316,0.04119346657209633,0.7013497024631106,-0.04815410330696168,0.44686603340371295,0,10.0,False,0.0,-0.0
165.20552403193696,166.36726315289178,159.11878679232862,162.22669982910156,84243300,GOOGL,2024-08-30,-0.0762639877821859,0,-0.013524902405048778,0.002577242056780671,-0.019680724867357502,-0.1428122112842657,-0.06243549205233867,0.19270447817989234,-0.013524902405048778,0.015222462665397396,0.029172470354138617,162.75048065185547,172.20824686686197,-0.0032183058425144795,-0.05796207335806258,0.508177976855212,-0.3220919050933656,0.6115262568242312,1,1.0,True,0.5,-0.03813199389109295
264.2336452513414,273.38294797615475,264.18430841922583,272.7710266113281,28522600,V,2024-08-30,0.010855029351116041,1,0.03339058616400714,0.033622421685835846,0.03880345664979723,0.024279619402976627,-0.0062647110587137345,-0.020212333197662136,0.03339058616400714,0.026753958436012693,0.027386630869210563,264.25096130371094,263.4099884033203,0.032242324741535544,0.03553790144690594,0.750284508748228,-0.3519770622608759,0.571334797478571,1,2.0,True,0.5,0.005427514675558021
524.5676149591942,524.9653402482775,509.5047448414531,518.313720703125,42447700,META,2024-08-30,-0.04035973872981469,0,-0.012670572554549286,-0.011584940380616637,0.0679515878325696,-0.03445020109623109,0.05855953641060396,0.03887626866115346,-0.012670572554549286,0.031861785313890556,0.043378127375249424,520.6155090332031,502.6833267211914,-0.004421282674334059,0.0310939176834939,0.8083651416590506,-0.3374053761267255,0.5347465819551144,1,3.0,False,0.0,-0.0
156.00617907623229,158.92334994114725,155.26574914712472,158.80845642089844,31807400,JNJ,2024-08-30,-0.008923322038138948,0,0.018210778446160036,0.04849070190652416,0.018148722499919723,0.14089926488159832,0.13624496940786424,0.039167509452699534,0.018210778446160036,0.02342180374496331,0.02075071588560744,154.7182960510254,147.88917922973633,0.026436177713100806,0.07383418616584314,1.0,-0.03738423114956646,0.5226045679935094,1,4.0,False,0.0,-0.0
411.55596557862424,417.17031240351145,402.6007521142328,412.3171081542969,82881900,MSFT,2024-08-30,-0.03701392522297153,0,0.000839736608938324,-0.0031781298392498103,0.023016109004752705,-0.10622825117177326,-0.01405720126166865,0.007570646917174573,0.000839736608938324,0.018030481162189978,0.03013351052418988,409.6308822631836,426.8912811279297,0.006557674256081558,-0.03414024511141345,0.2818230770194047,-0.1546646261315141,0.5132610713781244,1,5.0,False,0.0,-0.0
455.30999755859375,476.95001220703125,453.3399963378906,475.9200134277344,24103800,BRK.B,2024-08-30,-0.03466969140709486,0,0.049715488778001804,0.07066208402971808,0.11102817653973562,0.15747743727760977,0.15034325636543255,0.1690207328536797,0.049715488778001804,0.017742819704232332,0.02102761783823023,451.37001037597656,430.2950032552083,0.05438997382947197,0.10603193118063192,1.0,0.23066633139274395,0.5101841310058138,1,6.0,False,0.0,-0.0
211.12590763751555,217.36300281845735,210.20047467846717,216.70748901367188,31787000,JPM,2024-08-30,-0.05489319850484531,0,0.029728416014821235,0.05061460191743761,0.12885412754525172,0.0977098887352843,0.13051084696879345,0.22707207390905548,0.029728416014821235,0.008122538171168824,0.029385186342716557,207.9543571472168,199.45555369059244,0.04209160118851707,0.08649513640438244,1.0,-0.11380053472506824,0.4839127351447053,0,7.0,False,0.0,-0.0
225.0727813784282,231.18696212304621,222.22414052811973,227.296142578125,209486100,AAPL,2024-08-30,-0.03572067282130598,0,0.009522232073113424,0.013050297377903197,0.042777592890781424,0.012923408006566994,0.16443234853236666,0.2778361724345557,0.009522232073113424,0.026320470307231926,0.03690092932604473,222.7998390197754,218.8152987162272,0.020180910265157337,0.038758002350175014,0.9806134714327439,-0.12220125468600684,0.4635148543491315,0,8.0,False,0.0,-0.0
218.75,219.08999633789062,202.58999633789062,214.11000061035156,311918400,TSLA,2024-08-30,-0.015786300841517442,0,-0.028186304046044497,-0.009300363465888695,0.031010750220005878,-0.14873569905630535,0.20638948481295638,0.0566028486737602,-0.028186304046044497,0.053937740220607884,0.09367435259384232,212.63750076293945,214.65583292643228,0.006924930184604383,-0.002542825455238318,0.6419067366231089,-0.14050229428123995,0.45135027475825457,0,9.0,False,0.0,-0.0
176.6999969482422,178.89999389648438,168.9199981689453,178.5,151090400,AMZN,2024-08-30,-0.03983193619244574,0,0.008246762139826336,0.008132850227390964,0.0631328558001667,-0.10750000000000004,-0.03147044468647664,0.0015710850486985173,0.008246762139826336,0.030453014782741577,0.039198801959920274,174.8849983215332,182.79583358764648,0.0206707362733336,-0.023500719372724244,0.34966722360173913,-0.2038863982778405,0.448097696952341,0,10.0,False,0.0,-0.0
158.21480765392596,161.67130166495102,157.14240202134536,157.391357421875,24512900,JNJ,2024-09-06,0.006935180517315009,1,-0.008923322038138948,0.009124955767380705,0.03117714327302079,0.1050685005767038,0.13802170590940954,0.04668073497793768,-0.008923322038138948,0.019220507743182524,0.020610199918558045,155.907958984375,149.47990926106772,0.009514578005916041,0.05292649828272156,0.932677049768573,-0.19217514312808082,0.57924619271869,1,1.0,True,0.5,0.0034675902586575047
272.77102587047295,278.4165395967006,272.77102587047295,275.7319641113281,27020900,V,2024-09-06,0.028564218662927132,1,0.010855029351116041,0.04460807130798439,0.07549268400219833,0.05339882343531799,0.03425044534244259,0.001457875565061162,0.010855029351116041,0.015615787230508979,0.025981491056939643,269.08961486816406,264.1709213256836,0.02468452469419291,0.04376349496616805,0.8794268562947977,-0.24681257909319476,0.5225732221625715,1,2.0,True,0.5,0.014282109331463566
475.0,484.82000732421875,458.54998779296875,459.4200134277344,23434800,BRK.B,2024-09-06,-0.025706385727642167,0,-0.03466969140709486,0.013322176716820788,0.06428521587507863,0.08241450095448322,0.13285989975720036,0.13957589081769473,-0.03466969140709486,0.03609512713211436,0.023378532278794655,458.30751037597656,434.7850036621094,0.0024274161487014556,0.056660210352539986,0.780146622593412,0.1949412786006295,0.5129523370097819,1,3.0,False,0.0,-0.0
160.57841450941874,160.707501683565,149.4872614761098,149.85464477539062,114899900,GOOGL,2024-09-06,0.04471893234756896,1,-0.0762639877821859,-0.08875742719546076,-0.07790077912327809,-0.18452485487370351,-0.14633193571391068,0.11582011444659623,-0.0762639877821859,0.039879025459368944,0.0348746716415636,159.58547592163086,170.0676294962565,-0.06097566893254647,-0.1188526281029324,0.19970686129902782,0.0687793603549951,0.5010356777637821,1,4.0,False,0.0,0.0
214.297494197532,216.03269949777572,203.49103002390277,204.8117218017578,32190500,JPM,2024-09-06,-0.03831308840852121,0,-0.05489319850484531,-0.02679667033156019,0.032361482085842885,0.03669370905516467,0.10247331915940405,0.14166105583826116,-0.05489319850484531,0.04313302908782529,0.03306274867099997,209.55941772460938,201.0419667561849,-0.022655607533185185,0.01875108519080837,0.7131386804911372,0.0010456550893083172,0.47294452375552665,0,5.0,False,0.0,-0.0
413.0781880012741,415.02541234976394,396.16601504088436,397.0556335449219,69254400,MSFT,2024-09-06,0.07191931514315231,1,-0.03701392522297153,-0.03620527056208356,-0.008856493855630698,-0.11272393361414079,-0.09071093390078411,-0.007557629797194432,-0.03701392522297153,0.028459224977761446,0.028178488714746642,408.743896484375,423.59041595458984,-0.028595565683021573,-0.0626425466918793,0.0581657241913526,-0.17469003684759965,0.47099057720146786,0,6.0,False,0.0,0.0
516.6533790353354,522.4697318344816,495.38633511921387,497.39471435546875,44179700,META,2024-09-06,0.04867378423830715,1,-0.04035973872981469,-0.05251893028650512,-0.03379901021876042,0.0028063094001182787,-0.007715749861007648,-0.010244706899411149,-0.04035973872981469,0.024905874625927943,0.04486505441214147,516.265625,502.3610254923503,-0.03655271575466845,-0.009885940359354528,0.591591849900543,-0.1508851573025718,0.4700864774563359,0,7.0,False,0.0,0.0
215.25999450683594,235.0,209.63999938964844,210.72999572753906,388898000,TSLA,2024-09-06,0.09282018675634407,1,-0.015786300841517442,-0.04352764741228066,0.053649978637695384,-0.15106957517398723,0.18380991084995846,0.20183643280937336,-0.015786300841517442,0.04875786750622507,0.09412867994694572,215.31999969482422,217.38249969482422,-0.021317127873818675,-0.0306027577041591,0.6095529044864374,0.05707931478945549,0.45163517982310325,0,8.0,False,0.0,0.0
226.84944927892798,227.29609797078044,215.86183603349318,219.17697143554688,179069200,AAPL,2024-09-06,0.00760812705000613,1,-0.03572067282130598,-0.026538581284604734,0.02236195373870431,-0.04105330452484013,0.04040460229680254,0.2966404566953229,-0.03572067282130598,0.033693287870569244,0.03296054031396046,223.99834442138672,219.52461878458658,-0.021524145628370572,-0.0015836371836766006,0.8560838819115235,-0.09512841684411799,0.44536115495792006,0,9.0,False,0.0,0.0
177.5500030517578,179.8800048828125,171.16000366210938,171.38999938964844,149763700,AMZN,2024-09-06,0.08810319246916132,1,-0.03983193619244574,-0.031913658555967284,0.026656265024340486,-0.11877220140408473,-0.0668082545344757,-0.022583442121635544,-0.03983193619244574,0.041313153896645985,0.04070394089376088,175.99749755859375,181.77333323160806,-0.026179339097769705,-0.057122426361239764,0.1346036683867037,-0.058649419055969876,0.4434859562395772,0,10.0,False,0.0,0.0
157.8317829331834,161.2979098901968,155.7923658242544,158.48289489746094,28252300,JNJ,2024-09-13,-0.008216372762865798,0,0.006935180517315009,-0.002050026369972646,0.046341268318944584,0.07813261330044297,0.1211854907343799,0.06286806094439945,0.006935180517315009,0.01648859983615579,0.020334945099634797,157.66271591186523,150.90740331013998,0.005202111233794771,0.05019960201523088,0.9845333584634846,-0.016635775880822434,0.5646292252049423,1,1.0,True,0.5,-0.004108186381432899
463.9700012207031,466.0,445.25,447.6099853515625,21619100,BRK.B,2024-09-13,0.017202503203728847,1,-0.025706385727642167,-0.059484844674367876,0.006973916262475122,0.03024370864257775,0.09274447216256254,0.09673383479875741,-0.025706385727642167,0.03962753698451947,0.025638140107165076,459.08250427246094,437.9508361816406,-0.024990102681172077,0.022055327611969044,0.6227845280592899,0.01993484788798172,0.5121014880567288,1,2.0,True,0.5,0.008601251601864424
278.4165353793982,284.9799154901987,274.67587917195965,283.6080322265625,31678500,V,2024-09-13,-0.008978542316868565,0,0.028564218662927132,0.03972931344602104,0.07468753086182756,0.08463136960377016,0.0461673756489247,0.01914608044738042,0.028564218662927132,0.015440531188127228,0.026752916964275612,274.01708984375,265.2138900756836,0.03500125626573669,0.06935587779972541,1.0,0.09857660316375916,0.48537592940110974,0,3.0,False,0.0,-0.0
219.17701543505086,222.37303270856336,215.09759492361837,220.84449768066406,237580300,AAPL,2024-09-13,0.02561792380641137,1,0.00760812705000613,-0.02838431318843615,-0.01570443953850964,-0.006921029196042094,0.07358216573303888,0.2922006542935043,0.00760812705000613,0.021445805916086233,0.03181969204254453,223.11745071411133,220.78598912556967,-0.010187249030375822,0.00026500121373707053,0.881659935818224,0.16709726187135443,0.4815744512034516,0,4.0,False,0.0,0.0
207.44343435369325,210.7692495990519,193.3883068457007,196.96475219726562,70281800,JPM,2024-09-13,0.03313438612512498,1,-0.03831308840852121,-0.09110315894602372,-0.04509970715206024,-0.026027319533022397,0.04662317345624434,0.0859199853957553,-0.03831308840852121,0.042070963530334404,0.035667999181608484,207.23376846313477,201.77313741048178,-0.04955281343395501,-0.02383065097230519,0.523912377152239,0.7178196616632091,0.478467035099004,0,5.0,False,0.0,0.0
503.25085399381305,524.5478069237411,492.75157549409465,521.6047973632812,54021200,META,2024-09-13,0.0710332223141823,1,0.04867378423830715,0.0063495842936429625,-0.005308915642457168,0.10031673153654719,0.06030967691346434,0.08477775662910014,0.04867378423830715,0.03722519881871519,0.04646621232229947,515.5696411132812,504.8334019978841,0.01170580222095352,0.03322164361356461,0.8424689374701549,0.08624518796228986,0.4555403945569556,0,6.0,False,0.0,0.0
151.63438731483413,157.4707006975876,146.3747655212842,156.5559844970703,159199700,GOOGL,2024-09-13,0.038930403186026474,1,0.04471893234756896,-0.03495549954480426,-0.03246834627156625,-0.11252409731148949,-0.12225714259560572,0.1180757035776494,0.04471893234756896,0.051829016775052805,0.03786340715379321,158.27205276489258,168.25046030680338,-0.010842522339502447,-0.06950635254375104,0.1767821601701651,0.3890207821283642,0.4443372347161231,0,7.0,False,0.0,0.0
402.5315288470681,426.83725650385696,397.5003824546475,425.6116027832031,87426600,MSFT,2024-09-13,0.01086879441142008,1,0.07191931514315231,0.03224337376738484,0.02896277029984695,-0.01314053882124755,-0.04093970083573695,0.03776045784430493,0.07191931514315231,0.04585314108583706,0.035955975508615456,411.73887634277344,422.0763982137044,0.03369302059512247,0.008375745681256541,0.4766542812112582,0.07566389578831623,0.4370356894370184,0,8.0,False,0.0,0.0
174.52999877929688,188.5,173.50999450683594,186.49000549316406,167875500,AMZN,2024-09-13,0.02740093549162803,1,0.08810319246916132,0.04476193553593322,0.05325882788092584,0.018347624751616554,-0.01369788614771017,0.06920082244541481,0.08810319246916132,0.05360782104047994,0.048065391734903866,178.35499954223633,181.55750020345053,0.04561131435511734,0.02716773079705459,0.5913491982904248,0.07800580917379407,0.4351752187728916,0,9.0,False,0.0,0.0
216.1999969482422,232.6699981689453,213.6699981689453,230.2899932861328,361293200,TSLA,2024-09-13,0.034565143714155866,1,0.09282018675634407,0.07556859852252495,0.06556541962376894,-0.037249179664652354,0.25834653952481723,0.40789865485342713,0.09282018675634407,0.05437936941811152,0.09659343130800627,218.86249923706055,221.32249959309897,0.052213120515884226,0.04051776800605711,0.7967836628863664,0.0009981771543841056,0.4168341198028109,0,10.0,False,0.0,0.0
159.28717600345252,161.1925992100923,156.59667392482964,157.1807403564453,31772200,JNJ,2024-09-20,-0.016813129835879015,0,-0.008216372762865798,-0.0013381742738589608,0.007774570712463902,0.02966898946170815,0.13167773552768214,0.07416797839775713,-0.008216372762865798,0.013049119657889437,0.0193679881899013,157.96586227416992,152.43148295084634,-0.004970199930678265,0.03115666995859656,0.9226711417666738,0.09234619854088888,0.5656613341330371,1,1.0,True,0.5,-0.008406564917939507
284.29888715284324,289.2535907436549,279.18641060308414,281.0616455078125,53677600,V,2024-09-20,-0.03371137875756203,0,-0.008978542316868565,0.01932921130004539,0.06479952144402934,0.09974976344788611,0.08713765827827702,0.009210947765399657,-0.008978542316868565,0.019241303328881052,0.022125789612571084,278.2931671142578,267.09122467041016,0.009948064561779324,0.05230580246371552,0.9091851039190589,0.5238538647377282,0.5588388020708086,1,2.0,True,0.5,-0.016855689378781014
448.79998779296875,462.19000244140625,448.3399963378906,455.30999755859375,22514000,BRK.B,2024-09-20,0.004744028625972341,1,0.017202503203728847,-0.008946096706749396,0.004256898528818276,0.04032809429419748,0.11924781519490368,0.10619531294196638,0.017202503203728847,0.03924140053517078,0.025331993776816174,459.56500244140625,441.9933369954427,-0.009258766137995922,0.030128645498763262,0.7253829335009733,-0.017624850417304327,0.5012913595630227,1,3.0,False,0.0,0.0
522.0227773558852,561.790974396656,514.9170874723145,558.6560668945312,69255700,META,2024-09-20,0.010706410484581985,1,0.0710332223141823,0.12316446228916167,0.06417706619391716,0.20653942074772447,0.11436563515134335,0.10373912022679588,0.0710332223141823,0.05193862544915472,0.050086905094815164,523.9923248291016,509.6112365722656,0.06615314847738496,0.09623969567890556,1.0,0.31975762287861653,0.4706702226748879,0,4.0,False,0.0,0.0
214.92882889414335,231.3556905514529,212.32832783334672,226.5020751953125,550232800,AAPL,2024-09-20,-0.0017968154222165467,0,0.02561792380641137,0.033420955275494046,0.005995429252701356,0.04819309692843676,0.08472201223429265,0.32791968666046367,0.02561792380641137,0.026258041065946768,0.032224055726664765,223.4549217224121,222.2602310180664,0.0136365466887578,0.01908503450129717,0.9684342866985703,0.8709540310671384,0.4678985106778704,0,5.0,False,0.0,-0.0
198.42039779039567,204.28152945633747,198.18903217312973,203.49105834960938,56988300,JPM,2024-09-20,-0.002795068082684482,0,0.03313438612512498,-0.00644818294837024,-0.03307206344722535,-0.005418296647788812,0.04943986026763891,0.08583987530093484,0.03313438612512498,0.04558011438146377,0.03585995865373203,205.49375534057617,202.572021484375,-0.009745780292192419,0.004536840075445747,0.6812914482982442,0.19192711437947452,0.45817364691816165,0,6.0,False,0.0,-0.0
156.4068176480649,162.8496118323656,155.7009025392383,162.65077209472656,130256800,GOOGL,2024-09-20,0.0022006699950964936,1,0.038930403186026474,0.0853902615999349,-0.010946185522683338,-0.019119361870190588,-0.1007022878454672,0.0877167937364054,0.038930403186026474,0.05628811149554368,0.03993424946418253,157.82202529907227,166.73267364501953,0.03059615276450689,-0.024481713518152426,0.3275381346469597,0.06636823559244909,0.45196438351232177,0,7.0,False,0.0,0.0
425.6214706998335,436.741413807479,423.2689830915265,430.23748779296875,128480600,MSFT,2024-09-20,-0.016656379171489433,0,0.01086879441142008,0.08356978580507346,0.044338848537101905,0.02535938615848443,-0.024377311416989067,0.018895060693831844,0.01086879441142008,0.04515912604055126,0.03614929564800396,416.30545806884766,421.18055725097656,0.03346588293304831,0.021503676715530995,0.5444467601330258,0.3963632016324157,0.4494432417373543,0,8.0,False,0.0,-0.0
229.3000030517578,244.24000549316406,223.52999877929688,238.25,401668500,TSLA,2024-09-20,0.09322137022068477,1,0.034565143714155866,0.1305936735653077,0.08138159077580198,0.08393993035522218,0.20401250313843078,0.39466134429724753,0.034565143714155866,0.05511984083855871,0.0949696662854464,223.34499740600586,224.6866658528646,0.06673533218610306,0.06036554993440202,0.8729778489766957,0.09762128563065664,0.44581557486000056,0,9.0,False,0.0,0.0
185.2899932861328,191.83999633789062,183.36000061035156,191.60000610351562,226527100,AMZN,2024-09-20,-0.018945745131403124,0,0.02740093549162803,0.11791823785424338,0.08224137691787448,0.04986304714255141,-0.00853813141777171,0.07116906878645568,0.02740093549162803,0.05293700126705329,0.04831349518810346,181.99500274658203,181.4200007120768,0.052776192818371204,0.05611291672077012,0.7459166812823661,0.30327172683125525,0.43784504465357155,0,10.0,False,0.0,-0.0
157.41049521676248,157.5062495407499,153.2167233859188,154.5380401611328,29809000,JNJ,2024-09-27,-0.0068773046084517064,0,-0.016813129835879015,-0.02489135965670275,-0.02689035808299478,-0.009229661229846697,0.1102200751123068,0.03634607708136084,-0.016813129835879015,0.00992344442583057,0.02083349841935053,156.89825820922852,153.7099978129069,-0.015042984383856428,0.005387042872993852,0.797122839320471,0.04276129375301707,0.5655906975530476,1,1.0,True,0.5,-0.0034386523042258532
225.64847983003366,227.81223139225995,222.3531936181764,226.0950927734375,210673500,AAPL,2024-09-27,-0.004346048502001154,0,-0.0017968154222165467,0.02377507770361431,-0.005284074736440769,0.03726747815646081,0.0075710450163701815,0.33171785179301994,-0.0017968154222165467,0.025747184448767543,0.024269313038946003,223.15465927124023,222.4018071492513,0.013176661924962252,0.016606365170889426,0.9621921034697103,-0.2843702183794602,0.5156790078091307,1,2.0,True,0.5,-0.002173024251000577
457.30999755859375,459.6499938964844,451.2099914550781,457.4700012207031,15328300,BRK.B,2024-09-27,0.009836710577725949,1,0.004744028625972341,0.022028140997337964,-0.03876704422272159,0.0679568980871299,0.11260545827986612,0.08786743358787152,0.004744028625972341,0.024576616294300996,0.025369262445184514,454.95249938964844,445.85166931152344,0.005533548742851391,0.02605873816087878,0.7541637880661457,-0.26036175361476155,0.4960888021682582,0,3.0,False,0.0,0.0
242.61000061035156,261.75,241.9199981689453,260.4599914550781,378582800,TSLA,2024-09-27,-0.03985253000291866,0,0.09322137022068477,0.1310087239937492,0.2164774681827062,0.2542013470967852,0.035543841566306966,0.48165425452362487,0.09322137022068477,0.05247830771185138,0.059281501705196,234.9324951171875,225.43166478474936,0.10865885677141929,0.15538334733842785,1.0,-0.010527216801676675,0.48555566545630724,0,4.0,False,0.0,-0.0
281.1899308726831,285.11811282457444,264.7370118016948,271.586669921875,47929200,V,2024-09-27,0.010030168488671887,1,-0.03371137875756203,-0.042387242033695816,-0.004341944612543891,0.03429302957770464,0.019832254027771334,-0.010204643412493386,-0.03371137875756203,0.026759068271906765,0.02373827898624555,277.99707794189453,267.5313440958659,-0.023059264030679483,0.01515832038191367,0.5712674903569034,0.19594126739951423,0.47671548847824713,0,5.0,False,0.0,0.0
429.25888919848313,431.41367697848,421.1734954974966,423.0712890625,74929200,MSFT,2024-09-27,-0.027942610652663125,0,-0.016656379171489433,-0.00596861952092298,0.026082305816373497,0.04969872801489106,-0.08291662308880043,0.021023215035891107,-0.016656379171489433,0.04734984183640736,0.03304739763725342,418.99400329589844,417.9929478963216,0.009731131554458372,0.012149346518252724,0.43942590999107317,-0.16766326715372903,0.4690691707247264,0,6.0,False,0.0,-0.0
163.40642311261095,164.74866551423864,159.76744095244402,163.0087127685547,107772800,GOOGL,2024-09-27,0.018969124507778323,1,0.0022006699950964936,0.04121674615131132,0.004820494655176644,-0.014955101041214003,-0.1386801421302788,0.08895508032096178,0.0022006699950964936,0.055717815969827424,0.0363309849711317,158.01752853393555,164.54551951090494,0.03158626945331089,-0.009339705796415854,0.33386029193919864,-0.15823741352768017,0.4669367534692264,0,7.0,False,0.0,0.0
203.40429771900446,205.2840801158477,201.10031972421785,202.9222869873047,38363200,JPM,2024-09-27,0.009569420804942386,1,-0.002795068082684482,0.030246705177342736,-0.06361202415804601,0.057045431512933176,0.027882340774529224,0.06291107362233617,-0.002795068082684482,0.039152658450449754,0.03565237519450781,202.04745483398438,203.0307273864746,0.004329835058002329,-0.0005341083124009716,0.667575771067593,-0.22429555998823192,0.46237226748094484,0,8.0,False,0.0,0.0
191.63999938964844,195.3699951171875,187.33999633789062,187.97000122070312,179200300,AMZN,2024-09-27,-0.007767232560438875,0,-0.018945745131403124,0.007936059220038594,0.05305322812718827,0.1195354857284423,-0.060149993896484344,0.04207781423900947,-0.018945745131403124,0.05672752345344714,0.04730100200044061,184.3625030517578,180.4175008138021,0.019567418044506235,0.041861240582727666,0.6361161625019616,-0.009076172441470187,0.4437503185622453,0,9.0,False,0.0,-0.0
566.7670778356434,574.6291098304922,551.5304353488232,564.6372680664062,66166300,META,2024-09-27,0.050373596762388395,1,0.010706410484581985,0.08250014363490266,0.08937356954479325,0.16339823333819603,0.05184443100505587,0.17069301773569445,0.010706410484581985,0.04875440300133555,0.04634499593651248,535.5732116699219,511.93044026692706,0.05426719590000095,0.102957010667303,1.0,0.13287353251757428,0.443557836883319,0,10.0,False,0.0,0.0
228.3283747151782,231.266357421875,221.3606479532611,225.1124725341797,221996800,AAPL,2024-10-04,0.0033070626926603452,1,-0.004346048502001154,-0.00613505487724364,0.02708086100358531,0.05004839570325581,-0.01508420235482999,0.3407859658612846,-0.004346048502001154,0.013575757155094173,0.023646986884461364,224.63853454589844,222.11450322469076,0.0021097804490191052,0.013497404563700188,0.9471209474488306,-0.2724299240776237,0.6252925986727291,1,1.0,True,0.5,0.0016535313463301726
271.41884366853793,275.4260255572834,269.6422960125923,274.31072998046875,23789100,V,2024-10-04,-0.000323742904078439,0,0.010030168488671887,-0.024019341077813783,-0.005154404696749437,0.06994915946045777,0.04796917959225255,0.0067210954814436175,0.010030168488671887,0.02664205196100066,0.02304751987497689,277.6417694091797,268.5776901245117,-0.011997616337769967,0.021345927330372216,0.668418967513866,-0.3941953621977865,0.612936641283799,1,2.0,True,0.5,-0.0001618714520392195
154.7008247129483,155.83066481936012,152.02943817039042,153.47523498535156,25224700,JNJ,2024-10-04,0.007299352077861698,1,-0.0068773046084517064,-0.0235748054290279,-0.0248814325047505,0.00551997878223176,0.0775728132664788,0.06839118540755784,-0.0068773046084517064,0.009826641149734307,0.02077142775536788,155.91922760009766,154.63070170084634,-0.015674735261095973,-0.007472427550191063,0.7466315327821614,-0.12306293684413627,0.5844811129185492,1,3.0,False,0.0,0.0
458.3999938964844,462.17999267578125,450.9200134277344,461.9700012207031,15133100,BRK.B,2024-10-04,-0.0038097923262860878,0,0.009836710577725949,0.014627404840264369,0.005550449955245229,0.07019247770390069,0.08842238847286277,0.10355455212162124,0.009836710577725949,0.01885717387335609,0.02432135559853218,455.5899963378906,448.97916920979816,0.014003830053548327,0.028934153078346014,0.8141238000861242,-0.18851389847776978,0.5503575544524368,1,4.0,False,0.0,-0.0
162.38235361186216,168.18878935347016,162.32268534039218,166.10084533691406,100632700,GOOGL,2024-10-04,-0.02286601960298873,0,0.018969124507778323,0.02121153928601216,0.10841305977451698,0.02206681882766559,-0.09611669922049337,0.09818796113723183,0.018969124507778323,0.019435940335294073,0.03689419372873728,162.0790786743164,163.07362365722656,0.024813607625935763,0.018563527392085,0.4123409781059156,-0.19148117349787697,0.5025093802704431,1,5.0,False,0.0,-0.0
259.0400085449219,264.8599853515625,237.80999755859375,250.0800018310547,429389600,TSLA,2024-10-04,-0.1290786889913097,0,-0.03985253000291866,0.049653732764133096,0.18673186969733901,0.2504000091552734,0.007452790296730294,0.5165555554116144,-0.03985253000291866,0.06303640928758979,0.06049458459861559,244.7699966430664,225.58583196004233,0.021693856521686206,0.10858026702382162,0.9084737617015791,0.09333574209128193,0.49983215787448804,0,6.0,False,0.0,-0.0
198.88309377750343,205.30059173762103,196.98403461617457,204.8641357421875,40477800,JPM,2024-10-04,0.05240974659868303,1,0.009569420804942386,0.006747605539596302,0.0002559127962433738,0.032625676599457476,0.03695901224109677,0.08225839501421861,0.009569420804942386,0.029802292877876432,0.03569507362542765,202.0605583190918,203.6392033894857,0.013874936535948512,0.006015208920057358,0.714402620163499,-0.21444696573838096,0.467421772165043,0,7.0,False,0.0,0.0
423.2590885562286,425.4435585697777,409.50004373541833,411.24957275390625,85338600,MSFT,2024-10-04,0.000624896759575222,1,-0.027942610652663125,-0.04413356710608052,0.03574798594912387,0.026574890275583574,-0.08100560125998513,-0.01870242181776871,-0.027942610652663125,0.04466221678093777,0.032922926547051104,422.54248809814453,414.9721171061198,-0.02672610604218162,-0.008970589104090543,0.26617831477900283,-0.09256489665714096,0.46284349964776067,0,8.0,False,0.0,0.0
564.975688534177,593.9856842958213,562.0895809864053,593.080078125,60326800,META,2024-10-04,-0.010051225560418486,0,0.050373596762388395,0.06161932765149336,0.19237310129747098,0.1520720706621428,0.1957192691400902,0.13228814745322026,0.050373596762388395,0.02513958585594915,0.040157593603816454,559.4945526123047,520.0202153523763,0.06002833335174218,0.14049427429108086,1.0,-0.033882371782039455,0.45032202394245463,0,9.0,False,0.0,-0.0
187.13999938964844,188.49000549316406,180.8800048828125,186.50999450683594,172427500,AMZN,2024-10-04,0.012385463972002464,1,-0.007767232560438875,-0.026565821683375623,0.08821982129081407,0.11722769725188242,-0.04103044249545562,0.007780770117410407,-0.007767232560438875,0.04817083439103576,0.04675235079906688,188.1425018310547,179.75249989827475,-0.00867697255181965,0.037593327560870415,0.5919538266978058,-0.07549343833709721,0.44480084258459984,0,10.0,False,0.0,0.0
273.98502261704004,275.16941413599966,269.6817840714627,274.221923828125,21636200,V,2024-10-11,0.04599739764407995,1,-0.000323742904078439,0.009703178388718703,-0.033095354615835904,0.03912036592673829,0.048735109799273646,0.010698732344527118,-0.000323742904078439,0.018670856305738837,0.023033477375232557,275.2952423095703,269.6396230061849,-0.003898790521916662,0.016994167143732586,0.6652517653614747,-0.41138839749959366,0.7258096831321086,1,1.0,True,0.5,0.022998698822039976
222.8296172342201,228.04055170887608,219.68320530273118,225.85693359375,164894900,AAPL,2024-10-11,0.03273995795094642,1,0.0033070626926603452,-0.001053358464202292,0.022696675560075708,0.006635797452507752,0.015618562009829251,0.292112174125283,0.0033070626926603452,0.013657416663893945,0.022189832259316696,225.89164352416992,222.40394592285156,-0.00015365743450446168,0.015525748235133419,0.9585392841897145,-0.42535219611813224,0.7161378784587779,1,2.0,True,0.5,0.01636997897547321
153.4369488619658,155.7444836174916,152.19221279286847,154.5955047607422,25126900,JNJ,2024-10-11,0.02266795544343525,1,0.007299352077861698,0.0003718476017260386,-0.024528767847368682,0.020675806259228047,0.051687348720119486,0.11171740728886048,0.007299352077861698,0.009989765824831881,0.019158460655220033,154.94738006591797,155.26386133829752,-0.0022709342037670055,-0.0043046499796824955,0.7998528436336749,-0.10207195746019038,0.5659889781209175,1,3.0,False,0.0,0.0
249.0,249.8300018310547,214.3800048828125,217.8000030517578,416422000,TSLA,2024-10-11,0.013314939650369118,1,-0.1290786889913097,-0.16378710666846485,-0.05423592252597931,0.007773496078691711,-0.08946485856818331,0.2733118922298643,-0.1290786889913097,0.09610980428056404,0.07090189068805895,241.64749908447266,223.8024991353353,-0.09868712121195378,-0.02682050516311585,0.6238427584384503,0.02436873751931734,0.5602377930022014,1,4.0,False,0.0,0.0
462.3399963378906,463.45001220703125,452.3599853515625,460.2099914550781,13280100,BRK.B,2024-10-11,0.009973699882912301,1,-0.0038097923262860878,0.005989442426965086,0.02814951970657953,0.03531974836231733,0.059244574221591684,0.1412239753764637,-0.0038097923262860878,0.008833248539414274,0.023939056034977278,458.73999786376953,451.1241683959961,0.003204415569067365,0.020140404118421218,0.790672643041201,-0.1982492019530454,0.5579067191188837,1,5.0,False,0.0,0.0
411.1902950616205,415.51961434814075,403.45079759655545,411.5065612792969,83116700,MSFT,2024-10-11,0.004419675789089306,1,0.000624896759575222,-0.027335175139938883,-0.03314064140091366,-0.0051377158855510086,-0.04584569433727148,-0.009664190211498669,0.000624896759575222,0.017347002098152396,0.03159058351733725,419.01622772216797,413.3244272867839,-0.017922137487836,-0.004398157687945381,0.26994448906865787,-0.10594782893043742,0.518215782315427,1,6.0,False,0.0,0.0
182.9499969482422,189.92999267578125,180.25,188.82000732421875,148616000,AMZN,2024-10-11,0.0009003186227687365,1,0.012385463972002464,0.00452203063252421,0.012493976955457287,0.06641821940460213,0.031070836507907984,0.01445227728382581,0.012385463972002464,0.020661990503050058,0.04340083930541911,188.72500228881836,180.22666676839194,0.0005034046058984831,0.04768073842740517,0.6618271778161375,-0.18204760262140385,0.503339501454906,1,7.0,False,0.0,0.0
166.75704136805373,167.51267238697537,158.8228863013817,162.3027801513672,106206000,GOOGL,2024-10-11,0.0011026942160026199,1,-0.02286601960298873,-0.004330643468056894,0.036707607650759755,0.0030474260631878636,-0.07994698007609591,0.03749583750233354,-0.02286601960298873,0.026182091674122086,0.03584606997895589,163.51577758789062,161.8983637491862,-0.0074182287141768555,0.002497964728090274,0.3159431829668183,-0.045056705546338116,0.46186560353598377,0,8.0,False,0.0,0.0
595.3490750867293,600.0564168211795,578.8188343358976,587.118896484375,45728800,META,2024-10-11,-0.02284955458556681,0,-0.010051225560418486,0.039816054818621494,0.12560102869503575,0.11962530778663072,0.23851764490789673,0.1547160162751433,-0.010051225560418486,0.03685145442031542,0.03656468302095474,575.8730773925781,529.4426498413086,0.019528294572678018,0.10893766616715506,0.9609806533267601,-0.24251690425944272,0.45821985154089745,0,9.0,False,0.0,-0.0
204.67983675803367,217.87061094482132,202.10958521366825,215.60101318359375,46012500,JPM,2024-10-11,0.013855637246783958,1,0.05240974659868303,0.06248069832310876,0.09461723876190486,0.045250321850146324,0.06612728612229413,0.23032702744380673,0.05240974659868303,0.02458576562289696,0.03805119103853453,206.71962356567383,204.75360361735025,0.04296345680553326,0.05297786888535283,0.9713222441053873,0.012143522556419928,0.4456347501800172,0,10.0,False,0.0,0.0
226.99836439928595,235.72294688412148,226.89911753216435,233.25148010253906,218141000,AAPL,2024-10-18,-0.01527661670341729,0,0.03273995795094642,0.036155293737105465,0.029798424148681946,0.03597250774520866,0.07942759942043076,0.4278250283110898,0.03273995795094642,0.017140532335682558,0.02172334980199047,227.57899475097656,223.8342259724935,0.024925346725296338,0.042072449327757555,1.0,0.06970377324580834,0.5528166677284565,1,1.0,True,0.5,-0.007638308351708645
461.9200134277344,467.8399963378906,458.1000061035156,464.79998779296875,18222400,BRK.B,2024-10-18,-0.023214239050603935,0,0.009973699882912301,0.006125909831347753,0.020842920834730272,0.025188545562586206,0.062011570405717364,0.1474276765091409,0.009973699882912301,0.006472268979143736,0.02397379579073853,461.1124954223633,453.3858337402344,0.007996947398330345,0.025175365446627573,0.8518318065059963,0.1763236335995637,0.5520003609909545,1,2.0,True,0.5,-0.011607119525301968
154.5380445700316,159.66060486265323,152.24009699047596,158.09986877441406,33200100,JNJ,2024-10-18,-0.02567802499953431,0,0.02266795544343525,0.03013276890896366,0.0058475893158691505,0.01366762252496656,0.035690070843366284,0.13392004888846376,0.02266795544343525,0.017197341019196465,0.017027496605998067,155.17716217041016,155.71787389119467,0.01883464398449486,0.015296862355594243,0.9663367126137653,0.1714853560360865,0.5504018550968406,1,3.0,False,0.0,-0.0
275.4457016062998,287.2499625365185,274.36989961230466,286.8354187011719,33413000,V,2024-10-18,-0.030589562340681553,0,0.04599739764407995,0.04565876340890829,0.02054272891958453,0.08667340936675738,0.12234162471777332,0.08140575731238586,0.04599739764407995,0.03282280626682588,0.02425286833899294,276.73868560791016,272.2451807657878,0.03648471868355618,0.05359227257703436,1.0,0.05430808369653106,0.5277479078239165,1,4.0,False,0.0,-0.0
412.9397598241915,419.1372858012014,405.7340629559766,413.3252868652344,83027500,MSFT,2024-10-18,0.023890412787566984,1,0.004419675789089306,0.005047334389743474,-0.03930898958733364,0.0032869436143090347,-0.014946455275294146,0.051486480160221504,0.004419675789089306,0.015132861656350001,0.030745801425795714,414.7881774902344,412.8018035888672,-0.0035268378039401416,0.001268122551345563,0.253157319910727,0.017456466061296805,0.509392216636744,1,5.0,False,0.0,0.0
162.70048027253844,166.71726503003,161.82553046438127,162.48175048828125,96880400,GOOGL,2024-10-18,0.011320475819662779,1,0.0011026942160026199,-0.0217885396145453,-0.0010391687925519477,-0.011973979380842548,-0.020138662418553444,0.06317504261325069,0.0011026942160026199,0.017210978572891465,0.031617625971352155,163.4735221862793,161.62007904052734,-0.006066864436112929,0.005331462853311875,0.32048558680429556,-0.058252179447517705,0.5056355232465689,1,6.0,False,0.0,0.0
189.77999877929688,190.74000549316406,184.5800018310547,188.99000549316406,140707200,AMZN,2024-10-18,-0.006137910092559595,0,0.0009003186227687365,0.013296933458636806,-0.01362213218793662,0.06749894182224447,0.03556167393514564,0.08223100388726445,0.0009003186227687365,0.01327163717120841,0.04335660719025072,188.07250213623047,180.76750055948892,0.004878455630206835,0.04548663287496857,0.6669692885692923,-0.12188482426893787,0.5027703205775296,1,7.0,False,0.0,-0.0
220.1300048828125,224.25999450683594,213.74000549316406,220.6999969482422,299317200,TSLA,2024-10-18,0.21971004152091478,1,0.013314939650369118,-0.11748242429500866,-0.07366213243130249,0.0017247168273022417,0.004094603657819107,0.5008499991024242,0.013314939650369118,0.09335195483034692,0.06686823787306984,237.2599983215332,223.87749862670898,-0.06979685362236665,-0.014193037254560892,0.5686232472961879,-0.21424185521722094,0.4910608023226758,0,8.0,False,0.0,0.0
591.36829944158,597.2200860857456,571.2753296162662,573.7034912109375,45480100,META,2024-10-18,-0.005585688178103676,0,-0.02284955458556681,-0.032671114118890676,0.02693504144697134,0.09284071957876683,0.23903761005296942,0.20064186266629758,-0.02284955458556681,0.032024670418637644,0.03652218431342198,579.6349334716797,538.6659851074219,-0.01023306553526071,0.06504495749166028,0.8731691453601303,-0.16436045603623306,0.47636411619228436,0,9.0,False,0.0,-0.0
216.4836435076752,219.12175531727908,212.2936451428216,218.5883026123047,38137900,JPM,2024-10-18,-0.01357755869067001,0,0.013855637246783958,0.06699155428253412,0.07419119240491323,0.038665473135247375,0.06837090586802153,0.22716639531275895,0.013855637246783958,0.0238358669705332,0.03808515469621782,210.49393463134766,205.9193255106608,0.03845416256355905,0.0615239830949621,1.0,-0.06405123215089881,0.46242133788702955,0,10.0,False,0.0,-0.0
158.0807517413792,158.94250373120906,153.78165137609906,154.04017639160156,30991300,JNJ,2024-10-25,-0.004661929156863698,0,-0.02567802499953431,-0.0035921378826639927,-0.003221626008794609,-0.03002535341480339,-0.012421552721970874,0.11818442818967179,-0.02567802499953431,0.020592074257797858,0.017777866356184068,155.05269622802734,155.5564168294271,-0.006530165943949284,-0.009747205989503738,0.7674674373749881,0.08225906428153618,0.538168229076037,1,1.0,True,0.5,-0.002330964578431849
232.7055796017645,235.08773156933626,226.06533615950997,229.6881866455078,197299900,AAPL,2024-10-25,-0.03673132886175334,0,-0.01527661670341729,0.01696318545902642,0.015891958679841167,0.010523909646027674,0.05375169005926628,0.37030182271226963,-0.01527661670341729,0.020556141036016544,0.022597849824848155,228.47726821899414,224.81058883666992,0.0052999514391647295,0.021696477172530315,0.9311753801174761,-0.01636852347767004,0.5320019894880759,1,2.0,True,0.5,-0.01836566443087667
464.5299987792969,465.7900085449219,453.0299987792969,454.010009765625,16734300,BRK.B,2024-10-25,-0.004118841164213238,0,-0.023214239050603935,-0.01347207102099246,-0.007563318787779605,-0.046037155496584936,0.05987959961528877,0.1290972466405429,-0.023214239050603935,0.0156699488930406,0.024177367161661134,460.24749755859375,455.52333577473956,-0.013552464328553282,-0.0033221701069183762,0.7080613149026995,0.05629328750716045,0.5176094451509847,1,3.0,False,0.0,-0.0
188.0500030517578,191.52000427246094,183.69000244140625,187.8300018310547,137236600,AMZN,2024-10-25,0.053771978631034,1,-0.006137910092559595,-0.0052431175445520894,-0.0007447964501743343,0.05226891782103471,0.11870165967282764,0.04570764356446411,-0.006137910092559595,0.009167301159667648,0.03477636365863612,188.03750228881836,182.42833455403647,-0.0011035057115625913,0.029609804256685912,0.6318814559082812,-0.08354250582608347,0.516200367992639,1,4.0,False,0.0,0.0
162.01445640921125,164.867967838788,160.0855776572324,164.3211212158203,98036500,GOOGL,2024-10-25,0.03642518875333156,1,0.011320475819662779,0.012435653058874063,0.00805115521112687,0.012910460416966751,-0.007024351669768114,-0.03646852814300949,0.011320475819662779,0.01820144044943861,0.031821000581972375,163.8016242980957,161.52321116129556,0.0031715004045331785,0.01732203089827622,0.3671702206681117,-0.023919019423749188,0.5101256433264532,1,5.0,False,0.0,0.0
218.89999389648438,269.489990234375,212.11000061035156,269.19000244140625,537640400,TSLA,2024-10-25,-0.07507710736124473,0,0.21971004152091478,0.23595040711471515,0.033517665947684794,0.2572509535941394,0.2962392488799115,0.5995603611660947,0.21971004152091478,0.14795530797604792,0.08882518758628212,239.44250106811523,229.00416564941406,0.12423651290222959,0.1754808113556907,1.0,0.27798963755695083,0.508083141279712,1,6.0,False,0.0,-0.0
285.82875169893725,286.6578093634082,277.12360788077183,278.0612487792969,26443400,V,2024-10-25,0.0319810841472945,1,-0.030589562340681553,0.014000795040655767,0.023839825641237766,0.01939436982618692,0.0589503950647845,0.030225256278328727,-0.030589562340681553,0.031593825760811725,0.02615531214897279,278.3573303222656,273.53512318929035,-0.0010636743161244189,0.016546780308261955,0.7193764658917551,0.004672226987216144,0.4886854404641535,0,7.0,False,0.0,0.0
411.3088916838687,427.51926858228103,408.96629801765454,423.1997985839844,89823400,MSFT,2024-10-25,-0.041527506468222564,0,0.023890412787566984,0.02841567645564491,0.00030375382307124,0.026393982239550917,0.05001757801659856,0.057529356112818286,0.023890412787566984,0.021379266758624744,0.02889281951731004,414.82030487060547,414.4817301432292,0.02020029785184385,0.021033661574763718,0.4068056412935087,0.05270165030696772,0.48843642023254535,0,8.0,False,0.0,-0.0
573.2657221535495,582.1926578504655,558.8253897398115,570.4989624023438,49487400,META,2024-10-25,-0.010623774012242349,0,-0.005585688178103676,-0.02830761227674705,0.010381345099679251,0.1006827325127071,0.175475871886837,0.29569024383008613,-0.005585688178103676,0.03243713143708817,0.03585801174113603,581.1003570556641,545.7630259195963,-0.018243655376561363,0.045323584244403525,0.8433644245721691,-0.015289287649031369,0.46330614210701215,0,9.0,False,0.0,-0.0
218.44284085419463,218.90839289110613,214.23344472630617,215.6204071044922,34009200,JPM,2024-10-25,0.002833931514194532,1,-0.01357755869067001,8.995282819901362e-05,0.06257627146682965,-0.0050163559834847105,0.12319139338805862,0.16239433722114294,-0.01357755869067001,0.027359903557154612,0.03238935894303297,213.66846466064453,207.89009221394858,0.009135379181704595,0.03718462389534194,0.9174402154235485,-0.14246703488584656,0.46133121557835144,0,10.0,False,0.0,0.0
154.27953418709438,155.2753073075725,152.26883397784565,153.32205200195312,29750200,JNJ,2024-11-01,-0.02910128209134566,0,-0.004661929156863698,-0.030220245022962056,-0.0009980957736475116,-0.02585469422577269,0.004516373541090912,0.08963383708445583,-0.004661929156863698,0.020397520925378842,0.016637970971716983,155.01440048217773,155.61386235555014,-0.01091736299956969,-0.014727546241096623,0.7324469889989523,-0.000568580271020469,0.5620418444404045,1,1.0,True,0.5,-0.01455064104567283
455.5899963378906,459.239990234375,450.57000732421875,452.1400146484375,17412300,BRK.B,2024-11-01,0.024925882798572552,1,-0.004118841164213238,-0.027237464451419613,-0.021278408871335808,-0.015846063659658127,0.0474204845922892,0.127896874686922,-0.004118841164213238,0.013635999980448276,0.024302968357540436,457.79000091552734,457.22916920979816,-0.012341873469910891,-0.011130424093799496,0.6621199612177892,0.06093152838348126,0.5454691258232667,1,2.0,True,0.5,0.012462941399286276
278.3672007327242,292.48097630462405,277.68622301475125,286.9539489746094,34868700,V,2024-11-01,0.0589184812739294,1,0.0319810841472945,0.00041323443936680526,0.046090865621774446,0.04069888995078674,0.11926404239128008,0.08705057129968519,0.0319810841472945,0.03425684241182244,0.025521748105501015,281.5181350708008,276.08317311604816,0.01930892978685539,0.03937500332188604,1.0,0.19863562885598562,0.5417612275048193,1,3.0,False,0.0,0.0
579.2070359341649,598.3148749725009,559.8602105519794,564.4381103515625,92950700,META,2024-11-01,0.03910744165556301,1,-0.010623774012242349,-0.016150121101438986,-0.048293592770790705,0.13478912031256618,0.09643437123898368,0.2573337696774638,-0.010623774012242349,0.007399094339357816,0.03325600959541956,573.9398651123047,549.9000142415365,-0.01655531413362088,0.026437708189693376,0.7797730715126259,0.5913014076791057,0.5204309725061147,1,4.0,False,0.0,0.0
231.5839844241638,232.98348177622344,218.6310779402587,221.25143432617188,248222000,AAPL,2024-11-01,0.019289053315690863,1,-0.03673132886175334,-0.05144681513314242,-0.01715159610901429,0.009464784904353207,0.032038389725235206,0.21862091489095992,-0.03673132886175334,0.029448934712189363,0.024950531557623154,227.5120086669922,225.38296254475912,-0.027517555567732166,-0.018331147003921244,0.7682204401375762,0.19833281395697444,0.4920961682681016,0,5.0,False,0.0,0.0
216.6291186743872,219.9267966077979,214.91238301870854,216.23146057128906,35287300,JPM,2024-11-01,0.06297653402790004,1,0.002833931514194532,-0.010782105047934754,0.05548713925900062,0.05575725192420711,0.0899231213193512,0.1839226011877202,0.002833931514194532,0.028050401803275955,0.031588851060157117,216.51029586791992,209.3767573038737,-0.001287861602669249,0.032738606499034484,0.9281747042969252,-0.08014303319258975,0.4689143301603872,0,6.0,False,0.0,0.0
426.669225694439,433.43015208412135,401.60241546152275,405.6253662109375,140477000,MSFT,2024-11-01,0.02965625031034791,1,-0.041527506468222564,-0.018629202952219703,-0.013675896379190422,0.021583203818328567,0.012535558450695872,0.012765392621562954,-0.041527506468222564,0.027541282647173447,0.03173991607979619,413.4142532348633,414.90021260579425,-0.01884039305123053,-0.022354402608294133,0.13334583788404009,0.417368277938456,0.46778184583056337,0,7.0,False,0.0,0.0
167.78114595500233,180.9749512117023,163.00870143582344,170.30654907226562,219763900,GOOGL,2024-11-01,0.0412167677160451,1,0.03642518875333156,0.048158015041502855,0.02532018260846791,0.13647828085361846,0.047945737318437986,0.026752654318636715,0.03642518875333156,0.024564526239569392,0.03290393905071325,164.8530502319336,162.17253494262695,0.033080970189265146,0.05015654551195303,0.5190849509684511,0.6876135083476871,0.46725992285309015,0,8.0,False,0.0,0.0
270.0,273.5400085449219,246.6300048828125,248.97999572753906,366289100,TSLA,2024-11-01,0.29014381369102815,1,-0.07507710736124473,0.12813773978406084,-0.004398616824462187,0.18151189092916264,0.2448999786376953,0.37413760346989866,-0.07507710736124473,0.1533398322968059,0.09188520643471584,239.16749954223633,233.08583196004233,0.04102771573931974,0.06819017541238392,0.7993446538033501,-0.09539747233492879,0.4643561388111053,0,9.0,False,0.0,0.0
189.57000732421875,200.5,185.22999572753906,197.92999267578125,276163200,AMZN,2024-11-01,0.051785986860465316,1,0.053771978631034,0.04730402096813813,0.06122995284591437,0.15485146963443985,0.18563549647276467,0.062939614088104,0.053771978631034,0.02680486804109035,0.03653872613718313,190.8925018310547,185.01083374023438,0.03686625078105443,0.06982920229247824,0.9373863437058645,0.5719605022178014,0.4626025306859735,0,10.0,False,0.0,0.0
450.3699951171875,469.260009765625,437.8999938964844,463.4100036621094,23573700,BRK.B,2024-11-08,0.014824874437101565,1,0.024925882798572552,0.020704375882234283,0.006953374038911164,0.035298627885026246,0.04251871382255201,0.12464510955148,0.024925882798572552,0.020512817781269153,0.023877452730452685,458.59000396728516,458.8041687011719,0.010510477012421138,0.010038781848857647,0.8222505129623816,0.24165719680759312,0.5342012972226267,1,1.0,True,0.5,0.0074124372185507825
244.55999755859375,328.7099914550781,238.8800048828125,321.2200012207031,625405600,TSLA,2024-11-08,-0.0015565655877588513,0,0.29014381369102815,0.1932835480791011,0.4748392870516567,0.39485001774085227,0.48630394446625314,0.9066896117599641,0.29014381369102815,0.17134103860822175,0.11970458780562641,265.02249908447266,241.84416580200195,0.21204804245060793,0.32821066886387595,1.0,0.3680142474323851,0.5219939851376276,1,2.0,True,0.5,-0.0007782827938794257
152.9103250715491,154.0114404591287,148.8027369574448,148.8601837158203,36566600,JNJ,2024-11-08,-0.009455291833974866,0,-0.02910128209134566,-0.033627543132725646,-0.03709888624380164,-0.0607176641231002,-0.017190129368983675,0.05340754202880471,-0.02910128209134566,0.023830980042847776,0.018626702543795632,153.58057022094727,155.39688873291016,-0.030735570901553544,-0.042064581024687464,0.5148570697209258,0.12074490338538113,0.5048785631154095,1,3.0,False,0.0,-0.0
219.34573920720757,227.20836966100222,218.07526420177624,225.5191650390625,208083400,AAPL,2024-11-08,-0.008635943647822164,0,0.019289053315690863,-0.018150788106833016,-0.0014954978326902069,0.02116723489827632,0.005130375799109244,0.24268079805006826,0.019289053315690863,0.031762335406147105,0.021632583091576583,227.4275665283203,225.47888692220053,-0.008391249655393729,0.0001786336512998865,0.8282169095213687,-0.04521120422306357,0.5038777037970575,1,4.0,False,0.0,-0.0
168.95438211699454,180.0403569286527,167.0454071374049,177.32603454589844,120789400,GOOGL,2024-11-08,-0.03285673756472951,0,0.0412167677160451,0.07914328501323564,0.09256313650647408,0.1326685154550371,0.09589264188434199,0.06013421765738047,0.0412167677160451,0.01938258385681607,0.034396151187390846,168.6088638305664,163.4655647277832,0.051700548341822916,0.08479137389698477,0.6972448533429791,-0.09769469897671246,0.49221078673067853,0,5.0,False,0.0,-0.0
215.95016767681818,240.53735741437822,212.57488952061908,229.84896850585938,63771300,JPM,2024-11-08,0.035150672007123074,1,0.06297653402790004,0.06598893672653094,0.0660848254462183,0.166954827915907,0.11432550691721666,0.2061850750093086,0.06297653402790004,0.03295694096975743,0.03433080338094492,220.07228469848633,211.34189224243164,0.044424875312071954,0.08756936955120165,1.0,0.4899340384111044,0.4808903281559085,0,6.0,False,0.0,0.0
287.75335759022,307.0981257097671,286.97366683628974,303.86083984375,30833700,V,2024-11-08,0.007661311057082676,1,0.0589184812739294,0.09278384232867642,0.10808368492886022,0.07141126243211748,0.15143232416072605,0.10087033320058358,0.0589184812739294,0.039666708252968585,0.02880516035315438,288.92786407470703,279.4133987426758,0.05168409705607968,0.08749559330756695,1.0,-0.01771281662456159,0.46860095334980095,0,7.0,False,0.0,0.0
405.06193022116906,421.91482589939426,400.88085627166146,417.6546936035156,100773300,MSFT,2024-11-08,-0.01784459979384334,0,0.02965625031034791,-0.0131028062844607,0.014940545067143818,-0.018695235580174163,0.009726068905862695,0.02248437607514986,0.02965625031034791,0.032283915140288715,0.0314951469626299,414.95128631591797,415.23546346028644,0.006514999173998115,0.005826164564724179,0.32052329170425947,-0.02658287394482317,0.4596710994611,0,8.0,False,0.0,-0.0
561.3929508469568,591.9455725919563,552.5057499508582,586.5118408203125,64214800,META,2024-11-08,-0.05982958371013414,0,0.03910744165556301,0.028068199020975015,-0.0010339569509643098,0.1244372056874039,0.1184676634171693,0.239999870959833,0.03910744165556301,0.02705277581596179,0.03434722467772366,573.7881011962891,555.0769399007162,0.022174979922894522,0.056631610250677866,0.9494970897729659,0.0187448687795726,0.4576957538925459,0,9.0,False,0.0,-0.0
196.4499969482422,212.25,194.30999755859375,208.17999267578125,230303300,AMZN,2024-11-08,-0.026755655016783342,0,0.051785986860465316,0.10834260047034738,0.10253142993644682,0.11630643221474002,0.17575960435043547,0.11041176349462423,0.051785986860465316,0.032122963094810386,0.035610674204595384,195.7324981689453,187.60416666666666,0.06359441903251017,0.10967680715574679,1.0,0.17440222291828644,0.44792627727646905,0,10.0,False,0.0,-0.0
149.00376818651625,150.8804446754029,144.35039932386343,147.45266723632812,40535000,JNJ,2024-11-15,0.007597383876454922,1,-0.009455291833974866,-0.03828141281040398,-0.0673447841584105,-0.06189099948286558,-0.054597604722346316,0.011531202264516649,-0.009455291833974866,0.011981914412108262,0.015933922872155108,150.91876983642578,154.6872647603353,-0.022966676735136526,-0.04676918643054484,0.44621734808076957,0.1762648982792756,0.536681502948501,1,1.0,True,0.5,0.003798691938227461
223.5715733715174,227.41703140021204,220.0937933412938,223.57159423828125,223817700,AAPL,2024-11-15,0.021644434871227025,1,-0.008635943647822164,0.010486530490414703,-0.041499783238256205,-0.012937987232586323,-0.0070201267670102485,0.18769821837825895,-0.008635943647822164,0.02310596622328044,0.021770166251307056,225.00759506225586,225.3471705118815,-0.0063820104542573475,-0.007879292513711111,0.7844269642914183,0.02034115814151205,0.5253835869387223,1,2.0,True,0.5,0.010822217435613513
346.29998779296875,358.6400146484375,309.2200012207031,320.7200012207031,726819600,TSLA,2024-11-15,0.09927661579166669,1,-0.0015565655877588513,0.2881356202273766,0.453194407138652,0.3461490082715766,0.4557007559859856,0.8072804524223047,-0.0015565655877588513,0.1743320570391204,0.1201785180219162,290.0275001525879,250.21083196004233,0.1058261752832661,0.28179902807693336,0.996521497280562,0.2885988713451253,0.5248496964064812,1,3.0,False,0.0,0.0
466.010009765625,472.260009765625,464.0,470.2799987792969,20976300,BRK.B,2024-11-15,0.013375028836541736,1,0.014824874437101565,0.04012028031839687,0.011790041158023845,0.03287870088724909,0.03727556070950366,0.12793206702536697,0.014824874437101565,0.02127903981973827,0.023605066871422452,459.9600067138672,460.2125015258789,0.02243671605094466,0.021875757872804824,0.9198633950391377,0.06618583267892131,0.5023732352816096,1,4.0,False,0.0,0.0
306.0519158971885,308.3713195504664,303.242016036872,306.1888122558594,22859000,V,2024-11-15,0.0009041985130360253,1,0.007661311057082676,0.06703118514306272,0.06747211917664209,0.08940090955010227,0.15999356714963908,0.10978506558975476,0.007661311057082676,0.038006882288043456,0.028603458439085672,293.7662124633789,282.9326883951823,0.042287367523687225,0.08219666660854119,1.0,-0.20493753304209916,0.49014378158267474,0,5.0,False,0.0,0.0
208.5,215.89999389648438,199.61000061035156,202.61000061035156,249823200,AMZN,2024-11-15,-0.02709641911369487,0,-0.026755655016783342,0.023644763844539618,0.07206727721736672,0.05746343505275031,0.14443068399179393,0.0969680777370463,-0.026755655016783342,0.040852271931785124,0.0373679535096225,199.1374969482422,189.73500061035156,0.017437718738685826,0.06785780145246201,0.8649371148301849,0.1183697670678523,0.46699908620146063,0,6.0,False,0.0,-0.0
583.5460928122134,596.78230100658,548.8534455153184,551.4210815429688,66021000,META,2024-11-15,0.009132011206396617,1,-0.05982958371013414,-0.0230619240087917,-0.03883959224465661,-0.0129506968245785,0.05039523164197046,0.1764091658911926,-0.05982958371013414,0.04046418053221745,0.03983260081796816,568.2174987792969,557.2815856933594,-0.029559838041615993,-0.010516235061129975,0.6796856649760248,-0.031502465032406834,0.46679336674813077,0,7.0,False,0.0,0.0
177.55470270682915,181.44225527864106,170.236966835199,171.4996795654297,129281400,GOOGL,2024-11-15,-0.04481430196959746,0,-0.03285673756472951,0.007005781631203023,0.0555011812098789,0.054404337321863894,0.042862631829616804,-0.017851239727196266,-0.03285673756472951,0.03389381677991314,0.0362233177723155,170.86334609985352,164.0529645284017,0.003724224534408238,0.04539213941323661,0.5493675141250596,-0.0893611086457633,0.45382610384488753,0,8.0,False,0.0,-0.0
417.6348679260246,424.366129168666,408.8575514031372,410.2018127441406,123901200,MSFT,2024-11-15,0.006830565622435003,1,-0.01784459979384334,0.011282446598330331,-0.0075569393413671415,-0.04656887327881887,-0.0042948349605699265,-0.010618549401085864,-0.01784459979384334,0.03408188469889523,0.03195520233639276,414.17041778564453,415.0880177815755,-0.009582058184459452,-0.011771491414156121,0.2045557718790066,0.08930140981403589,0.45050713702269396,0,9.0,False,0.0,0.0
232.7781040164942,239.00491351851235,231.57541887997547,237.92831420898438,49041700,JPM,2024-11-15,0.01320776739625229,1,0.035150672007123074,0.10034087352678323,0.08847688263988096,0.16923228046811678,0.13056335630393123,0.21188002062381606,0.035150672007123074,0.03408334092100967,0.035012854795581555,224.90728759765625,213.63165918986002,0.05789508535011034,0.11373152795453079,1.0,0.07719146996724491,0.4412216385929711,0,10.0,False,0.0,0.0
340.7300109863281,361.5299987792969,330.010009765625,352.55999755859375,428431200,TSLA,2024-11-22,-0.02098931798198267,0,0.09927661579166669,0.09756551964009752,0.3097068775254177,0.3536051951357,0.646630220697634,0.9669715842094182,0.09927661579166669,0.15834496649895383,0.1194416430007048,310.86999893188477,261.7483317057292,0.13410750078795397,0.34694267299078585,1.0,-0.20178467501853214,0.563710204948436,1,1.0,True,0.5,-0.010494658990991335
146.10261673628088,150.4400142800186,145.35577638533414,148.5729217529297,43212700,JNJ,2024-11-22,0.006984376404133741,1,0.007597383876454922,-0.0019297434392464563,-0.03549239404123372,-0.03859967683027077,-0.06445207578141166,0.06380729686996056,0.007597383876454922,0.01525914976758028,0.014810573862638236,149.5519561767578,153.83430353800455,-0.006546450135837656,-0.03420161605096772,0.5008482950757215,0.1518433740158398,0.5568029116391354,1,2.0,True,0.5,0.0034921882020668704
470.9800109863281,477.44000244140625,465.010009765625,476.57000732421875,18034800,BRK.B,2024-11-22,0.01353417460252615,1,0.013375028836541736,0.028398186396737524,0.04969052900450355,0.04175138490512942,0.0013657628974308444,0.16975529083833707,0.013375028836541736,0.012062512479777136,0.01899013748132556,465.6000061035156,460.26666768391925,0.02356099887649954,0.03542150841019742,1.0,-0.09822731074001434,0.54278478011243,1,3.0,False,0.0,0.0
306.030572876706,308.9279081011561,302.8068946470543,306.4656677246094,27497300,V,2024-11-22,0.0166494278632503,1,0.0009041985130360253,0.008572436916184367,0.1021516628800645,0.1284267663533254,0.12352719983450733,0.13349078225150968,0.0009041985130360253,0.02633353473658434,0.028010360098829037,300.86731719970703,285.7405751546224,0.018607373432941943,0.07253115018324596,1.0,-0.052296811871923476,0.4877958255088519,0,4.0,False,0.0,0.0
223.82002947230836,229.25528492407807,223.74053552254367,228.41067504882812,196291700,AAPL,2024-11-22,0.032453139202152315,1,0.021644434871227025,0.012821571103567964,-0.005561938623562468,0.010241629957493226,0.004903437682933998,0.21270280646582695,0.021644434871227025,0.027443302586083563,0.022538534184943462,224.68821716308594,225.44004821777344,0.01656721448388332,0.013177014707631107,0.8865060194413718,-0.10411508340571152,0.4864928310523223,0,5.0,False,0.0,0.0
204.14999389648438,205.3000030517578,195.75,197.1199951171875,190707600,AMZN,2024-11-22,0.054636792508330645,1,-0.02709641911369487,-0.053127091688482064,0.049459581512908635,0.0486779477419963,0.10431369813550417,0.09056705459024905,-0.02709641911369487,0.04602506681078392,0.03904005044864334,201.4599952697754,191.2866668701172,-0.021542739275736578,0.030495216119956314,0.731813768729391,-0.19447457769942955,0.47238730138819074,0,6.0,False,0.0,0.0
554.3667253091998,567.2645685130409,546.4150954692434,556.4566650390625,53965700,META,2024-11-22,0.027148884510736382,1,0.009132011206396617,-0.0512439369326525,-0.024614062932121428,-0.014488244914045656,0.07359045846634005,0.1714880169325701,0.009132011206396617,0.04156065804107408,0.03945740069515985,564.7069244384766,560.4601643880209,-0.01460980739277784,-0.0071432362250578585,0.7184040622334541,-0.221139864666418,0.46942200351821073,0,7.0,False,0.0,0.0
240.30458500761375,241.6527523940075,231.4590332309668,241.07081604003906,41640200,JPM,2024-11-22,0.004707377773918164,1,0.01320776739625229,0.04882270130306732,0.11803339617670461,0.18799575748483965,0.11242494266005787,0.2528462357081569,0.01320776739625229,0.026617382503596524,0.03452402231869083,231.26988983154297,215.66193644205728,0.04237873860551011,0.11781810001881565,1.0,-0.1221652730966768,0.46667983812338854,0,8.0,False,0.0,0.0
410.07336996510656,415.7570819396626,405.8329222910528,413.00372314453125,107647000,MSFT,2024-11-22,0.015491632273739953,1,0.006830565622435003,-0.011135922881306382,-0.024092817325454652,-0.023796381787754672,0.0016652595215074228,-0.026902065764056626,0.006830565622435003,0.030758084119459333,0.03201450378534875,411.62139892578125,415.1452356974284,0.003358241875561996,-0.005158465926507594,0.24815375848805737,-0.08927799051815943,0.45577272137393193,0,9.0,False,0.0,0.0
172.424337422112,177.8430297605378,162.76014278127062,163.8140411376953,160906300,GOOGL,2024-11-22,0.025430905080676025,1,-0.04481430196959746,-0.07619858777536548,-0.003085909312041446,0.004940400764246622,0.009784710594901602,-0.05612925954219483,-0.04481430196959746,0.04514237835130776,0.038653122422429326,170.73657608032227,164.18524297078451,-0.040545119865647794,-0.0022608720879698785,0.3543001410085461,0.020427084968315024,0.4493674009005407,0,10.0,False,0.0,0.0
360.1400146484375,361.92999267578125,326.5899963378906,345.1600036621094,253250800,TSLA,2024-11-29,0.12765093606189026,1,-0.02098931798198267,0.0762035493526576,0.38629612653628986,0.3801983410704204,0.6379253578516655,0.9382300096198575,-0.02098931798198267,0.14239969606977057,0.11970527764025829,334.91500091552734,272.95083236694336,0.030589859273475906,0.2645501047532659,0.9577336427970508,-0.5019422715057993,0.5996738506465428,1,1.0,True,0.5,0.06382546803094513
148.57291610380778,151.17421208832488,147.82506684341334,149.61061096191406,27767900,JNJ,2024-11-29,-0.03677178743933762,0,0.006984376404133741,0.014634823269268571,-0.024206831252113536,-0.02518076628979493,-0.049435665257687944,0.07342831437193986,0.006984376404133741,0.017311758973037467,0.015177395522798705,148.62409591674805,153.18590799967447,0.006637652118796522,-0.02333959490430415,0.5514528169349462,-0.24993280758929837,0.5897418665901462,1,2.0,True,0.5,-0.01838589371966881
479.1300048828125,491.6700134277344,472.8500061035156,483.0199890136719,16907600,BRK.B,2024-11-29,-0.02592022959388851,0,0.01353417460252615,0.02709022341465528,0.06829737109033629,0.04556570283210282,0.05136906294059318,0.16558879374483904,0.01353417460252615,0.005545395225603764,0.01574630116073936,473.3199996948242,462.23333231608075,0.020493512475918685,0.044970051366561625,1.0,-0.1492218123996759,0.5875482799692163,1,3.0,False,0.0,-0.0
229.99059491471002,236.3002669685808,228.2815130321861,235.8233184814453,198118800,AAPL,2024-11-29,0.0232164947893283,1,0.032453139202152315,0.0548000039312071,0.06586119633372123,0.04757997558593452,0.07594934329491632,0.23727499266877605,0.032453139202152315,0.017513538993525396,0.02108488241167762,228.3311882019043,226.82724380493164,0.032812557664772646,0.039660468141341054,1.0,-0.04094871716674431,0.5298740964994199,1,4.0,False,0.0,0.0
414.3705063731925,424.92835279721186,410.8743369468268,419.4018249511719,85754300,MSFT,2024-11-29,0.04748969999837738,1,0.015491632273739953,0.022428014507019478,0.033963503981331966,0.01982312624101845,0.0562797490284741,0.023950133189166722,0.015491632273739953,0.019944007618285343,0.029925988072037887,415.06551361083984,417.0074183146159,0.010447293735893703,0.005741880195401006,0.34770881808253,-0.17953347215983317,0.5277304826431508,1,5.0,False,0.0,0.0
242.07950499118758,246.65747516559617,240.8671336131068,242.20562744140625,27474600,JPM,2024-11-29,-0.009450716516430147,0,0.004707377773918164,0.01797731912085454,0.12012205255189401,0.18227442086891865,0.18257698002188993,0.2468169547816823,0.004707377773918164,0.02602409964828817,0.028116372257580624,237.76343154907227,218.77809524536133,0.018683259504593597,0.10708353672140158,1.0,-0.39592299802449105,0.5179994756347737,1,6.0,False,0.0,-0.0
308.38405628240383,312.84381354208597,306.04049148896274,311.5681457519531,30318400,V,2024-11-29,-0.012917229257360718,0,0.0166494278632503,0.01756868076420326,0.08577751540029066,0.13582194095774947,0.1299674550106058,0.16094853442182422,0.0166494278632503,0.026067195923995357,0.02807426041620497,307.02086639404297,288.7269236246745,0.014810978196100777,0.0791101219121868,1.0,0.08757367157989893,0.48157873029523884,0,7.0,False,0.0,-0.0
199.27999877929688,208.1999969482422,199.0,207.88999938964844,135313400,AMZN,2024-11-29,0.09206791786926849,1,0.054636792508330645,0.02605991196580204,0.050320856274582715,0.11463195277735583,0.21296458445640498,0.1782475431481949,0.054636792508330645,0.046282209586259226,0.03780667248911079,203.9499969482422,194.32833353678384,0.01931847266664155,0.06978738306474264,0.9929681533752864,-0.32859234817449656,0.4806215883736065,0,8.0,False,0.0,0.0
165.13641317917185,168.84504116693137,164.65917328191838,167.97998046875,87145700,GOOGL,2024-11-29,0.03409310569351476,1,0.025430905080676025,-0.020523065148567055,-0.013661063630197812,0.011313218352527743,0.12095277874453947,-0.018154630485419987,0.025430905080676025,0.04243843024524905,0.03029689716600718,170.15493392944336,165.6956876118978,-0.012782194500426503,0.013786073070305882,0.4600348629204067,-0.3002070975269552,0.47818281916895145,0,9.0,False,0.0,0.0
559.4025063006017,575.6839894711363,553.7199469729902,571.5638427734375,38287100,META,2024-11-29,0.08610206928248831,1,0.027148884510736382,0.036528819634726206,0.012624470763387574,-0.03627880305739695,0.14911523238456237,0.23265140107199644,0.027148884510736382,0.04423011016166564,0.036874575914649675,566.4883575439453,566.6409250895182,0.008959557883055691,0.008687896454252053,0.8345625390836275,-0.3116573163748615,0.46043103482206144,0,10.0,False,0.0,0.0
352.3800048828125,389.489990234375,348.20001220703125,389.2200012207031,349924000,TSLA,2024-12-06,0.12078004629306927,1,0.12765093606189026,0.10398231199220676,0.21169291993520267,0.7870523221627743,0.6901298908680826,1.1930358946944066,0.12765093606189026,0.07337260093450385,0.12130139852083621,351.91500091552734,286.1949996948242,0.10600571219790189,0.3599818362855278,1.0,-0.2040061291191393,0.5823872408802917,1,1.0,True,0.5,0.06039002314653463
484.79998779296875,485.0899963378906,466.5,470.5,20495300,BRK.B,2024-12-06,-0.026780034226388194,0,-0.02592022959388851,-0.012736863904423634,0.01529961865704621,0.02235937666713239,0.05113830208783021,0.13724257616688695,-0.02592022959388851,0.019926373089049206,0.01578342090766171,475.0924987792969,464.1408335367839,-0.00966653607686263,0.013700941618859153,0.8384100132972857,0.0728557594158139,0.5820055340100005,1,2.0,True,0.5,-0.013390017113194097
242.04072865244322,242.7196618094662,234.94099891212346,239.91661071777344,34995900,JPM,2024-12-06,-0.029996676879828654,0,-0.009450716516430147,-0.004787826835389031,0.04380111982820334,0.11278053463261739,0.21806875616755206,0.25158725256292724,-0.009450716516430147,0.018671913479089676,0.024148914859874922,240.28034210205078,222.35741678873697,-0.0015137792009753959,0.0789683302793518,0.959436793534677,-0.08598494049064853,0.5641249430470746,1,3.0,False,0.0,-0.0
149.3596824013233,149.60097429534807,143.21156264421623,144.10916137695312,42241700,JNJ,2024-12-06,-0.018016191288367733,0,-0.03677178743933762,-0.030044239039732967,-0.031916004805805365,-0.06783084281795981,-0.09069580366895547,0.031074247243934705,-0.03677178743933762,0.02079833404492193,0.017371601938787354,147.43634033203125,151.98809687296549,-0.02256688512198024,-0.051839161474583895,0.28316610510524814,0.09891888059949028,0.554207721264988,1,4.0,False,0.0,-0.0
235.76370602927642,243.07695387436263,235.65440375298792,241.29830932617188,208286500,AAPL,2024-12-06,0.021783986898470387,1,0.0232164947893283,0.05642308212866465,0.06996808579162761,0.06836795083827862,0.09261635159723802,0.2361650921066043,0.0232164947893283,0.017852186954753897,0.02164536424747985,232.27597427368164,228.53172810872397,0.038843169555967894,0.055863495730335444,1.0,0.008023208782614422,0.5229306219941335,1,5.0,False,0.0,0.0
313.36784950442524,313.88207293562334,305.3581591155506,307.5435485839844,26092000,V,2024-12-06,0.011993148756741068,1,-0.012917229257360718,0.0035171341291762026,0.012119721455808863,0.1215133505399244,0.08439646849741123,0.12041546681425297,-0.012917229257360718,0.012460111226490704,0.02821361576626633,307.94154357910156,290.72154998779297,-0.001292436838795541,0.05786292277575478,0.9281314492893418,-0.022466742907666926,0.5127488486595714,1,6.0,False,0.0,0.0
574.7285975175146,626.7677422864213,572.8078668096863,620.7766723632812,67143300,META,2024-12-06,-0.005482850177542464,0,0.08610206928248831,0.11558852892831029,0.0584213807091174,0.057327018565483945,0.1901283797643638,0.267821090323358,0.08610206928248831,0.06009816858778773,0.04152360225852825,575.0545654296875,574.9052480061849,0.07950916257734542,0.07978953839120773,1.0,0.19144998316454243,0.5019836295112572,1,7.0,False,0.0,-0.0
209.9600067138672,227.14999389648438,209.50999450683594,227.02999877929688,205802000,AMZN,2024-12-06,0.00189405777598739,1,0.09206791786926849,0.15173500610289659,0.09054667483283341,0.20236198481588108,0.21738426774628872,0.2318502171458945,0.09206791786926849,0.05987865113720372,0.03849692213419784,208.6624984741211,197.70666631062826,0.08802492273164164,0.14831736843206422,1.0,0.05317213849437241,0.4781571714703921,0,8.0,False,0.0,0.0
417.5299380247713,441.8248445475462,417.27242003383,439.319091796875,105037400,MSFT,2024-12-06,0.008341433025961908,1,0.04748969999837738,0.06371702524128242,0.05187155448066294,0.06758708884522813,0.032206567969562894,0.05051060540350494,0.04748969999837738,0.026988878122870683,0.025455060035848964,420.4816131591797,418.1497090657552,0.044799767809500235,0.050626324190006455,0.6576233439384587,-0.005186107208909219,0.47633782889677956,0,9.0,False,0.0,0.0
167.80101718271035,175.0491662947447,167.60216850996696,173.70693969726562,120471500,GOOGL,2024-12-06,0.08773128176261924,1,0.03409310569351476,0.06039102930898799,-0.020409269614023118,0.07026472088317082,0.1095515783398,0.003912806066622032,0.03409310569351476,0.04006090775417683,0.029329155902170844,169.25016021728516,167.12493387858072,0.026332497849684833,0.039383745237361545,0.6053894620413591,-0.0319781906526031,0.4664659887626018,0,10.0,False,0.0,0.0
308.3543622795957,313.4173536411645,303.2222414105848,311.2319641113281,22547300,V,2024-12-13,0.00943633683906242,1,0.011993148756741068,-0.0010789987526280687,0.016470725426945165,0.08505415935252003,0.10734413281116661,0.1674083508032418,0.011993148756741068,0.01316024319564221,0.027770795646359914,309.20233154296875,293.2357432047526,0.006564092056587034,0.061371170887614346,0.9939966942581128,-0.15279507773237522,0.555591792437188,1,1.0,True,0.5,0.00471816841953121
239.69356932385114,240.498572865486,231.94397970195718,232.71990966796875,40575700,JPM,2024-12-13,-0.00975246290012044,0,-0.029996676879828654,-0.03916390330663255,-0.02189064617353953,0.06464942033393406,0.1436370303217085,0.25269925465721177,-0.029996676879828654,0.018883959358753602,0.02698535254203933,238.97824096679688,224.79315439860025,-0.026187870801583357,0.03526244066717843,0.8243870910149997,0.12175574207389217,0.5274783801264666,1,2.0,True,0.5,-0.00487623145006022
397.6099853515625,436.29998779296875,378.010009765625,436.2300109863281,474962800,TSLA,2024-12-13,-0.03477526315402868,0,0.12078004629306927,0.2638486683218684,0.36015842269262444,0.9765746126794523,0.8309759117999083,1.4505928006732005,0.12078004629306927,0.06950484473280043,0.1227872149623214,380.7925033569336,302.6933339436849,0.14558455626273314,0.441161605056976,1.0,0.2610450979736205,0.5270552778179317,1,3.0,False,0.0,-0.0
144.08985429782848,145.63412823914575,139.98789664468356,141.5128631591797,45756900,JNJ,2024-12-13,-0.014663819049583582,0,-0.018016191288367733,-0.05412549117118304,-0.04028278489956705,-0.10491473360361647,-0.0996806425630451,0.023211900440422317,-0.018016191288367733,0.021440726473150703,0.01762392403063231,145.95138931274414,150.68244043986002,-0.030410989401776778,-0.060853655236225546,0.13160223373292196,0.15126758720637667,0.5244717212179335,1,4.0,False,0.0,-0.0
470.6000061035156,471.70001220703125,457.010009765625,457.8999938964844,17319200,BRK.B,2024-12-13,-0.01026420998493316,0,-0.026780034226388194,-0.05200611918459652,-0.026324753157580982,-0.014845081922759795,0.0056884240446692935,0.12911176270728553,-0.026780034226388194,0.022984046024866967,0.01752080328609434,471.99749755859375,464.3566665649414,-0.029867750856792052,-0.013904554695467142,0.670427778603022,-0.047831889484021395,0.5132362348629345,1,5.0,False,0.0,-0.0
240.29473874492055,249.2077755123232,240.21524480725012,246.55474853515625,192702600,AAPL,2024-12-13,0.025631734501317283,1,0.021783986898470387,0.04550622950611771,0.10279997499315452,0.057034015075784206,0.0885319629965966,0.17036335256389368,0.021783986898470387,0.005168151073427513,0.021382308887972764,238.0217628479004,230.2027842203776,0.03584960293193262,0.07103286943360598,1.0,-0.030914272524150133,0.5032270331044062,1,6.0,False,0.0,0.0
438.35845815609247,451.78843398650577,436.27857694289565,442.983642578125,97826700,MSFT,2024-12-13,-0.02385584479357783,0,0.008341433025961908,0.056227265176298724,0.07991634560238214,0.0717554832849141,0.029625858152299678,0.014467869554910529,0.008341433025961908,0.019013264006975183,0.025393891664005117,428.6770706176758,419.2118886311849,0.03337377466873859,0.05670582011535963,0.7146440951612137,-0.012513330712194404,0.5002301761964908,1,7.0,False,0.0,-0.0
173.15945800345577,194.70981847741263,172.8508718378986,188.94647216796875,208057700,GOOGL,2024-12-13,0.008376298858512987,1,0.08773128176261924,0.12481541931789453,0.1017307591871206,0.16287811769726246,0.16166969104780993,0.0763601581457547,0.08773128176261924,0.05443843958297589,0.03637824830491439,173.61185836791992,169.31624221801758,0.08832699531129706,0.11593825667755242,0.9921804351707303,0.443388719576705,0.49849419374718823,0,8.0,False,0.0,0.0
620.9258564568023,635.3363804725623,603.2610368421125,617.373046875,49130100,META,2024-12-13,-0.055820145051329484,0,-0.005482850177542464,0.0801471343590936,0.11960363420906317,0.07611868558074741,0.10510398697872536,0.23163663222318842,-0.005482850177542464,0.040198152230722754,0.03792062735060551,591.5425567626953,579.798329671224,0.043666325976047915,0.06480652889269756,0.9784243654358837,-0.05757453979404026,0.45708961161337386,0,9.0,False,0.0,-0.0
227.2100067138672,231.1999969482422,224.1999969482422,227.4600067138672,170377300,AMZN,2024-12-13,-0.011166835795081487,0,0.00189405777598739,0.09413635760101502,0.12264945475868094,0.2035557442327003,0.18716074878921196,0.23848416736579936,0.00189405777598739,0.05325654505777239,0.03858577971721319,214.875,200.69499969482422,0.058568966673029355,0.13336160372576145,1.0,-0.029466093933597004,0.4465452776704054,0,10.0,False,0.0,-0.0
441.0899963378906,488.5400085449219,417.6400146484375,421.05999755859375,645429900,TSLA,2024-12-20,0.025174574086773926,1,-0.03477526315402868,0.08180462524544341,0.19429317130232748,0.5641739802363002,0.6166014411899208,1.3007486486912385,-0.03477526315402868,0.08803856336316164,0.12500111746098377,397.9175033569336,316.07666778564453,0.05815902544226925,0.3321451422164017,0.936354046405411,0.49789294588114474,0.5836401556092711,1,1.0,True,0.5,0.012587287043386963
141.61902794834907,142.12091918898983,137.7776549310487,139.437744140625,55631000,JNJ,2024-12-20,0.0040146891201235935,1,-0.014663819049583582,-0.03241582416893596,-0.06148615443866745,-0.09479625765848387,-0.09771248557806944,-0.013549218088480308,-0.014663819049583582,0.01793517883605284,0.01754325848227576,143.66759490966797,149.42408243815103,-0.029441926494993664,-0.06683218752010434,0.02741218409526385,0.2982919820884202,0.5556770661911354,1,2.0,True,0.5,0.0020073445600617967
459.1700134277344,460.4200134277344,446.0899963378906,453.20001220703125,31522500,BRK.B,2024-12-20,0.007303613127622066,1,-0.01026420998493316,-0.03676936831661792,-0.04903790578094125,-0.0017840962559655393,-0.00933392135501332,0.10639133247725385,-0.01026420998493316,0.01885663282363502,0.017733583708249793,466.1549987792969,464.00083414713544,-0.02779115660282605,-0.023277591644758178,0.6087644144705048,0.4620045776779067,0.5553544387642668,1,3.0,False,0.0,0.0
311.23190384522866,318.03526960471095,306.1096908682832,314.1688537597656,58589700,V,2024-12-20,0.002990086632082445,1,0.00943633683906242,0.021542656987233233,0.02513555953053226,0.12985486161406157,0.1567904045148456,0.15889949472912557,0.00943633683906242,0.013148646849719354,0.024335325395564964,311.1281280517578,296.78425852457684,0.009773226635111376,0.05857654082333741,1.0,0.7038402761520757,0.5533509572541412,1,4.0,False,0.0,0.0
233.3697476379754,233.42793979570948,222.62313123810546,230.4503173828125,72577200,JPM,2024-12-20,0.015025235069118237,1,-0.00975246290012044,-0.03945659830155168,-0.044055513776759314,0.06877786048856471,0.13565799402423462,0.22455738812411896,-0.00975246290012044,0.0142769212760017,0.027393794005762532,236.32311630249023,227.08715693155924,-0.024850717151853385,0.014809998489993204,0.7659909305827203,0.6530189029480127,0.5492542156437895,1,5.0,False,0.0,0.0
246.4156487620838,253.38113119374523,244.13023820234332,252.87437438964844,368202900,AAPL,2024-12-20,0.004322373829942938,1,0.025631734501317283,0.04797408276834947,0.1071040105090999,0.10094636595274853,0.11844256010919074,0.2292876723973527,0.025631734501317283,0.004729064357069174,0.02178328080400929,244.13768768310547,232.43439102172852,0.03578589929910092,0.08793872231243594,1.0,0.5225836411626956,0.4892298913248192,0,6.0,False,0.0,0.0
442.9836607244317,450.92679906279125,424.5222720446017,432.4158935546875,158004200,MSFT,2024-12-20,-0.013902913629959324,0,-0.02385584479357783,-0.015713403699239348,0.047002410201912204,0.02177717239360688,0.02208754111604816,-0.025607118029660314,-0.02385584479357783,0.029272660604720037,0.025972046726660133,433.53011322021484,419.9906056722005,-0.0025701090456001774,0.029584680501603566,0.550208936796619,0.41510259444998976,0.4825490658792542,0,7.0,False,0.0,-0.0
230.22999572753906,233.0,218.72999572753906,224.9199981689453,244979500,AMZN,2024-12-20,-0.005201841447937783,0,-0.011166835795081487,-0.009293928651264993,0.14103086313101199,0.19746577211478455,0.19657390385850837,0.18954937587695864,-0.011166835795081487,0.047847264864238126,0.038023766016707414,221.82500076293945,203.77416610717773,0.013952428244611736,0.10377091692106677,0.958030264943691,0.29537873301887374,0.465659639394174,0,8.0,False,0.0,-0.0
627.462413035997,629.842921517428,577.68217416769,582.9111938476562,104806400,META,2024-12-20,0.024878390126839456,1,-0.055820145051329484,-0.06099694173666681,0.04754104042717633,0.02175679933412189,0.032364009275953176,0.1849323141623378,-0.055820145051329484,0.05950330776456513,0.04226461661837903,598.1561889648438,581.3211568196615,-0.0254866461276112,0.0027352127293864825,0.7599701465800598,0.6163419464858468,0.4567928858824306,0,9.0,False,0.0,0.0
191.98242240358925,200.4930793963414,184.3676279309519,190.52914428710938,218333100,GOOGL,2024-12-20,0.007052886961761429,1,0.008376298858512987,0.0968424440564164,0.16308188824276937,0.1594927230131742,0.16882797889232548,0.06821592328532833,0.008376298858512987,0.03425742212168796,0.036252537221954685,180.29063415527344,171.60961151123047,0.0567889185137489,0.11024751241652209,1.0,0.37747851762122875,0.45532567384553296,0,10.0,False,0.0,0.0
453.19000244140625,461.1300048828125,449.82000732421875,456.510009765625,10994500,BRK.B,2024-12-27,-0.00646209753110516,0,0.007303613127622066,-0.003035562676101722,-0.054883814026372546,0.009665136850551592,-0.01181893075448781,0.12219769779824818,0.007303613127622066,0.016053996946313473,0.01761224490520649,459.52750396728516,463.5458348592122,-0.006566514899780551,-0.015178272706784512,0.6310370458464649,-0.45254352277749077,0.7186966787441851,1,1.0,True,0.5,-0.00323104876555258
139.59219323392605,141.49355584680043,138.45328781970323,139.99754333496094,22129500,JNJ,2024-12-27,-0.005928906528358535,0,0.0040146891201235935,-0.010708000604257806,-0.06425391598327401,-0.086905363533893,-0.08781671943149005,0.00796129641242338,0.0040146891201235935,0.01670717431245858,0.017906628104754616,141.2643280029297,148.30094146728516,-0.008967477394169032,-0.05599019163446062,0.04087585221238731,-0.46598406965288786,0.7097471797994895,1,2.0,True,0.5,-0.0029644532641792676
228.96635695747324,236.0660861464205,227.81216322118433,233.9128875732422,22522600,JPM,2024-12-27,0.00874902110052278,1,0.015025235069118237,0.005126239121420628,-0.03423842771848984,0.08177083461970946,0.1417952035665786,0.20633068617648398,0.015025235069118237,0.018421081256724654,0.027413260278856443,234.24993133544922,229.5078862508138,-0.0014388211782413451,0.019193246011661946,0.8349191701625952,-0.4721412023338415,0.6450483573072368,1,3.0,False,0.0,0.0
312.1317874903271,317.9562056119901,309.85743515417374,315.1082458496094,17013900,V,2024-12-27,-0.01176799073591539,0,0.002990086632082445,0.012454638935783358,0.011362201643279057,0.09811433847000717,0.148727378881772,0.21882884403591762,0.002990086632082445,0.011189273529340824,0.024484119092467622,312.0131530761719,300.1840515136719,0.009919750955761364,0.049716812937538046,1.0,-0.4522375121636729,0.6179206182887549,1,4.0,False,0.0,-0.0
431.0,465.3299865722656,415.4100036621094,431.6600036621094,291283100,TSLA,2024-12-27,-0.049159062782461294,0,0.025174574086773926,-0.010476141505913028,0.2506084108304687,0.7337135957479837,0.7260876539569276,1.1814230493765394,0.025174574086773926,0.0784552567177462,0.12225107047967654,419.5425033569336,331.2083346048991,0.02888265243263466,0.30328847001099724,0.9806544168324014,-0.3385941574244048,0.6176816263330269,1,5.0,False,0.0,-0.0
587.2438414694396,605.5603812991077,583.907252912156,597.4130859375,29097500,META,2024-12-27,0.008035744935439348,1,0.024878390126839456,-0.03233047027001379,0.045225469544456276,0.0584208879258683,0.0073059405842776926,0.19167525855250522,0.024878390126839456,0.05933376851282469,0.04028692623993387,604.6184997558594,581.6822408040365,-0.011917289697997768,0.027043708798328403,0.851897864625419,-0.5347699411577309,0.6067478054718828,1,6.0,False,0.0,0.0
432.5545685943141,436.7143034093448,422.2641186475361,426.404052734375,52628900,MSFT,2024-12-27,-0.016677082432748902,0,-0.013902913629959324,-0.03742709267380229,0.016695749437948493,0.05122629957178759,0.03684983762776395,-0.03307015275343084,-0.013902913629959324,0.03165222882174307,0.024783155696755578,435.2806701660156,421.25347900390625,-0.020392859228633098,0.012226780281192617,0.4566641340994349,-0.49088990203561234,0.5970245371483942,1,7.0,False,0.0,-0.0
253.15260355822258,258.44877099351584,251.45345479939442,253.96739196777344,133685900,AAPL,2024-12-27,-0.04785007600633673,0,0.004322373829942938,0.030064898269684726,0.07693926793654082,0.14786777650160343,0.12818001201249563,0.21625384765075095,0.004322373829942938,0.009741129355061565,0.021419835912529026,248.6737060546875,234.83896764119467,0.021287678528914444,0.0814533657625538,1.0,-0.40773431269056426,0.5745835561276519,1,8.0,False,0.0,-0.0
225.00999450683594,229.13999938964844,220.89999389648438,223.75,86591300,AMZN,2024-12-27,0.00196649135824023,1,-0.005201841447937783,-0.016310589133738063,0.07629034901590015,0.13045020097844984,0.19966761347901474,0.15782664941785263,-0.005201841447937783,0.04873967016209799,0.037886734891341596,225.79000091552734,206.87749989827475,-0.009034947992628606,0.08155792732424616,0.9386978444818883,-0.510610878048622,0.5505619395337988,1,9.0,False,0.0,0.0
191.73356940291157,195.84459196860374,189.27493498031782,191.8729248046875,67016300,GOOGL,2024-12-27,-0.005032055135979041,0,0.007052886961761429,0.015488262909281625,0.1422368562567038,0.12663268588262389,0.1551592312218406,0.06086728073299197,0.007052886961761429,0.03772438383997883,0.03625761329086999,186.2638702392578,173.75728480021158,0.030113486626390795,0.1042583050564212,1.0,-0.5633253871368052,0.5317482211352579,1,10.0,False,0.0,-0.0
139.79485819424823,140.6924764224552,137.97069219491507,139.16751098632812,24010200,JNJ,2025-01-03,-0.014772245589651956,0,-0.005928906528358535,-0.0019380201247686246,-0.03429102177410426,-0.06511259416417126,-0.09979587568403758,-0.0002036758112501369,-0.005928906528358535,0.009860531606231623,0.0173112177796612,140.02891540527344,147.01527531941733,-0.006151618160093797,-0.05338060494760499,0.0,-0.348997746862282,0.6996268078818341,1,1.0,True,0.5,-0.007386122794825978
311.1726103315381,316.11686985010056,308.53238401561725,311.4000549316406,17083100,V,2025-01-03,-0.02286367925697841,0,-0.01176799073591539,-0.008813091415618812,0.012539708166250607,0.02481140739217147,0.1355768006602487,0.16933507825204064,-0.01176799073591539,0.0106503625213339,0.025215153593192437,312.97727966308594,303.28222910563153,-0.0050394224562982926,0.026766572673737832,0.9377188310966068,-0.4070118194282938,0.687826989504767,1,2.0,True,0.5,-0.011431839628489204
454.25,456.8900146484375,449.17999267578125,453.55999755859375,12843100,BRK.B,2025-01-03,-0.02403208826871084,0,-0.00646209753110516,0.0007943189361567793,-0.03600425598598567,-0.021255488715555826,-0.01444991204006374,0.10309600103731698,-0.00646209753110516,0.01402338902466772,0.017669349803318746,455.2925033569336,462.9916687011719,-0.0038052587854310316,-0.020371146567359943,0.49709801625277605,-0.29316325281063527,0.6840392388052237,1,3.0,False,0.0,-0.0
421.9769208859116,423.45263204127576,410.87433837182135,419.2928771972656,59964600,MSFT,2025-01-03,-0.010393329717937272,0,-0.016677082432748902,-0.030348136026046024,-0.04558466721238863,0.00392233971948408,0.01892148667997562,-0.09110701275199173,-0.016677082432748902,0.013891523954143557,0.02544740294954971,430.2741165161133,421.902338663737,-0.025521496407363897,-0.006184989338376634,0.4408310979306039,-0.34896168657667626,0.6508273079362173,1,4.0,False,0.0,-0.0
231.5851232615298,237.51125626141643,229.97507113678503,235.9593963623047,29306800,JPM,2025-01-03,-0.008924500293749915,0,0.00874902110052278,0.02390571226830107,-0.016494124119333375,0.026584534601857612,0.09442619437680877,0.19522848013143324,0.00874902110052278,0.02027654629500129,0.024190565891844006,233.26062774658203,231.20441818237305,0.011569756292753475,0.020566121604912224,0.8756583437697344,-0.2894558992085817,0.6361306586643546,1,5.0,False,0.0,-0.0
419.3999938964844,427.92999267578125,373.0400085449219,410.44000244140625,346900100,TSLA,2025-01-03,-0.03825166190830187,0,-0.049159062782461294,-0.02522204716374099,0.05451929796554977,0.277753567279897,0.8844811601947942,0.6318384043791365,-0.049159062782461294,0.07721373347917296,0.11328528885541546,424.8475036621094,347.2616678873698,-0.033912171064942265,0.18193293529456755,0.8908267055602241,-0.2109522256048204,0.550188027380624,1,6.0,False,0.0,-0.0
220.05999755859375,225.36000061035156,218.19000244140625,224.19000244140625,114613100,AMZN,2025-01-03,-0.02341763657089091,0,0.00196649135824023,-0.003245579465951831,-0.012509343933228334,0.076904651402111,0.18732122521558026,0.12095001220703128,0.00196649135824023,0.0063271531789087,0.03809400913398079,225.0800018310547,209.8249994913737,-0.003954146891808175,0.06846182764138709,0.9459682081689984,-0.25643650622192893,0.5449643522755564,1,7.0,False,0.0,-0.0
188.9265638700057,192.32088844513342,186.63714698089748,190.90740966796875,70698600,GOOGL,2025-01-03,0.0013034608371882417,1,-0.005032055135979041,0.0019853413097230543,0.09902005067085917,0.07658985414550035,0.17624238777625534,0.008733460738127086,-0.005032055135979041,0.0425625369048423,0.035012071620515464,190.5639877319336,176.14100392659506,0.0018021344962524388,0.0838328691911363,0.9770215454786452,-0.4986854413986599,0.5345814348659367,1,8.0,False,0.0,0.0
586.3971578659622,607.0642784591316,581.5168874699713,602.2137451171875,37164500,META,2025-01-03,0.01857333831981811,1,0.008035744935439348,0.033114051459742555,-0.029902746144479186,0.026771674847883453,0.025710037137621322,0.12184442986805188,0.008035744935439348,0.03477535471279406,0.04015999086631105,599.9777679443359,582.9401448567709,0.003726766710894225,0.03306274311430757,0.8823293173467677,-0.3248909506649682,0.485766295297994,0,9.0,False,0.0,0.0
250.6287158030117,251.890657464443,240.2848294479123,241.81503295898438,171023000,AAPL,2025-01-03,-0.02675056585890978,0,-0.04785007600633673,-0.04373452809268441,0.002141430805111977,0.07225934841102855,0.07065578687939822,0.07762544719757103,-0.04785007600633673,0.03384307617374811,0.02724063851209523,248.80288696289062,236.1688092549642,-0.028085904023085195,0.02390757577951197,0.6930016351824027,-0.20970353543101872,0.48418957954797626,0,10.0,False,0.0,-0.0
138.51119137128023,142.05333494389205,135.77975845725183,137.1116943359375,36329600,JNJ,2025-01-10,0.03498516317832934,1,-0.014772245589651956,-0.020613568854695563,-0.031100839351201337,-0.07013079582898796,-0.1327526366794377,-0.037318077985601605,-0.014772245589651956,0.008922003588865303,0.014274027134884336,138.9286231994629,145.2662607828776,-0.013078146329261409,-0.05613530907309805,0.0,0.05226708414101933,0.5767929571344457,1,1.0,True,0.5,0.01749258158916467
237.58749766624487,239.52758971131513,232.7519294323,233.85357666015625,37603300,JPM,2025-01-10,0.08041855878847137,1,-0.008924500293749915,-0.0002535598346088408,0.004871379478468052,-0.017125904339611586,0.06983573167191182,0.1836946129396435,-0.008924500293749915,0.012524172604618097,0.024564017916156377,233.5440444946289,232.47652435302734,0.0013253695515855757,0.005923403711240116,0.8337384874321229,-0.07158019355607281,0.5492690805157437,1,2.0,True,0.5,0.040209279394235686
423.8983428352595,430.15778356293015,411.0426680414125,414.9350280761719,73968400,MSFT,2025-01-10,0.024060222154214994,1,-0.010393329717937272,-0.026897081734229333,-0.06331749483730986,0.011538747964976892,0.0038946110051629734,-0.07276993848400115,-0.010393329717937272,0.005710615260968207,0.02567021580050195,423.261962890625,422.03648376464844,-0.019673241501752647,-0.016826639311204095,0.38929173956407076,-0.14131541088923139,0.5416381216718398,1,3.0,False,0.0,0.0
311.49897786064986,311.87474729307587,302.5794735993142,304.2803039550781,23347600,V,2025-01-10,0.03870527288221837,1,-0.02286367925697841,-0.034362610427208784,-0.022335945397187307,-0.006233109194030417,0.060818448896231114,0.16246411696906238,-0.02286367925697841,0.014559650440644155,0.024331217819355738,311.23936462402344,304.73596954345703,-0.022359191862995398,-0.0014952799600964628,0.8181385767540701,-0.1951483311400164,0.5408778143962699,1,4.0,False,0.0,0.0
453.8500061035156,456.5199890136719,440.1000061035156,442.6600036621094,16985300,BRK.B,2025-01-10,0.05713190334726104,1,-0.02403208826871084,-0.03033888810154739,-0.03328235518129363,-0.058730958554224166,-0.04763335781480482,0.042927153698757214,-0.02403208826871084,0.012886570810091301,0.018447204956695558,451.48250579833984,461.1466700236003,-0.01954118271012506,-0.04008847415193262,0.26161758786086087,-0.06087740201864944,0.5328636831060564,1,5.0,False,0.0,0.0
226.77999877929688,228.83999633789062,216.5,218.94000244140625,121778800,AMZN,2025-01-10,0.031972229478134606,1,-0.02341763657089091,-0.02149719579259779,-0.037457152998235266,0.08059820236839954,0.15847397257907114,0.1257133850464185,-0.02341763657089091,0.010745936042795555,0.03953504446883567,222.95000076293945,212.3208325703939,-0.01798608794712231,0.031175319872663865,0.8592200318740247,-0.14234649564135105,0.5214828171421884,1,6.0,False,0.0,0.0
423.20001220703125,426.42999267578125,377.2900085449219,394.739990234375,296542100,TSLA,2025-01-10,0.08045804973235082,1,-0.03825166190830187,-0.0855303088414795,-0.09511042272892467,0.23079318013202155,0.7885817657122491,0.5902187367704244,-0.03825166190830187,0.03351655113744583,0.11614023684779673,414.4749984741211,361.7650006612142,-0.04761447207286329,0.09115030340937058,0.8243660042230859,-0.2493342426111056,0.512368312543191,1,7.0,False,0.0,0.0
193.08731986382298,200.07501580789895,189.4342154897214,191.15625,107580800,GOOGL,2025-01-10,0.02062076296080595,1,0.0013034608371882417,-0.003735153385591161,0.01169525848604791,0.11461578519784377,0.17647827787150083,0.04022915635477187,0.0013034608371882417,0.006129171385540224,0.035005306771145786,191.1164321899414,178.53054555257162,0.00020834320525109362,0.07072013592044124,0.9829437377211108,-0.07183677976864244,0.5112428253292977,1,8.0,False,0.0,0.0
242.75898865424097,245.75982034447205,231.5207799769646,235.34634399414062,185241400,AAPL,2025-01-10,-0.029005635368730243,0,-0.02675056585890978,-0.07332062525568517,-0.04546010412538215,0.05266657330049673,0.008981138686368295,0.029691200618255698,-0.02675056585890978,0.03257075906139084,0.027354650321082863,246.00078582763672,236.343381245931,-0.043310600808248,-0.004218596038248701,0.5295867020583562,-0.13655790131645495,0.47990608540875396,0,9.0,False,0.0,-0.0
609.384995443752,629.5739508561447,594.9529163376031,613.3988647460938,55974700,META,2025-01-10,-0.005017349877267763,0,0.01857333831981811,0.02675833386459514,-0.006437245922902957,0.11239647027948352,0.0691914449594333,0.23668433538409084,0.01857333831981811,0.037146879505176214,0.03952531112026738,598.9842224121094,586.2480926513672,0.02406514528201864,0.04631276832293718,0.9532319635104233,-0.013848912387119494,0.45012689729982897,0,10.0,False,0.0,-0.0
411.2606004893305,430.31623990051855,406.783918522941,424.91845703125,95676000,MSFT,2025-01-17,0.035032499916688886,1,0.024060222154214994,0.013416826614342181,-0.01733848509083369,0.0288489745225593,0.004061104123906034,-0.01474772584062789,0.024060222154214994,0.019033465353049037,0.02568424987897151,421.3876037597656,422.1797053019206,0.008379110443641258,0.006487170498569617,0.6066629943872598,0.35596246995885394,0.5367282602701238,1,1.0,True,0.5,0.017516249958344443
301.6005624851163,317.01674587752916,300.453487872077,316.05755615234375,30310500,V,2025-01-17,0.03310196982129421,1,0.03870527288221837,0.014956648680507056,0.006011742952795496,0.03129841100620001,0.13664725861605165,0.20873142171546077,0.03870527288221837,0.02680670484951599,0.02326468864654221,311.71154022216797,307.90232849121094,0.013942428718161093,0.026486411132696563,1.0,0.38159491585104455,0.5291843736153767,1,2.0,True,0.5,0.016550984910647104
137.99963932323428,143.21155128747964,137.35297889223335,141.9085693359375,46229800,JNJ,2025-01-17,-0.0014282611407164802,0,0.03498516317832934,0.019696108166213255,0.017719916587438655,-0.0448557673791643,-0.0787561228495548,-0.03461974993029626,0.03498516317832934,0.021677483991883798,0.01887570167023256,139.54632949829102,144.25529352823892,0.016927996932197376,-0.01626785495980454,0.22108713646839237,0.4368336686115133,0.5251967841487524,1,3.0,False,0.0,-0.0
189.19532001022134,196.3223731934333,186.49778453538255,195.09803771972656,106325100,GOOGL,2025-01-17,0.02147952302313194,1,0.02062076296080595,0.021951102154946556,0.023980023894571767,0.19097261971417456,0.1872973862166123,0.10596096146878065,0.02062076296080595,0.010933713099405147,0.03503900403865414,192.2586555480957,181.0952885945638,0.014768553142828766,0.07732254789086257,1.0,0.20954278017682682,0.5064773801459163,1,4.0,False,0.0,0.0
442.0400085449219,470.17999267578125,441.1499938964844,467.95001220703125,22356900,BRK.B,2025-01-17,-0.010172047529553363,0,0.05713190334726104,0.03172681613434958,0.03254633628134562,-0.018087573671675017,0.030704174228675107,0.0770594307829342,0.05713190334726104,0.03487450660992356,0.024416025095118893,455.17000579833984,462.30833689371747,0.0280774353447919,0.012203274012362764,0.7242960886025842,0.415446076119266,0.4999997468510736,0,5.0,False,0.0,-0.0
604.6739217603003,622.4724249589239,586.1979500070421,610.3212280273438,65543200,META,2025-01-17,0.05666091604752754,1,-0.005017349877267763,0.013462799505810974,0.04702265880118106,0.09679920535141773,0.06980252068699722,0.2874625812590208,-0.005017349877267763,0.013086661064681109,0.039510107939535584,605.8367309570312,589.5666147867838,0.007402154476880973,0.03520316910764332,0.9337227767936476,0.39617072966808475,0.49702445915712945,0,6.0,False,0.0,0.0
233.65859599149118,254.08311616597211,233.00540271461605,252.6597442626953,73831600,JPM,2025-01-17,0.021916791140931036,1,0.08041855878847137,0.0707763630431908,0.09637403468179917,0.04807271329239393,0.17178029508242898,0.24937932102277283,0.08041855878847137,0.039072929322232865,0.03172658793305731,239.0964012145996,235.5631357828776,0.05672750814815486,0.07257760609697406,1.0,0.8088853472559525,0.49420148379803813,0,7.0,False,0.0,0.0
218.05999755859375,226.50999450683594,216.1999969482422,225.94000244140625,150393100,AMZN,2025-01-17,0.03943526407821496,1,0.031972229478134606,0.0078058788569637105,0.004534964790879892,0.14620539792061837,0.20289623722960903,0.23376834170887761,0.031972229478134606,0.023054007728537076,0.03938581606017037,223.2050018310547,215.49666595458984,0.012253312371654168,0.048461707936665155,0.9748842669339896,0.2708122480994506,0.48048914792695346,0,8.0,False,0.0,0.0
383.2099914550781,439.739990234375,380.07000732421875,426.5,396847600,TSLA,2025-01-17,-0.04670577591496927,0,0.08045804973235082,0.03912873370788561,0.01291977977710701,0.20972317606485635,0.584382763594034,0.7830267786010281,0.08045804973235082,0.06028833673168702,0.10459655032646553,415.83499908447266,374.87416712443036,0.02564719405294902,0.13771509856648434,0.958811283351753,0.19211678158965229,0.47388090705430674,0,9.0,False,0.0,-0.0
232.04743903723335,237.4429855317883,226.58234697208553,228.5199737548828,269145400,AAPL,2025-01-17,-0.03130709651959751,0,-0.029005635368730243,-0.054980284068429364,-0.0963102753829792,0.0004785183793678538,-0.005086081734050896,0.027593545358753024,-0.029005635368730243,0.021609480770163503,0.02836973095711493,239.9121856689453,236.24603017171225,-0.047484924045428034,-0.032703433836385964,0.357135863535895,0.4182422585189194,0.4698490389046933,0,10.0,False,0.0,-0.0
142.4201176828794,143.67483841127958,137.15996678384252,141.7058868408203,48340100,JNJ,2025-01-24,0.03630310298328698,1,-0.0014282611407164802,0.03350693408854366,0.012202667740904172,-0.052835317430165674,-0.0757631730690953,-0.07170460596332551,-0.0014282611407164802,0.021894102466071916,0.018929655715267262,139.97341537475586,143.2872797648112,0.01237714648475241,-0.011036519965949121,0.21174553543485952,0.24821363671868202,0.5302831378336784,1,1.0,True,0.5,0.01815155149164349
316.739854806768,327.3997484238566,316.43331244952714,326.5196838378906,20304100,V,2025-01-24,0.03513011060342941,1,0.03310196982129421,0.0730884634783846,0.03621434265394474,0.04798801896083682,0.13788182739657007,0.27761987735113225,0.03310196982129421,0.031142501443487104,0.02335875818595148,314.5643997192383,311.19947306315106,0.038005839596988444,0.04922955242803595,1.0,-0.10795614930150155,0.5247440554106491,1,2.0,True,0.5,0.017565055301714705
198.1539212272468,201.3590893649602,194.30171827365388,199.2886505126953,107000800,GOOGL,2025-01-24,0.019030010992619806,1,0.02147952302313194,0.04254321013670914,0.038649151335742093,0.18638334137543122,0.17017608305909482,0.20182877812025413,0.02147952302313194,0.01348467874710189,0.03446771077451652,194.11258697509766,183.5104637145996,0.026665264825210366,0.08597976637797822,1.0,0.0929453712705115,0.49439754605703173,0,3.0,False,0.0,0.0
426.07727516253885,442.98364251820686,421.52135231106814,439.8044128417969,87828300,MSFT,2025-01-24,-0.06530647619115026,0,0.035032499916688886,0.059935611801517075,0.03142643701787118,0.04864687437399762,0.08426259666681002,0.04815966896464241,0.035032499916688886,0.025403147039037163,0.023689135558981816,424.7376937866211,425.0279591878255,0.03547299727710285,0.034765839127871345,0.9307779761576485,0.10671682250321557,0.49039708099129387,0,4.0,False,0.0,-0.0
471.0,473.1700134277344,455.2799987792969,463.19000244140625,18243500,BRK.B,2025-01-24,0.011831021735019709,1,-0.010172047529553363,0.04637870738140548,0.01463274086631916,-0.04105417378845644,0.024439305159842384,0.05833294924296317,-0.010172047529553363,0.03614344260395591,0.024633370855398885,456.84000396728516,463.22916920979816,0.013899830179004757,-8.455160209086543e-05,0.6372121250695801,0.03613862510791033,0.47429396509444277,0,5.0,False,0.0,0.0
222.57794445660952,225.58869773276695,217.9872792040061,221.3656768798828,277129600,AAPL,2025-01-24,0.059341008991191435,1,-0.03130709651959751,-0.059404649662226694,-0.1283696888615824,-0.06130709081129326,0.0005163471778562023,0.02442317229235691,-0.03130709651959751,0.00959651184584433,0.027769050050506224,231.76175689697266,236.25555038452148,-0.044856753574366914,-0.0630244389196547,0.17640079469402198,0.22822161558819487,0.4701891985037627,0,6.0,False,0.0,0.0
228.89999389648438,236.39999389648438,226.94000244140625,234.85000610351562,133694800,AMZN,2025-01-24,0.012050187348167318,1,0.03943526407821496,0.07266832686898916,0.049608965825768125,0.1296840001588342,0.1865306663665225,0.2868493485124144,0.03943526407821496,0.02890044472893205,0.038346387054666815,225.9800033569336,218.57333374023438,0.03925127274457085,0.0744677865536214,1.0,0.027473496569895728,0.4668528513971335,0,7.0,False,0.0,0.0
253.54692929719334,260.4005589288573,252.9912189012906,258.1972351074219,41150000,JPM,2025-01-24,0.009288695243733658,1,0.021916791140931036,0.104097866686224,0.10381791181375521,0.06602492202574561,0.19407802373095095,0.2619632920321089,0.021916791140931036,0.038706255351611804,0.03160797595307425,245.16748809814453,239.06028366088867,0.0531463087147237,0.08005073512620497,1.0,-0.09506591009925136,0.4586424435534285,0,8.0,False,0.0,0.0
432.6400146484375,433.20001220703125,405.7799987792969,406.5799865722656,255401900,TSLA,2025-01-24,-0.004869842427421278,0,-0.04670577591496927,0.029994418176026993,-0.058101322515568654,0.17794640821212493,0.6329825429718039,0.8497724336997641,-0.04670577591496927,0.0627559373696146,0.10195648584185767,409.5649948120117,388.0074996948242,-0.007288240639599097,0.04786630900703992,0.8744866315238053,-0.21153496622691959,0.45811371468761997,0,9.0,False,0.0,-0.0
615.3610413311562,649.394575431947,606.5762805693779,644.902587890625,52923500,META,2025-01-24,0.0643869573628224,1,0.05666091604752754,0.05135927853008293,0.07949190111663085,0.12831242921406827,0.14255677648864795,0.3928075625448473,0.05666091604752754,0.026547479570369487,0.041601243668674265,617.7091064453125,596.2719879150391,0.044023118910778036,0.08155774707047803,1.0,0.0004163399980814386,0.4530785839412259,0,10.0,False,0.0,0.0
143.27912203998366,148.77094837446458,142.84479958130896,146.85025024414062,49998100,JNJ,2025-01-31,0.006375222387249746,1,0.03630310298328698,0.03482299153129209,0.05520497710537664,0.019020920259313012,-0.013502156328899395,-0.058517423728389084,0.03630310298328698,0.025842283107907843,0.02108580224214894,141.89410018920898,143.1197853088379,0.034928513929211036,0.026065333505446375,0.44884835212132335,0.10555585038165227,0.5192236140952289,1,1.0,True,0.5,0.003187611193624873
624.1058576972667,707.9496113098508,622.6018823985362,686.4259033203125,119353900,META,2025-01-31,0.03676838156772266,1,0.0643869573628224,0.12469609739604048,0.13983765546025162,0.10575337940310536,0.17035301855160712,0.41433576634992186,0.0643869573628224,0.032643184462158845,0.04368875158921108,638.7621459960938,604.5981597900391,0.07461894481848375,0.13534236286575863,1.0,0.624994000925134,0.4986669590186375,0,2.0,True,0.5,0.01838419078386133
326.3218729586113,347.3350407880214,324.3935952747005,337.9903564453125,34428800,V,2025-01-31,0.018197663478662474,1,0.03513011060342941,0.069394956285737,0.08538952094760877,0.09899998878699834,0.11231956253103381,0.2871805152897655,0.03513011060342941,0.029346296688833547,0.019642459389661915,321.21197509765625,314.04359944661456,0.05223460720153783,0.0762529694631422,1.0,0.2705409120683451,0.49382177279172607,0,3.0,False,0.0,0.0
191.5245673708486,204.534388379424,189.80249572901596,203.08111572265625,140460900,GOOGL,2025-01-31,-0.09155959475619879,0,0.019030010992619806,0.04091828957499821,0.06376759328441128,0.16910191427345156,0.14524139809877412,0.22719831179509242,0.019030010992619806,0.009590491371387054,0.033438160047983084,197.15601348876953,185.65672047932944,0.0300528608234627,0.09385275791978032,1.0,0.21777862164573336,0.4927561235614931,0,4.0,False,0.0,-0.0
257.54409076732867,264.02728068876934,255.68199389214797,260.5955505371094,38529900,JPM,2025-01-31,0.0317994846118399,1,0.009288695243733658,0.031409064778293416,0.10440844719307996,0.08619219718663684,0.1337686317720681,0.35747206606774884,0.009288695243733658,0.03862908130215649,0.02782480410870869,251.3265266418457,241.62249883015951,0.036880404225983376,0.0785235307093084,1.0,-0.1935757984206351,0.4859615971283918,0,5.0,False,0.0,0.0
464.29998779296875,474.92999267578125,464.29998779296875,468.6700134277344,18313100,BRK.B,2025-01-31,0.00868409902497036,1,0.011831021735019709,0.0015386284900544833,0.0333142604076071,-0.003889450738077893,0.011350660805890422,0.09410315961956339,0.011831021735019709,0.035510542635257006,0.0238158801256657,460.6175079345703,463.6675033569336,0.017481978766443085,0.010789002969979089,0.7205456200865784,-0.034867481435806646,0.4839118554890942,0,6.0,False,0.0,0.0
226.2100067138672,241.77000427246094,225.86000061035156,237.67999267578125,185238100,AMZN,2025-01-31,-0.03588858567045072,0,0.012050187348167318,0.051960653746649266,0.06017213117208797,0.04691007335483266,0.14170429934611062,0.4156045343415464,0.012050187348167318,0.028105482843017015,0.03655582430956734,229.35250091552734,221.03166707356772,0.0363087026608051,0.07532099731516007,1.0,0.2535042855344771,0.4795348356178148,0,7.0,False,0.0,-0.0
394.79998779296875,419.989990234375,384.4100036621094,404.6000061035156,356446300,TSLA,2025-01-31,-0.10622839925348848,0,-0.004869842427421278,-0.05134816857323421,-0.014228623679838126,0.03951493971167075,0.25957289261550054,0.9482833807046229,-0.004869842427421278,0.058080078783352314,0.0674721762538446,408.10499572753906,394.9558334350586,-0.008588450670090397,0.02441835732511799,0.8661050526529286,0.09235657346450021,0.4744069330190923,0,8.0,False,0.0,-0.0
419.9465634582157,444.08302154903276,409.20055129765046,411.08233642578125,171469100,MSFT,2025-01-31,-0.012793361061401054,0,-0.06530647619115026,-0.032561825396187016,-0.019581875147431926,-0.06427390909783037,-0.015736342194620723,0.019952468558520176,-0.06530647619115026,0.04513010328392017,0.03036141560500204,422.68505859375,424.48026275634766,-0.027450040951460086,-0.03156313144825029,0.3054062907608064,0.5989964139657176,0.46327608723288083,0,9.0,False,0.0,-0.0
222.59782027357136,245.62070152543137,222.55806572164707,234.50173950195312,372675200,AAPL,2025-01-31,-0.035465977837765617,0,0.059341008991191435,0.02617611777553641,-0.030243336684000588,-0.028166669891713014,0.03983064792446678,0.07583506113614824,0.059341008991191435,0.04422019890663564,0.032285575014466175,229.93343353271484,237.00409825642905,0.019867950036888793,-0.010558293180940925,0.5082499230978573,0.35003816366652307,0.4581473751711724,0,10.0,False,0.0,-0.0
146.705447790766,149.44653159302166,145.5279423605783,147.7864532470703,38902500,JNJ,2025-02-07,0.019788478103953677,1,0.006375222387249746,0.042909765725402504,0.07785447450586225,0.04433229565028185,0.0022636824209305573,-0.031751074709357896,0.006375222387249746,0.019421704737306717,0.02099892174255991,144.5627899169922,143.14760080973306,0.02229939898039568,0.032406078838185026,0.49199778609048755,-0.15185275016964583,0.5571650976448821,1,1.0,True,0.5,0.009894239051976839
386.67999267578125,394.0,360.3399963378906,361.6199951171875,356244100,TSLA,2025-02-07,-0.015983626064216327,0,-0.10622839925348848,-0.11058092611522807,-0.08390331847939358,-0.17103366111938356,0.12752554795713866,0.8080999755859375,-0.10622839925348848,0.07845915233969994,0.07682949757037628,399.8249969482422,398.3641662597656,-0.09555431031742212,-0.09223764147154234,0.6691352070042371,0.043984720499415486,0.5512269654295129,1,2.0,True,0.5,-0.007991813032108164
199.76644678798675,206.09718224678258,182.39676404459453,184.48709106445312,220681000,GOOGL,2025-02-07,-0.0005936042921469431,0,-0.09155959475619879,-0.0742719638582694,-0.034888521487248636,-0.02360129327819016,0.07572848842594215,0.13520273720792741,-0.09155959475619879,0.05597737919268539,0.04338936195752562,195.4887237548828,186.7390047709147,-0.05627758204726063,-0.012059150198557411,0.650662079839461,0.5365943922357355,0.5462659165356893,1,3.0,False,0.0,-0.0
461.29998779296875,478.25,454.6000061035156,472.739990234375,18291000,BRK.B,2025-02-07,0.014490007710410868,1,0.00868409902497036,0.020617862524303643,0.06795279971855384,0.03240881532146389,0.005230908100415821,0.09514206576574291,0.00868409902497036,0.028546415222429414,0.023561059782074404,468.1375045776367,463.87250264485675,0.009831482442088868,0.019116217363518206,0.7452923064824925,-0.05233503228438752,0.48107289802483694,0,4.0,False,0.0,0.0
255.262756728444,271.56337905921515,255.13604238526239,268.8823547363281,33834100,JPM,2025-02-07,0.0028644595792610694,1,0.0317994846118399,0.041383555577040765,0.1497893621147255,0.15539042241789214,0.1300981794884457,0.3553120094903899,0.0317994846118399,0.03110412720976719,0.027574555788166664,260.0837211608887,244.20200220743814,0.033830004954430004,0.10106531603260649,1.0,-0.277611003407606,0.47999008147700367,0,5.0,False,0.0,0.0
673.2088612929582,722.1127432544886,672.551525572571,711.6646728515625,82528000,META,2025-02-07,0.030999799826997076,1,0.03676838156772266,0.10352274314684617,0.16019887507640607,0.15273038959806384,0.2906011334572216,0.3824254489566463,0.03676838156772266,0.03107169676026874,0.037262460992518946,663.3285980224609,617.9517923990885,0.07286897470303977,0.15165079477907217,1.0,0.030477423656604108,0.4724678434608673,0,6.0,False,0.0,0.0
234.05999755859375,242.52000427246094,228.05999755859375,229.14999389648438,244163400,AMZN,2025-02-07,-0.002051063640505446,0,-0.03588858567045072,-0.02427086250327304,0.0466337413959359,0.007429821211353049,0.13099053949056083,0.3726487992409908,-0.03588858567045072,0.033886361080948946,0.037511783484120244,231.90499877929688,223.24333318074545,-0.011879885717489103,0.026458396905213233,0.871322980189813,0.3688410787882763,0.4628916763071492,0,7.0,False,0.0,-0.0
336.21043732565704,346.8405737536368,335.4588984560319,344.1409912109375,27031900,V,2025-02-07,0.01834773870487516,1,0.018197663478662474,0.053967060012821255,0.1309998929859888,0.10573794113202895,0.12395024715457037,0.3423221334005002,0.018197663478662474,0.009026351709398653,0.019807816716372415,331.1771469116211,317.2062810262044,0.03914474298788484,0.0849122851464219,1.0,-0.035223639820727626,0.4599901055924899,0,8.0,False,0.0,0.0
228.5298949466701,232.5144614947352,224.26712187534005,226.18490600585938,227383400,AAPL,2025-02-07,0.07573222451696493,1,-0.035465977837765617,0.021770444243673692,-0.03892747103183958,-0.08261792827077652,0.011688925762155966,0.05505081531048028,-0.035465977837765617,0.04571187153975468,0.03409843694689735,227.64307403564453,237.22187423706055,-0.006405501401535396,-0.04652592964581215,0.2014328790254493,-0.20657162975943477,0.4535043411844631,0,9.0,False,0.0,0.0
407.6555012178145,414.63791357819275,404.1890302854019,405.8232116699219,101724500,MSFT,2025-02-07,-0.0032213830410027233,0,-0.012793361061401054,-0.0772643479229902,-0.02195962208468283,-0.0838866886640165,-0.01067426066434729,0.013029426879514805,-0.012793361061401054,0.04525652311506609,0.030139255670926263,420.4071044921875,424.1153793334961,-0.03468992951458705,-0.043130168239408406,0.19089828428359654,-0.1090434179793689,0.44028663706145194,0,10.0,False,0.0,-0.0
148.25940183201408,152.62193508491228,146.9853734775779,150.71092224121094,39353200,JNJ,2025-02-14,0.04770501461426857,1,0.019788478103953677,0.026289856439821513,0.06202833941927621,0.08084739300728194,0.014390243276205084,-0.004971119252864309,0.019788478103953677,0.01654042149504038,0.02166369771055949,146.76337814331055,143.32576751708984,0.02689733738648159,0.05152705512803557,0.6267860546205515,-0.10861700205952751,0.5531486651090852,1,1.0,True,0.5,0.023852507307134285
715.6885408700438,737.9491818288359,707.2025161364162,733.7261352539062,67389100,META,2025-02-14,-0.07210825988288028,0,0.030999799826997076,0.06890799386328172,0.20219664917346392,0.25872713201947106,0.31856832948959224,0.3992027082313683,0.030999799826997076,0.01587624556974639,0.037104254107991244,694.1798248291016,632.7242482503256,0.05696839494656958,0.15963018215736402,1.0,-0.1633736764594057,0.5390980116227715,1,2.0,True,0.5,-0.03605412994144014
473.9599914550781,484.54998779296875,466.7200012207031,479.5899963378906,14628000,BRK.B,2025-02-14,-0.0017723599533063794,0,0.014490007710410868,0.023299939397210867,0.024874417837838614,0.05823032528693717,0.0063369263009815935,0.07891832760023143,0.014490007710410868,0.011175077155700566,0.023617780338261774,471.04750061035156,464.1241683959961,0.01813510466878654,0.03332260846347235,0.9150150168315544,-0.15780504234580195,0.5387926880934834,1,3.0,False,0.0,-0.0
269.2236076160228,272.22635509125433,262.8281477293246,269.6525573730469,36595000,JPM,2025-02-14,-0.04465098645027854,0,0.0028644595792610694,0.03475503252941281,0.06725572037579441,0.17011146018563994,0.11856159863108728,0.3072963722201103,0.0028644595792610694,0.012927264113906727,0.02764659394283825,264.33192443847656,246.5838139851888,0.020128605146249257,0.09355335622006278,1.0,-0.024841948184319396,0.5205645607169853,1,4.0,False,0.0,-0.0
230.5500030517578,233.9199981689453,227.22999572753906,228.67999267578125,149796400,AMZN,2025-02-14,-0.052912328285237176,0,-0.002051063640505446,-0.03786603953777834,0.012127070039691601,0.01671703066621788,0.16010551106107407,0.2915395675418164,-0.002051063640505446,0.031340454808386764,0.03586377943415249,232.58999633789062,225.87333297729492,-0.0168107129441164,0.012425812562691707,0.8642329022247358,-0.1595010020442067,0.47694270419910817,0,5.0,False,0.0,-0.0
356.2099914550781,362.70001220703125,325.1000061035156,355.8399963378906,459159800,TSLA,2025-02-14,-0.050696966981170544,0,-0.015983626064216327,-0.12051411030663683,-0.16567410002839245,-0.1548947931384227,0.009303377586822759,0.6464927095012298,-0.015983626064216327,0.0454406488619107,0.07207943886732653,382.15999603271484,398.6374994913737,-0.06887167670100958,-0.10735945115070444,0.6435032851054132,0.2868358715324364,0.4641704365875191,0,6.0,False,0.0,-0.0
344.8134468428343,352.7036495503335,342.96685359611354,350.4552001953125,27981400,V,2025-02-14,-0.014923305313367163,0,0.01834773870487516,0.0368792881580835,0.10883348103339974,0.11549950289882593,0.14353820706021847,0.3279942419780064,0.01834773870487516,0.00918475790450194,0.019722441134006896,339.7765579223633,320.872075398763,0.031428425604891785,0.0921960091409797,1.0,0.01985854635513573,0.46167470481057954,0,7.0,False,0.0,-0.0
186.4878479252447,187.33392723255807,180.9932377687485,184.37757873535156,108268600,GOOGL,2025-02-14,-0.030070587101991175,0,-0.0005936042921469431,-0.09209884887991127,-0.05494908667290532,-0.03228674318973468,0.12552976200844346,0.1394718907573762,-0.0005936042921469431,0.05335496212835877,0.04036324794978755,192.80860900878906,188.45263290405273,-0.04372745759009744,-0.021623758213958788,0.6486046011610407,-0.2486712179306686,0.44818927141249115,0,8.0,False,0.0,-0.0
409.74527293691693,411.47850211303046,400.4947666868975,404.5158996582031,104730400,MSFT,2025-02-14,0.0014653142692850896,1,-0.0032213830410027233,-0.015973531786043216,-0.04801522982925266,-0.06452120357355895,-0.02055144544873222,-0.022038407738948274,-0.0032213830410027233,0.041354555856763085,0.030057372116391062,415.3064651489258,423.40806070963544,-0.025982175564864485,-0.04461927583468506,0.16243391059882298,-0.10054851044213842,0.44344345514768446,0,9.0,False,0.0,0.0
228.36336710225459,244.25939586817944,226.005813710008,243.31439208984375,226587600,AAPL,2025-02-14,0.0038838940685013146,1,0.07573222451696493,0.037580329282876024,0.06474015418376444,-0.03780526327698952,0.06524965191679244,0.08444302867224329,0.07573222451696493,0.0586755687938657,0.04005728509405241,231.34167861938477,238.46385065714517,0.051753378560709384,0.020340782971220772,0.6937950241773665,-0.17886367865648078,0.42781870896285545,0,10.0,False,0.0,0.0
350.3363204216256,353.76347182930823,344.18521839652203,345.2252502441406,22595400,V,2025-02-21,0.04068521272475789,1,-0.014923305313367163,0.003150624485005249,0.05728771443848668,0.09557669401296809,0.10802485732602052,0.3078827621114826,-0.014923305313367163,0.020971575372938513,0.021023967062813714,344.4529495239258,323.6768341064453,0.002242108018764899,0.0665738596868779,0.9336877467725134,-0.19329153185317416,0.566055086837942,1,1.0,True,0.5,0.020342606362378945
480.3999938964844,484.7200012207031,477.6300048828125,478.739990234375,12523600,BRK.B,2025-02-21,0.07329662775463963,1,-0.0017723599533063794,0.012691966247715403,0.03357150998727754,0.0486954940597315,-0.008860914406537579,0.05593538550099364,-0.0017723599533063794,0.007127037921281353,0.023277136467484166,474.93499755859375,463.7675018310547,0.008011607262764064,0.0322844708700063,0.8939544020639448,-0.21427574318845222,0.563748064895216,1,2.0,True,0.5,0.036648313877319816
355.010009765625,367.3399963378906,334.4200134277344,337.79998779296875,238750100,TSLA,2025-02-21,-0.13268199652544077,0,-0.050696966981170544,-0.06587027168256987,-0.1691672021516777,-0.21743968649597534,-0.021323489949738317,0.5332242944957273,-0.050696966981170544,0.04557966804514585,0.07347830957239591,364.9649963378906,398.024164835612,-0.07443181898949036,-0.15130784098879135,0.5635032526255096,-0.3229829881646842,0.5359101307449522,1,3.0,False,0.0,-0.0
149.96177679957768,159.07778159453383,149.08617874352478,157.9005889892578,37416300,JNJ,2025-02-21,0.01675909361005079,1,0.04770501461426857,0.06843750235536561,0.1142839052736686,0.1278811415387604,0.05541036143120959,0.012389927182127058,0.04770501461426857,0.018179234091627812,0.02547153166169481,150.81205368041992,144.0165990193685,0.047002445334104026,0.0964054842596449,0.9581565475951865,-0.09660705220797239,0.5183990731099052,1,4.0,False,0.0,0.0
733.058823348987,734.0548271850589,679.6331733954379,680.8184204101562,67722000,META,2025-02-21,-0.02245634934473706,0,-0.07210825988288028,-0.04334380167812557,0.055691872220588134,0.1396108261367779,0.19115026084675946,0.2968826298983658,-0.07210825988288028,0.059879812899271835,0.046257379351177894,703.1587829589844,641.8287963867188,-0.03177143355134804,0.060747701323056846,0.7761291552235583,-0.1961613445976622,0.4853410655296773,0,5.0,False,0.0,-0.0
228.82000732421875,229.3000030517578,214.74000549316406,216.5800018310547,156867400,AMZN,2025-02-21,-0.019854109407165255,0,-0.052912328285237176,-0.05485486537306228,-0.07779435298123005,-0.03204468455394549,0.04180096429322977,0.22333941507226074,-0.052912328285237176,0.029914814649823318,0.037900050512150625,228.0224952697754,226.5974998474121,-0.05018142365814826,-0.04420833426274817,0.6817017199918699,-0.1475354156757559,0.47864780621548214,0,6.0,False,0.0,-0.0
184.74589678490392,185.10424071494356,178.255903940123,178.83323669433594,105106800,GOOGL,2025-02-21,-0.05220983078946573,0,-0.030070587101991175,-0.03064634136456701,-0.10264214126461912,-0.067960021580038,0.0646104148559834,0.08745684161183531,-0.030070587101991175,0.04826197425574749,0.0416755100400871,187.69475555419922,189.35707092285156,-0.04721239458022264,-0.05557666358708768,0.5444394753816384,-0.2682079373414865,0.47038039384696845,0,7.0,False,0.0,-0.0
242.8667637165237,247.38289505871285,240.56890729516905,244.2593994140625,166541000,AAPL,2025-02-21,-0.015108961989991898,0,0.0038838940685013146,0.07991025452306211,0.10342038050732794,-0.03822535042192665,0.035772887036533474,0.0848635234386681,0.0038838940685013146,0.05116001328164872,0.039182119440631706,237.0651092529297,239.16685740152994,0.03034731759475018,0.021292841607994495,0.7209578842337255,-0.32926642630915903,0.4567344470852727,0,8.0,False,0.0,-0.0
269.8182931454493,273.22073697574245,256.2474255338871,257.6123046875,41609300,JPM,2025-02-21,0.001551631001345699,1,-0.04465098645027854,-0.041914427816878375,-0.002265440292877341,0.10131727824033265,0.06360990621417706,0.22409572303729286,-0.04465098645027854,0.03214177384876404,0.03181734255310476,264.1856918334961,247.86770375569662,-0.024881692495818397,0.03931371769759817,0.834356634425405,0.10539336633275398,0.45457637773848825,0,9.0,False,0.0,0.0
404.08999660584703,416.1243389128722,402.60437161832556,405.108642578125,96570800,MSFT,2025-02-21,-0.027485875280611083,0,0.0014653142692850896,-0.001760789110254457,-0.07888909081081086,-0.049941856836702714,-0.0340799241269657,-0.016657763848672347,0.0014653142692850896,0.030805242749776984,0.029614001120898157,406.6325225830078,422.21696217854816,-0.003747560562059382,-0.040520209117483,0.1753398242754502,-0.18590635766714414,0.44879060685186084,0,10.0,False,0.0,-0.0
338.1400146484375,342.3999938964844,273.6000061035156,292.9800109863281,527844600,TSLA,2025-02-28,-0.10345414848116774,0,-0.13268199652544077,-0.1766523887097653,-0.2758773935575025,-0.28618066162263633,-0.24726373242006938,0.36836210429753957,-0.13268199652544077,0.05281470963197779,0.07094968558102094,337.05999755859375,390.00416564941406,-0.13077786415340742,-0.2487772265240462,0.36474505407193447,0.3346272240696042,0.5995460257324319,1,1.0,True,0.5,-0.05172707424058387
405.4063787741937,406.25983043716724,383.6330593862238,393.973876953125,129423200,MSFT,2025-02-28,-0.00926974804132319,0,-0.027485875280611083,-0.026060836456578418,-0.041618084643111564,-0.06038499965318689,-0.10321703675176486,-0.04448816417849799,-0.027485875280611083,0.012779230060169545,0.02577303482037761,402.35540771484375,418.43819427490234,-0.020831162203886366,-0.05846578456866436,0.0,0.1971190122116162,0.5394401501614393,1,2.0,True,0.5,-0.004634874020661595
345.4531177976866,360.54858980616444,342.7192740753132,359.27081298828125,40363800,V,2025-02-28,-0.04794469116640987,0,0.04068521272475789,0.02515474956015984,0.0629617269758167,0.15372751962792464,0.1681949260274309,0.3171150083333696,0.04068521272475789,0.022914593896759403,0.021677785722801074,349.77306365966797,327.98743947347003,0.02715403304427877,0.09537979126588358,1.0,0.36858335629066086,0.515371764207907,1,3.0,False,0.0,-0.0
158.27028004687892,161.91862500823018,157.3460376371317,160.54685974121094,54303800,JNJ,2025-02-28,0.010119944696618921,1,0.01675909361005079,0.0652636010299088,0.09326922817155237,0.1536231308827758,0.11406421498256414,0.010946541257885745,0.01675909361005079,0.017658926316844372,0.021977019893215766,154.2362060546875,145.38640721638998,0.04091551424887796,0.10427695969029949,1.0,0.27791838602906993,0.5132453846048004,1,4.0,False,0.0,0.0
483.5,515.3699951171875,483.239990234375,513.8300170898438,31521400,BRK.B,2025-02-28,-0.03543977846174018,0,0.07329662775463963,0.07139435979358844,0.09635778344729262,0.1328821321449627,0.09209355385726625,0.07965625019437383,0.07329662775463963,0.03375877794172247,0.03005884628636352,486.2249984741211,467.3783365885417,0.05677416566888405,0.09938774835042463,1.0,0.6382412556519932,0.4812278378170177,0,5.0,False,0.0,-0.0
181.15250613186586,182.27729565940143,166.00254187779413,169.4963836669922,195320500,GOOGL,2025-02-28,0.021024269194188205,1,-0.05220983078946573,-0.08071043762712204,-0.16537594810898149,-0.11215398102260776,-0.024239423235545732,0.0448118826651156,-0.05220983078946573,0.03832686924348952,0.04378668822571622,179.2985725402832,189.0061912536621,-0.05466964256555218,-0.103223113789358,0.36902200243675193,0.24135792082613783,0.4697678467279234,0,6.0,False,0.0,0.0
683.5375152106747,685.8980050768483,639.2949835590877,665.5297241210938,80779600,META,2025-02-28,-0.06366356539994034,0,-0.02245634934473706,-0.0929453209530462,-0.030442002695617698,0.1051387144801641,0.07209203204662762,0.2840287600688267,-0.02245634934473706,0.051111897197888355,0.04161175664191911,697.9347381591797,645.5582173665365,-0.046429862659587595,0.030936802006840125,0.7114373921438079,0.08276860665903318,0.463999536313667,0,7.0,False,0.0,-0.0
258.830952916328,260.3030885181435,246.99545729877843,258.01202392578125,44596300,JPM,2025-02-28,-0.08452673581927239,0,0.001551631001345699,-0.04316863730374976,-0.00991393216807912,0.09345941676175418,0.07542376142223173,0.19060040379824406,0.001551631001345699,0.03161087080544159,0.03150092984144927,263.53981018066406,249.37565485636392,-0.020975146984788973,0.034631965475506066,0.83985575820985,0.13886131234011367,0.46083876629408554,0,8.0,False,0.0,-0.0
217.4499969482422,219.97000122070312,204.16000366210938,212.27999877929688,232786500,AMZN,2025-02-28,-0.06138118925110747,0,-0.019854109407165255,-0.07171591053763948,-0.10686635257151178,-0.053124597584239486,-0.06496938765497218,0.18924369064031854,-0.019854109407165255,0.02177259870801123,0.02625692015264733,221.6724967956543,225.36833318074545,-0.04237105708704936,-0.05807530373378467,0.616835171684988,0.1882717211299394,0.45312361811804597,0,9.0,False,0.0,-0.0
243.64264638435856,248.68601093773057,228.9900734891547,240.5688934326172,241760300,AAPL,2025-02-28,-0.011453817198016303,0,-0.015108961989991898,-0.011283749529344633,0.025872532730673026,-0.00515327567156898,-0.003022880249727411,0.05839408757203235,-0.015108961989991898,0.048393261459001795,0.039001819701245506,238.5818977355957,239.10607274373373,0.00832835900745299,0.0061178734278792835,0.6148796614072214,0.12150326526782784,0.4457081286592853,0,10.0,False,0.0,-0.0
300.3399963378906,303.94000244140625,250.72999572753906,262.6700134277344,537122100,TSLA,2025-03-07,-0.048311634566107764,0,-0.10345414848116774,-0.22240964203728786,-0.27362973017403847,-0.33457460625720925,-0.39786349675064725,0.2464766229452715,-0.10345414848116774,0.052308181616513426,0.05865487146065928,312.32250213623047,375.54083251953125,-0.15897826243348423,-0.3005553839100217,0.20542054088748266,0.2187400978605083,0.6040138799279864,1,1.0,True,0.5,-0.024155817283053882
395.7899873220531,399.09468114787944,378.10536303990614,390.32183837890625,121122400,MSFT,2025-03-07,-0.012076950971167788,0,-0.00926974804132319,-0.03650083618338784,-0.038197355018775414,-0.05931817762261138,-0.11887979405454296,-0.016959324077324256,-0.00926974804132319,0.012690395532534194,0.02520790285393453,398.48006439208984,414.0497105916341,-0.020473360507079708,-0.057306819943970466,0.0,0.07224306999629082,0.5300704839538951,1,2.0,True,0.5,-0.006038475485583894
257.37835755426585,259.64017450358887,233.414843927151,236.20310974121094,60867200,JPM,2025-03-07,-0.04061400765526335,0,-0.08452673581927239,-0.08310625912166647,-0.12153733563945901,0.010047026496708744,0.014967348853872409,0.1532694889887094,-0.08452673581927239,0.041863771773327,0.04002736388981157,255.36999893188477,249.66592152913412,-0.0750553677833794,-0.05392330561362646,0.5398203653151311,0.32559327220122425,0.5148889838244307,1,3.0,False,0.0,-0.0
160.48850051821015,165.382134055129,159.0777802901347,162.1715850830078,47611500,JNJ,2025-03-07,-0.02327674140862923,0,0.010119944696618921,0.02704863940716873,0.09733728308567202,0.18276990061599752,0.14598476394750293,0.030371601969984896,0.010119944696618921,0.01657396684864801,0.020234210154423463,157.83248901367188,147.10796737670898,0.027491780028635837,0.10239838110008304,1.0,0.06582093160694136,0.5026754217101165,1,4.0,False,0.0,-0.0
670.9878686638693,678.5276251290609,598.2098452417057,623.1597290039062,80931200,META,2025-03-07,-0.02800149150100062,0,-0.06366356539994034,-0.0846902634795248,-0.12436326717332569,0.015912752401087138,0.00937307217766814,0.252847509269184,-0.06366356539994034,0.04715633955040155,0.04627774946263669,675.8085021972656,646.0404408772787,-0.077904869533576,-0.035416841463209336,0.47875867958644136,0.09063650626857389,0.5024779857291406,1,5.0,False,0.0,-0.0
359.55802514786035,363.0644672454324,335.9242907970158,342.0456848144531,41269400,V,2025-03-07,-0.03915212435090776,0,-0.04794469116640987,-0.00921011840078012,-0.006088511540318309,0.12411378708544474,0.09900564291687886,0.24050066490060806,-0.04794469116640987,0.03877132793669995,0.027982701599636586,349.2492370605469,330.5552495320638,-0.020625820994549238,0.034761012867456476,0.803554809667434,0.24860146736252942,0.49181730573046395,0,6.0,False,0.0,-0.0
213.35000610351562,214.00999450683594,192.52999877929688,199.25,252078200,AMZN,2025-03-07,-0.0065244820665385506,0,-0.06138118925110747,-0.08001662981133928,-0.13048219372849434,-0.08993332521166741,-0.12402183188780924,0.16255324528599213,-0.06138118925110747,0.02785819192298727,0.03067109102276903,214.1974983215332,223.0174992879232,-0.06978372034530211,-0.10657235133480958,0.24926739015025395,0.2738805993719746,0.483630295760808,0,7.0,False,0.0,-0.0
516.219970703125,518.77001953125,490.1099853515625,495.6199951171875,23786600,BRK.B,2025-03-07,0.03829542927190066,1,-0.03543977846174018,0.03525923304328216,0.04839870828670323,0.11964033573610022,0.08237606840682843,0.07879496023554777,-0.03543977846174018,0.045468048059071335,0.031051318666803256,491.9449996948242,470.5216700236003,0.007470337994375464,0.053341486041075026,0.7441335037663496,0.15385473613745404,0.4596348259507782,0,8.0,False,0.0,0.0
240.51914741730602,242.74737946323825,228.02515316620742,237.81346130371094,239653700,AAPL,2025-03-07,-0.10699803013639164,0,-0.011453817198016303,-0.026389723899322926,0.05141172107015102,0.010482921755656127,-0.03545373708427635,0.0850294159377254,-0.011453817198016303,0.04245099495865182,0.03852506966505568,241.4890365600586,238.37763214111328,-0.015220464285688351,-0.002366710468322708,0.5123031663827392,0.09613276700300255,0.44419985615245927,0,9.0,False,0.0,-0.0
171.13879690224084,174.1648138078256,165.03701959982106,173.05992126464844,172801200,GOOGL,2025-03-07,-0.04704586764453689,0,0.021024269194188205,-0.032283235132378296,-0.06194021345272582,-0.09466773247200422,-0.08407963758750447,0.15485190014656536,0.021024269194188205,0.03222902891657093,0.03478533855706949,176.44178009033203,187.68231201171875,-0.019166995617207028,-0.07791032937700226,0.3547316543301222,0.18866422549656736,0.44024281505736046,0,10.0,False,0.0,-0.0
252.5399932861328,253.3699951171875,217.02000427246094,249.97999572753906,721244800,TSLA,2025-03-14,-0.005080362570515695,0,-0.048311634566107764,-0.1467677440315055,-0.29749326017256184,-0.4138804320573527,-0.40630789631648057,0.08550090327607784,-0.048311634566107764,0.04135605255909684,0.05868035501829844,285.8575019836426,361.2841657002767,-0.12550835995955956,-0.30807929198058503,0.14732404663658033,0.4247081031067452,0.5731814449838384,1,1.0,True,0.5,-0.0025401812852578476
382.90859827837613,387.2652662935844,374.04642649696916,385.6079406738281,127899700,MSFT,2025-03-14,0.006948779088545187,1,-0.012076950971167788,-0.021234748719880847,-0.04674218986287393,-0.09251308270313807,-0.10824753108881646,-0.09399100458676157,-0.012076950971167788,0.01195111053163,0.024854483568962644,393.7530746459961,410.1490478515625,-0.020685893004113942,-0.05983460721482903,0.0,0.07701360017060477,0.5489023282906615,1,2.0,True,0.5,0.0034743895442725936
234.3019970725287,234.91874867921032,207.3245394208188,212.36788940429688,332232000,AAPL,2025-03-14,0.022389910662232504,1,-0.10699803013639164,-0.11722631145667783,-0.1271873086492964,-0.07068128043770538,-0.16018422223730755,-0.03838270079349748,-0.10699803013639164,0.05039546328606949,0.04770370088111957,233.75241088867188,235.00209172566733,-0.09148364033156309,-0.09631489726394771,0.0,0.35579027267245933,0.5347251681237919,1,3.0,False,0.0,0.0
162.9401676061837,165.294567637911,156.73311976951868,158.39675903320312,46982500,JNJ,2025-03-14,0.005036563080103473,1,-0.02327674140862923,-0.013392356047783216,0.050997211600172454,0.11618882337002101,0.1359675962159692,-0.0005435025925891734,-0.02327674140862923,0.029113259038850075,0.02137150907981136,159.75394821166992,148.68788528442383,-0.008495496941762992,0.06529700607556066,0.8493678169668001,0.008672988249413205,0.5313297585193798,1,4.0,False,0.0,0.0
490.0,515.8400268554688,488.75,514.5999755859375,26371200,BRK.B,2025-03-14,0.014205203858143278,1,0.03829542927190066,0.001498469280666992,0.07299981132921896,0.09969005697614408,0.1354809393757419,0.1496615187924364,0.03829542927190066,0.04731089242933227,0.0317462424936188,500.69749450683594,475.6383336385091,0.027766228574390706,0.0819144278161561,1.0,0.11976289452118194,0.4746421290854399,0,5.0,False,0.0,0.0
230.2853592191741,231.55274056363587,218.6058507740928,226.60995483398438,81514200,JPM,2025-03-14,0.03953697737071504,1,-0.04061400765526335,-0.12170777397889754,-0.1596224525307054,-0.10310225518801464,-0.01666460082347687,0.150510191828781,-0.04061400765526335,0.03518618154136419,0.041801819797877865,244.60934829711914,249.34589131673178,-0.07358424192877322,-0.09118231851619751,0.3549763504590995,0.42640132640963824,0.4742341027130149,0,6.0,False,0.0,0.0
605.6400157185544,630.7990981033598,584.1662233882897,605.7103271484375,83993200,META,2025-03-14,-0.018680046811967554,0,-0.02800149150100062,-0.08988238211547117,-0.17447355621477056,-0.0075548754773112625,0.039112532992015,0.16124378113527849,-0.02800149150100062,0.024970981280641378,0.043758810111004895,643.8045501708984,647.9403686523438,-0.05917047807808873,-0.06517581485429103,0.2977934209742186,0.07193659747436398,0.46669155033951293,0,7.0,False,0.0,-0.0
336.7167201504189,341.73865409490605,323.28527884445793,328.65386962890625,40001700,V,2025-03-14,0.011633592804751958,1,-0.03915212435090776,-0.0852196790068045,-0.06220860912965798,0.039854492421914856,0.046105830338665,0.15883131746550294,-0.03915212435090776,0.03987096307705435,0.031134505879793904,343.7989044189453,331.7623341878255,-0.04405201585978202,-0.00936955235297876,0.6508269079371886,0.10938408919623677,0.46051577194736054,0,8.0,False,0.0,0.0
167.6785699397653,167.87789100205225,160.81237268027317,164.9181671142578,175315900,GOOGL,2025-03-14,-0.009064054595465998,0,-0.04704586764453689,-0.027010703436181616,-0.10554109536835299,-0.1546907952443093,-0.13442026031596643,0.053413369307156566,-0.04704586764453689,0.03343206301030431,0.03624800349929702,171.5769271850586,185.5480639139811,-0.03880918128122679,-0.11118357348793029,0.06413667763164049,0.0812884977497299,0.4375071037583785,0,9.0,False,0.0,-0.0
195.60000610351562,201.52000427246094,190.85000610351562,197.9499969482422,239400600,AMZN,2025-03-14,-0.008790049311442782,0,-0.0065244820665385506,-0.0675051908491543,-0.13437990515902953,-0.1238824696411287,-0.11990930748827866,0.061450968510471826,-0.0065244820665385506,0.026184975601156655,0.03069170144683423,206.51499938964844,220.7699991861979,-0.0414739968850687,-0.10336550401809474,0.22356855287810234,0.08678567938745219,0.42646619847417144,0,10.0,False,0.0,-0.0
158.00762730156043,160.39119501744185,157.34605204224803,159.1945343017578,44488000,JNJ,2025-03-21,0.0004889306240896119,1,0.005036563080103473,-0.018357413104929554,0.008194683254715507,0.12341510893321384,0.13712377024263755,0.012811963735160692,0.005036563080103473,0.017623816103279337,0.021343654040771775,160.07743453979492,150.2876345316569,-0.005515457194671725,0.05926568608161009,0.881202563439027,-0.07980834166727857,0.5618542276481919,1,1.0,True,0.5,0.0002444653120448059
383.7620820869245,389.7264008785539,378.2046343736099,388.2874450683594,119293100,MSFT,2025-03-21,-0.03184588274064726,0,0.006948779088545187,-0.005212091946984465,-0.04152268241604262,-0.11713608656302588,-0.08939081939204752,-0.09750438749492663,0.006948779088545187,0.014106461511047597,0.025223040359917924,389.5477752685547,406.97266387939453,-0.003235367470206807,-0.045912712251780285,0.046701030324660504,-0.04131889361962027,0.5532931475250885,1,2.0,True,0.5,-0.01592294137032363
245.05999755859375,249.52000427246094,222.27999877929688,248.7100067138672,567129000,TSLA,2025-03-21,0.05966780860640841,1,-0.005080362570515695,-0.05314655651665334,-0.26373589194355784,-0.38828763114816667,-0.4238289287775895,0.043903490929138256,-0.005080362570515695,0.05689306016557062,0.056180385649547894,263.5850067138672,346.03833262125653,-0.05643340714044276,-0.28126457889830503,0.1415098774861022,-0.0360442953325284,0.5235703256989214,1,3.0,False,0.0,0.0
514.6199951171875,530.6099853515625,513.2100219726562,521.9099731445312,26610900,BRK.B,2025-03-21,0.008430619533005279,1,0.014205203858143278,0.053044627509686304,0.09017417343602663,0.12677296658740622,0.1432607434226536,0.1462739143507754,0.014205203858143278,0.04566392668156068,0.03173380184886249,511.489990234375,481.0883305867513,0.02037182175428609,0.08485269744122159,1.0,-0.017051420212928048,0.46092414926297154,0,4.0,False,0.0,0.0
326.9007069364516,338.994893619958,326.6332779155721,332.477294921875,42255000,V,2025-03-21,0.021420580587695692,1,0.011633592804751958,-0.027974011418295253,-0.036926485861768166,0.018245794599452747,0.0551208967110155,0.18293370951118737,0.011633592804751958,0.04211029871483898,0.031203652903281563,340.6119155883789,333.20975494384766,-0.02388237256013792,-0.002198195014116777,0.6944314316202579,0.03130211196663124,0.4582210678218382,0,5.0,False,0.0,0.0
605.5707735579393,611.1931864721827,572.8727029614505,594.3956298828125,105661500,META,2025-03-21,-0.032721101581770995,0,-0.018680046811967554,-0.046158469140924585,-0.12693955970709292,-0.07831718922545006,-0.005050870370461147,0.06397417857994636,-0.018680046811967554,0.020666465404512915,0.043683993308939684,622.1988525390625,647.6889139811198,-0.044685429011626865,-0.08228222368471905,0.23572878241754122,0.20286709992870677,0.45434507181235756,0,6.0,False,0.0,-0.0
164.45973844695973,165.72535422603255,156.17844440971348,163.42333984375,172299000,GOOGL,2025-03-21,-0.05890591993809213,0,-0.009064054595465998,-0.05568349592718169,-0.08616908766754994,-0.17996664926315298,-0.14827305619016895,0.0047498560201946205,-0.009064054595465998,0.034439472023838576,0.035800639742665036,167.7244529724121,183.17726516723633,-0.02564392402203619,-0.10784048612938668,0.027479289595423523,-0.03708151853628838,0.4438763528220507,0,7.0,False,0.0,-0.0
198.77000427246094,199.32000732421875,189.3800048828125,196.2100067138672,226177600,AMZN,2025-03-21,-0.017787092267182558,0,-0.008790049311442782,-0.015257180858884833,-0.09405298247747418,-0.1645305445409142,-0.12308376887657124,0.02406054521658474,-0.008790049311442782,0.02550295713153508,0.03065656380357281,201.42250061035156,218.47499974568686,-0.02587840921788498,-0.10191094201962225,0.18956444311381887,-0.04811704101319503,0.43645054163612723,0,8.0,False,0.0,-0.0
212.18885305172668,217.68978368973626,208.86641153353526,217.12278747558594,287881900,AAPL,2025-03-21,-0.001695227451918302,0,0.022389910662232504,-0.08700379580994788,-0.11109751355965325,-0.019166880178082657,-0.14507612259475733,-0.04140927941449901,0.022389910662232504,0.05543649530773342,0.04859039041344738,226.96825790405273,231.93170801798502,-0.04337818212725064,-0.06385034917800347,0.1143018011822035,0.04539122431669673,0.43533264803090427,0,9.0,False,0.0,-0.0
225.38152145062264,236.25186202365677,224.67959422222768,235.56942749023438,57706900,JPM,2025-03-21,0.005049073478272659,1,0.03953697737071504,-0.002682785386148523,-0.08556608825034595,-0.087637683679197,0.007081866818789528,0.1576401901921043,0.03953697737071504,0.05352151116027535,0.043209505265240644,239.09862899780273,249.48393630981445,-0.014760442259168283,-0.05577316530031318,0.4892403449620247,-0.056632088819647874,0.4189323809779456,0,10.0,False,0.0,0.0
158.4259400015963,160.0604105860502,156.20775123106108,159.27236938476562,35238900,JNJ,2025-03-28,-0.06395461461568486,0,0.0004889306240896119,0.005527956234123055,-0.007938432171764043,0.08459038455823564,0.14446517190648467,0.030635364721181002,0.0004889306240896119,0.014779115847286731,0.020958587662297384,159.7588119506836,151.96303939819336,-0.0030448559298759115,0.048099393217711395,0.8843085260225595,-0.19140160474160017,0.5704582066803356,1,1.0,True,0.5,-0.03197730730784243
392.3959786933822,393.34867131877104,374.0663006272135,375.9220886230469,88286700,MSFT,2025-03-28,-0.0500528688612758,0,-0.03184588274064726,-0.025118393656146654,-0.04581975959849216,-0.08553091360830667,-0.103437933084215,-0.11144504876219052,-0.03184588274064726,0.015912305831668028,0.02609120833582588,385.03482818603516,403.35843149820965,-0.02366731239851716,-0.06801975794395798,0.0,-0.22657614871948628,0.552285621247989,1,2.0,True,0.5,-0.0250264344306379
166.492708348571,170.04039224469534,153.09915945705842,153.79673767089844,157132700,GOOGL,2025-03-28,-0.05656725721814071,0,-0.05890591993809213,-0.06743604805924308,-0.09262525640038832,-0.24268321491331812,-0.19439094617445274,-0.0565121639279228,-0.05890591993809213,0.03650933259246742,0.038061437622053,163.79954147338867,180.08470916748047,-0.06106734922768586,-0.14597558903312535,0.0,-0.07234608045944435,0.5172789421662286,1,3.0,False,0.0,-0.0
523.0999755859375,537.6300048828125,521.47998046875,526.3099975585938,24304100,BRK.B,2025-03-28,-0.06226366431510477,0,0.008430619533005279,0.022755582060265178,0.024288149881613208,0.12298628561553371,0.16039774316870115,0.1504798044772322,0.008430619533005279,0.030729611933003973,0.031247653487215084,514.6099853515625,487.1508305867513,0.02273568826892891,0.08038407103745882,1.0,-0.03815467662912275,0.487823612400982,0,4.0,False,0.0,-0.0
335.43890056561565,348.2859848493722,334.4483826072183,339.5991516113281,28735800,V,2025-03-28,-0.08668523546715778,0,0.021420580587695692,0.03330337170464648,-0.05475440994867231,0.004759884817234328,0.09055585004915256,0.2504264355427226,0.021420580587695692,0.03509801615729344,0.03105966447893117,335.6940002441406,335.55967966715497,0.011633068700505289,0.012038013471046272,0.7687017247231853,-0.245095457235198,0.4738672620196373,0,5.0,False,0.0,-0.0
613.0573552722462,631.9085855563646,572.1351128923961,574.9463500976562,71702900,META,2025-03-28,-0.12485699190046284,0,-0.032721101581770995,-0.050789916684451875,-0.1361071801008782,-0.16240580765297208,-0.0452785995680407,0.018257884511508227,-0.032721101581770995,0.01949156184079114,0.04461575540531775,599.5530090332031,645.4166310628256,-0.04104167365488809,-0.10918572217317046,0.12904342515917916,-0.16207716992200738,0.4662094202517853,0,6.0,False,0.0,-0.0
219.8384246082871,223.83730853242594,216.5358700680628,216.7547149658203,190172600,AAPL,2025-03-28,-0.13547496602837394,0,-0.001695227451918302,0.020656727219113602,-0.0989910961762277,-0.07567971382141925,-0.1036342434401698,-0.04131172283768614,-0.001695227451918302,0.05684726464440772,0.04729395690917603,221.01471328735352,229.84334818522134,-0.019274727271186398,-0.05694588650376531,0.10545379851188347,-0.2754916899076728,0.4600213727396365,0,7.0,False,0.0,-0.0
258.0799865722656,291.8500061035156,256.3299865722656,263.54998779296875,759452700,TSLA,2025-03-28,-0.09151962145463999,0,0.05966780860640841,0.05428431193438388,-0.10045061809603362,-0.34861595695196224,-0.35788425537154434,0.01186361222170107,0.05966780860640841,0.06894907551731455,0.06347831358515806,256.22750091552734,333.79749806722003,0.02857806773776206,-0.2104494811405233,0.20944917401145327,0.17519195546093247,0.4540415408932917,0,8.0,False,0.0,-0.0
200.0,206.2100067138672,191.8800048828125,192.72000122070312,185517800,AMZN,2025-03-28,-0.1127023717472343,0,-0.017787092267182558,-0.026420792160489648,-0.09214244239246427,-0.1891618682284627,-0.14037200980417508,0.02526998972789718,-0.017787092267182558,0.025639256327864096,0.03045896818593734,196.53250122070312,215.85249964396158,-0.019398827045500333,-0.10716808219230456,0.1213603075255921,-0.17837422725316998,0.4442277538985387,0,9.0,False,0.0,-0.0
239.3228447686283,248.28235866743117,235.06247221658606,236.7588348388672,51490600,JPM,2025-03-28,-0.12878233864456867,0,0.005049073478272659,0.04478567595284133,-0.08237286295241675,-0.09147015614469511,0.0033880340808085663,0.16674633601817912,0.005049073478272659,0.054039083950677594,0.04316587183848706,233.78533172607422,249.55055618286133,0.012718946440476442,-0.05125903760607464,0.4922901082295841,-0.1813208500394906,0.4380820415992178,0,10.0,False,0.0,-0.0
561.7475141060938,590.8167206530089,492.6630283031205,503.1602783203125,120799400,META,2025-04-04,0.07695197517448915,1,-0.12485699190046284,-0.15349263516706446,-0.19256611924427092,-0.29298123468149084,-0.17971762381955614,-0.15161493889487154,-0.12485699190046284,0.0495394364624686,0.05607081855489491,569.5531463623047,636.2300821940104,-0.11657010143133906,-0.20915358704010467,0.0,0.26439552330586635,0.5947324913729408,1,1.0,True,0.5,0.038475987587244576
188.19000244140625,198.33999633789062,166.0,171.0,377207100,AMZN,2025-04-04,0.08111108255665211,1,-0.1127023717472343,-0.12848481652941846,-0.14178168130489333,-0.25376389022621093,-0.21896410846271086,-0.08315905293894299,-0.1127023717472343,0.05106642019243375,0.042140923625742954,189.47000122070312,211.85749944051108,-0.0974824568623317,-0.19285368489862564,0.0,0.4672992817001136,0.5769771974074147,1,2.0,True,0.5,0.04055554127832606
233.4051034157958,241.0484682086845,204.94422641328694,206.2684783935547,73775700,JPM,2025-04-04,0.12326421394390041,1,-0.12878233864456867,-0.12438349665681625,-0.12673258781585583,-0.23286718239348192,-0.11795884698692949,0.00685499512288712,-0.12878233864456867,0.07286666275820929,0.05726982942911072,226.30167388916016,247.25179799397787,-0.08852429215975433,-0.16575539564497477,0.0,0.11575371832457804,0.5629537722849803,1,3.0,False,0.0,0.0
215.86937928840504,224.4341253115235,186.3553350717911,187.38987731933594,366947800,AAPL,2025-04-04,0.051863305458617726,1,-0.13547496602837394,-0.1369405325988332,-0.21202998227244663,-0.1715190875093957,-0.20376975423080568,-0.16757221308169046,-0.13547496602837394,0.07748079707214145,0.059931142628327876,208.40881729125977,225.84697596232095,-0.10085437000752717,-0.17027944907883552,0.0,0.24681314501284923,0.5602093701017592,1,4.0,False,0.0,0.0
152.58092477046202,157.86262130532444,144.87763705619835,145.0968780517578,219461000,GOOGL,2025-04-04,0.07925833748813904,1,-0.05656725721814071,-0.11214103083142357,-0.1615801221250338,-0.2135120283236175,-0.2409514308229116,-0.1264531028879018,-0.05656725721814071,0.023130374989527327,0.03915895571068601,156.80878067016602,176.2464281717936,-0.07468907396865232,-0.17673861787243272,0.0,0.21214246834406558,0.5298758639837206,1,5.0,False,0.0,0.0
159.91446542617436,162.11321376385112,148.78455700558925,149.08616638183594,75992400,JNJ,2025-04-04,-0.00985373231758302,0,-0.06395461461568486,-0.06349695336123273,-0.08068872666240567,0.00879453499430527,0.08733370340067248,-0.028597894663165313,-0.06395461461568486,0.0315628656160545,0.029594486000340293,156.48745727539062,152.9609120686849,-0.047296384147450965,-0.0253316068428584,0.47783416802399037,0.49959003817430325,0.5047894882483429,1,6.0,False,0.0,-0.0
369.7096411618319,382.1543912389325,356.7488592586341,357.1061096191406,150374700,MSFT,2025-04-04,0.07950765588417297,1,-0.0500528688612758,-0.08030477380933387,-0.08509830989144229,-0.12004513455579646,-0.13936861085252916,-0.13165597418666586,-0.0500528688612758,0.024631733269370775,0.02870091561920222,376.73089599609375,398.5393549601237,-0.052092319970371115,-0.1039627450220788,0.0,0.2380232588295006,0.5014819784875367,1,7.0,False,0.0,0.0
336.13229182152975,348.5236515376191,309.1604862944522,310.1609191894531,45101200,V,2025-04-04,0.06473345951872389,1,-0.08668523546715778,-0.06712150295154962,-0.09321785667986504,-0.09873881022402431,0.019326309189053426,0.13069189532446268,-0.08668523546715778,0.04996405615581236,0.04072756055272409,327.7228088378906,336.0497309366862,-0.05358763313030357,-0.07703863257105448,0.4225686627564425,0.15574683667566336,0.5004336926254158,1,8.0,False,0.0,0.0
249.30999755859375,284.989990234375,236.0,239.42999267578125,810687300,TSLA,2025-04-04,0.05379445047326903,1,-0.09151962145463999,-0.03731258810491811,-0.08847610904907077,-0.3378961453771633,-0.39344885595801726,-0.0425864086584109,-0.09151962145463999,0.06449621649938103,0.06560327812403505,250.41749572753906,320.8549982706706,-0.04387673880307674,-0.253775088540774,0.09902480812298739,0.13441789226275547,0.4959730866301138,0,9.0,False,0.0,0.0
521.4000244140625,539.0,492.9800109863281,493.5400085449219,34364800,BRK.B,2025-04-04,0.06194022019971279,1,-0.06226366431510477,-0.05435796604667098,-0.004196736598114481,0.043998855058220654,0.11494150016239124,0.06833778652466305,-0.06226366431510477,0.04326554876273676,0.036810712722848464,514.0899887084961,491.39083099365234,-0.039973507780612816,0.00437366229834546,0.6082487578633389,0.23115063904488098,0.48311878197382824,0,10.0,False,0.0,0.0
467.4200134277344,526.5800170898438,462.1000061035156,524.1099853515625,46080400,BRK.B,2025-04-11,-0.011257109278215105,0,0.06194022019971279,-0.004180069193510438,0.018480392959204117,0.09282926948773507,0.12001276136239292,0.1388496449076373,0.06194022019971279,0.05119165741752051,0.03739517310350948,516.4674911499023,496.0708287556966,0.014797628761965775,0.056522486246967985,0.9736997923783027,0.40317691355524743,0.47818520041984686,0,1.0,True,0.5,-0.0056285546391075525
223.77999877929688,274.69000244140625,214.25,252.30999755859375,885161400,TSLA,2025-04-11,-0.04335936961382458,0,0.05379445047326903,-0.04264841872504488,0.009320753143760463,-0.29094536826880235,-0.40841735625183173,0.15844809009775362,0.05379445047326903,0.07020127586840777,0.06152202498632088,250.99999618530273,306.3391647338867,0.005219129056575289,-0.176370420093779,0.14666171090568303,0.1714564543818775,0.4553883851562832,0,2.0,True,0.5,-0.02167968480691229
348.21419373781447,390.24245792204835,342.170466152445,385.498779296875,198357200,MSFT,2025-04-11,-0.05321150434799682,0,0.07950765588417297,0.025475200749459193,-0.0002830890275816733,-0.047012046689380305,-0.09276998229209876,-0.0632013786160992,0.07950765588417297,0.057399215106031694,0.03799918818615864,376.70360565185547,395.25438181559247,0.02334772885913905,-0.024681832681791693,0.3306181337474481,0.4262306545053789,0.44790901700302865,0,3.0,False,0.0,-0.0
299.2058018042098,333.78478000715387,296.16490406290654,330.23870849609375,48608800,V,2025-04-11,-0.011367620523373367,0,0.06473345951872389,-0.027563211129418286,0.004822212709611362,-0.05768637956563882,0.04486889197141841,0.20427536896385634,0.06473345951872389,0.06394819980856475,0.043440907054984136,328.1190185546875,337.2314936319987,0.006460125203175293,-0.02073586028574126,0.6425038753135481,0.1805358565350017,0.44587189442306,0,4.0,False,0.0,-0.0
147.17931414233325,149.42668937844223,137.6644001851633,147.6171112060547,72649500,JNJ,2025-04-11,0.03783027805299333,1,-0.00985373231758302,-0.07317815528037064,-0.06805472468593132,-0.020528114280958687,0.04022690029806064,-0.04513969255113548,-0.00985373231758302,0.03187087375000635,0.02861045148341212,153.79254531860352,153.43662389119467,-0.040154313720184076,-0.03792779414428937,0.4192123970590474,0.27249431621132136,0.440725819564349,0,5.0,False,0.0,0.0
141.06087632952463,158.9986690004619,140.04439668677543,156.59701538085938,281058700,GOOGL,2025-04-11,-0.03805532673431722,0,0.07925833748813904,0.018207653506624455,-0.050456246749537415,-0.1506721345677683,-0.19734192505911763,-0.0351550649051513,0.07925833748813904,0.06460458852020985,0.0476888645148155,154.7284927368164,173.0380096435547,0.012076138085447496,-0.0950137735435268,0.1983321294033902,0.35457907535308686,0.4267242483829251,0,6.0,False,0.0,-0.0
201.84453550263905,234.02860167946685,198.303402775656,231.69400024414062,105603400,JPM,2025-04-11,-0.017950780470720518,0,0.12326421394390041,-0.021392378443548132,0.022435225380459833,-0.1407683928485538,-0.0829801521399317,0.07464244635456785,0.12326421394390041,0.10485871001048792,0.06425100583371116,227.57268524169922,245.5046526590983,0.01810988431262861,-0.05625413720421346,0.4011342005744427,0.46378327279481435,0.4217875566803434,0,7.0,False,0.0,-0.0
176.26863687444822,199.55559936553783,168.32065857366717,197.10853576660156,675037600,AAPL,2025-04-11,-0.005904609216575207,0,0.051863305458617726,-0.09063784011488163,-0.07185339403475077,-0.18990186287944977,-0.1374559845782849,-0.1272858768146491,0.051863305458617726,0.08278046117904737,0.06294143638484384,204.59397888183594,223.2293561299642,-0.03658682017987258,-0.11701337501576226,0.14597508631232317,0.7763681071792918,0.41996003377808455,0,8.0,False,0.0,-0.0
162.0,192.64999389648438,161.3800048828125,184.8699951171875,432738100,AMZN,2025-04-11,-0.06631684335288934,0,0.08111108255665211,-0.04073270056970257,-0.06607730251430466,-0.19157774602829747,-0.18177395273273744,-0.020919457969561295,0.08111108255665211,0.07922244283165529,0.04936870883150042,186.20000076293945,208.43499883015951,-0.0071428874344917626,-0.11305684671590899,0.208008347940704,0.41690804971609485,0.41913956986984213,0,9.0,False,0.0,-0.0
483.5913523338717,586.06164400195,480.4012921169833,541.8794555664062,149672700,META,2025-04-11,-0.0774324344263948,0,0.07695197517448915,-0.057513008867059456,-0.10538184462288136,-0.26146905564582534,-0.1121405733864973,-0.07705328714313098,0.07695197517448915,0.08259350446537037,0.06205642078287532,553.5954284667969,630.526601155599,-0.02116342060995413,-0.14059223738812054,0.16793109682864027,0.3368512838949036,0.41546370578416,0,10.0,False,0.0,-0.0
258.3599853515625,261.79998779296875,233.88999938964844,241.3699951171875,375513000,TSLA,2025-04-18,0.18055275291647255,1,-0.04335936961382458,0.008102587398201466,-0.02951232921288982,-0.2854647606881543,-0.4063406879613187,0.09365654034781334,-0.04335936961382458,0.07437584112208062,0.0615014203764158,249.1649932861328,292.57166544596356,-0.03128448369147019,-0.1750055674418436,0.009857735065577897,-0.46939227100158876,0.5772457579474577,1,1.0,True,0.5,0.09027637645823627
554.4403043855114,556.0353649218339,494.0885548667942,499.92041015625,63018200,META,2025-04-18,0.09130957857549582,1,-0.0774324344263948,-0.006439038023585808,-0.15894332827646906,-0.26570669187376716,-0.22481252278516806,-0.12860838775610517,-0.0774324344263948,0.08627804042069896,0.06141240380920785,529.9766235351562,618.4447530110677,-0.056712337948831126,-0.19164903942955214,0.0,-0.3778947919165475,0.5675728141307984,1,2.0,True,0.5,0.04565478928774791
333.2202097617123,336.38984966000794,325.325790842298,326.48468017578125,20904500,V,2025-04-18,0.01686836632159472,1,-0.011367620523373367,0.05262997359237653,-0.018024132286993844,-0.0542850502826957,-0.00010720230308303158,0.13823000539524166,-0.011367620523373367,0.0639203135251886,0.04267337780679389,326.62086486816406,337.22857666015625,-0.0004169503758977289,-0.031859389233203084,0.5962774442659452,-0.41668765255461626,0.553892755801213,1,3.0,False,0.0,0.0
159.44713439436606,161.1611923055906,147.98685287180376,150.63766479492188,119118500,GOOGL,2025-04-18,0.07144757141019364,1,-0.03805532673431722,0.03818680882429182,-0.07823653011285037,-0.1576640473583012,-0.2441232132016179,-0.0728948676252329,-0.03805532673431722,0.06588080029572384,0.04638930277216535,151.53207397460938,168.98376083374023,-0.0059024413526957975,-0.10856721349022835,0.09555677483615369,-0.3865964855274573,0.5444157408275164,1,4.0,False,0.0,0.0
232.57685007270544,235.20571653709092,223.58177786322105,227.534912109375,42810900,JPM,2025-04-18,0.049965436601311364,1,-0.017950780470720518,0.10310074462877705,-0.034106783152887954,-0.11675448738603844,-0.11875542735881717,0.040929040530308214,-0.017950780470720518,0.10334708236257135,0.06374588828274153,225.56405639648438,242.94945907592773,0.008737454647589571,-0.06344754594302393,0.3355169635375002,-0.37429397626284067,0.529205951882745,1,5.0,False,0.0,0.0
186.83999633789062,187.44000244140625,171.41000366210938,172.61000061035156,188246300,AMZN,2025-04-18,0.09489603629507304,1,-0.06631684335288934,0.009415208247669948,-0.12027931958603666,-0.20301967332608273,-0.26502024217844955,-0.0866712757643947,-0.06631684335288934,0.08296342650746735,0.04810490745627066,180.29999923706055,203.24833170572916,-0.04265112955767725,-0.15074333372505588,0.024145182771388166,-0.36387658692890223,0.5237809429712464,1,6.0,False,0.0,0.0
390.23251818413166,391.6516465120973,364.10258680355696,364.9858093261719,79539100,MSFT,2025-04-18,0.06544686369525388,1,-0.05321150434799682,0.0220654295593965,-0.06001130357971052,-0.09904215569584018,-0.1701179008918634,-0.11695262563217845,-0.05321150434799682,0.06298007405635063,0.037571984284965214,370.8781967163086,389.01949818929035,-0.01588766188551094,-0.061780165197334314,0.09175507767316327,-0.38408352058250217,0.5154878948548379,1,7.0,False,0.0,0.0
210.32866545443895,211.82078139531484,191.35889396287376,195.94468688964844,264593900,AAPL,2025-04-18,0.062442807191815275,1,-0.005904609216575207,0.045652463690629475,-0.09753974160044732,-0.19780083239503976,-0.11483708923867308,-0.15994236433779663,-0.005904609216575207,0.0795845939289055,0.06259905106830288,199.29945373535156,221.11094029744467,-0.01683279498677348,-0.11381731439404075,0.12849397601406667,-0.29288508001893965,0.4662477463265957,0,8.0,False,0.0,0.0
147.480878160093,155.11810853732888,147.07226479326096,153.20150756835938,40501000,JNJ,2025-04-18,-0.018352596866959225,0,0.03783027805299333,0.027603776301976524,-0.03764593275569672,-0.02975974599574238,0.08112309928558026,-0.030982702541290208,0.03783027805299333,0.042046751869824026,0.03017597333650132,152.2942886352539,154.39459228515625,0.005957012184995669,-0.007727503270278602,0.6420544045788744,-0.2779984829429125,0.45904706132129963,0,9.0,False,0.0,-0.0
531.0,536.52001953125,512.8900146484375,518.2100219726562,21052800,BRK.B,2025-04-18,0.024603924006457722,1,-0.011257109278215105,0.04998584309399279,-0.007089251714395561,0.08244565430800566,0.11878498940229187,0.11490971510842085,-0.011257109278215105,0.05134417236166593,0.03744999043691322,515.5425033569336,500.6558303833008,0.005174197274430803,0.03506239321315019,0.9031682465397296,-0.3306057689021089,0.45797980369832747,0,10.0,False,0.0,0.0
517.530029296875,533.1300048828125,498.0799865722656,530.9600219726562,19887600,BRK.B,2025-04-25,0.016649023381213768,1,0.024603924006457722,0.013069845667029067,0.008835143614281948,0.03333788278822425,0.13290803072581592,0.16948968205955506,0.024603924006457722,0.052924563649973416,0.037686395708200454,516.7050094604492,505.84666442871094,0.02758829941883545,0.049646185909533846,1.0,-0.34464714101178395,0.540350227262786,1,1.0,True,0.5,0.008324511690606884
192.25416731460396,208.6475540878433,188.81234657174457,208.18002319335938,238181400,AAPL,2025-04-25,-0.018778613891111018,0,0.062442807191815275,0.056169497600386364,-0.03955942445733218,-0.13463448984242787,-0.11224529235688041,-0.09364070380051082,0.062442807191815275,0.09091020177307471,0.0629091145648256,197.15578079223633,218.91746393839517,0.055916404565080624,-0.04904789481782679,0.3122697803275743,-0.3832536003796575,0.5142129341407052,1,2.0,True,0.5,-0.009389306945555509
153.67822968223672,154.41761509411143,148.31759438866158,150.38986206054688,39475100,JNJ,2025-04-25,0.009962408494361252,1,-0.018352596866959225,0.01878339734356249,-0.05576929230430827,-0.06326500373184718,0.024103546371365248,-0.02369715756345825,-0.018352596866959225,0.04170244281582251,0.02945790208084743,150.07366180419922,154.68955993652344,0.0021069670223692327,-0.02779565652485494,0.5298573668427382,-0.30932647473077357,0.461549875484178,0,3.0,False,0.0,0.0
360.0635031391147,389.18062823957763,352.9678309109542,388.87298583984375,102043300,MSFT,2025-04-25,0.1108330410065772,1,0.06544686369525388,0.008752833275174288,0.034451014209445185,-0.012947282578048114,-0.05402652611892822,-0.08111254508862542,0.06544686369525388,0.07189574885872586,0.04043685336556831,374.1159210205078,387.1687189737956,0.03944516656517005,0.004401871283830516,0.369909045196666,-0.23031832254947682,0.45366801440892585,0,4.0,False,0.0,0.0
325.88045489781376,338.01429311880037,313.64755031725315,331.991943359375,33211800,V,2025-04-25,0.03708564028535721,1,0.01686836632159472,0.005308992611028129,-0.022400551402612434,-0.07592843237670976,-0.017747290629897217,0.19395257274013056,0.01686836632159472,0.06337942965382108,0.04165276456056096,324.7190628051758,336.7287089029948,0.022397454868742228,-0.014067008301880124,0.6227868837931213,-0.10132905984929608,0.4533999354342693,0,5.0,False,0.0,0.0
226.23027991963676,242.08197236154456,222.02211180001825,238.90379333496094,51188200,JPM,2025-04-25,0.036789129118921515,1,0.049965436601311364,0.03111773754703706,0.009059676685575724,-0.07405945777285527,-0.08323916950016952,0.10798322173274322,0.049965436601311364,0.107117094832066,0.06583087254870673,226.1002960205078,241.14181264241537,0.056627512390748036,-0.009280925953613628,0.5148818988434832,-0.2510273313673146,0.45310367659022727,0,6.0,False,0.0,0.0
148.3655391927389,165.52605388757996,145.5951469015095,161.40036010742188,186077700,GOOGL,2025-04-25,0.012780861777423658,1,0.07144757141019364,0.030673284001488055,0.04943942603512186,-0.04776516987805757,-0.2052419077318688,-0.017774715062723434,0.07144757141019364,0.0712936817434085,0.052655221744614324,153.43297958374023,165.5103645324707,0.05192743141205325,-0.024832308457894192,0.2811709304207439,-0.07621185085214277,0.4415151664864624,0,7.0,False,0.0,0.0
230.25999450683594,286.8500061035156,222.7899932861328,284.95001220703125,631033300,TSLA,2025-04-25,0.007931142836396399,1,0.18055275291647255,0.12936472975414914,0.08119910986629697,-0.0274080090046539,-0.2957241524753519,0.058546044142391285,0.18055275291647255,0.12010486281627533,0.08863640123203363,254.51499938964844,282.60083262125653,0.11958042901349208,0.008312712896083818,0.23130089073172866,-0.06596437604421268,0.43933202175490194,0,8.0,False,0.0,0.0
169.60000610351562,189.94000244140625,165.2899932861328,188.99000549316406,248380900,AMZN,2025-04-25,0.005238320575692068,1,0.09489603629507304,0.022285987368393156,-0.019354481651686295,-0.10971355483352407,-0.2048552199723226,0.006175816700213499,0.09489603629507304,0.10437392002925334,0.058590777763373174,179.36750030517578,199.1908327738444,0.053646871209202196,-0.05121132904877235,0.26979615280759006,-0.2029956703678022,0.41565493403469306,0,9.0,False,0.0,0.0
489.8019182716785,548.1498427880772,478.3077785405203,545.5679321289062,82748200,META,2025-04-25,0.09090577535482414,1,0.09130957857549582,0.006806821193552359,-0.051097668441168476,-0.18025008898078965,-0.20520491798176876,-0.04370039547215676,0.09130957857549582,0.10886478145309908,0.06512460484784928,522.6320190429688,606.7065887451172,0.043885395938689786,-0.10077137408820169,0.1952369727199372,-0.2048001326162765,0.4122045112349132,0,10.0,False,0.0,0.0
239.89452661223797,248.78168093946223,233.88145363718232,247.69285583496094,43457400,JPM,2025-05-02,0.002257343296125258,1,0.036789129118921515,0.08859275061884175,0.200827473805133,0.04864350052943167,-0.07880583656055107,0.14549869468832188,0.036789129118921515,0.058148524648133554,0.06610107260252192,236.45639038085938,239.37602106730142,0.04752024437150126,0.03474380905229113,0.6535454661226369,-0.2848281431861035,0.49381777359933476,0,1.0,True,0.5,0.001128671648062629
151.28492037829616,153.9117200490407,149.20291326594125,151.8881072998047,33960400,JNJ,2025-05-02,-0.012170113356865908,0,0.009962408494361252,-0.008573024439518906,0.018794104013597712,-0.06341109497042596,0.027753924413337128,-0.009352501374884858,0.009962408494361252,0.02495587455381368,0.029520167926379317,150.7741470336914,155.03136444091797,0.007388271053288431,-0.020274975663464367,0.589643949888116,-0.2719625266633081,0.4913168773589733,0,2.0,True,0.5,-0.006085056678432954
388.9821118643913,436.10135948336034,381.5192464831796,431.97296142578125,157710000,MSFT,2025-05-02,0.00792595350440739,1,0.1108330410065772,0.183533579629519,0.20964875646201442,0.10670969172481204,0.0644363087272799,0.06495549196285277,0.1108330410065772,0.07178886135803067,0.05204293400166475,392.83263397216797,389.3478647867839,0.09963614035280566,0.10947818260757614,0.8717862428861048,0.17332924640881342,0.47797481333339875,0,3.0,False,0.0,0.0
533.6300048828125,542.0700073242188,524.0,539.7999877929688,22306700,BRK.B,2025-05-02,-0.048277136250304276,0,0.016649023381213768,0.04166257869372458,0.09373096090919297,0.08914086015705447,0.14185387093092494,0.19387793671102393,0.016649023381213768,0.030181654137337522,0.037710089682320085,528.2700042724609,511.43499755859375,0.021825928838013375,0.05546157453005618,1.0,-0.18385767533328756,0.47483615263305795,0,4.0,False,0.0,-0.0
553.9118868125302,602.4604491374204,527.8532478040685,595.1632080078125,112156300,META,2025-05-02,-0.0075875122062475375,0,0.09090577535482414,0.19051592196804767,0.1828501446788111,-0.04492671732951192,-0.163702751152367,0.0544348389890128,0.09090577535482414,0.08218230655278132,0.07081393490745476,545.6327514648438,596.9981333414713,0.09077617941737515,-0.0030735863835763544,0.40735870694261817,0.10066305949478327,0.4664248817828111,0,5.0,False,0.0,-0.0
288.9800109863281,294.8599853515625,270.7799987792969,287.2099914550781,603713200,TSLA,2025-05-02,0.038473655650225425,1,0.007931142836396399,0.1899158854257541,0.1995572828839247,0.09342512191287944,-0.20576849916165696,0.15354645507093068,0.007931142836396399,0.09581907888187825,0.08521828159280577,266.45999908447266,276.3999989827474,0.0778728230950243,0.03910995843746545,0.24278452405375744,-0.03228637701960424,0.4635079916486552,0,6.0,False,0.0,0.0
161.86872639451175,164.39995007912242,154.86300612354924,163.46319580078125,147454100,GOOGL,2025-05-02,-0.06876794361546135,0,0.012780861777423658,0.08514159472214367,0.1265796893470854,-0.05545319444119923,-0.11395862519360167,-0.04018256085137728,0.012780861777423658,0.05496949475275392,0.047734001729535326,158.0245590209961,163.75837326049805,0.03441640219393083,-0.001802518270300868,0.3167467312973102,-0.1961167165729193,0.4543969290550147,0,7.0,False,0.0,-0.0
208.8962283982374,213.43226431553572,201.09745506032002,204.27069091796875,286233500,AAPL,2025-05-02,-0.03321156422115523,0,-0.018778613891111018,0.04249160393417206,0.09008391403056293,-0.1410465589368165,-0.09688628421262968,-0.07674862520063885,-0.018778613891111018,0.04069537971425479,0.06242896396420777,201.37598419189453,217.09127934773764,0.01437463726218624,-0.05905621113979809,0.2535512730953075,-0.21796604260629993,0.44970416804963037,0,8.0,False,0.0,-0.0
333.586664366473,346.7704573978665,330.0802081703665,344.3040771484375,32432700,V,2025-05-02,0.014211645362818937,1,0.03708564028535721,0.0545795807725562,0.11008207625967525,0.006602604372013765,0.00047389279878040647,0.19985829914089326,0.03708564028535721,0.03214624270597615,0.04277287958645357,333.2548522949219,336.74229939778644,0.03315548079023123,0.02245568128558295,0.7298909385715717,-0.040153065527849696,0.432414396357361,0,9.0,False,0.0,0.0
190.11000061035156,192.8800048828125,178.85000610351562,189.97999572753906,282238000,AMZN,2025-05-02,0.016212242869359184,1,0.005238320575692068,0.10063145273024121,0.11099412706163192,-0.04652448819302857,-0.1709360646400011,-0.040165701219747274,0.005238320575692068,0.07462681283975117,0.05861064102565692,184.11249923706055,195.92666625976562,0.03186908284224432,-0.030351511847510726,0.2846430385771887,-0.01966936009995801,0.43216734223351516,0,10.0,False,0.0,0.0
343.7097643991248,351.96077094759147,342.4815297766243,349.19720458984375,20000800,V,2025-05-09,0.03740399601695232,1,0.014211645362818937,0.051824333615964724,0.057408461231231556,0.06250750975223163,-0.0035896046192712694,0.14920107760317647,0.014211645362818937,0.01987105150690205,0.0426358730709792,337.9944763183594,336.63746643066406,0.03314470814290016,0.03730938891725111,0.8168118721658845,-0.24914734706212494,0.4991959080467901,0,1.0,True,0.5,0.01870199800847616
284.57000732421875,307.0400085449219,271.0,298.260009765625,472854500,TSLA,2025-05-09,0.1734057517846428,1,0.038473655650225425,0.046709938545022256,0.1821172868758809,0.19313551029382303,-0.16181426249113973,-0.07147746518842335,0.038473655650225425,0.09590860864337993,0.08664347686530169,277.94750213623047,271.6016667683919,0.07308037479480123,0.09815235419731794,0.2989329858547627,-0.09202376826232261,0.4808425128359767,0,2.0,True,0.5,0.0867028758923214
246.388234299257,250.99856460126213,244.08308599577276,248.25198364257812,33952400,JPM,2025-05-09,0.057215115306351594,1,0.002257343296125258,0.039129518109033645,0.07146487773092969,0.09550343375006975,-0.07936351110092543,0.08006568511639678,0.002257343296125258,0.03117098007660324,0.06609491174907818,240.59588623046875,237.5926399230957,0.031821397830449794,0.04486394748142297,0.6623667319139737,-0.20768641534949472,0.4692803591885166,0,3.0,False,0.0,0.0
520.0800170898438,521.260009765625,502.79998779296875,513.739990234375,36682600,BRK.B,2025-05-09,0.0011095249251644734,1,-0.048277136250304276,-0.032431880039299976,-0.019785914039076147,-0.001671172546371169,0.07120664350226424,0.10860789835034113,-0.048277136250304276,0.032946400837659644,0.04146396355620943,525.6775054931641,514.2808303833008,-0.02270881887477738,-0.001051643609820463,0.7317273850540498,0.46833624037698507,0.46809917621252983,0,4.0,False,0.0,0.0
162.4367677423953,164.81850869798296,147.32912722252786,152.22216796875,260043100,GOOGL,2025-05-09,0.08798698721094711,1,-0.06876794361546135,-0.05686599542010451,-0.02793697824616459,-0.0769836299278771,-0.17439978866821004,-0.14156898416769503,-0.06876794361546135,0.06142125631936416,0.05061269694485784,156.93084716796875,161.0787556966146,-0.03000480328879429,-0.0549829658763048,0.12288322142705829,0.4594949244654152,0.4648362200123409,0,5.0,False,0.0,0.0
429.58128511716615,440.2992170006134,427.83467577616403,435.3967590332031,97351100,MSFT,2025-05-09,0.03732129929030337,1,0.00792595350440739,0.1196374520407546,0.12943745198710843,0.12911772063711102,0.0763402857615556,0.04248022517503469,0.00792595350440739,0.07111413290046999,0.05195461122168875,405.30712890625,391.9212697347005,0.07423908434118132,0.1109291397426122,0.9116546169468397,-0.10818688472403692,0.464788539185254,0,6.0,False,0.0,0.0
589.3812373579714,609.3987915210697,584.7557492481277,590.6473999023438,62677600,META,2025-05-09,0.08076072263711054,1,-0.0075875122062475375,0.08262851446845332,0.0899977731854813,-0.024868202787637794,-0.19500291522537905,0.007051109277260492,-0.0075875122062475375,0.08224539414709688,0.06952445820102214,557.8247375488281,585.0749053955078,0.0588404567673777,0.009524412097403179,0.3880443462545615,-0.21799698877387197,0.4596914562507842,0,7.0,False,0.0,0.0
186.50999450683594,194.69000244140625,183.85000610351562,193.05999755859375,179186900,AMZN,2025-05-09,0.06490209747098974,1,0.016212242869359184,0.02153548837045194,0.04430141536064136,-0.0247032051782603,-0.1557634959683113,-0.07262943437958191,0.016212242869359184,0.06599927804422,0.05918128399980396,186.1599998474121,192.95833333333334,0.03706487815232751,0.0005268713898185506,0.3308338329588049,-0.2018863938963007,0.4536037353768264,0,8.0,False,0.0,0.0
202.03251395918386,203.02725796650907,192.23427392267118,197.48654174804688,275704500,AAPL,2025-05-09,0.0655167426206944,1,-0.03321156422115523,-0.05136651097103728,0.0019177555146212555,-0.07007343576278391,-0.18834829270960252,-0.1243026209597754,-0.03321156422115523,0.0423652443893715,0.05705932047107744,201.47048568725586,213.27229181925455,-0.019774330347291147,-0.07401688206448254,0.15165276868664088,0.0357886954168789,0.44872706141800695,0,9.0,False,0.0,0.0
152.42319194810284,153.65878398665114,149.5239812889191,150.03961181640625,36087900,JNJ,2025-05-09,-0.018739558116366517,0,-0.012170113356865908,-0.0023289485031884327,0.016410703275246075,-0.05276084730398456,-0.0044542917979777386,0.007923059552563227,-0.012170113356865908,0.02543453014376042,0.029277748560407945,151.3797721862793,154.97542190551758,-0.008852968600216449,-0.031848986300037296,0.5158808396632822,-0.037812515830758175,0.44554672015535535,0,10.0,False,0.0,-0.0
147.8992476319424,151.148707779188,142.1591699321315,147.22793579101562,45786400,JNJ,2025-05-16,0.010639016741063267,1,-0.018739558116366517,-0.03068160892669869,-0.03899159918304529,-0.07516965681786003,-0.0675909650911325,-0.0015240921003640828,-0.018739558116366517,0.013530586909046705,0.025476921131905146,149.88637924194336,154.0860341389974,-0.017736391154239084,-0.04450824103757034,0.4036825841413849,0.17922758254791393,0.5121939629975935,1,1.0,True,0.5,0.005319508370531634
628.9577416253547,660.6090907304957,619.0985470240091,638.3485107421875,85744900,META,2025-05-16,-0.02073909362748838,0,0.08076072263711054,0.07256043746206853,0.276900278071607,0.07394549799775696,-0.06238067066749298,0.15764255685687822,0.08076072263711054,0.047872518537006734,0.07220174011073172,592.4317626953125,581.5357462565104,0.07750554736966375,0.09769436333259818,0.5920646319850323,-0.001011863325634188,0.4763837580735879,0,2.0,True,0.5,-0.01036954681374419
321.989990234375,351.6199951171875,311.5,349.9800109863281,580594900,TSLA,2025-05-16,-0.030401778142846947,0,0.1734057517846428,0.21855096061679924,0.4499731452387419,0.40718106042660684,0.03605690832891417,0.09123225758997733,0.1734057517846428,0.08970188201044682,0.100418549269193,305.1000061035156,272.6166687011719,0.14709932476233845,0.2837806750912868,0.5617378456545717,0.014939149222319648,0.47249311283567896,0,3.0,False,0.0,-0.0
210.7100067138672,214.83999633789062,202.6699981689453,205.58999633789062,277556600,AMZN,2025-05-16,-0.022374584983047563,0,0.06490209747098974,0.08216654890727937,0.1910665408198906,0.04780586770837969,-0.05074339920699111,0.014708038687932357,0.06490209747098974,0.04201207850835666,0.06157372434609971,194.40499877929688,192.04249954223633,0.05753451623582895,0.07054426404544256,0.518746252808963,0.12443657971986788,0.47106067761433956,0,4.0,False,0.0,-0.0
355.734704303534,363.32019719165777,347.80064421771385,362.2585754394531,31263400,V,2025-05-16,-0.031715542636870264,0,0.03740399601695232,0.052147213706316364,0.10957296754142032,0.08957387759238133,0.04933974320611445,0.18312152808751359,0.03740399601695232,0.012578800097504745,0.043575337135859336,346.93795013427734,338.0569101969401,0.044159554465708295,0.07159050595479322,1.0,0.06966889547142352,0.46256056713477034,0,5.0,False,0.0,-0.0
520.2999877929688,520.2999877929688,501.6199951171875,514.3099975585938,27294400,BRK.B,2025-05-16,-0.021096237979079002,0,0.0011095249251644734,-0.04722117601112519,-0.007525953278974429,-0.014561851616184507,0.0742992188866547,0.0936250720710754,0.0011095249251644734,0.032688989857853006,0.041419800688694074,524.7024993896484,517.244997660319,-0.019806465269640583,-0.005674293835612243,0.7375952810529917,0.028315561738435857,0.46143873145336134,0,6.0,False,0.0,-0.0
442.551987565255,453.5552331837817,436.43878433354007,451.6463317871094,112185600,MSFT,2025-05-16,-0.009003451254285033,0,0.03732129929030337,0.04554305967760963,0.23743532007704116,0.1631752134236415,0.114877058442439,0.10103446097840463,0.03732129929030337,0.04379644083277689,0.05261239094207814,426.9722595214844,395.7994105021159,0.05778846685093231,0.1410990511940009,1.0,-0.04378444032474593,0.4578114764586888,0,7.0,False,0.0,-0.0
156.94579570580373,168.76482228008075,155.62039437316713,165.61573791503906,211270400,GOOGL,2025-05-16,0.013719167115127329,1,0.08798698721094711,0.013168359420069109,0.09943112926311182,0.013415452611513334,-0.0739096323682179,-0.03430876177320097,0.08798698721094711,0.0708601927802188,0.05824757510114514,160.67536544799805,159.9772974650065,0.03074754149938408,0.035245253791500675,0.3538696150450454,0.049992588637841395,0.44844052016288977,0,8.0,False,0.0,0.0
257.8846409478204,264.3783267139839,253.7647824650602,262.45574951171875,44983500,JPM,2025-05-16,-0.025601704621431076,0,0.057215115306351594,0.05960161275945075,0.15347463419397145,0.11413332497316087,0.018801294565855997,0.10308750088982976,0.057215115306351594,0.024379391801242146,0.06705197134857124,249.3260955810547,237.99626032511392,0.052660568481872616,0.10277257782618943,0.8864571675222,0.03659664192324641,0.4452843470599723,0,9.0,False,0.0,-0.0
210.13634313336473,213.09460539099953,205.93301745006437,210.4252166748047,264778300,AAPL,2025-05-16,-0.07568888185985834,0,0.0655167426206944,0.03012926489443113,0.07390110961932517,-0.030846927117377576,-0.13851742377333431,-0.0588016452101926,0.0655167426206944,0.052295174131001904,0.061574691259185174,205.09061813354492,210.45277659098306,0.02601093404373156,-0.00013095534601537118,0.34599277965101033,-0.0054319771748967405,0.44074181740294516,0,10.0,False,0.0,-0.0
626.2961199602966,644.5989922480402,620.7134837844421,625.1097412109375,44483000,META,2025-05-23,0.032580802706712264,1,-0.02073909362748838,0.058346724821427554,0.14579634248597517,0.08724882087652319,-0.06073355020098514,0.12337542253547396,-0.02073909362748838,0.05812989331006539,0.07216126694139319,612.3172149658203,578.1674143473307,0.020891991818050126,0.08119158170924945,0.5354416834848602,-0.41673457640386313,0.5660987179521929,1,1.0,True,0.5,0.016290401353356132
147.7727644229513,150.2439182443103,146.95553760450343,148.79429626464844,41286200,JNJ,2025-05-23,0.023542609289369576,1,0.010639016741063267,-0.008299911847823416,-0.010609530283737234,-0.06578713659244029,-0.07320332204259072,0.0014900057770075303,0.010639016741063267,0.015112422843651514,0.025048198639250903,149.48748779296875,153.10665384928384,-0.004637120728661515,-0.028165709825259677,0.4661872650054039,0.05106831745490248,0.5132819892344976,1,2.0,True,0.5,0.011771304644684788
336.29998779296875,354.989990234375,331.3900146484375,339.3399963378906,504708400,TSLA,2025-05-23,0.02098189189021471,1,-0.030401778142846947,0.13773213044734556,0.19087552834123822,0.2875735612041028,0.15823600113703962,-0.03749716732541675,-0.030401778142846947,0.08863413061988544,0.09137655938642965,318.69750213623047,276.48000081380206,0.06477143392493967,0.22735820073446167,0.5076727356013412,-0.06616370727023024,0.48833285222908496,0,3.0,False,0.0,0.0
513.6199951171875,513.7899780273438,500.25,503.4599914550781,17405900,BRK.B,2025-05-23,0.0009931275741592582,1,-0.021096237979079002,-0.020010119855779607,-0.0517930340883449,-0.043415489368452964,-0.02018182139980429,0.05642399588223701,-0.021096237979079002,0.028214249371210802,0.036282558664245644,517.8274917602539,516.3808288574219,-0.027745727165501166,-0.025021915377713033,0.6259007383722008,-0.3285382526309293,0.48009630495812355,0,4.0,False,0.0,0.0
201.64999389648438,206.6199951171875,197.85000610351562,200.99000549316406,178578500,AMZN,2025-05-23,0.02000093986667717,1,-0.022374584983047563,0.04107535499249937,0.06349542119270457,0.04291201857657789,-0.05318444201552297,0.019632764163147742,-0.022374584983047563,0.03642289838633712,0.061642255942387605,197.40499877929688,191.10166676839194,0.01816066835204766,0.05174386436281808,0.44976017977363536,-0.22150704041152625,0.46623155766077146,0,5.0,False,0.0,0.0
448.27591363294266,457.5918252828005,446.3173019248347,447.5799560546875,90904300,MSFT,2025-05-23,0.022613133510156036,1,-0.009003451254285033,0.027981827537111537,0.15096695412785,0.19061893301911037,0.13606505973476146,0.08371893756041571,-0.009003451254285033,0.05295540837826158,0.05166652420215448,441.6490020751953,400.2665837605794,0.01342911214929532,0.1182046521335609,0.9569878762798211,-0.2063376485045324,0.46460428109493634,0,6.0,False,0.0,0.0
260.4840753869021,263.2012510960716,251.11629584411466,255.73643493652344,41231200,JPM,2025-05-23,0.012619434326238466,1,-0.025601704621431076,0.030148606202966333,0.070457824744381,0.08015582654210984,-0.008819701324897955,0.06083531444158119,-0.025601704621431076,0.03669399382824608,0.06758513095653747,253.5342559814453,237.80662790934244,0.008685922722960537,0.07539658244519698,0.7804476666604878,0.007946853924687414,0.4538711101926354,0,7.0,False,0.0,0.0
360.1750240780259,366.25698849619533,349.4596855958203,350.76934814453125,26770900,V,2025-05-23,0.03295238128381661,1,-0.031715542636870264,0.004502165349616893,0.05655982068465448,0.032892298111472984,-0.02366311021214884,0.14456327440805938,-0.031715542636870264,0.0325084939102155,0.043181776671420286,351.6323013305664,337.34845479329425,-0.0024541351371013542,0.039783473617688525,0.8018356359930773,-0.030635171516043558,0.4491727402453809,0,8.0,False,0.0,0.0
163.94152401470697,176.15917803179707,162.33710588412995,167.88784790039062,260525600,GOOGL,2025-05-23,0.019410057424097182,1,0.013719167115127329,0.10291326250757815,0.040195001973049704,0.09162164583519972,-0.00949008900249948,0.02486848339985115,0.013719167115127329,0.06403058530726664,0.056455390217726005,162.29723739624023,159.8432528177897,0.03444673855107716,0.050328024116045755,0.39305457421011014,0.1851591710250915,0.4409313507271096,0,9.0,False,0.0,0.0
207.0884445111699,208.65223273202483,192.69552221161257,194.4983673095703,273024200,AAPL,2025-05-23,0.02857598999579891,1,-0.07568888185985834,-0.015131028231224364,-0.0657203110746194,-0.10267987785068278,-0.1915065803632302,-0.14847076535283765,-0.07568888185985834,0.05919137412913097,0.06440230024221467,201.67020416259766,206.61356608072916,-0.035562203563026196,-0.05863699562895652,0.10677013144408813,-0.006950457858012848,0.4316489434215699,0,10.0,False,0.0,0.0
453.8435898996704,459.84867709346275,452.68035209769624,457.7011413574219,86805900,MSFT,2025-05-30,0.021765639853070562,1,0.022613133510156036,0.013406086010605556,0.05955969986343934,0.28169507333707466,0.1726249887999014,0.09131890737649728,0.022613133510156036,0.019850116375979256,0.05129868068825236,448.08104705810547,405.88152567545575,0.021469540750445715,0.1276717771170528,1.0,-0.10335344195137519,0.5436543439214994,1,1.0,True,0.5,0.010882819926535281
149.65778796891962,152.78791913823414,148.71579473504596,152.29730224609375,37790300,JNJ,2025-05-30,-0.0011596083581573158,0,0.023542609289369576,0.03443209624479082,0.002694055206582835,0.021538791573951555,-0.060887872754403216,0.01795789260471392,0.023542609289369576,0.019698133627563758,0.026111715342710364,149.58978652954102,152.28379694620767,0.01809960278282796,8.86850745576151e-05,0.6059726302650206,-0.06082355601836087,0.5101138589888116,1,2.0,True,0.5,-0.0005798041790786579
257.04106526626447,261.63177081627316,256.99200115618,258.96368408203125,29100900,JPM,2025-05-30,0.0065531253557447044,1,0.012619434326238466,-0.013305349325302473,0.04550324315603249,0.25546901833413216,0.09636018071801544,0.06918937771038802,0.012619434326238466,0.034414280070445676,0.061941675717067886,256.3519630432129,239.70334243774414,0.010188028239823232,0.08035074291585831,0.8313634360061619,-0.2201704317067288,0.5020250925865193,1,3.0,False,0.0,0.0
347.3500061035156,367.7099914550781,345.2900085449219,346.4599914550781,423113400,TSLA,2025-05-30,-0.14812670459034738,0,0.02098189189021471,-0.010057773074895748,0.20629505157471928,0.44702001442329387,0.3189933138309904,0.0037663338138138602,0.02098189189021471,0.08692299351206163,0.08329457392041052,333.51000213623047,283.4624989827474,0.03882938813198744,0.22224277531739745,0.5438515692127908,-0.14577388496839805,0.5010971807621586,1,4.0,False,0.0,-0.0
633.4338437693247,651.288184072806,630.7821431595195,645.476318359375,43651100,META,2025-05-30,0.0775609891708029,1,0.032580802706712264,0.011166012761430588,0.08453666099417556,0.2828443463664354,0.03581198899219773,0.12931621991217468,0.032580802706712264,0.04569682424058623,0.07010234006242518,624.8954925537109,580.0271301269531,0.03293482838475614,0.11283814986050178,0.6225506588528961,-0.26189165721861063,0.5000992119104262,1,5.0,False,0.0,0.0
169.5720138436325,174.66436785084326,166.86141620850907,171.1465606689453,154736900,GOOGL,2025-05-30,0.011296099475573973,1,0.019410057424097182,0.033395514360740064,0.04700363791692941,0.1795330331497227,-0.011056058397121094,0.018850938018678987,0.019410057424097182,0.06416286716609616,0.05640433301580831,164.21807861328125,159.6838061014811,0.04219073876744117,0.07178407659058106,0.4492545502630883,-0.3018674089982134,0.4965104764858485,0,6.0,False,0.0,0.0
352.6246931567495,364.16354117987345,351.7019887349371,362.3280334472656,22932300,V,2025-05-30,0.013773623919954625,1,0.03295238128381661,0.00019173599335298164,0.05234894819748992,0.1681937053647551,0.059297191963742835,0.16291744964109278,0.03295238128381661,0.03159334686151614,0.041489598080364044,356.13829040527344,339.0386505126953,0.017380167223660425,0.06869241279527283,1.0,-0.09149685938233532,0.48918269554677196,0,7.0,False,0.0,0.0
506.42999267578125,509.75,500.19000244140625,503.9599914550781,21351300,BRK.B,2025-05-30,-0.020696072808610966,0,0.0009931275741592582,-0.020124061660567794,-0.0663949558139606,0.021112742087266545,0.016827400871747944,0.043352248183694764,0.0009931275741592582,0.023427995993523874,0.034633936471170836,508.86749267578125,517.0758285522461,-0.009643966830928719,-0.02536540362733808,0.6310479494251328,-0.168678005961014,0.4746067941832411,0,8.0,False,0.0,-0.0
197.51641281084125,203.0046291598645,196.00242594876025,200.0563507080078,223844900,AAPL,2025-05-30,0.015284923765299663,1,0.02857598999579891,-0.049275776594879916,-0.020631154626354786,0.06759422424449646,-0.1587677601962305,-0.15166849488741996,0.02857598999579891,0.0629444954134619,0.06566002850646184,200.61661911010742,203.4671401977539,-0.0027927317516606154,-0.01676334314440686,0.19025152043534782,-0.13686030748100042,0.461146093371702,0,9.0,False,0.0,0.0
203.08999633789062,208.80999755859375,201.6999969482422,205.00999450683594,149771200,AMZN,2025-05-30,0.0417541244170776,1,0.02000093986667717,-0.0028211578451582398,0.07911358625806186,0.19888885676512236,0.028908378955261993,-0.01385350373403249,0.02000093986667717,0.035710663452317874,0.05903198136221292,201.1624984741211,191.58166631062826,0.019126308640523337,0.0700919271389735,0.510047964045273,-0.23692524658218928,0.45590663453027636,0,10.0,False,0.0,0.0
343.5,355.3999938964844,273.2099914550781,295.1400146484375,732357900,TSLA,2025-06-06,0.10222261100750396,1,-0.14812670459034738,-0.13025279120190103,-0.010460655183506584,0.16975156555141013,0.1806545311334422,-0.24171416236885157,-0.14812670459034738,0.1333075454477219,0.09551499964002048,332.7300033569336,287.22583389282227,-0.11297444873996443,0.027553861184256734,0.28307935360426056,0.30732988494246594,0.5403935494623059,1,1.0,True,0.5,0.05111130550375198
151.58100078655963,153.1019309647165,149.4419181827181,152.12069702148438,32549900,JNJ,2025-06-06,0.013352282017079942,1,-0.0011596083581573158,0.022355700724707495,0.013870238531572765,0.03050856217571729,-0.03962241430964608,0.055593520689327214,-0.0011596083581573158,0.017971845542106218,0.025469653385913116,150.11005783081055,151.76079177856445,0.013394433522502691,0.002371529818090634,0.5989253040658822,-0.17287793622881997,0.5342108157567923,1,2.0,True,0.5,0.006676141008539971
642.3858562311643,700.6242144400436,642.2562556848161,695.5401000976562,66194300,META,2025-06-06,-0.021269547564706004,0,0.0775609891708029,0.11266879116342654,0.17758937093882943,0.2835697920502158,0.1483048396617559,0.12043530477676057,0.0775609891708029,0.0475770344442285,0.07214964637793345,651.1186676025391,587.5129445393881,0.06822325131404972,0.1838719581624908,0.8366762185130393,0.10290148883695105,0.4988354969239651,0,3.0,False,0.0,-0.0
454.4997588416313,470.6061954238558,454.25120274050374,467.6632995605469,81950300,MSFT,2025-06-06,0.009736765395766733,1,0.021765639853070562,0.044870962683158044,0.07410836175949376,0.2131382112636897,0.212794785147141,0.06451849758620831,0.021765639853070562,0.019475101282150978,0.05062861428884416,456.1476821899414,412.71947224934894,0.025245370787196686,0.1331263267316911,1.0,-0.11844927242749081,0.4924954677098399,0,4.0,False,0.0,0.0
359.9270274804769,368.09252134179496,357.1390513547728,367.318603515625,25159700,V,2025-06-06,-0.04691800533984869,0,0.013773623919954625,0.0471798789108413,0.051894455876489776,0.11228209796602284,0.11764575883550776,0.1943628965941946,0.013773623919954625,0.031589491099573264,0.03903869111087907,360.66864013671875,342.2607116699219,0.01843787520973672,0.0732128783448247,1.0,-0.05170725823853273,0.48607827452101604,0,5.0,False,0.0,-0.0
501.70001220703125,503.2300109863281,485.6000061035156,493.5299987792969,25237900,BRK.B,2025-06-06,-0.012137033714649026,0,-0.020696072808610966,-0.01972349907503479,-0.03933894935034754,-0.05834650631919025,-0.04094437972456133,0.048947925141969995,-0.020696072808610966,0.012672526592929967,0.03316049161008422,503.8149948120117,515.3199971516927,-0.020414231689456774,-0.04228440288138413,0.5236772022595704,0.1058402116344157,0.4776502031309845,0,6.0,False,0.0,-0.0
167.2600475640349,173.897023068816,164.70887469424017,173.07984924316406,182708900,GOOGL,2025-06-06,0.006917682252455926,1,0.011296099475573973,0.030925414839160448,0.13702131268223683,0.1052563730044076,0.049489284726598415,-0.003610048367638341,0.011296099475573973,0.036746984530820356,0.05441116387006863,169.43249893188477,160.36394627888998,0.021526863702491905,0.07929402624053528,0.48259617295012835,-0.0968884701704732,0.46249392674620443,0,7.0,False,0.0,0.0
258.00235590026796,262.02417541627636,255.34403090689912,260.66070556640625,34837200,JPM,2025-06-06,-0.002935374233286825,0,0.0065531253557447044,0.019255256417041622,0.0499843817630623,0.12502138722514533,0.15026149560537894,0.08646377083508905,0.0065531253557447044,0.034090108913277906,0.05993810474330695,259.4541435241699,242.5409049987793,0.004650386483898705,0.07470822526912779,0.8581370597883118,-0.07195337016692327,0.46208337098490576,0,8.0,False,0.0,-0.0
204.97999572753906,213.8699951171875,202.67999267578125,213.57000732421875,183864700,AMZN,2025-06-06,-0.006882994663532149,0,0.0417541244170776,0.06259018601540633,0.10623645511753521,0.15524429580278043,0.07890886899109528,-0.05928728153746332,0.0417541244170776,0.037137738470673816,0.059889277241870514,206.29000091552734,192.88333384195963,0.03529015646120648,0.1072496678184176,0.6384224955033707,-0.06876955471902613,0.4495474547431356,0,9.0,False,0.0,-0.0
199.4885975362889,205.42503857555045,199.3292261245183,203.11419677734375,227142700,AAPL,2025-06-06,-0.036631981328333896,0,0.015284923765299663,0.04429769558970231,0.028496397675931817,0.030468802314342902,-0.04357387857886719,-0.15824442639261616,0.015284923765299663,0.05996591564484913,0.05874271397786902,202.02353286743164,202.6959991455078,0.0053986973419963835,0.0020631765481258224,0.23618063156968333,-0.08112874511991974,0.4494485274786243,0,10.0,False,0.0,-0.0
174.14743750903665,180.70268325607967,172.00228964381978,174.27716064453125,170953800,GOOGL,2025-06-13,-0.04597236002363281,0,0.006917682252455926,0.018291924554894035,0.052298307144792666,0.15692951614586015,0.06641536521746927,-0.07763739304111927,0.006917682252455926,0.005208838434421471,0.054220784709913185,171.5978546142578,161.26843134562174,0.015613866713522606,0.08066506997286971,0.5032450846106175,-0.11068696929168143,0.5296388741328698,1,1.0,True,0.5,-0.022986180011816404
696.2877068677252,706.6653082639799,678.8920760381308,680.7462768554688,49802900,META,2025-06-13,7.262393970197678e-06,1,-0.021269547564706004,0.05464175445776287,0.06641789774677576,0.3617093101733968,0.14527470026938216,0.10264981651085914,-0.021269547564706004,0.04760667967378461,0.07226007677984374,661.7181091308594,594.7088317871094,0.028755700444109245,0.14467154424092787,0.773402219401134,-0.024100664621251155,0.5139308469787226,1,2.0,True,0.5,3.631196985098839e-06
466.98725027602023,477.6453141185156,464.26304461137784,472.2168273925781,84010100,MSFT,2025-06-13,0.005137265721146589,1,0.009736765395766733,0.03171433217777553,0.04554558325332536,0.2937950334682151,0.21615270694483235,0.0659915671926814,0.009736765395766733,0.014744360622105572,0.05058290047821765,461.2903060913086,419.7135874430339,0.023686865206108854,0.12509301943118611,1.0,-0.022202073729903016,0.5130748015116399,1,3.0,False,0.0,0.0
151.9440663702561,154.71115101983074,151.5515638501274,154.15185546875,31789600,JNJ,2025-06-13,-0.04653107509272958,0,0.013352282017079942,0.012177190241095204,0.04702857267225835,0.0062032542334256036,-0.031676205814009095,0.08931338132388311,0.013352282017079942,0.010155906952063812,0.025820703790118707,151.84103775024414,151.34056854248047,0.015218663891818363,0.018575897747340697,0.6799774709634208,-0.11335973670999056,0.5129033584166399,1,4.0,False,0.0,-0.0
260.9255242470256,264.4764428071077,257.69828090375347,259.89556884765625,36973500,JPM,2025-06-13,0.0379315657181829,1,-0.002935374233286825,0.003598515247140943,-0.009754713580577112,0.1422228195149482,0.10326527349747172,0.11677410505383978,-0.002935374233286825,0.01677630989640511,0.05950747275018474,258.8140983581543,244.5680834452311,0.004178560968519429,0.06267165030901345,0.8460656259035099,0.04046071978320387,0.5101075868946648,1,5.0,False,0.0,0.0
493.70001220703125,494.5299987792969,483.7799987792969,487.5400085449219,20071100,BRK.B,2025-06-13,-0.005517500911227047,0,-0.012137033714649026,-0.032581917589820986,-0.05205029873179168,-0.059184523894354024,-0.06585420162126576,0.06473032330971829,-0.012137033714649026,0.010345881800206166,0.032789881251844136,497.12249755859375,512.4558334350586,-0.019275910989207334,-0.04862043373205971,0.4620137143769107,-0.04498597533848325,0.46936365932170476,0,6.0,False,0.0,-0.0
214.75,218.39999389648438,209.6199951171875,212.10000610351562,165709600,AMZN,2025-06-13,-0.011362581766891422,0,-0.006882994663532149,0.03458373633800216,0.03166501231375918,0.22878167750145884,0.08098465341179462,-0.06752835732425544,-0.006882994663532149,0.028445389451562633,0.0598431508791749,207.9175033569336,194.20750045776367,0.020116164724245822,0.09213086829076,0.6163768838931427,-0.022252641889061286,0.4660094459788576,0,7.0,False,0.0,-0.0
285.9599914550781,335.5,281.8500061035156,325.30999755859375,648868600,TSLA,2025-06-13,-0.009683052842287765,0,0.10222261100750396,-0.06104599208600592,-0.07048977842536874,0.34776485950812797,0.3079891792727598,-0.2542695610898965,0.10222261100750396,0.1048654773655563,0.09814173506893166,326.5625,293.6091664632161,-0.003835414174641172,0.10796948704715992,0.44675648948966923,0.12404508818633198,0.4622205871582617,0,8.0,False,0.0,-0.0
366.891974141727,372.56717031581684,342.29626111456923,350.0847473144531,33727600,V,2025-06-13,-0.0404703729923096,0,-0.04691800533984869,-0.03379061238051961,-0.03360535526379749,0.0722853737760849,0.05295836034973611,0.12483545292034104,-0.04691800533984869,0.037542083926049734,0.04233909240622054,357.62518310546875,343.7279993693034,-0.021084744999045113,0.01849354127919023,0.7266129270409786,0.2423775560477206,0.4590509840718943,0,9.0,False,0.0,-0.0
203.58234611432158,205.18598475848052,194.92668495173118,195.67372131347656,283877000,AAPL,2025-06-13,0.023161226896537324,1,-0.036631981328333896,-0.021906974605009788,-0.07010326801338351,-0.001382867688188294,-0.0987877247316622,-0.20636806844717726,-0.036631981328333896,0.04812911046721431,0.05898018750299205,198.3356590270996,200.90857696533203,-0.01342137730895554,-0.02605590926443513,0.12442404973936703,0.12662031763821568,0.4567919472304368,0,10.0,False,0.0,0.0
472.4653860858625,480.6677282539423,471.3419021646973,474.6427307128906,86142900,MSFT,2025-06-20,0.03883536220094608,1,0.005137265721146589,0.014924051468016009,0.060464670707676804,0.22055979200460807,0.2626093147424362,0.09765329579141091,0.005137265721146589,0.008728674491451828,0.04837578273986445,468.0559997558594,427.9403076171875,0.014072527561802328,0.10913303155701004,1.0,0.016707719943866994,0.5228462262170701,1,1.0,True,0.5,0.01941768110047304
261.90644458682067,272.4219533800811,261.75931212188453,269.7538146972656,38861400,JPM,2025-06-20,0.04403632733975438,1,0.0379315657181829,0.03488484814425852,0.05481182125738737,0.12913156769784173,0.13936113463666144,0.1705508491410066,0.0379315657181829,0.017474269404086605,0.06002016560565699,262.31844329833984,247.31766510009766,0.028344828924092846,0.09071794199612593,1.0,0.11212895194350847,0.49416469412780534,0,2.0,True,0.5,0.02201816366987719
697.6914734952734,705.4931583928874,677.079850298128,680.751220703125,56393300,META,2025-06-20,0.07515205190727015,1,7.262393970197678e-06,-0.021262439638569886,0.08901073815359384,0.24778452070433965,0.18402564097936702,0.16784722593788315,7.262393970197678e-06,0.04302990345642085,0.0709508258894651,675.6284790039062,603.5259043375651,0.007582187338774249,0.12795692083892085,0.7734233645106225,0.04411928073111837,0.49263303674439896,0,3.0,False,0.0,0.0
489.7300109863281,491.8500061035156,482.75,484.8500061035156,20407900,BRK.B,2025-06-20,0.0017118419342423419,1,-0.005517500911227047,-0.01758756853129584,-0.036964179214671544,-0.08684272630890322,-0.07877485065341627,0.06983670133271302,-0.005517500911227047,0.009276651881562558,0.03251008505200034,492.4700012207031,509.00083414713544,-0.015473013784188971,-0.04744752154303655,0.43432169377927,-0.06244070739948682,0.4874942957002763,0,4.0,False,0.0,0.0
353.6962169826412,357.3969962788581,332.2952975478082,335.91668701171875,47135000,V,2025-06-20,0.029653999275754517,1,-0.0404703729923096,-0.08548958915599947,-0.042343098709675786,0.011821803904726869,-0.010843562423924924,0.06922339051656268,-0.0404703729923096,0.039586888891235364,0.043916746293673335,353.9120178222656,343.42112731933594,-0.0508469051751278,-0.02185200533873699,0.5018597150809023,0.46206494378641794,0.4798548599887919,0,5.0,False,0.0,0.0
212.30999755859375,217.9600067138672,208.27000427246094,209.69000244140625,185081700,AMZN,2025-06-20,0.06490533860408831,1,-0.011362581766891422,-0.01816736784075823,0.0432857192420848,0.10952958540969471,0.08805521540687966,-0.06771294616541512,-0.011362581766891422,0.024810343931647754,0.05961812539361739,210.09250259399414,195.6216672261556,-0.0019158234949760988,0.07191603780263467,0.5802340535567994,0.08167355125570697,0.47395783969687927,0,6.0,False,0.0,0.0
153.48460660529443,153.56310711488956,146.24307855829224,146.97900390625,44361800,JNJ,2025-06-20,0.017491250377890566,1,-0.04653107509272958,-0.03380008911284571,-0.012200013064813442,-0.022680106940477618,-0.07718454573132938,0.054083346027310464,-0.04653107509272958,0.03092941558903978,0.028749358028272855,151.38721466064453,150.31612141927084,-0.02911877838743615,-0.022200662720086806,0.39374910568858174,0.2113131401390933,0.46324690317376815,0,7.0,False,0.0,0.0
174.33701609632743,176.96110799729416,165.08788938336605,166.26522827148438,156729600,GOOGL,2025-06-20,0.07135136345556936,1,-0.04597236002363281,-0.03937269995021586,-0.009664902190353653,0.030141619020085386,0.08107122939932965,-0.12735015478294265,-0.04597236002363281,0.029711052692400392,0.05291061941721573,171.19219970703125,162.3074722290039,-0.028780350062553195,0.02438431199825697,0.3650707687125581,-0.05744868816464532,0.46137579731026623,0,8.0,False,0.0,0.0
331.2900085449219,332.3599853515625,314.739990234375,322.1600036621094,376034300,TSLA,2025-06-20,0.004562953824165383,1,-0.009683052842287765,0.09154973122115395,-0.0506276680060862,0.13058427745580548,0.22238671441404745,-0.23488337640699686,-0.009683052842287765,0.10428423211471953,0.09808303763931711,322.2675018310547,298.4933344523112,-0.00033356813310225775,0.07928709447808213,0.4303699019827455,-0.3101472215182146,0.452241468595119,0,9.0,False,0.0,0.0
196.52037110088898,200.90299573747222,194.29916455806153,200.2057647705078,224085100,AAPL,2025-06-20,0.00039799751308722264,1,0.023161226896537324,-0.014319196063011796,0.029344192138401892,-0.03830462837178672,-0.076348743776679,-0.2082797426440085,0.023161226896537324,0.029987053540532077,0.05961552994941864,199.76250839233398,199.5294977823893,0.002218916761413947,0.003389308326010365,0.1924957325133892,-0.06528945157394594,0.44458684650290864,0,10.0,False,0.0,0.0
475.44806772339973,496.41623250794254,469.7810065395394,493.0756530761719,120782800,MSFT,2025-06-27,0.005847521056218996,1,0.03883536220094608,0.04417213549709609,0.07728735745302817,0.14145026912960823,0.3807538986158623,0.15635780174755842,0.03883536220094608,0.015044427284057407,0.043077634993511936,476.8996276855469,439.27110290527344,0.03391914032126486,0.12248597691731411,1.0,0.29565355211685285,0.5220638272571616,1,1.0,True,0.5,0.002923760528109498
485.4200134277344,497.739990234375,481.7200012207031,485.67999267578125,23855500,BRK.B,2025-06-27,-0.00140008377128098,0,0.0017118419342423419,-0.00381510406641683,-0.036272718249949265,-0.1002593485384522,-0.015925792707897957,0.06389779476058433,0.0017118419342423419,0.009546525578407888,0.027337733251477665,487.9000015258789,508.34583282470703,-0.004550130852950862,-0.044587441630000835,0.4428659258963715,0.06530583081395602,0.5113126487024622,1,2.0,True,0.5,-0.00070004188564049
682.0881149489193,733.7068421056694,677.1596869463602,731.9110717773438,66964200,META,2025-06-27,-0.019928231614198322,0,0.07515205190727015,0.07515986008504894,0.13390848116265874,0.22976531803312716,0.4546280843564685,0.22513398016513264,0.07515205190727015,0.05097746674176586,0.05680305799503177,697.2371673583984,622.5884704589844,0.04973043039330971,0.1755936810679526,0.9922368732596074,0.1190789234554408,0.5038718126274316,1,3.0,False,0.0,-0.0
146.92996485325,150.45258378377332,146.92996485325,149.5498504638672,41263500,JNJ,2025-06-27,0.023620588274606336,1,0.017491250377890566,-0.029853711399638216,-0.018040055481659323,-0.015394601180473755,0.0031101750972901687,0.06823196251416497,0.017491250377890566,0.029324371496532903,0.02292025889160056,150.7003517150879,150.3547617594401,-0.00763436341141277,-0.005353414059880102,0.496337204877232,0.1006182784226699,0.491404544925333,0,4.0,False,0.0,0.0
334.85507146661934,351.7813285652144,332.99973117444733,345.8779602050781,39993000,V,2025-06-27,0.029402414686287237,1,0.029653999275754517,-0.012016482127958472,-0.04540105021871488,0.004571200752763849,0.11515648428230318,0.09764807732182956,0.029653999275754517,0.038406100670335334,0.0349741335744511,349.79949951171875,346.3975474039714,-0.01121082023306108,-0.001499973665481269,0.6598790979449942,0.0955838189559588,0.4783903142789254,0,5.0,False,0.0,0.0
165.89603893694584,178.27813555923768,161.63563852290417,178.12847900390625,273611200,GOOGL,2025-06-27,0.005601247508529417,1,0.07135136345556936,0.02209881286297999,0.040794967235516344,0.08971611702121707,0.22765204459027477,-0.07163306555509108,0.07135136345556936,0.04797516168018103,0.05163686107520389,172.93767929077148,165.06010564168295,0.03001543523899808,0.0791734217751714,0.5696651758987699,0.39596927819837546,0.47558030616512087,0,6.0,False,0.0,0.0
269.81267140989485,283.88892888521605,266.9189366562568,281.6327819824219,51000100,JPM,2025-06-27,0.03593059056017833,1,0.04403632733975438,0.08363825990241258,0.08753774870305664,0.13702424332365593,0.3653699497655387,0.2040071195061357,0.04403632733975438,0.023081999153604982,0.040601653904735954,267.9857177734375,253.59802373250326,0.050924595244743465,0.11054801546675241,1.0,0.2618149564365426,0.4696538614805597,0,7.0,False,0.0,0.0
209.7899932861328,223.3000030517578,207.30999755859375,223.3000030517578,277144100,AMZN,2025-06-27,0.0004926135640315188,1,0.06490533860408831,0.052805264620199965,0.08921520430708574,0.1753869253266267,0.3058479710629112,-0.0020111595452164677,0.06490533860408831,0.03731996753113766,0.04756535378176621,214.6650047302246,199.9800008138021,0.04022545888364548,0.11661167188247279,0.7843432632942329,0.36557805302068824,0.4637304086505607,0,8.0,False,0.0,0.0
327.5400085449219,357.5400085449219,317.5,323.6300048828125,594806000,TSLA,2025-06-27,-0.02558476857637193,0,0.004562953824165383,-0.005164282341118764,-0.06589501568819889,0.12680622022660648,0.35166860787173304,-0.25026640842976855,0.004562953824165383,0.1030448087262533,0.09176398360452893,316.5600051879883,305.51000213623047,0.02233383743668349,0.05931066943759866,0.45009894109375176,0.011546100646461221,0.44864035221788995,0,9.0,False,0.0,-0.0
200.83325703321927,202.8651820841085,198.17380945321412,200.2854461669922,273391700,AAPL,2025-06-27,0.06201499065931215,1,0.00039799751308722264,0.023568442520329302,0.0011451546435472526,-0.01950962584532967,0.06881678472781427,-0.21137337901864617,0.00039799751308722264,0.02652614033605617,0.04320663928701105,199.81978225708008,200.604128519694,0.0023304194642399523,-0.0015886131310129947,0.22675711651271357,0.08435358972490237,0.4482620275565563,0,10.0,False,0.0,0.0
494.1693427257206,497.86785899517616,485.87751191483574,495.95892333984375,78618800,MSFT,2025-07-04,0.008980848756754867,1,0.005847521056218996,0.04490997385536111,0.06050426408462162,0.13909649773489052,0.2865382459691337,0.18284604941311433,0.005847521056218996,0.01609159663512959,0.04023702383388562,483.9735336303711,448.4761149088542,0.02476455606894068,0.1058758913852964,1.0,-0.1490426583784913,0.5564664436747278,1,1.0,True,0.5,0.004490424378377433
485.8999938964844,491.0899963378906,478.6199951171875,485.0,21310800,BRK.B,2025-07-04,-0.018845391027706215,0,-0.00140008377128098,0.00030936144085003114,-0.017283648005987584,-0.055942676802838376,-0.07462171384757788,0.0693182877913403,-0.00140008377128098,0.005984648895568548,0.018890845936016275,485.7675018310547,505.08666737874347,-0.0015799777221853217,-0.039768753911061605,0.4358657942629834,-0.004694945315154464,0.5352460535154376,1,2.0,True,0.5,-0.009422695513853108
346.61220525704334,356.1865247785464,346.3244694633048,356.047607421875,22567700,V,2025-07-04,-0.030457441899214954,0,0.029402414686287237,0.05992831314585434,-0.030684522879796283,0.019617576378016865,0.0781522524821967,0.14337682920459183,0.029402414686287237,0.04235696293161323,0.03120236086738252,346.98175048828125,348.5482889811198,0.026127762975534097,0.02151586646050463,0.8212039954706509,-0.3705987799750807,0.5138483763556725,1,3.0,False,0.0,-0.0
149.3045442573842,154.78963243463514,148.67655520049212,153.08230590820312,28962500,JNJ,2025-07-04,0.005704615903549426,1,0.023620588274606336,0.041524992276081196,0.006321354723893613,0.020279271953329348,0.037022772343239474,0.09998594372534253,0.023620588274606336,0.032616800944392184,0.02357318005092789,150.94075393676758,150.8101946512858,0.014188030174625332,0.015066032254457795,0.6372977333962523,-0.20855268641197344,0.4871674984969197,0,4.0,False,0.0,0.0
284.86003722869964,292.1462676228288,281.122709609671,291.75201416015625,36727800,JPM,2025-07-04,-0.030878450397641033,0,0.03593059056017833,0.08154916914735155,0.11927884767360597,0.17522530889504395,0.25921264190152216,0.23645007852191902,0.03593059056017833,0.021397012512984225,0.027490313338354097,275.758544921875,258.6028582255046,0.057998091202622115,0.12818557444459966,1.0,-0.1018055450261306,0.48418489821049276,0,5.0,False,0.0,-0.0
180.37340297441276,180.82238782578247,173.139716841545,179.126220703125,150102000,GOOGL,2025-07-04,0.003676395425384449,1,0.005601247508529417,0.0773522676108842,0.03493400003755642,0.17674201526218036,0.14386739918045288,-0.06171153327853496,0.005601247508529417,0.0480438685627876,0.04800095134814827,174.44927215576172,166.93753941853842,0.02680979111903281,0.07301342362563323,0.5868722952694105,-0.2009439489079402,0.46961044743034086,0,6.0,False,0.0,0.0
742.8055433362375,746.1477309842478,711.1298559583659,717.3253784179688,46771700,META,2025-07-04,-0.0020861662028992534,0,-0.019928231614198322,0.05372617279638159,0.031321383651717216,0.21447309941018888,0.32377297395077553,0.19114746920693615,-0.019928231614198322,0.04549363530768319,0.056901403584617774,702.6834869384766,637.2089640299479,0.020837107676011435,0.1257302061184682,0.9298530571520983,-0.14934291083475304,0.4685567454125732,0,7.0,False,0.0,-0.0
223.52000427246094,224.00999450683594,217.92999267578125,223.41000366210938,158671200,AMZN,2025-07-04,0.007206483970997768,1,0.0004926135640315188,0.06542992541829418,0.0460738680546684,0.15720504758788456,0.2084708690585062,-0.0034791862741547774,0.0004926135640315188,0.03574722783170334,0.04426870517024384,217.12500381469727,203.19166819254556,0.028946458201451364,0.09950376238067404,0.7859929426948654,-0.19313567925822128,0.4671503543654283,0,8.0,False,0.0,0.0
201.211736268348,213.8017903991559,198.4726031076903,212.70614624023438,273599300,AAPL,2025-07-04,-0.011191679142835254,0,0.06201499065931215,0.06243766998445577,0.04722441668321897,0.0770665401169699,0.07913209041389324,-0.12037666295001326,0.06201499065931215,0.04133411180049447,0.04426376806291187,202.21776962280273,201.90392939249674,0.05186674067761521,0.05350176631153314,0.44516408769410043,0.03738943465828015,0.45567563162866653,0,9.0,False,0.0,-0.0
319.8999938964844,325.5799865722656,293.2099914550781,315.3500061035156,399306800,TSLA,2025-07-04,-0.005834775019115224,0,-0.02558476857637193,-0.021138556869822578,0.06847594515149602,0.05729898671739497,0.24985140959498509,-0.23167818870546253,-0.02558476857637193,0.05756135201829927,0.09268603235270842,321.6125030517578,310.7633361816406,-0.01947218123927963,0.014759366333981339,0.4058374429640892,-0.2089079842222128,0.4554362190774114,0,10.0,False,0.0,-0.0
494.50736527479916,503.8530622357068,491.25622643335066,500.4130554199219,77439300,MSFT,2025-07-11,0.01337121707622524,1,0.008980848756754867,0.014880885515181852,0.05971034150357113,0.10797546708693173,0.37104797675222656,0.2060034018821335,0.008980848756754867,0.016176491890014848,0.033039093542820426,491.02259063720703,459.76171875,0.019124302958299033,0.08841827192669438,1.0,-0.1466362961652834,0.5912461085115158,1,1.0,True,0.5,0.00668560853811262
484.4200134277344,486.0799865722656,471.3999938964844,475.8599853515625,21147900,BRK.B,2025-07-11,-0.0043289993317505715,0,-0.018845391027706215,-0.020219089672845914,-0.023957055808032535,-0.074760382628282,-0.08172369276047764,0.07500108754979196,-0.018845391027706215,0.009052954539624902,0.01919725858709037,482.84749603271484,501.55749766031903,-0.014471465086936863,-0.05123542650370316,0.1653829178012999,-0.02456697889004067,0.5349383354967305,1,2.0,True,0.5,-0.0021644996658752857
291.3699951171875,314.0899963378906,288.7699890136719,313.510009765625,493613100,TSLA,2025-07-11,0.05148155921058262,1,-0.005834775019115224,-0.03127026222692786,-0.03627305610502607,-0.10420595484274053,0.2988773091428072,-0.2057809760306274,-0.005834775019115224,0.01250893909697661,0.09087437376731321,318.6625061035156,316.77500406901044,-0.01616913266920983,-0.010306982121209729,0.39600157261688995,0.05939186811693897,0.5208899951212307,1,3.0,False,0.0,0.0
153.09211130943166,156.25168944402995,151.31607305131817,153.95558166503906,33461400,JNJ,2025-07-11,0.04333983208308956,1,0.005704615903549426,0.02945995056167816,-0.0012732496998761889,0.04569544385634172,0.004922106241958657,0.12284792636164443,0.005704615903549426,0.03194547052793382,0.020975022068877313,150.89168548583984,150.87303415934244,0.020305268440299562,0.020431401296278295,0.5985476126569443,-0.09593837724216003,0.4945402215972704,0,4.0,False,0.0,0.0
715.9186273791692,735.8019810021477,708.037219345619,715.8289184570312,49433300,META,2025-07-11,-0.018438813107720997,0,-0.0020861662028992534,-0.021972824213820408,0.051535561477644265,0.12137634287696497,0.43188576404251844,0.16698768060703317,-0.0020861662028992534,0.04220277212966012,0.04802182715848397,711.4541473388672,655.2013397216797,0.006149055613109411,0.0925327453712248,0.9234526152454151,-0.09942180472530604,0.48453289493011487,0,5.0,False,0.0,-0.0
223.0,226.67999267578125,218.42999267578125,225.02000427246094,201340100,AMZN,2025-07-11,0.004932897472562203,1,0.007206483970997768,0.007702647546782293,0.06091465250896633,0.09450852804451038,0.30363248639584506,0.02777017339570853,0.007206483970997768,0.033942825168858756,0.03604506178477148,220.3550033569336,207.55916849772134,0.021170387985113726,0.08412461806008475,0.8101381254662535,-0.02052534481842283,0.4719509573896037,0,6.0,False,0.0,0.0
291.012803517784,291.7914744795477,276.28721745930295,282.7431640625,51336000,JPM,2025-07-11,0.01537335206490531,1,-0.030878450397641033,0.003942659204166921,0.08791067626180427,0.07729841921361835,0.24263640002017195,0.20906067848340726,-0.030878450397641033,0.035257936671272784,0.029295432101043514,281.47044372558594,263.20354588826496,0.00452168376923745,0.07423767072853193,0.8946130384422399,0.15410231147565856,0.4660039620783064,0,7.0,False,0.0,0.0
178.65727862884938,181.02196104807066,172.38143114455036,179.78475952148438,181179000,GOOGL,2025-07-11,0.027026981149978813,1,0.003676395425384449,0.0092982353346307,0.03160252816022657,0.08555359402929463,0.19349141375925716,-0.05948793449607648,0.003676395425384449,0.04812862635949269,0.04546505302825049,175.826171875,169.3664639790853,0.02251421164591272,0.06151333208258758,0.5982294993098785,-0.04845685877163708,0.46184733116791815,0,8.0,False,0.0,0.0
356.10722362372616,356.841414691411,341.6910724506413,345.20330810546875,33103400,V,2025-07-11,0.003218990167811464,1,-0.030457441899214954,-0.0019505495499319014,-0.013943592934083981,-0.04708036880367772,0.057333863014979114,0.1344911373443094,-0.030457441899214954,0.037745357240347735,0.03266198451349158,345.76139068603516,350.10817464192706,-0.0016140685328084325,-0.014009574445026263,0.6130827259558886,-0.07272804940647382,0.45390616493267416,0,9.0,False,0.0,0.0
211.83958469799765,215.37555986284275,206.40117103180637,210.3256072998047,226036700,AAPL,2025-07-11,9.460313079778793e-05,1,-0.011191679142835254,0.05012925963897197,0.0748791707336891,-0.0004733718542579979,0.07339275505977483,-0.10631453316716433,-0.011191679142835254,0.03227239878071562,0.044432761163121455,205.88074111938477,203.10233942667642,0.02158951904026063,0.0355646709610451,0.4033044262665881,-0.09323518863663172,0.4493669379419103,0,10.0,False,0.0,0.0
498.6234399223271,511.6677041033988,498.1362796464767,507.10418701171875,80853200,MSFT,2025-07-18,0.007175754161904857,1,0.01337121707622524,0.022472150711235317,0.06839134826751181,0.1329912793274377,0.3040355218209172,0.19341529797192236,0.01337121707622524,0.015037761916735415,0.030897913973654274,499.13795471191406,469.61431884765625,0.01595998105253793,0.07983118627229135,1.0,-0.09583971331928598,0.5633619028726206,1,1.0,True,0.5,0.0035878770809524285
474.32000732421875,478.6400146484375,467.6499938964844,473.79998779296875,20629700,BRK.B,2025-07-18,0.0216758543601685,1,-0.0043289993317505715,-0.0230928086742912,-0.022790591258005866,-0.058912334973008185,-0.10765412048787204,0.012501283114294104,-0.0043289993317505715,0.009094039216941643,0.01650824447408699,480.0849914550781,496.7941614786784,-0.013091439586687126,-0.04628511256506895,0.1384935045069305,-0.05089603755985184,0.5542505666590963,1,2.0,True,0.5,0.01083792718008425
153.92615542940482,163.00254801406427,151.8950049026972,160.62799072265625,60281900,JNJ,2025-07-18,0.028100157729006314,1,0.04333983208308956,0.04929168508199733,0.0928635142003833,0.07953056504908074,0.06807725282697263,0.1319118462987574,0.04333983208308956,0.015734470785279488,0.02333189997554963,154.3039321899414,151.72621154785156,0.04098442886685616,0.05867001544421502,0.9245765112880618,0.4705655265955273,0.5064026390193941,1,3.0,False,0.0,0.0
282.95018101073435,288.30223294760714,278.9484690013939,287.0898742675781,52312300,JPM,2025-07-18,0.025234388262553198,1,0.01537335206490531,-0.01597980362191731,0.06426622581692909,0.12260059595668071,0.20169659200453416,0.13627073875720042,0.01537335206490531,0.03357177669198641,0.02758669604205164,285.80445861816406,267.2190526326497,0.004497535327576463,0.07436154510376602,0.9454615458898739,0.0933919682802773,0.48962815898759576,0,4.0,False,0.0,0.0
225.07000732421875,227.27000427246094,222.17999267578125,226.1300048828125,179835400,AMZN,2025-07-18,0.023482056533566054,1,0.004932897472562203,0.012174930290126618,0.07840146048927665,0.12508084333826974,0.19651832536187652,0.0008409420171424653,0.004932897472562203,0.03047514293229626,0.0282190635005246,224.46500396728516,210.65416844685873,0.007417641441202161,0.07346560739840191,0.8267848071140564,-0.11952301054063275,0.4750036491392889,0,5.0,False,0.0,0.0
344.6675913029811,349.2116854723553,342.30623802379006,346.31451416015625,25709500,V,2025-07-18,0.02289083730274344,1,0.003218990167811464,-0.027336493937413775,0.030953589239449686,-0.012700180354810908,0.04314132040631291,0.0957324304350069,0.003218990167811464,0.02845337500220181,0.03245377081762347,348.36084747314453,351.3017222086589,-0.00587417710064575,-0.014196366636484714,0.6325237874297296,-0.1527152527402994,0.4600414931973557,0,6.0,False,0.0,0.0
180.60289104600895,186.00074080595235,179.27588047712075,184.643798828125,165096200,GOOGL,2025-07-18,0.043877536853712984,1,0.027026981149978813,0.030802738445224964,0.1105376677234724,0.0998044297862215,0.1440110710114475,-0.05358454146330205,0.027026981149978813,0.031458500286098964,0.04221332216168065,180.42081451416016,171.30341720581055,0.02340630334330629,0.07787574725544921,0.6820288127408682,-0.142344482072717,0.45821355760082294,0,7.0,False,0.0,0.0
715.9186065632238,726.2942632522581,690.0294703606638,702.6298828125,58119600,META,2025-07-18,0.011926974967094939,1,-0.018438813107720997,-0.020486512881893404,0.032138997983400364,0.12401045207101324,0.2878870648989744,0.15124601692704132,-0.018438813107720997,0.045049250263862736,0.04597987615283982,716.9238128662109,668.2898356119791,-0.01993786480123294,0.05138496109113255,0.866999610773355,0.05056559572829711,0.4530552683600495,0,8.0,False,0.0,0.0
317.7300109863281,330.8999938964844,310.5,329.6499938964844,421062400,TSLA,2025-07-18,-0.041225531895984546,0,0.05148155921058262,0.04534640087584041,0.023249286532262214,-0.028555438633757868,0.15686955527124602,-0.22708090528374125,0.05148155921058262,0.03270167778067481,0.0775411016081927,320.5350036621094,320.50000254313153,0.028436801379681853,0.02854911476052635,0.5397547383494143,-0.11763415565780655,0.4522593885392488,0,9.0,False,0.0,-0.0
209.10042946873696,211.5606828488181,206.719874444485,210.3455047607422,225669600,AAPL,2025-07-18,0.012785303197929032,1,9.460313079778793e-05,-0.011098134779923274,0.050646593527700734,0.08147696903773505,0.010401966212538527,-0.0795312055025662,9.460313079778793e-05,0.03323125732434764,0.040837711587176403,208.41567611694336,203.28279622395834,0.009259517708811726,0.03474326734960287,0.4036543054321692,-0.09614414698027118,0.4504478271369421,0,10.0,False,0.0,0.0
503.7834776665751,515.2965460849812,497.80817995491657,510.7430419921875,79564700,MSFT,2025-07-25,0.020244827506263663,1,0.007175754161904857,0.020642919804714444,0.03583099024620928,0.11588763025029225,0.18234956258932433,0.16129585579194305,0.007175754161904857,0.0032800585444869904,0.01380488407862806,503.55480194091797,476.1784922281901,0.014274990574139945,0.07258738126171749,1.0,0.0056332865683337285,0.5725456603983671,1,1.0,True,0.5,0.010122413753131831
473.0400085449219,486.1700134277344,472.0,484.07000732421875,21963700,BRK.B,2025-07-25,-0.02319914643835086,0,0.0216758543601685,0.017253020269377695,-0.003314909767422214,-0.03946738722935372,-0.10324190761212892,0.045078703712854384,0.0216758543601685,0.016768933536629536,0.017273169710855896,479.6824951171875,492.1499964396159,0.009146700685751297,-0.016417736815707795,0.21650498308082206,0.03295274308335716,0.5496077370423132,1,2.0,True,0.5,-0.01159957321917543
705.1439122135475,721.9245865914077,699.7665114607927,711.0101318359375,46289600,META,2025-07-25,0.052379865037826656,1,0.011926974967094939,-0.006731757402984817,-0.028556665894739375,0.10152783551088529,0.1946473207171171,0.10250779759085771,0.011926974967094939,0.015058691077508771,0.040595239325948385,711.6985778808594,677.9437459309896,-0.0009673281165908376,0.04877452753773737,0.9028423987116624,-0.07704240278105934,0.512077524461925,1,3.0,False,0.0,0.0
225.83999633789062,236.0,225.64999389648438,231.44000244140625,177690600,AMZN,2025-07-25,-0.07211373256717657,0,0.023482056533566054,0.02853078858345315,0.03645319873892561,0.1289205826191513,0.21823353851069305,-0.014519921539224212,0.023482056533566054,0.01003095801654026,0.02811196916844378,226.50000381469727,214.10916900634766,0.021810148094966397,0.08094391060172113,0.9064188524327565,-0.009441878491891598,0.5109409809671974,1,4.0,False,0.0,-0.0
286.8237577094983,295.2905090775473,285.02987956960806,294.33441162109375,34618800,JPM,2025-07-25,-0.030975815858368505,0,0.025234388262553198,0.04099567746236121,0.04509996865160626,0.13658566707700293,0.18830400105366918,0.13995957973228168,0.025234388262553198,0.029418781812924545,0.026981518591306604,288.97986602783203,271.1058489481608,0.018529130305382724,0.08568078764458731,1.0,-0.20869008182524174,0.5089590694530896,1,5.0,False,0.0,-0.0
185.83112267520195,197.5047763656739,185.73134148599024,192.74551391601562,263812800,GOOGL,2025-07-25,-0.020964837073505938,0,0.043877536853712984,0.07209039536514461,0.08205894416124693,0.12620150333520241,0.17913707101947174,-0.03283245975045057,0.043877536853712984,0.01909005914300098,0.04320277130430978,184.0750732421875,173.74361038208008,0.04710274194714259,0.1093674955421291,0.8217515272805263,0.38814138570620504,0.4950401263147371,0,6.0,False,0.0,-0.0
160.6966798409886,166.79994431442555,159.7252528908425,165.14166259765625,41051400,JNJ,2025-07-25,-0.005763521272463379,0,0.028100157729006314,0.07265784592957947,0.10425829304026091,0.08433741216773227,0.0872586770186754,0.16538321928122568,0.028100157729006314,0.015492241740708639,0.02420061139931874,158.20188522338867,152.8306744893392,0.04386659087196265,0.08055312292151018,1.0,0.0027382002134868078,0.4793150701720574,0,7.0,False,0.0,-0.0
334.3999938964844,338.0,300.4100036621094,316.05999755859375,550886000,TSLA,2025-07-25,-0.04249190906638378,0,-0.041225531895984546,0.008133672653307222,-0.02339093165035755,-0.08774460153049457,0.10044917294608813,-0.2226375916257325,-0.041225531895984546,0.04052384810679132,0.07922588038547236,318.6425018310547,322.9041697184245,-0.008104707493886698,-0.021195675998234798,0.46394622905531135,0.181608374167763,0.4624329130881449,0,8.0,False,0.0,-0.0
211.2618775331451,214.92732845073886,210.7937335563828,213.0348358154297,231062200,AAPL,2025-07-25,-0.05376840845553943,0,0.012785303197929032,0.01288111585843743,0.06365609629871671,0.06487414701653038,0.04290456383182484,-0.03763384270712211,0.012785303197929032,0.03224934461953039,0.04041815174084388,211.60302352905273,204.01314163208008,0.006766502021084531,0.04422114237924668,0.4509438017322775,-0.03358435949014593,0.4471578190629946,0,9.0,False,0.0,-0.0
346.32442591881215,354.8471483537365,345.669594683543,354.241943359375,24018700,V,2025-07-25,-0.04954633953031584,0,0.02289083730274344,0.026183512850765256,0.024181891061626715,-0.022317042407560495,0.0288636320930149,0.08490226131435263,0.02289083730274344,0.02689221902683731,0.03137959253197839,350.45184326171875,352.129877726237,0.01081489559986637,0.005997973380662769,0.7712178106861768,-0.0884683294860592,0.44652886774367206,0,10.0,False,0.0,-0.0
484.3500061035156,486.8999938964844,470.6199951171875,472.8399963378906,23225100,BRK.B,2025-08-01,-0.015734714700593178,0,-0.02319914643835086,-0.002026153397660324,-0.025072172499194578,-0.041922481900960706,-0.07961224485916552,0.00889748179034977,-0.02319914643835086,0.020243831788679945,0.013085446901902298,476.64249420166016,488.7416636149089,-0.007977672805145941,-0.032535935568504204,0.0014912929787723977,0.06823324870294734,0.5780030057135979,1,1.0,True,0.5,-0.007867357350296589
511.110930710653,552.2420017670738,506.49771598970693,521.0829467773438,137752500,MSFT,2025-08-01,-0.003949669589992211,0,0.020244827506263663,0.027565853573403798,0.05065746830062445,0.11422672522516564,0.1968002424602482,0.26758778133835603,0.020244827506263663,0.005815509986903204,0.01375855212518442,509.83580780029297,483.31900787353516,0.02206031589969526,0.07813460320950139,1.0,0.4669748944183283,0.5307406829015426,1,2.0,True,0.5,-0.0019748347949961054
164.70991567403397,165.61264030634692,161.1480291773554,164.1898651123047,41831200,JNJ,2025-08-01,0.035857300884441834,1,-0.005763521272463379,0.022174680599712282,0.07255939305462444,0.07933942144056672,0.09431011667247713,0.11807684930285589,-0.005763521272463379,0.022059812067644832,0.023800216204089886,160.97877502441406,154.0098622639974,0.019947288624873938,0.06609968153115497,0.9475959163510621,-0.0526598873664621,0.5009998862443767,1,3.0,False,0.0,0.0
233.35000610351562,236.52999877929688,212.8000030517578,214.75,319625700,AMZN,2025-08-01,0.03697323604845759,1,-0.07211373256717657,-0.0503250547785995,-0.03876282852224899,0.005525086085659492,0.11234850676315444,-0.09647422325134447,-0.07211373256717657,0.04279852957522084,0.03810614133250942,224.33500289916992,215.9166692097982,-0.04272629226513536,-0.005403330896442182,0.7238583426996644,0.4553383423726891,0.4902037640879107,0,4.0,False,0.0,0.0
713.5243091595448,782.9113054874113,689.5805015781577,748.2527465820312,106919800,META,2025-08-01,0.025719667718732353,1,0.052379865037826656,0.06493157334400745,0.043114838948360434,0.07578663901186133,0.26683491149837546,0.09007067326954887,0.052379865037826656,0.030282184421594915,0.04116015452951367,719.430419921875,691.0775248209635,0.0400627021905553,0.08273344119515391,1.0,0.6401113197728352,0.4854688235188745,0,5.0,False,0.0,0.0
293.3882007039174,296.9661066035344,280.1607803787386,285.2171630859375,48294600,JPM,2025-08-01,-0.0021080685247457653,0,-0.030975815858368505,-0.006523083359934789,-0.02239864939075098,0.09420851319408108,0.14890184924596683,0.0944820911104618,-0.030975815858368505,0.029850965678069136,0.029931509196041692,287.34615325927734,274.18628056844074,-0.007409147988206466,0.040231343795275265,0.8964724701026027,0.03546655074433813,0.46683198661723185,0,6.0,False,0.0,-0.0
193.21445136708732,197.155598285003,187.39758435603645,188.7046356201172,198135500,GOOGL,2025-08-01,0.06498176146465262,1,-0.020964837073505938,0.02199281436888234,0.0534729917227863,0.09027501725519471,0.23966593130414982,-0.07079181169249005,-0.020964837073505938,0.028225669855240547,0.03649176002197901,186.46967697143555,176.783816019694,0.011985641231222921,0.06743162280813753,0.9151942501059179,-0.019402430144632055,0.46255750809459606,0,7.0,False,0.0,0.0
213.18426788884761,214.00103498726418,200.7037642416869,201.58029174804688,319915100,AAPL,2025-08-01,0.13326411201288413,1,-0.05376840845553943,-0.04167055066218461,-0.05230622005450536,-0.0075519341022644015,0.020729260656267012,-0.14038892770615052,-0.05376840845553943,0.028877223072999805,0.04253107675976042,208.82155990600586,204.35428746541342,-0.034676822456543244,-0.013574443442181505,0.24952582518759722,0.2762354944271552,0.46226313411826425,0,8.0,False,0.0,0.0
353.587106715153,355.51190564011716,335.4503478912215,336.6905517578125,40753400,V,2025-08-01,-0.007573411926535267,0,-0.04954633953031584,-0.027789659424707347,-0.054366481505734865,-0.08338279483987432,-0.035815443731060714,-0.0038456857206525807,-0.04954633953031584,0.03261241220601677,0.03451785609795967,345.6125793457031,351.08765665690106,-0.02581511241512502,-0.04100715199212501,0.4641481347803964,0.31904033661042996,0.4516819159290867,0,9.0,False,0.0,-0.0
318.45001220703125,330.489990234375,297.82000732421875,302.6300048828125,458356900,TSLA,2025-08-01,0.08928390634674455,1,-0.04249190906638378,-0.08196568940983084,-0.0403361375440332,0.025377752465374437,0.014651629363995111,-0.2520266922453146,-0.04249190906638378,0.04407251081171849,0.08010284190519089,315.4625015258789,323.2683359781901,-0.040678358223231514,-0.06384272382547862,0.5172273585749173,-0.04703463514876727,0.4432886747241032,0,10.0,False,0.0,0.0
468.04998779296875,472.70001220703125,455.19000244140625,465.3999938964844,31298400,BRK.B,2025-08-08,0.025354573410612202,1,-0.015734714700593178,-0.03856882918843929,-0.02198123771081606,-0.04541168778028093,-0.09509829459719421,-0.015526497629810398,-0.015734714700593178,0.01964573602108664,0.01306201066076382,474.0274963378906,484.6658299763997,-0.01820042615261397,-0.03975076204743688,0.0,0.2891021027236249,0.5807248844508666,1,1.0,True,0.5,0.012677286705306101
525.2190177406763,535.1413592423181,514.5608717763297,519.0248413085938,97486400,MSFT,2025-08-08,-0.003581968937532265,0,-0.003949669589992211,0.016215197536715298,0.03719284636379805,0.09912398542524126,0.14918422840915335,0.2789432106972356,-0.003949669589992211,0.010269667381220525,0.012845660450161885,514.4887542724609,488.9338836669922,0.00881668840856853,0.0615440218949852,0.9874488037187572,-0.014434732323569288,0.5717791770616786,1,2.0,True,0.5,-0.0017909844687661325
286.0944227268155,291.5450573497094,280.6240107941869,284.61590576171875,34853200,JPM,2025-08-08,0.005991125735474334,1,-0.0021080685247457653,-0.033018585240675025,0.006623472950896048,0.09511642319901537,0.08443387615332298,0.058514628231440824,-0.0021080685247457653,0.024650269259013296,0.026493871423001143,287.81433868408203,276.03296025594074,-0.011112833839296732,0.03109391537090289,0.8896451158444554,-0.18030514073174275,0.4963657156783299,0,3.0,False,0.0,0.0
203.70186769022786,230.08718413442585,200.88304868853191,228.44371032714844,431826300,AAPL,2025-08-08,0.01091268906941667,1,0.13326411201288413,0.07233030435017107,0.08614311523901907,0.16747261100622257,0.0856289656585687,0.009986538718151916,0.13326411201288413,0.07891033920550518,0.05447039689386726,213.3510856628418,205.85582860310873,0.07074079148656165,0.10972670473950608,0.721895164503578,0.4293285113811378,0.4804740752253196,0,4.0,False,0.0,0.0
163.89548837392292,170.69545264445026,163.51280777223997,170.0772705078125,46573400,JNJ,2025-08-08,0.019096490781060238,1,0.035857300884441834,0.029887115295557765,0.10471649464356148,0.1033099146983083,0.15519700520172086,0.15083126207431374,0.035857300884441834,0.021676773516029278,0.023481998537037706,165.00919723510742,155.91397349039713,0.03071388357513194,0.09084045964801035,1.0,-0.01815293623466896,0.4689397764989601,0,5.0,False,0.0,0.0
189.86201672672937,202.15432130991044,189.69240089649873,200.9669952392578,150196200,GOOGL,2025-08-08,0.012312524291843596,1,0.06498176146465262,0.0426545923492907,0.11781997414103484,0.15314591135189048,0.2134534904065335,0.08932822388666328,0.06498176146465262,0.036588318657145076,0.0329511061222303,191.7652359008789,179.72975413004556,0.04798450196225956,0.11816207734778184,1.0,-0.22702864119184696,0.46726228855059454,0,6.0,False,0.0,0.0
758.2193240496142,781.2950989411861,756.6330226185955,767.49755859375,53516400,META,2025-08-08,0.02070708757598605,1,0.025719667718732353,0.07944672548048404,0.07218015199510308,0.12743555813335683,0.20231745774953724,0.07845392341658775,0.025719667718732353,0.02947425217894496,0.03667630416360802,732.3475799560547,701.8399454752604,0.04799630612530259,0.09355069277800743,1.0,-0.19173374353490757,0.4649782140750823,0,7.0,False,0.0,0.0
217.39999389648438,226.22000122070312,211.4199981689453,222.69000244140625,257792200,AMZN,2025-08-08,0.03745114844158759,1,0.03697323604845759,-0.037806774575260604,-0.010354643084236392,0.04992925993939945,0.08317528288395648,-0.02819110463514285,0.03697323604845759,0.04875736810870561,0.03515889967933548,223.75250244140625,217.34166971842447,-0.004748550243715122,0.024607948995288176,0.8552283314600672,0.10292050678120912,0.46006993930948503,0,8.0,False,0.0,0.0
339.0221117082902,341.68110130105504,326.1240097312719,334.1406555175781,35446000,V,2025-08-08,0.02463375827155434,1,-0.007573411926535267,-0.056744516618136065,-0.032046774547452195,-0.04554352030239606,-0.0776183693864676,-0.02905883329437431,-0.007573411926535267,0.030584008963151933,0.032153820126402874,342.84691619873047,348.74449666341144,-0.02539401776653516,-0.04187547412376269,0.4195365262050153,0.12591679663552702,0.45464485543203187,0,9.0,False,0.0,0.0
309.0799865722656,335.1499938964844,303.0,329.6499938964844,373027800,TSLA,2025-08-08,0.0027605147245812756,1,0.08928390634674455,0.0429981536507833,0.05148155921058262,0.013341109619936953,-0.058089080666489656,-0.08840772538128827,0.08928390634674455,0.06661695082072548,0.06645898322053177,319.49749755859375,321.5741678873698,0.031776450255385,0.025113416485440743,0.775019314341531,-0.17258148258910122,0.44341227376080095,0,10.0,False,0.0,0.0
519.2833770884752,529.6234217995657,516.0820397908819,517.1657104492188,103963000,MSFT,2025-08-15,-0.023273379507704473,0,-0.003581968937532265,-0.007517490933739657,0.019841136585345254,0.08958944693508863,0.15547111405057845,0.2784805514102151,-0.003581968937532265,0.0114146450532796,0.012125316340302636,517.0041351318359,494.7326965332031,0.00031252229218936556,0.04534370595113901,0.9761110386319642,-0.006959962900575212,0.5639240712661472,1,1.0,True,0.5,-0.011636689753852236
466.4599914550781,482.4800109863281,463.5,477.20001220703125,21525700,BRK.B,2025-08-15,0.02472755132254556,1,0.025354573410612202,0.009220911731047776,0.007176075351754019,-0.015778062906430246,-0.05215901897616815,-0.004983390289849843,0.025354573410612202,0.025047222729932355,0.015544414770989837,474.87750244140625,482.4774983723958,0.004890755518390799,-0.010938305274686977,0.15860240965832206,-0.1215156372273446,0.5475397838477878,1,2.0,True,0.5,0.01236377566127278
285.246742053437,291.2591849519308,283.0389031406188,286.3210754394531,36164300,JPM,2025-08-15,0.019794250135549696,1,0.005991125735474334,0.0038704275071377303,-0.002677902974064672,0.061416224125617314,0.1195943804820816,0.061814796895645285,0.005991125735474334,0.02335058653394722,0.02443904963740982,287.6221389770508,278.58168029785156,-0.004523516660521976,0.027781421712033794,0.9090075368765322,-0.06024586356605466,0.5224477582665025,1,3.0,False,0.0,0.0
768.2757194135389,794.3843975355859,762.8783609453131,783.3901977539062,52478500,META,2025-08-15,-0.038765756153163244,0,0.02070708757598605,0.046959334706595524,0.11494005153629017,0.15077310760422713,0.2532042713593843,0.06768746554572935,0.02070708757598605,0.017423217218146235,0.034798028396334356,752.5376586914062,715.0299835205078,0.0409980001747019,0.09560468205378103,1.0,-0.19016003978329066,0.5060258774516636,1,4.0,False,0.0,-0.0
170.1459587804455,173.94333166305356,168.58579954394824,173.3251495361328,38771500,JNJ,2025-08-15,0.015002240066653627,1,0.019096490781060238,0.05563854028127535,0.07904698774075891,0.17925108300970383,0.16486420439029015,0.1500503544044942,0.019096490781060238,0.01807213747641587,0.02355280909359955,168.18348693847656,157.95821126302084,0.030571744534807488,0.09728483343942163,1.0,-0.07811743026556295,0.4934964419385401,0,5.0,False,0.0,0.0
221.77999877929688,234.0800018310547,219.0500030517578,231.02999877929688,206535300,AMZN,2025-08-15,-0.009479299021675325,0,0.03745114844158759,0.07580907464166176,0.021668924029005776,0.10176925980938778,0.1494601346590565,0.01027639574419359,0.03745114844158759,0.05277338393207001,0.03481604436281778,224.97750091552734,219.8450024922689,0.026902680664241396,0.05087673661092795,0.9932163526547363,-0.14090726732704983,0.4815219556451582,0,6.0,False,0.0,-0.0
200.48808049350347,205.97570210941166,197.06577929471834,203.44140625,144735000,GOOGL,2025-08-15,0.010740631180276905,1,0.012312524291843596,0.07809437527305652,0.1018047047405728,0.22359562708934488,0.21176969503298193,0.10339558445992991,0.012312524291843596,0.03754388642538037,0.032965341577627615,196.46463775634766,182.6925506591797,0.03551157385536641,0.11357253219113539,1.0,-0.23509620752048377,0.4636583486640251,0,7.0,False,0.0,0.0
334.09109045117117,346.2380854537843,331.8884871653662,342.3717956542969,28262600,V,2025-08-15,0.016169765873278008,1,0.02463375827155434,0.016873784746329834,-0.011384791409683848,0.019216397672893626,-0.023940382860289877,-0.023065443276375053,0.02463375827155434,0.03473706979564109,0.03220851919585647,341.8612365722656,348.0447006225586,0.0014934687744958541,-0.016299357404708115,0.5635441121272777,-0.12009819373649111,0.4635227493345427,0,8.0,False,0.0,0.0
335.0,348.9800109863281,327.0199890136719,330.55999755859375,403001700,TSLA,2025-08-15,0.028587888059129707,1,0.0027605147245812756,0.09229089060946416,0.0027605147245812756,0.026073981254651768,-0.02587375161799188,-0.07104316276827982,0.0027605147245812756,0.06182504492748816,0.06589861082003907,319.7249984741211,320.8425013224284,0.03388849522615489,0.03028743447676785,0.8243327886823006,-0.09705275228586963,0.4522533712828061,0,9.0,False,0.0,0.0
227.27701087414155,234.4566858681212,224.12592192869855,230.9366455078125,295265800,AAPL,2025-08-15,-0.016537796940850447,0,0.01091268906941667,0.1456310709008093,0.09789199332066412,0.15349648284369288,0.18734490526722913,-0.050871411574621384,0.01091268906941667,0.07803990719395495,0.04765764565456604,218.49887084960938,208.89235178629556,0.05692374798020783,0.1055294439121881,0.7657312139170341,-0.07590057316136356,0.4369260446862867,0,10.0,False,0.0,-0.0
518.5775833311014,519.8004600468895,500.32946944945456,505.1295166015625,115732100,MSFT,2025-08-22,-0.0010646393529660791,0,-0.023273379507704473,-0.026771983922768694,-0.010990899393810816,0.024446276043421866,0.10362302157141334,0.24689888960872652,-0.023273379507704473,0.017814359561933512,0.015344562128636576,515.6007537841797,498.68506113688153,-0.020308808910314835,0.01292289656720258,0.90270924569432,0.01757265889117976,0.5654353829234284,1,1.0,True,0.5,-0.0005323196764830396
231.04634466466607,232.46233685580373,223.14869792378403,227.11746215820312,192241700,AAPL,2025-08-22,0.01923077698283504,1,-0.016537796940850447,-0.005805579707342412,0.06610480529566742,0.13396887544609304,0.135267445169448,-0.07017923280324123,-0.016537796940850447,0.08099122294433923,0.04829956230714249,222.01952743530273,211.14744440714517,0.022961650183612514,0.07563443543396042,0.7470537768927503,-0.3794896247234918,0.5504983100544946,1,2.0,True,0.5,0.00961538849141752
477.9700012207031,493.1400146484375,474.6600036621094,489.0,20704800,BRK.B,2025-08-22,0.028588979522143454,1,0.02472755132254556,0.05070908124842988,0.010184462167017294,0.006835791826481641,-0.029684879174404877,0.021431277885522126,0.02472755132254556,0.02587802725691453,0.01765226255951505,476.11000061035156,481.23083241780597,0.027073574117586263,0.016144367855983166,0.31720440913410874,-0.14402298612977238,0.5297964625048663,1,3.0,False,0.0,0.0
285.8381195988006,292.89539654295805,283.1472843493455,291.98858642578125,33969400,JPM,2025-08-22,0.017485792571438452,1,0.019794250135549696,0.025903965712425592,-0.007969931828196719,0.0367705931478024,0.1275271567934939,0.13344192460054205,0.019794250135549696,0.02143466032992885,0.024603352502543585,287.03568267822266,281.33375549316406,0.017255358990021286,0.0378725649680387,0.9733628531562653,-0.11354207781108616,0.5051947295984037,1,4.0,False,0.0,0.0
173.18776755907857,177.76033256843067,172.6775261392796,175.9254150390625,45971800,JNJ,2025-08-22,-0.004571164204912548,0,0.015002240066653627,0.034385220986841825,0.06530001134649654,0.17636637210525286,0.15514465748571582,0.11415300072776136,0.015002240066653627,0.017112741564545047,0.023335095873915777,170.87942504882812,159.9272206624349,0.029529535160786713,0.10003421750444641,1.0,0.06202385359568319,0.503166721371093,1,5.0,False,0.0,-0.0
203.74073522255918,208.07098221204853,196.15783565803162,205.62649536132812,134323900,GOOGL,2025-08-22,0.03309239030336886,1,0.010740631180276905,0.02318539975443734,0.06682895587870896,0.1543718135987613,0.20146437391212624,0.14982258981750451,0.010740631180276905,0.035611394365377774,0.032993770880799037,199.68488311767578,185.56587855021158,0.029754942642057136,0.10810509436242288,1.0,-0.14360272531976093,0.48578559955520473,0,6.0,False,0.0,0.0
230.22999572753906,231.91000366210938,220.5,228.83999633789062,161200000,AMZN,2025-08-22,0.0006991944794174643,1,-0.009479299021675325,0.02761683878512944,-0.011234039388561934,0.024809642679891608,0.11623824432744967,0.056607232446139966,-0.009479299021675325,0.05179127617303449,0.03525568891104469,224.32749938964844,221.8308359781901,0.020115665535967775,0.03159687123204846,0.9569820317920038,-0.3177825563093899,0.4675902117877134,0,7.0,False,0.0,0.0
341.74561904560153,349.060805354294,337.65073800912535,347.9078674316406,25338000,V,2025-08-22,0.004970945799849025,1,0.016169765873278008,0.0412018462486623,-0.017880649218628863,0.005868853931481954,-0.039798648419302474,0.007770628555132886,0.016169765873278008,0.03323614942406303,0.03091311722888458,340.27771759033203,346.84302012125653,0.02242330145900029,0.00307011313075245,0.6604002364193678,-0.21916795069337447,0.4632312278187091,0,8.0,False,0.0,0.0
773.2739649293972,773.9922487170201,729.2872824481717,753.021484375,60187600,META,2025-08-22,-0.02131711568239414,0,-0.038765756153163244,-0.018861394484790073,0.05908685496588184,0.028842865495110726,0.1666136509685987,0.10605333492790248,-0.038765756153163244,0.038451235576581484,0.03828509866579735,763.0404968261719,723.9920806884766,-0.013130381012338765,0.04009630002985398,0.892867900892457,-0.1184607379725473,0.46190805588132555,0,9.0,False,0.0,-0.0
329.6199951171875,340.54998779296875,314.6000061035156,340.010009765625,360155100,TSLA,2025-08-22,-0.018058334966873257,0,0.028587888059129707,0.03142732006964288,0.07577679045761299,0.05061336908097802,-0.018616815356844563,0.006542398024036444,0.028587888059129707,0.055001774284480213,0.06615628771848342,325.7125015258789,320.3050028483073,0.043896099083596596,0.061519510285793944,0.909814567441352,-0.09653000564739145,0.4530029396651741,0,10.0,False,0.0,-0.0
504.5319946732823,508.9735181763212,496.4456179190968,504.59173583984375,108729400,MSFT,2025-08-29,-0.023071267755793934,0,-0.0010646393529660791,-0.02431324110497013,-0.03164795746913329,0.01740630542921906,0.07896372521426787,0.28077460298181145,-0.0010646393529660791,0.010284215680527913,0.014941021972341442,511.4779510498047,501.76243082682294,-0.013463366692204493,0.005638734267845891,0.8994296315058848,0.021146911243642652,0.5779502269006238,1,1.0,True,0.5,-0.011535633877896967
176.1511056012645,176.8772090706108,172.61063267008686,175.12123107910156,34692200,JNJ,2025-08-29,0.007111772545264294,1,-0.004571164204912548,0.010362498158954958,0.0665775927114618,0.14396781548426785,0.15119924183866162,0.090779547861499,-0.004571164204912548,0.016609129123120833,0.02353447997087661,173.61226654052734,161.84393183390299,0.00869157789735997,0.0820376710745312,0.9722181808214094,-0.1640881904524396,0.568470196408986,1,2.0,True,0.5,0.003555886272632147
227.35000610351562,232.7100067138672,226.02000427246094,229.0,129872400,AMZN,2025-08-29,0.014541492712029314,1,0.0006991944794174643,-0.008786732415802523,0.06635622817229336,0.025021244556018507,0.07224793813092445,0.07876390294352009,0.0006991944794174643,0.02437664055255439,0.033834157314133965,227.88999938964844,223.11666870117188,0.004870773677319917,0.02636885595808125,0.9596293457504123,-0.31229855868395007,0.5486143121766456,1,3.0,False,0.0,0.0
489.010009765625,506.7200012207031,481.8299865722656,502.9800109863281,25732500,BRK.B,2025-08-29,-0.006382007043105986,0,0.028588979522143454,0.05402346630308208,0.06374252364831579,0.03707218760067654,0.019147796953386864,-0.02111594446149001,0.028588979522143454,0.021047326841544124,0.01870197758436655,483.64500427246094,482.0183334350586,0.03997768310034022,0.043487303484678774,0.5051077980211974,0.036958979019034555,0.5255410203565838,1,4.0,False,0.0,-0.0
291.9885819039242,298.60227955806266,289.2878798394283,297.09423828125,31834400,JPM,2025-08-29,-0.023356004365197358,0,0.017485792571438452,0.03762616085896564,0.04164221769407983,0.018310838869345814,0.13977378230322435,0.1514743916225818,0.017485792571438452,0.010235601627886462,0.024653191704772596,290.0049514770508,284.36988321940106,0.02444539918402122,0.044745789947213455,1.0,-0.06931450000840511,0.52014347823684,1,5.0,False,0.0,-0.0
347.4804481116551,351.27719882331735,345.3336330532158,349.6372985839844,28086100,V,2025-08-29,-0.02433342658123938,0,0.004970945799849025,0.021221090702879364,0.038452955565811964,-0.01800407783753244,-0.04813615417899331,-0.026814074664648913,0.004970945799849025,0.013970445434387063,0.030583260999806187,343.514404296875,345.3695780436198,0.017824272317319645,0.012356967178578593,0.6906574305785067,-0.04087927623968368,0.4970346293317986,0,6.0,False,0.0,-0.0
225.84106025439092,232.75153884501827,224.05612439304167,231.485107421875,194310800,AAPL,2025-08-29,0.03252341633242395,1,0.01923077698283504,0.002374945357227709,0.14835188209374084,0.08828593584894029,0.13967960435395743,-0.037759603418080934,0.01923077698283504,0.06615398373606524,0.04833998171912147,229.49573135375977,213.5116869608561,0.008668466539138775,0.08418003115826633,0.8744961507734766,-0.3020724924271172,0.4876275671632982,0,7.0,False,0.0,0.0
753.0514312038815,757.1019160115399,733.6270507950396,736.96923828125,39316900,META,2025-08-29,0.018613766660725783,1,-0.02131711568239414,-0.059256497727124824,-0.015079808730838029,0.027384866692720333,0.05956398226037152,0.10734233434051355,-0.02131711568239414,0.03162733877960878,0.03361929511792766,760.2196197509766,727.4445088704427,-0.030583769302537367,0.01309341028032085,0.836240186772412,-0.23470530814201895,0.4588439285368569,0,8.0,False,0.0,0.0
338.8999938964844,355.3900146484375,331.70001220703125,333.8699951171875,377889500,TSLA,2025-08-29,0.05082817105127013,1,-0.018058334966873257,0.010013303433689114,0.10322833073499127,0.058728361043990596,0.131225786225172,0.13956578127361552,-0.018058334966873257,0.04651971673605426,0.04766256719682641,333.52249908447266,323.5325012207031,0.0010418968245582416,0.03195194874542917,0.8542739647144529,-0.001661807701485718,0.4541639734198094,0,9.0,False,0.0,0.0
205.96570803332725,214.16724458693432,204.8183006045268,212.43116760253906,153483600,GOOGL,2025-08-29,0.10375273068187796,1,0.03309239030336886,0.044188454642767994,0.12573369967543324,0.1859300484802393,0.22735932883838705,0.2533079644926255,0.03309239030336886,0.025276727714214086,0.033315444202181674,205.61651611328125,188.84515508015951,0.033142529686201794,0.12489604254007958,1.0,0.05353291277891792,0.4494028930875588,0,10.0,False,0.0,0.0
175.41777231103694,177.4341662848054,174.48863278118253,176.3666534423828,33749300,JNJ,2025-09-05,-0.0020735631726459536,0,0.007111772545264294,0.002508099260259522,0.03697956179442219,0.14556842652255053,0.1441098318672931,0.08753116862062638,0.007111772545264294,0.010418024829719185,0.023572204375687772,175.18461227416992,163.6951649983724,0.006747402941777558,0.07740905752553173,1.0,-0.118729795645521,0.5829329993586553,1,1.0,True,0.5,-0.0010367815863229768
498.3974910813857,509.8498918622262,490.3310509759443,492.9501647949219,81977400,MSFT,2025-09-05,0.030100988727103317,1,-0.023071267755793934,-0.024111344529184398,-0.05023781992386145,-0.01491346107814373,0.043906392571451125,0.2629325759538692,-0.023071267755793934,0.012081259761123956,0.017127617892253883,504.9592819213867,503.4902089436849,-0.02378234752071451,-0.020933960505162275,0.8284344150675399,-0.20100369905694881,0.5658822342108475,1,2.0,True,0.5,0.015050494363551659
504.239990234375,507.6600036621094,496.5899963378906,499.7699890136719,15383600,BRK.B,2025-09-05,-0.012065547975774749,0,-0.006382007043105986,0.022024517410371924,0.07385044170162192,0.050245879876713806,0.025085080720351094,0.008373338318408807,-0.006382007043105986,0.016390419532158418,0.01838483378674659,492.2375030517578,483.0374984741211,0.01530254382328522,0.034640148212938815,0.46196233785997104,-0.2617047366059323,0.5639829039545567,1,3.0,False,0.0,-0.0
295.95091721841663,300.770730899917,290.08630131868694,290.1553039550781,29982300,JPM,2025-09-05,0.04256395979347083,1,-0.023356004365197358,-0.006278610041386412,0.01946271477180539,0.026215098487543553,0.11643036178565747,0.228414411109906,-0.023356004365197358,0.019831022563224478,0.02636590343159397,291.3898010253906,286.8915278116862,-0.004236582975685299,0.011376342021275132,0.9236016925732109,-0.09110392996156136,0.555953370739807,1,4.0,False,0.0,0.0
223.52000427246094,236.0,221.8300018310547,232.3300018310547,164180600,AMZN,2025-09-05,-0.017991683818820436,0,0.014541492712029314,0.015250854522873558,0.043288873698696495,0.03248598977779138,0.09537951506548192,0.1660225938823321,0.014541492712029314,0.02031057756156638,0.03363658350536678,230.29999923706055,224.8025016784668,0.008814600958398477,0.03348494832746307,1.0,-0.00765486485632938,0.5390265402371539,1,5.0,False,0.0,-0.0
207.9712205067108,235.22976659054154,205.73625278986853,234.4714813232422,249132200,GOOGL,2025-09-05,0.025597275288304244,1,0.10375273068187796,0.14027854684401198,0.1667163607839992,0.3041788522414923,0.34539420114542585,0.35485720558419387,0.10375273068187796,0.04372196293632303,0.04124495295907699,213.99263763427734,193.8613484700521,0.09569882363880233,0.2094802969941354,1.0,0.4618832120364742,0.5249199945405595,1,6.0,False,0.0,0.0
347.18230266311,350.4821064829821,338.1278309918862,341.1294250488281,18889000,V,2025-09-05,-0.011042545671104742,0,-0.02433342658123938,-0.019483440926050255,0.02091565158518205,-0.01180140213313352,-0.025580441119821606,-0.0026787642888173036,-0.02433342658123938,0.021371162354750624,0.028288641096065926,345.2615966796875,344.62330118815106,-0.01196823414650705,-0.010138246970756715,0.5418082664555195,-0.24876486069696757,0.503281280273059,1,7.0,False,0.0,-0.0
228.6032698757151,240.63920029193574,226.32970313085187,239.0137939453125,212923200,AAPL,2025-09-05,-0.023446872601188606,0,0.03252341633242395,0.05237964388146765,0.04626996997652899,0.13639892457134217,0.22149153366590046,0.005047370468522994,0.03252341633242395,0.02072203153415346,0.04608784590548152,232.13825225830078,217.12335968017578,0.029618305557678193,0.10082026317841386,1.0,-0.04811300247054595,0.49635781855640027,0,8.0,False,0.0,-0.0
724.3388175548104,759.3765729399474,720.0389186102121,750.68701171875,38152700,META,2025-09-05,0.004173016644258842,1,0.018613766660725783,-0.0031001408388601215,-0.021903062344330038,0.048696123281601,0.10274126681434725,0.20464621954741946,0.018613766660725783,0.0295786731313229,0.03270855734084593,756.0169830322266,733.2729034423828,-0.007050068230080142,0.02374846826415622,0.8846325518062841,-0.19735851815308747,0.48126474174753037,0,9.0,False,0.0,0.0
328.2300109863281,355.8699951171875,325.6000061035156,350.8399963378906,316826100,TSLA,2025-09-05,0.12854864489304196,1,0.05082817105127013,0.03185196394579948,0.0642803058812138,0.11907111546509452,0.07847898610831505,0.33566824686067,0.05082817105127013,0.03003723844681232,0.04052829487078162,338.8199996948242,325.66000111897785,0.03547605411101129,0.07731988924766187,1.0,-0.13071651538227902,0.475106731255108,0,10.0,False,0.0,0.0
175.30904455833596,177.37487259095406,172.31409366624945,176.00094604492188,34292500,JNJ,2025-09-12,-0.010501978516780808,0,-0.0020735631726459536,0.0050234626629763746,0.015438016444527802,0.09570533288191907,0.1974563806214349,0.11113981825870911,-0.0020735631726459536,0.008963165842431788,0.015842032355982385,175.8535614013672,166.11366017659506,0.0008381100864844893,0.059521208898868805,0.9875557452455906,-0.07757464739102304,0.5822152342117239,1,1.0,True,0.5,-0.005250989258390404
235.15054099905157,241.9213539288796,232.91357479962468,240.4733123779297,163047700,GOOGL,2025-09-12,0.057807342151248386,1,0.025597275288304244,0.13200579317935945,0.18202737982661632,0.3023633282251379,0.4463235330557238,0.458137187586654,0.025597275288304244,0.04136112035375912,0.03455693683244859,223.25061416625977,200.04535547892252,0.07714513250496058,0.20209395415464582,1.0,-0.0682820862204091,0.5748308742143391,1,2.0,True,0.5,0.028903671075624193
499.0,499.6499938964844,486.2699890136719,493.739990234375,21077300,BRK.B,2025-09-12,-0.0018025360482486485,0,-0.012065547975774749,-0.01837055260672038,0.034660472766643524,0.04208527428269848,0.01833553474053451,-0.04053631236148181,-0.012065547975774749,0.020905562557968726,0.01872934034932724,496.37249755859375,483.77833048502606,-0.005303491505203706,0.020591372373710115,0.3809139605215717,0.017020876207203495,0.549864315342257,1,3.0,False,0.0,-0.0
496.04724781279185,510.42747218178897,492.9800158612091,507.7884521484375,95299800,MSFT,2025-09-12,0.01574822173069257,1,0.030100988727103317,0.00633525300067217,-0.01813201863796421,0.0013493580890171497,0.06983299077553262,0.31685164797463927,0.030100988727103317,0.025207421360342465,0.01875408921325801,502.6149673461914,506.25235239664715,0.010293137169316902,0.003034257015336994,0.9189245575210122,-0.05112651581737082,0.5182081532161302,1,4.0,False,0.0,0.0
290.65798581164114,303.13626220753474,287.2574854579185,302.5054626464844,38613200,JPM,2025-09-12,0.02564267597908465,1,0.04256395979347083,0.018213831397537072,0.05652530880652429,0.05369603653989685,0.1214131039665729,0.3349169186680323,0.04256395979347083,0.027428910600283667,0.02684890099993974,295.43589782714844,289.6208318074544,0.023929268146933635,0.04448792843601779,1.0,0.1492083664126227,0.5135517096741722,1,5.0,False,0.0,0.0
234.94000244140625,238.85000610351562,226.2899932861328,228.14999389648438,197870400,AMZN,2025-09-12,0.014595669165634817,1,-0.017991683818820436,-0.0037118170459197186,-0.012465934718563387,0.008932865918075183,0.08803467614168392,0.1525637656672385,-0.017991683818820436,0.014001269548116094,0.03403811144757976,229.57999801635742,226.3408342997233,-0.006228783570993657,0.007993076469645644,0.9318439946229751,0.2118408251794377,0.5125498817947721,1,6.0,False,0.0,0.0
340.25479170697463,344.2105390887196,334.39069573479895,337.36248779296875,24591600,V,2025-09-12,0.0064224301459634425,1,-0.011042545671104742,-0.03510726927798624,-0.014631193120785535,-0.025849411448714332,0.0043040457266700916,0.026497841555602752,-0.011042545671104742,0.017791050500041587,0.025796047070762454,344.00926971435547,344.74378458658856,-0.019321519815166055,-0.021410964094599527,0.4759039650432501,0.015083891699783303,0.5094493301457884,1,7.0,False,0.0,0.0
354.6400146484375,396.69000244140625,343.82000732421875,395.94000244140625,473058400,TSLA,2025-09-12,0.07609740035618495,1,0.12854864489304196,0.18591070845534463,0.1977855922243692,0.20109209698859587,0.22901663130311922,0.5838867477738239,0.12854864489304196,0.06119782303194656,0.053049675143195314,355.16500091552734,331.80833435058594,0.11480579849019779,0.1932792562801009,1.0,0.23843023868057744,0.49221867734375174,0,8.0,False,0.0,0.0
754.2286352813065,764.71401930554,742.0173423532742,753.8196411132812,52737000,META,2025-09-12,0.03016181991762168,1,0.004173016644258842,0.0228644588630722,-0.03774690661870428,0.07285451352549632,0.10733498257217433,0.24452169184915928,0.004173016644258842,0.025647222678984487,0.032630338442622656,748.6243438720703,739.3619384765625,0.006939792011490864,0.019554296595938547,0.8956835686397873,0.10795391876433214,0.47779875076032263,0,9.0,False,0.0,0.0
238.62490021245955,239.47249309970456,225.31256565050364,233.40966796875,304787000,AAPL,2025-09-12,0.04883152850385852,1,-0.023446872601188606,0.008313971331933345,0.010708661916775997,0.10964894749827048,0.16584888670065623,0.0990817332294276,-0.023446872601188606,0.027179769028125734,0.047530835583097245,232.75650787353516,219.89035161336264,0.0028061947705870782,0.061482080756133595,0.8914432235514931,0.34822325414948563,0.4620361027422931,0,10.0,False,0.0,0.0
244.32807821701437,255.65269769422878,244.32807821701437,254.3744354248047,213412400,GOOGL,2025-09-19,-0.03211374123063826,0,0.057807342151248386,0.0848843278902831,0.23707032490057456,0.31974244306221533,0.4280391145046851,0.556536757038582,0.057807342151248386,0.0352569516061036,0.03334603007225367,235.4375991821289,206.39918518066406,0.08043250656844614,0.23243914554288203,1.0,0.09572071219248346,0.5924622434860586,1,1.0,True,0.5,-0.01605687061531913
175.7044094043786,176.92019676144542,171.32565957029007,174.152587890625,53264200,JNJ,2025-09-19,0.019978421597888207,1,-0.010501978516780808,-0.012553765173534459,-0.010077152002420209,0.054564821203977765,0.1645119493630125,0.0939608489353898,-0.010501978516780808,0.007323230072666548,0.01745934871021169,175.4103546142578,168.16388829549155,-0.007170424610330128,0.035612280709222954,0.9246599987850146,0.3657644767696038,0.5878577110609098,1,2.0,True,0.5,0.009989210798944104
493.6000061035156,495.989990234375,487.20001220703125,492.8500061035156,24175700,BRK.B,2025-09-19,0.014568312035839082,1,-0.0018025360482486485,-0.013846335438855162,0.007873223115573813,0.018137869825544106,0.014762834656276924,-0.05568003781557962,-0.0018025360482486485,0.018161333312016234,0.0187561734217112,497.33499908447266,484.3758316040039,-0.009018052196634652,0.017495039897943654,0.36895180724374155,0.11964579924996332,0.5745129855847538,1,3.0,False,0.0,0.0
423.1300048828125,432.2200012207031,402.42999267578125,426.07000732421875,557828400,TSLA,2025-09-19,0.03363293901455311,1,0.07609740035618495,0.2144282629448977,0.2531101881909783,0.3480668563418263,0.3165343166450223,0.7131196808433948,0.07609740035618495,0.06091961835524065,0.05530370938427357,376.6800003051758,340.3450012207031,0.13111927094358222,0.25187678912882183,1.0,0.29306357014802487,0.5384240344532232,1,4.0,False,0.0,0.0
338.5352670540036,344.09124755859375,331.4388219565332,339.5291748046875,36859600,V,2025-09-19,-0.012411632462951516,0,0.0064224301459634425,-0.004691035503347707,-0.02408307891628647,-0.041533107048708606,-0.01835556505718461,0.021210109654163034,0.0064224301459634425,0.014562739483664927,0.02424802924534098,341.9145965576172,344.21471913655597,-0.00697665960139171,-0.013612271850610869,0.5138111517542179,0.35980292604285125,0.5301616400539619,1,5.0,False,0.0,-0.0
506.68306017742736,517.1495391803752,503.8348693472275,515.7852172851562,124060100,MSFT,2025-09-19,-0.012492152947267243,0,0.01574822173069257,0.04632324750258321,0.02109498719315339,0.009872234917388978,0.0460569571166316,0.3283592447712298,0.01574822173069257,0.022873754809518195,0.01604581068085238,505.27889251708984,508.1448160807292,0.020793120242423413,0.015035873559346102,0.9676922083386917,0.21014556900133563,0.5281304552544195,1,6.0,False,0.0,-0.0
230.6300048828125,235.89999389648438,228.7100067138672,231.47999572753906,250137300,AMZN,2025-09-19,-0.050544311232896044,0,0.014595669165634817,-0.0036586153179378744,0.011536442194966634,0.00017280196038260698,0.036632299883512465,0.17975632132313235,0.014595669165634817,0.015422970545677053,0.029073259145317904,230.23999786376953,227.02250035603842,0.005385675274820034,0.019634597295466127,0.9861404520114457,0.3483387544981158,0.5238636095550389,1,7.0,False,0.0,-0.0
302.7617353660041,311.2678631029987,302.72231251567524,310.26251220703125,57924700,JPM,2025-09-19,0.004066223375531974,1,0.02564267597908465,0.06929808960192618,0.06258438387931631,0.05411565877809177,0.1016562419441509,0.3170746115596572,0.02564267597908465,0.02798235127010676,0.025198739024268786,300.00437927246094,292.0066426595052,0.034193277309642056,0.06251867896311292,1.0,0.46316431603502517,0.5117205757409369,1,8.0,False,0.0,0.0
755.6951631721865,788.9470955167301,750.2280226983954,776.5562133789062,66369000,META,2025-09-19,-0.04384490662925855,0,0.03016181991762168,0.034460702338417804,0.03125372846890273,0.09218726795596943,0.06099804105046269,0.3064635309179635,0.03016181991762168,0.022195370598176587,0.02631315458206002,754.5080261230469,743.0823669433594,0.029221938657367774,0.045047289405130586,0.9758916658000258,0.3505033178075001,0.482387454513016,0,9.0,False,0.0,-0.0
236.33138325533858,245.60516498271895,234.3669397384463,244.8074188232422,360619500,AAPL,2025-09-19,0.040570257519790154,1,0.04883152850385852,0.024239709274918697,0.07788902049599677,0.14914266432622236,0.22229260042753607,0.12750679774120544,0.04883152850385852,0.030953022951071288,0.04833369982543023,237.17899703979492,223.60051600138345,0.032163142093763586,0.09484281700730746,1.0,0.344791661325486,0.45982169167461445,0,10.0,False,0.0,0.0
431.1099853515625,444.9800109863281,419.0799865722656,440.3999938964844,472039700,TSLA,2025-09-26,-0.024000925228675696,0,0.03363293901455311,0.11228971859608361,0.31907628818787725,0.4552423315296201,0.39654347668514167,0.671030219293502,0.03363293901455311,0.04137031621179035,0.05302000051777778,403.3125,350.7658335367839,0.09195721406225776,0.2555384583952096,1.0,0.03759093406433389,0.5740181304920424,1,1.0,True,0.5,-0.012000462614337848
174.05373018239203,177.82956594360434,172.10650962439226,177.6318817138672,39330500,JNJ,2025-09-26,0.04969108645498954,1,0.019978421597888207,0.009266630126687048,0.014336643360116419,0.08186873527405769,0.1603684740703173,0.11527116975794582,0.019978421597888207,0.013059314317289647,0.01728704072653574,176.03801727294922,170.20968627929688,0.009054092210358577,0.043606187149603404,1.0,-0.020633542189975485,0.5647608964576466,1,2.0,True,0.5,0.02484554322749477
336.9450628699698,343.15700297065035,332.4724678359285,335.3150634765625,35989800,V,2025-09-26,0.03696228950369895,1,-0.012411632462951516,-0.006068915159478827,-0.040963121398736035,-0.0040853189199066,-0.05822969601013739,-0.01261513202974307,-0.012411632462951516,0.012669915504458062,0.022371340931783133,338.3340377807617,342.4870071411133,-0.008923058182385701,-0.0209407758980934,0.44008333408971867,0.23750709189375052,0.5519874931237122,1,3.0,False,0.0,0.0
490.57000732421875,502.1000061035156,489.2300109863281,500.0299987792969,18091300,BRK.B,2025-09-26,-0.002559843974204945,0,0.014568312035839082,0.012739516079983915,-0.005865068477068025,0.057503600905149055,0.0309896882047358,-0.0499325471703036,0.014568312035839082,0.011456026949349659,0.019104050236319777,496.59749603271484,485.6283315022786,0.006912041993775819,0.029655739467396858,0.46545709306098304,-0.08081887107366004,0.5490193443786815,1,4.0,False,0.0,-0.0
254.08482475081846,255.4329993925613,240.41339128252798,246.2055206298828,136643100,GOOGL,2025-09-26,-0.004826800823658606,0,-0.03211374123063826,0.023837190893533977,0.15898963136396227,0.3047136856008197,0.37448062971155816,0.6008500853686838,-0.03211374123063826,0.057105752188738375,0.03744447259804853,243.88118743896484,211.9891268412272,0.009530596497934862,0.1614063621965034,0.9252461805397498,-0.282934904361566,0.5388760474146236,1,5.0,False,0.0,-0.0
513.4549348866175,515.5959951267806,502.94857891661616,509.3419494628906,85342200,MSFT,2025-09-26,0.011515976790336557,1,-0.012492152947267243,0.0030593395889180197,0.009413974279900872,-0.02253191624685813,0.02698414222073886,0.3549135974652171,-0.012492152947267243,0.024603278395544943,0.016701114922824754,506.46644592285156,509.2600682576497,0.005677579557712864,0.00016078465669022712,0.9283984401825879,-0.11717895569845316,0.5295578398752884,1,6.0,False,0.0,0.0
305.35395817376326,313.2489940185383,305.11741210895696,311.52410888671875,37756400,JPM,2025-09-26,-0.019078622675382184,0,0.004066223375531974,0.029813168203093987,0.04857001161970853,0.09223479231106024,0.06777020814570522,0.3157866277671757,0.004066223375531974,0.028478412564916417,0.023665154411619014,303.6118469238281,293.65431722005206,0.02606045199835605,0.06085315494706589,1.0,-0.08066273589786976,0.5141599498470784,1,7.0,False,0.0,-0.0
247.5995237986898,256.87328100426123,247.42002368458668,254.73931884765625,309374700,AAPL,2025-09-26,0.010021087063142975,1,0.040570257519790154,0.0913828937101353,0.10045661980060383,0.2637114305105397,0.19761146234086158,0.17524234196163002,0.040570257519790154,0.03272866764843864,0.046930107509914096,242.99254989624023,227.1032803853353,0.04834209508247045,0.12168929667343331,1.0,0.041924909935502574,0.47689305153606887,0,8.0,False,0.0,0.0
230.55999755859375,230.57000732421875,216.47000122070312,219.77999877929688,260256100,AMZN,2025-09-26,-0.0012285206750414224,0,-0.050544311232896044,-0.036686370112221534,-0.04026201406420582,0.023422578716167042,-0.016248175208405602,0.14041094534658405,-0.050544311232896044,0.03117076429103471,0.03300438787359274,227.93499755859375,226.71999994913736,-0.03577773868271594,-0.030610449767984327,0.7953692698994334,0.19322721310378066,0.4611102845960123,0,9.0,False,0.0,-0.0
780.5445827585347,784.4181095052566,736.1188402620083,742.5081787109375,51695100,META,2025-09-26,-0.04462520881191634,0,-0.04384490662925855,-0.015005528889693531,0.007515836675361598,-0.007677309434993118,0.03510652355352106,0.2914390683318895,-0.04384490662925855,0.03253346109453439,0.029147719089910797,755.8927612304688,745.1809336344401,-0.017706985972115064,-0.0035867194165406513,0.8557799778613628,-0.010401342306289751,0.45800718243751226,0,10.0,False,0.0,-0.0
509.3817950243417,519.4399047558908,506.77264973451184,515.20751953125,96313500,MSFT,2025-10-03,-0.012351264518146832,0,0.011515976790336557,-0.0011200355003327944,0.045151328320556905,-0.007354795904795819,0.029564504664878033,0.4427295015499093,0.011515976790336557,0.017695105866501568,0.016808319854127438,512.0307846069336,510.49294026692706,0.006204187364935665,0.00923534664721859,0.9623604420809343,-0.03930420661939338,0.5572152231996528,1,1.0,True,0.5,-0.006175632259073416
500.0,503.7799987792969,493.2200012207031,498.75,21656700,BRK.B,2025-10-03,-0.01928821076127818,0,-0.002559843974204945,0.01197117545585491,-0.0020409168939593547,0.07165880219356735,0.04810241531766213,0.010556371043633161,-0.002559843974204945,0.011056680605330958,0.01797864046750072,496.3424987792969,487.53583272298175,0.004850483741819733,0.023001729358814504,0.4482528069816349,0.019126833801955234,0.5442179277254491,1,2.0,True,0.5,-0.00964410538063909
444.3500061035156,470.75,416.5799865722656,429.8299865722656,522169000,TSLA,2025-10-03,-0.03801502186526362,0,-0.024000925228675696,0.008824792131368442,0.22514533992384522,0.3038980571230936,0.3710247621554399,0.7952219843831774,-0.024000925228675696,0.06466327086642282,0.05436195825538257,423.05999755859375,360.4591649373372,0.016002432403773303,0.1924512632297417,0.9468923911518496,0.031396297112901594,0.5314374149759498,1,3.0,False,0.0,-0.0
177.75048125277442,187.58541956236877,177.72082937376246,186.45860290527344,49633100,JNJ,2025-10-03,0.01102632942357018,1,0.04969108645498954,0.0706622575277327,0.05722141496656308,0.0963169996117057,0.21111947282919008,0.2506767558012064,0.04969108645498954,0.02688247490367634,0.020121532723288243,178.56100463867188,172.91827138264975,0.04422913212536406,0.07830480500617765,1.0,0.12470010531366649,0.5081995070209508,1,4.0,False,0.0,0.0
335.32497778101134,351.0088606603595,333.5061075720199,347.7090759277344,34160900,V,2025-10-03,-0.01769376510644316,0,0.03696228950369895,0.02409189468843831,0.019287843251764247,0.04060691264622984,0.007258817524135708,0.12106024458660447,0.03696228950369895,0.02297925345721305,0.023752810118438522,339.9789505004883,342.69582112630206,0.022737070680012517,0.014628876374843891,0.519773610174837,0.03831023716222948,0.4956506861586075,0,5.0,False,0.0,-0.0
312.50978831201064,313.4461666504931,301.74652271909054,305.5806579589844,41150800,JPM,2025-10-03,-0.02476254752819429,0,-0.019078622675382184,-0.015089977241345753,0.05316240576561859,0.07365980527742311,0.08077116195614265,0.48147046188969655,-0.019078622675382184,0.026723016433524895,0.022205602451927407,307.4681854248047,295.5574417114258,-0.006138935848639004,0.0339129212565894,0.9292355308089143,-0.06179653920229178,0.4939938926561395,0,6.0,False,0.0,-0.0
747.4698158948381,749.5264347617783,708.9942257916973,709.3735961914062,73462800,META,2025-10-03,-0.007402616521560046,0,-0.04462520881191634,-0.08651352732750528,-0.05503414190256717,-0.07573178800573854,-0.00901796797975063,0.40983624255772044,-0.04462520881191634,0.037005753798822184,0.03227703228548028,745.5644073486328,744.6429901123047,-0.0485414952759452,-0.04736416563268686,0.7388906867649836,0.20300707554411446,0.4808908748594557,0,7.0,False,0.0,-0.0
253.84185736381545,258.5086431914624,252.29622703166862,257.2920837402344,218331700,AAPL,2025-10-03,-0.04941473359991466,0,0.010021087063142975,0.050997902665713246,0.07647378627487922,0.1262821960463385,0.22330365305201383,0.37303085642014855,0.010021087063142975,0.03285094534155551,0.04620228616461639,247.5621223449707,231.01715342203775,0.03930311027833744,0.1137358413822882,1.0,-0.2680266888405951,0.4791905528875949,0,8.0,False,0.0,-0.0
247.51375020937843,250.80926093832198,238.2862890899911,245.0171356201172,154621200,GOOGL,2025-10-03,-0.035785585538120834,0,-0.004826800823658606,-0.036785535421674065,0.04497627701825602,0.21919091902835208,0.36283596158125686,0.6886451239337941,-0.004826800823658606,0.038780459492914365,0.03801208478535289,246.5176010131836,217.42515818277994,-0.0060866460930153465,0.1269033338549621,0.9097976566277262,-0.07374240030767187,0.47387431699904314,0,9.0,False,0.0,-0.0
220.0800018310547,224.1999969482422,216.61000061035156,219.50999450683594,221487000,AMZN,2025-10-03,-0.01430458506776855,0,-0.0012285206750414224,-0.051710737176582144,-0.05518016279938387,-0.014279976198783517,-0.024486755226230117,0.28368417840254945,-0.0012285206750414224,0.02788111964732139,0.03290679286473686,224.72999572753906,226.2608324686686,-0.023227879321600753,-0.029836529319618332,0.785331428965637,-0.04711240904552061,0.46100887822561043,0,10.0,False,0.0,-0.0
499.5,504.9700012207031,489.05999755859375,489.1300048828125,17457500,BRK.B,2025-10-10,0.006726245603579484,1,-0.01928821076127818,-0.02179867992539264,-0.009336868478840854,0.024999984012166188,0.032355461132984153,-0.06674167912539608,-0.01928821076127818,0.013825710114480652,0.019097756811767667,495.19000244140625,488.81333414713544,-0.012237721942520041,0.0006478357146897373,0.3189517867346148,-0.1419394159830526,0.5889140290933083,1,1.0,True,0.5,0.003363122801789742
516.4623876768178,528.8309994124726,507.5195762105422,508.84405517578125,91844600,MSFT,2025-10-10,0.005127624761287253,1,-0.012351264518146832,-0.000977524603332669,0.0020788244058673744,-0.016090887514969232,0.003430987573412203,0.3199628183100349,-0.012351264518146832,0.01514118868451193,0.01694391485363107,512.2946853637695,510.63792928059894,-0.006735635341479362,-0.003513005991045204,0.9215943879471147,-0.07591802402855008,0.5601380488729939,1,2.0,True,0.5,0.0025638123806436264
440.75,453.54998779296875,411.45001220703125,413.489990234375,440260900,TSLA,2025-10-10,0.06244409280520524,1,-0.03801502186526362,-0.06110355139658463,0.044324866607955205,0.25087727882464494,0.2543303439714846,0.6388173050429782,-0.03801502186526362,0.05283310016580206,0.056919631278019606,427.44749450683594,367.4458312988281,-0.03265314325579172,0.12530869862584204,0.8647942328937573,-0.11607420175094285,0.5024269619412848,1,3.0,False,0.0,0.0
185.8260079631804,189.87860099777504,180.82451166041724,188.51455688476562,37416900,JNJ,2025-10-10,0.01310818981601014,1,0.01102632942357018,0.06126532616722735,0.07109967941109718,0.0876353338755742,0.17360963077885305,0.27705084691451054,0.01102632942357018,0.024956084341844768,0.01824452450684813,181.6894073486328,175.24215189615884,0.037564928169072864,0.0757375143194512,1.0,-0.16686882496394273,0.49704010918448055,0,4.0,False,0.0,0.0
347.8780607479444,352.83766108671625,341.15923571248493,341.5567932128906,24438700,V,2025-10-10,-0.0051215438558495086,0,-0.01769376510644316,0.018614522328980865,0.012432637212753228,-0.002380460224092662,-0.013738150590666187,0.03427243513741751,-0.01769376510644316,0.024701493204828184,0.024324572626986257,341.02752685546875,342.2993443806966,0.0015519754733646085,-0.002169303505823006,0.36910763904977856,-0.2563290705901148,0.4919844351748986,0,5.0,False,0.0,-0.0
307.21486689804453,308.7698659390142,297.9344502139145,298.0137023925781,37816300,JPM,2025-10-10,-0.011067131181560663,0,-0.02476254752819429,-0.043368734902804906,-0.014848526088123704,0.040837465195947775,0.038050203452381526,0.28623832329950316,-0.02476254752819429,0.023103595227775237,0.02375243700523808,306.3452453613281,296.46776072184247,-0.027196579985836244,0.005214535526465225,0.8391411394258614,-0.13388629255841167,0.4860457732750157,0,6.0,False,0.0,-0.0
257.2621558739689,258.33912604890287,243.3116425485481,244.57806396484375,213437900,AAPL,2025-10-10,0.028621467485632657,1,-0.04941473359991466,-0.039888835884378415,0.04784890057591373,0.05906996019204658,0.16274442966128255,0.24082938881171234,-0.04941473359991466,0.044525268294861226,0.04998954947647883,250.35422134399414,233.86986668904623,-0.023071939223320626,0.045786990121455595,0.797527197017726,-0.22510469122329124,0.469149467724955,0,7.0,False,0.0,0.0
244.44791178946252,250.97904766602093,235.52003337107624,236.24905395507812,134455500,GOOGL,2025-10-10,0.07071903835593751,1,-0.035785585538120834,-0.04043965646802905,-0.017566433385392433,0.16126337459918205,0.27948544957629307,0.5086434015392767,-0.035785585538120834,0.0432868139320256,0.042080996924010516,245.4615364074707,221.72559611002603,-0.03753126696436748,0.06550194519646335,0.825275248499925,-0.15851212002775017,0.4641321987432921,0,8.0,False,0.0,0.0
221.0,228.25,216.0,216.3699951171875,240351200,AMZN,2025-10-10,-0.015390312456452837,0,-0.01430458506776855,-0.015515532264306242,-0.05163269381739133,-0.06345497874548356,-0.04316105583017582,0.1703900082868095,-0.01430458506776855,0.027756673576010613,0.033030256326936146,221.78499603271484,225.4474983215332,-0.02441554213490882,-0.04026437761309454,0.7327527396577759,-0.011136029727896068,0.44308798826981827,0,9.0,False,0.0,-0.0
704.0125981338592,734.0423674154782,689.3571155710283,704.1223754882812,74205500,META,2025-10-10,0.016475241153152353,1,-0.007402616521560046,-0.05169748202544722,-0.06592726285508355,-0.10118561923917024,0.0021241520070383046,0.29940777096317217,-0.007402616521560046,0.03558481989319664,0.03186708420614841,733.1400909423828,744.7673645019531,-0.03958004181274821,-0.05457407366507305,0.7203658882401462,0.11699589511854791,0.4401649937198427,0,10.0,False,0.0,0.0
488.1499938964844,497.05999755859375,485.79998779296875,492.4200134277344,17854300,BRK.B,2025-10-17,-0.0006498666087740856,0,0.006726245603579484,-0.012691702400532634,-0.0008724615409478886,0.006993892490254394,0.0172495836907387,-0.0497674831658943,0.006726245603579484,0.014560098228585344,0.018223777028785113,495.08250427246094,489.50916798909503,-0.005377873024697499,0.005946457449606202,0.3631723353209412,-0.048529305966709235,0.5552689320228432,1,1.0,True,0.5,-0.0003249333043870428
423.5299987792969,441.4599914550781,417.8599853515625,439.30999755859375,390301900,TSLA,2025-10-17,-0.012724491518418146,0,0.06244409280520524,0.022055257386595306,0.03107468257980428,0.29205018952653194,0.3899576059990031,0.8200688007857166,0.06244409280520524,0.047474857342582964,0.05451675415581472,430.7574920654297,377.71666463216144,0.019854571657374587,0.16306755484673907,0.9929881217994085,-0.1444366596036819,0.5516572440948077,1,2.0,True,0.5,-0.006362245759209073
514.2714771071726,515.0482722356254,503.9045484424133,511.4532165527344,79090600,MSFT,2025-10-17,0.019529516121169488,1,0.005127624761287253,-0.007286972406636005,-0.008398846239183522,0.012518967400117154,0.0013904732950973386,0.4012961695605841,0.005127624761287253,0.012257088185050027,0.016879836104364974,511.21168518066406,510.69711049397785,0.00047246840999926043,0.001480537177947161,0.9271633532275101,-0.10274939029906893,0.5514805232523856,1,3.0,False,0.0,0.0
187.63484024575644,192.15198752359413,183.73052212206747,190.9856414794922,49442000,JNJ,2025-10-17,-0.014594810742835307,0,0.01310818981601014,0.024279054458638205,0.09665692478505705,0.08560574625949124,0.15649581380805788,0.24663030090792892,0.01310818981601014,0.017906675657966144,0.01766385898819035,185.8976707458496,177.39581680297852,0.0273697390248564,0.0766073570472463,1.0,0.12481622090460553,0.5241933194118938,1,4.0,False,0.0,-0.0
302.6786918104351,309.13634876005415,291.3876792596173,294.7155456542969,59025200,JPM,2025-10-17,0.009678646246613631,1,-0.011067131181560663,-0.03555562834787085,-0.0501090719666456,0.00933926651687389,0.0012949013712122426,0.29525417845604474,-0.011067131181560663,0.012516175458469461,0.023015549119852794,302.45850372314453,296.49952189127606,-0.025600067359769718,-0.006016792963441486,0.7685418590553754,0.3433999796300058,0.5199051033352434,1,5.0,False,0.0,0.0
341.62634788123336,347.9476255421836,332.13456706821194,339.8074951171875,26048500,V,2025-10-17,0.01605792715674048,1,-0.0051215438558495086,-0.022724689568324852,0.0008197242922058923,-0.023283096108899448,-0.04074742845328139,0.040806860935199696,-0.0051215438558495086,0.024891806835594523,0.023151912565076704,341.09710693359375,341.09647369384766,-0.003780776178372358,-0.003778926714490427,0.22123664459771386,-0.13630790986912078,0.4885516154112091,0,6.0,False,0.0,0.0
217.6999969482422,220.67999267578125,211.02999877929688,213.0399932861328,217786300,AMZN,2025-10-17,0.05243153295039771,1,-0.015390312456452837,-0.029474745490468468,-0.07966132184964636,-0.06904388788937288,-0.07950228552184613,0.23422740590244007,-0.015390312456452837,0.02112243513279409,0.03207213472234073,217.17499542236328,223.9141642252604,-0.01903995498279487,-0.04856401548670253,0.554914393750022,-0.07313205528446909,0.47483120122619454,0,7.0,False,0.0,0.0
248.67648318296307,252.66518358811555,244.00966795095763,251.5782470703125,196438500,AAPL,2025-10-17,0.04173785220160431,1,0.028621467485632657,-0.02220758830532321,0.02765777393355484,0.10770103135033593,0.18092539235355987,0.2839248211511629,0.028621467485632657,0.03993908239984517,0.050170538665174735,252.04692840576172,237.08181762695312,-0.00185950028597337,0.06114526026694045,0.9090062351026633,-0.1619364177755821,0.4723244564737708,0,8.0,False,0.0,0.0
239.8841293059291,256.6113736152233,239.38480762364867,252.95635986328125,131783100,GOOGL,2025-10-17,0.02613515418378909,1,0.07071903835593751,0.03240273062155663,-0.0055747565951557165,0.23017395894816373,0.3123852001738474,0.6792371297554038,0.07071903835593751,0.04944820117561943,0.04404390988576389,245.10701751708984,226.7431666056315,0.03202414368101114,0.11560742336831553,0.9861180216862686,-0.05447594981120274,0.4672144428675412,0,9.0,False,0.0,0.0
711.8194939498104,724.2786798244232,698.1623510959027,715.7229614257812,49577800,META,2025-10-17,0.02990575542973306,1,0.016475241153152353,0.008950664739235448,-0.07833721616678702,-0.04953181778097093,0.006628357851490074,0.4316738162422338,0.016475241153152353,0.02979947994255901,0.032040062219958754,717.9317779541016,745.1601003011068,-0.0030766384719935758,-0.039504448592229346,0.7154713998275366,-0.20338136073900182,0.4667503069482927,0,10.0,False,0.0,0.0
492.3599853515625,495.70001220703125,488.1099853515625,492.1000061035156,16925600,BRK.B,2025-10-24,-0.029587476890888254,0,-0.0006498666087740856,0.006072007832385262,-0.015859033848249937,-0.02163108800581781,0.04073261550374818,-0.07318821429298095,-0.0006498666087740856,0.010985841541962929,0.01651957311960248,493.1000061035156,491.11416880289715,-0.002027986184591657,0.002007348521468,0.3588711612554703,-0.08379153410082807,0.5867091438775444,1,1.0,True,0.5,-0.014793738445444127
295.6465484229892,301.1434582480101,287.76267234049385,297.5679931640625,34988800,JPM,2025-10-24,0.0355478802154674,1,0.009678646246613631,-0.0014955997826183731,-0.0447994724149301,0.0015946283090284563,0.04330324986229406,0.24555574865590346,0.009678646246613631,0.01507652438998235,0.020878182419752915,298.96947479248047,297.5287577311198,-0.004687708099265886,0.00013187106094170176,0.7813592079832762,-0.1909220140234974,0.5750128473544776,1,2.0,True,0.5,0.0177739401077337
512.4788764440519,523.1744351060786,510.91543308707116,521.441650390625,78770400,MSFT,2025-10-24,-0.011076984303489246,0,0.019529516121169488,0.02475728091289553,0.023755555458359057,0.03339316392634961,0.0006883810255156053,0.34090479251078465,0.019529516121169488,0.013552316165167822,0.016803884680199124,514.2366104125977,510.7270024617513,0.014011137737249824,0.020979207829678437,1.0,-0.08940980425647027,0.5703732957875102,1,3.0,False,0.0,-0.0
339.8174432876053,347.5202328604371,336.8754814672657,345.26409912109375,24655100,V,2025-10-24,-0.019114581777317174,0,0.01605792715674048,0.010854141922723715,0.029670708918887234,-0.012507817331279814,0.025464175690467217,0.039977342906035274,0.01605792715674048,0.024050525238702516,0.018493570492089877,343.58436584472656,341.8109359741211,0.00488885247219395,0.010102553147199878,0.3352661714995286,-0.09773547343536149,0.530558182047503,1,4.0,False,0.0,-0.0
443.8699951171875,451.67999267578125,413.8999938964844,433.7200012207031,423592300,TSLA,2025-10-24,0.05266069416583874,1,-0.012724491518418146,0.04892503195751208,-0.015168012643867912,0.29906852237041703,0.43316919744508686,0.5220915340954,-0.012724491518418146,0.04488713134022581,0.05155827745904106,429.0874938964844,388.64083099365234,0.010796183505959567,0.11599185322806971,0.9563940690037114,-0.04613735747885195,0.5292874893732009,1,5.0,False,0.0,0.0
191.26240123179355,192.2310644671735,187.2295789564792,188.1982421875,36879700,JNJ,2025-10-24,-0.008035667955270775,0,-0.014594810742835307,-0.0016779324763709358,0.059484594610405006,0.07467404738887207,0.14622325841350658,0.25140245232575253,-0.014594810742835307,0.026448348321791628,0.01864306850170201,188.5392608642578,179.39651489257812,-0.0018087409232145912,0.04906297817542504,0.9366595712441561,-0.14911833938295582,0.5206878830136922,1,6.0,False,0.0,-0.0
254.3444728441902,261.32500504033385,243.81875668908756,259.5674133300781,153248200,GOOGL,2025-10-24,0.08183276595569566,1,0.02613515418378909,0.09870244551088825,0.05427129605384451,0.22188950077105196,0.37552218829756456,0.6082207818949106,0.02613515418378909,0.045450887846689284,0.04173234621890425,248.44749069213867,232.64839808146158,0.04475763714481862,0.11570685837772632,1.0,0.06773081023082761,0.48911015338787256,0,7.0,False,0.0,0.0
255.168106265739,264.5415659974475,254.70938662410154,262.0785827636719,253202800,AAPL,2025-10-24,0.028726828587235076,1,0.04173785220160431,0.07155391826694513,0.02881087987993247,0.13216174328675545,0.30012006873787644,0.2589036101713327,0.04173785220160431,0.04026477601120013,0.04562769970094537,253.88174438476562,242.12334187825522,0.0322860487616774,0.08241766667606365,1.0,0.14907950423576555,0.48162805066452113,0,8.0,False,0.0,0.0
719.9858621042338,741.170406509876,718.9775387090459,737.127197265625,44289300,META,2025-10-24,-0.12190533946416904,0,0.02990575542973306,0.04687370111545763,-0.0072470332308721686,0.0002143359263453437,-0.014868704949266176,0.3511189970224593,0.02990575542973306,0.032680392199887234,0.029305309321606514,716.5865325927734,744.2329711914062,0.028664597698383698,-0.009547781677027745,0.7599754646920198,-0.2665373274476537,0.4743495316099272,0,9.0,False,0.0,-0.0
213.8800048828125,225.39999389648438,213.58999633789062,224.2100067138672,203911000,AMZN,2025-10-24,0.08924666119997204,1,0.05243153295039771,0.03623428281926744,0.020156556370804823,-0.020917001249488254,0.044051253615214,0.18635906765967603,0.05243153295039771,0.03202295027012622,0.028864724568447256,218.28249740600586,224.70249811808267,0.0271552203145089,-0.0021917486825476784,0.8082646057396098,-0.07684071551171401,0.45193340144740923,0,10.0,False,0.0,0.0
187.79299820332676,188.59362910846755,182.5246310788101,186.68594360351562,41870800,JNJ,2025-10-31,-0.012177626658711138,0,-0.008035667955270775,-0.022513199645106563,0.001219255613309933,0.058510438111272656,0.09765369026744941,0.22910178369018164,-0.008035667955270775,0.013789120184993417,0.0177336036204948,188.59609603881836,180.78057098388672,-0.01012827134507377,0.032665969509274584,0.9022943330123692,0.011314575138850813,0.5720318892512428,1,1.0,True,0.5,-0.006088813329355569
346.87419066826493,348.8421615073119,336.1101973568976,338.6645202636719,34920800,V,2025-10-31,-0.013852214747671066,0,-0.019114581777317174,-0.003363595182388379,-0.02601184809435997,-0.007225717291328482,0.013538803708535108,-0.016379582058606568,-0.019114581777317174,0.016280706079016292,0.019332163865884888,341.32322692871094,342.1879247029622,-0.007789410316322742,-0.010296694257545314,0.1363515533377791,0.26911925977007733,0.5707519827113213,1,2.0,True,0.5,-0.006926107373835533
491.9200134277344,492.29998779296875,473.7200012207031,477.5400085449219,29618100,BRK.B,2025-10-31,0.045064263995898246,1,-0.029587476890888254,-0.03021811558639309,-0.042526298656798245,-0.04448042290939136,0.026085119913296984,-0.11533897861428932,-0.029587476890888254,0.01668505683021172,0.0183637012313183,487.7975082397461,492.1258366902669,-0.021028192070597473,-0.02963841167828185,0.24821128070866166,0.44733585403546483,0.566138054989283,1,3.0,False,0.0,0.0
529.577902779321,551.4269140414981,512.9668501497666,515.6656494140625,159773900,MSFT,2025-10-31,-0.04053604438854608,0,-0.011076984303489246,0.008236203674151232,0.0008892142786063317,0.04608069180500385,-0.006472121615724302,0.19374520042190357,-0.011076984303489246,0.015083880006508957,0.017086945810550456,514.3511428833008,510.4470698038737,0.0025556597840785678,0.010223547002030875,0.9328722381370723,0.5607511487144046,0.5647287708434314,1,4.0,False,0.0,-0.0
439.9800109863281,467.0,438.69000244140625,456.55999755859375,409620400,TSLA,2025-10-31,-0.05922553156105537,0,0.05266069416583874,0.03926612209115321,0.06218740390704247,0.30133394802252034,0.3849840922550154,0.5896382825874054,0.05266069416583874,0.049138396043277056,0.04884697046841952,435.7699966430664,399.21666463216144,0.04770865611602937,0.14363962731683189,1.0,-0.015202712144757546,0.5599552249065418,1,5.0,False,0.0,-0.0
264.4607188078389,291.1944142933695,263.92144290721717,280.80853271484375,222698000,GOOGL,2025-10-31,-0.008393057070701482,0,0.08183276595569566,0.1101066320950228,0.14607711825600123,0.1976234002109678,0.3972868150838995,0.717870076742386,0.08183276595569566,0.05340486178927402,0.04335289000330592,257.3953399658203,239.3018595377604,0.0909619915890183,0.17344902065223544,1.0,0.3871271945396404,0.5458370794871378,1,6.0,False,0.0,-0.0
748.4781384032651,757.8924011644837,644.4921293755289,647.2674560546875,195726800,META,2025-10-31,-0.04108891891713495,0,-0.12190533946416904,-0.09564525530202994,-0.08755067917690162,-0.137766544577981,-0.15665209770745658,0.08754615094787765,-0.12190533946416904,0.06919122813181575,0.04429157925839816,701.0599975585938,734.2137959798177,-0.07673029653843622,-0.11842101088430135,0.29375964644836533,1.1520299373775766,0.5295693046994153,1,7.0,False,0.0,-0.0
227.66000366210938,250.5,222.75,244.22000122070312,405996900,AMZN,2025-10-31,0.0007779970537078462,1,0.08924666119997204,0.1463575334077889,0.11256893686951308,0.05117720180751606,0.09668147893151069,0.2855037725706273,0.08924666119997204,0.05170573911899446,0.037073749965088026,224.45999908447266,226.49666468302408,0.08803351250480063,0.07824987870122668,1.0,0.520523003984662,0.5063471448993567,1,8.0,False,0.0,0.0
299.27155593587753,309.8791757592273,298.13255521259686,308.1459045410156,34734400,JPM,2025-10-31,0.009931838382938096,1,0.0355478802154674,0.045570581819503575,0.008394662800862207,0.06200334903656568,0.08267281730556642,0.24406456335718807,0.0355478802154674,0.026273674700075432,0.022672464365411718,299.6107864379883,299.48959096272785,0.028487352556627377,0.028903554044938717,0.9466083313517912,-0.16586407564147743,0.5006803155389455,1,9.0,False,0.0,0.0
264.13276036080543,276.53767519933945,263.90339825112477,269.6072692871094,293563300,AAPL,2025-10-31,-0.007027456363926321,0,0.028726828587235076,0.07166367691463416,0.04786461117594509,0.12799878549602384,0.180191255434486,0.319852926895805,0.028726828587235076,0.0416792151474491,0.029954777532412227,256.9605407714844,245.55363845825195,0.04921661698584212,0.0979567274176103,1.0,0.22747337694070668,0.4746278855005928,0,10.0,False,0.0,-0.0
338.92293292319545,340.02614882560056,331.67732783944683,333.9732666015625,30269100,V,2025-11-07,-0.015910708287446673,0,-0.013852214747671066,-0.03270201723339683,-0.02220282764688375,-0.010046230135361545,-0.024530434922900635,-0.043596964088423396,-0.013852214747671066,0.01549197156884574,0.018270962527542987,339.4273452758789,341.48804728190106,-0.01606847164857461,-0.022005984514401056,0.0,0.044721231130304906,0.5848895129340151,1,1.0,True,0.5,-0.007955354143723337
186.81444554993618,186.8440974299442,183.22640324069272,184.4125518798828,33528000,JNJ,2025-11-07,0.050168790933321716,1,-0.012177626658711138,-0.020115439249669187,-0.021759619377246686,0.047792958072020664,0.06396880298919716,0.22909243530659418,-0.012177626658711138,0.01264882218203866,0.018235357989861832,187.57059478759766,181.70452117919922,-0.016836556451137574,0.014903485522041127,0.8506341324381012,-0.17071737967666434,0.5779475272149969,1,2.0,True,0.5,0.025084395466660858
308.02707397940236,311.83035912038315,302.1834697809128,311.20635986328125,36228800,JPM,2025-11-07,-0.03373535563725227,0,0.009931838382938096,0.04583277439956146,0.044268627129514515,0.02876277717657283,0.08691391084513622,0.2535906271401318,0.009931838382938096,0.019082641027415016,0.022687024458230717,302.90895080566406,301.56336466471356,0.027392419522592748,0.031976679956761345,0.9943043148972088,-0.12160468234398447,0.5417477961785001,1,3.0,False,0.0,-0.0
479.510009765625,500.1600036621094,473.1499938964844,499.05999755859375,31565000,BRK.B,2025-11-07,0.019797228652157273,1,0.045064263995898246,0.01414344923542643,0.02030133620234631,0.010774916817439362,0.04580885329499673,-0.028574751732065917,0.045064263995898246,0.030744845869175995,0.021265161218248407,490.2800064086914,493.94750213623047,0.017908115842242722,0.01035028095142243,0.6882028448545345,0.31571543198941265,0.5341200222298683,1,4.0,False,0.0,0.0
654.90470367213,658.2291607688485,600.1961723842201,620.6719360351562,134155700,META,2025-11-07,-0.019703633235976237,0,-0.04108891891713495,-0.15798529977249487,-0.11851695437920917,-0.17663071883015058,-0.2077103621991786,0.05083326556212153,-0.04108891891713495,0.06907806120545586,0.04358376057946034,680.1973876953125,720.6539408365885,-0.0875120262690866,-0.13873788671073628,0.0,0.2663676850668413,0.5202826921693936,1,5.0,False,0.0,-0.0
517.657371934483,522.7860691817526,491.2073803526309,494.7626037597656,117784000,MSFT,2025-11-07,0.026891053201870907,1,-0.04053604438854608,-0.05116401156461792,-0.027673412458658175,-0.025652116218003562,-0.043319010206599784,0.13634884388754775,-0.04053604438854608,0.025767615590432287,0.020666238462278705,510.8307800292969,508.58014424641925,-0.03145498841829719,-0.027168855573643236,0.6387972565384457,0.0820292826057849,0.4896582186022416,0,6.0,False,0.0,0.0
455.989990234375,474.07000732421875,421.8800048828125,429.5199890136719,471019200,TSLA,2025-11-07,-0.058600259717726644,0,-0.05922553156105537,-0.009683694999562675,0.03876756187062891,0.08481079548721526,0.29937074112404316,0.44008574716802284,-0.05922553156105537,0.057377133359758775,0.054745043933892776,439.7774963378906,407.4633305867513,-0.02332431152033687,0.05413164025130501,0.8324866100377925,0.11185554398501818,0.4771446637920618,0,7.0,False,0.0,-0.0
269.65711516237894,272.6287059365568,265.49886601188945,267.7126159667969,242583900,AAPL,2025-11-07,0.015659328163866615,1,-0.007027456363926321,0.021497495688937995,0.0945896440053533,0.14696455505279027,0.1592470107033761,0.355599290954947,-0.007027456363926321,0.02095353464208501,0.0305811427235073,262.74417877197266,248.61830266316733,0.018909789811694333,0.0768017201432627,0.9747745836987594,-0.01567567485317589,0.47340026376175076,0,8.0,False,0.0,0.0
281.797163766903,287.9588308357049,274.816645004158,278.4516906738281,162527900,GOOGL,2025-11-07,-0.008679017196378203,0,-0.008393057070701482,0.07275288181007467,0.17863621467358204,0.15793178012290743,0.36870706807664977,0.829245335219454,-0.008393057070701482,0.0416384055311823,0.044479420090462914,267.9459991455078,245.55271657307944,0.03920824181672211,0.13397927157917455,0.979540022055098,-0.030056521586041884,0.45557399126056636,0,9.0,False,0.0,-0.0
255.36000061035156,258.6000061035156,238.49000549316406,244.41000366210938,280533300,AMZN,2025-11-07,-0.03976924460972875,0,0.0007779970537078462,0.09009409189314677,0.12959286951841542,0.07126894674826278,0.05791457799207467,0.2659795232201372,0.0007779970537078462,0.04801064046756565,0.03594998612869098,231.47000122070312,227.61166508992514,0.05590358306979115,0.07380262591351605,1.0,0.012547694403901799,0.45401677119505945,0,10.0,False,0.0,-0.0
334.5994181371036,342.84082799232743,327.673606279917,328.6595153808594,27522700,V,2025-11-14,-0.0061813368568593985,0,-0.015910708287446673,-0.02954252448713246,-0.032806750576480304,-0.032013918774670413,-0.05532600395868681,-0.09274883284083746,-0.015910708287446673,0.016319493286069364,0.017722950843746612,336.6403503417969,339.88401794433594,-0.023707303514966083,-0.03302450827598147,0.0,-0.062000874175774046,0.5816003072376756,1,1.0,True,0.5,-0.0030906684284296992
248.33999633789062,251.75,232.88999938964844,234.69000244140625,171589100,AMZN,2025-11-14,-0.059653158866429745,0,-0.03976924460972875,-0.039022187911155415,0.10162415432578165,0.013867318010690965,0.02556373971828707,0.14154388161809806,-0.03976924460972875,0.05674527301575467,0.03808068731041927,236.88250350952148,228.09916559855142,-0.009255647992706728,0.02889461180429964,0.776139990082841,-0.3537318097233195,0.5454837832742105,1,2.0,True,0.5,-0.029826579433214873
497.0799865722656,516.5499877929688,494.20001220703125,508.94000244140625,26303400,BRK.B,2025-11-14,-0.00962784193220989,0,0.019797228652157273,0.06575364018642338,0.03354857350065088,0.03264684211957003,0.040777101107170255,-0.010441164166900552,0.019797228652157273,0.03161672205818361,0.020871099691996728,494.4100036621094,495.60916900634766,0.02938856146047364,0.026897874915804643,1.0,0.007676313377472432,0.5398303914607763,1,3.0,False,0.0,-0.0
183.84914248376896,194.8998519494097,182.97931375749687,193.664306640625,39048800,JNJ,2025-11-14,0.04067772225366806,1,0.050168790933321716,0.03738022746870562,0.014025479299816679,0.11203806378263037,0.10083188718141578,0.3154046180170862,0.050168790933321716,0.031004273735039466,0.02230307748958339,188.24026107788086,183.1827621459961,0.028814481725033536,0.05721905473985123,1.0,0.03216802255772744,0.5325928722488424,1,4.0,False,0.0,0.0
439.6000061035156,449.6700134277344,382.7799987792969,404.3500061035156,420017300,TSLA,2025-11-14,-0.03279339573505624,0,-0.058600259717726644,-0.11435515974738375,-0.07957932132062462,-0.050977540890774886,0.18922971233182606,0.15535171555643923,-0.058600259717726644,0.05278894586879019,0.05956700570487054,431.0374984741211,412.8249969482422,-0.06191454911714078,-0.020529257935873235,0.6765580660224865,-0.025622746410437602,0.5186551938160621,1,5.0,False,0.0,-0.0
268.46122924118225,276.1868935731559,266.96401085683,271.9048156738281,232952800,AAPL,2025-11-14,-0.003377301137839961,0,0.015659328163866615,0.008521826554580114,0.0807962088941443,0.1106886261079818,0.19719907527157687,0.29216840058687077,0.015659328163866615,0.020799138850094292,0.02915021033707535,267.82582092285156,252.35058212280273,0.015230027997007456,0.0774883631594303,1.0,-0.08851741382298861,0.5165978934739147,1,6.0,False,0.0,-0.0
497.96929153220975,511.3735209246628,495.3800584752997,508.0672912597656,124435200,MSFT,2025-11-14,-0.07286914756532314,0,0.026891053201870907,-0.014735048112921034,-0.006620205296176129,-0.014963449449005295,0.005815883969656044,0.12492287770700017,0.026891053201870907,0.03089585090584243,0.021361907472668026,509.9842987060547,508.82495880126953,-0.003758953856330405,-0.0014890534129632371,0.8189269925215882,0.03531320493340284,0.5028679360541034,1,7.0,False,0.0,-0.0
630.0363359130761,633.9397808237388,594.2062431482154,608.4424438476562,98738400,META,2025-11-14,-0.024956561629119745,0,-0.019703633235976237,-0.05998295116470509,-0.14989112178881758,-0.21648628474655185,-0.19199855983835956,-0.04684912143017361,-0.019703633235976237,0.06323353329256452,0.0431149552797611,653.3772583007812,708.6056874593099,-0.06877315346111923,-0.141352582097932,0.0,-0.16484440386356647,0.4986076454092069,0,8.0,False,0.0,-0.0
311.9888313123107,319.16951418656384,298.3504790333013,300.70770263671875,40702900,JPM,2025-11-14,-0.01841186816175633,0,-0.03373535563725227,-0.024138571354294314,0.020332001724302273,-0.030795887979972236,0.02986115422410096,0.1457462951227595,-0.03373535563725227,0.028747795763257932,0.025118689432364543,304.40699005126953,302.2899576822917,-0.0121524391208222,-0.005234229604265894,0.8061147654290732,0.1101681566725694,0.4706306918893312,0,9.0,False,0.0,-0.0
284.03413439651047,291.613842224268,270.3327588398133,276.0350036621094,135370500,GOOGL,2025-11-14,0.08411413232446474,1,-0.008679017196378203,-0.01699923078043286,0.09123567326515047,0.0851522999987464,0.3424097083260549,0.6667196435384386,-0.008679017196378203,0.04266107873086103,0.04548182269239891,273.71566009521484,251.4200922648112,0.008473550859631862,0.09790351747772097,0.9583255514066749,-0.19642896893438044,0.44909628817115305,0,10.0,False,0.0,0.0
329.79483658587384,331.9857491168007,316.6890735893815,326.6279602050781,38172200,V,2025-11-21,0.019696261169238838,1,-0.0061813368568593985,-0.021993695696750137,-0.05397647471444578,-0.0259072860652787,-0.06580916415981086,-0.06882410925342852,-0.0061813368568593985,0.005499746721210854,0.017466626768366328,331.98131561279297,337.96657307942706,-0.016125471994811735,-0.03354950985547378,0.0,0.16658924489321913,0.5831258199510461,1,1.0,True,0.5,0.009848130584619419
268.3214829895084,274.91922505965954,264.8279974843966,270.98651123046875,235974500,AAPL,2025-11-21,0.027109742394044067,1,-0.003377301137839961,0.012229140759201007,0.03398953234888924,0.0637796805625006,0.17064339148437568,0.3932585397961581,-0.003377301137839961,0.016758606459676254,0.029614260352926997,270.0528030395508,255.6423657735189,0.003457502312172789,0.06002191933454282,0.9879536762384853,-0.06086762722564343,0.5207257847116591,1,2.0,True,0.5,0.013554871197022034
510.7300109863281,511.260009765625,495.54998779296875,504.0400085449219,27069300,BRK.B,2025-11-21,0.019383360146104645,1,-0.00962784193220989,0.009978782131788488,0.024263365765727407,0.008019538378526203,0.0021074347597136445,0.0011520619308147406,-0.00962784193220989,0.03279431212305616,0.019575987769781287,497.39500427246094,495.69750213623047,0.013359612009333555,0.016829833462422172,0.8874599693422461,-0.0548082244635365,0.517603764528112,1,3.0,False,0.0,0.0
285.392279437324,306.0042898345543,277.8225797399186,299.2534484863281,306190700,GOOGL,2025-11-21,0.0684775967865181,1,0.08411413232446474,0.07470508712718393,0.15289297931163404,0.2154619755102547,0.40870782693354335,0.7824604474284398,0.08411413232446474,0.05284136410336405,0.04851326607680035,283.63716888427734,258.65528233846027,0.055057239724537466,0.1569585812469263,1.0,0.4813520917295395,0.5166198540428538,1,4.0,False,0.0,0.0
194.68239675983705,204.54698392676534,193.6346417392758,201.54212951660156,64218100,JNJ,2025-11-21,0.021254494818206737,1,0.04067772225366806,0.09288726533037783,0.07090335793788749,0.13460561005174432,0.15087204603744353,0.3545017152951535,0.04067772225366806,0.032337740234843454,0.023716649884703907,191.57623291015625,185.38450368245444,0.052020527051072296,0.08715737029360104,1.0,0.43772643546019196,0.49603829036151853,0,5.0,False,0.0,0.0
233.25,234.60000610351562,215.17999267578125,220.69000244140625,297662500,AMZN,2025-11-21,0.05677646762736166,1,-0.059653158866429745,-0.09705004240945647,-0.015699585955381123,0.004140520826115823,-0.036288198945824246,0.09801480874586188,-0.059653158866429745,0.06603934330006993,0.04214540135490875,236.00250244140625,227.40666580200195,-0.06488278658740798,-0.029535912401282727,0.39796965205708956,0.03016849720249959,0.4896235810137212,0,6.0,False,0.0,0.0
506.34447416817187,509.9992593431845,467.20362215472323,471.04486083984375,134724900,MSFT,2025-11-21,0.042129164782984896,1,-0.07286914756532314,-0.047937622487406406,-0.09664895298069831,-0.07518934708486469,-0.06648320338454317,0.05242617429072083,-0.07286914756532314,0.042496686381900385,0.030148639570657557,497.3851013183594,506.02938588460285,-0.052957437624686965,-0.06913536253156871,0.20934441354195943,0.00406470436989248,0.4865955081607786,0,7.0,False,0.0,0.0
398.739990234375,428.94000244140625,383.760009765625,391.0899963378906,468960000,TSLA,2025-11-21,0.09992589290389242,1,-0.03279339573505624,-0.08947195394568241,-0.09828922983222022,-0.11196639019523702,0.17138407780734854,0.1525019171287756,-0.03279339573505624,0.05288743694954305,0.0604807557604327,420.37999725341797,417.5933303833008,-0.06967505853488654,-0.0634668518797541,0.5944120421748361,0.060026042924884004,0.48560213644169414,0,8.0,False,0.0,0.0
301.0939616708072,306.95740445253,290.01092472978763,295.1711120605469,41236300,JPM,2025-11-21,0.05053366014048355,1,-0.01841186816175633,-0.05152609287862553,-0.00805490226966088,-0.0524935193125563,-0.006473118535818112,0.15420046476291716,-0.01841186816175633,0.03070423643004213,0.025339932431033992,303.8077697753906,302.1296971638997,-0.028428034349578857,-0.023031781280268948,0.6888724380189282,0.07876135364781711,0.44246597491942063,0,9.0,False,0.0,0.0
608.0230519623859,610.6686515784111,580.2794874440681,593.2578125,108402200,META,2025-11-21,0.09036602710141306,1,-0.024956561629119745,-0.04416845992792473,-0.19517579231821702,-0.20100838009629718,-0.19500328957611845,-0.05095413910721536,-0.024956561629119745,0.04754009252001165,0.04316305910958954,617.409912109375,696.6297353108724,-0.03911841895582724,-0.14838861675168447,0.0,-0.19256955613268778,0.441225152559647,0,10.0,False,0.0,0.0
327.8827241418804,334.67463148862754,324.65609051367585,333.0613098144531,24087500,V,2025-11-28,-0.009568294243052833,0,0.019696261169238838,0.01339317508727178,-0.016545017602836887,-0.04212649921259326,-0.023651185274387143,-0.08077410780049976,0.019696261169238838,0.016382783192375128,0.017776705750120816,330.5805130004883,337.2942301432292,0.0075043649471291385,-0.012549637528571411,0.15810390512325712,-0.19742777058179195,0.585031848339443,1,1.0,True,0.5,-0.004784147121526416
310.70789188393536,328.3838617048627,309.17996886834777,319.74560546875,251189200,GOOGL,2025-11-28,0.0034042718897315805,1,0.0684775967865181,0.15835166274834545,0.13866057550838806,0.30499283105037334,0.36368655012653317,0.8682560971075834,0.0684775967865181,0.049392114932746575,0.044545395115609086,293.3714370727539,265.76145935058594,0.08990025974974336,0.20313007856774856,1.0,0.17477176727154187,0.5633712098502335,1,2.0,True,0.5,0.0017021359448657902
501.8999938964844,516.8499755859375,497.1700134277344,513.8099975585938,23467400,BRK.B,2025-11-28,-0.018430939969445004,0,0.019383360146104645,0.009568898286292926,0.07595172836761388,0.03019548382675441,0.028092940459731652,0.01954521444266999,0.019383360146104645,0.02235474271178204,0.020174401501973388,506.4625015258789,496.8675028483073,0.014507482805890204,0.03409861706222106,1.0,-0.13408501998522204,0.560592852872846,1,3.0,False,0.0,-0.0
270.397615191446,279.8600705608694,270.397615191446,278.3328857421875,166067000,AAPL,2025-11-28,-0.00025108514834637496,0,0.027109742394044067,0.023640883492370257,0.03236417355566945,0.08177788331488745,0.16450553396040135,0.3912724327778436,0.027109742394044067,0.016115022052302683,0.02934005497628556,272.2342071533203,258.9189567565918,0.022402322811080344,0.07498071685746299,1.0,-0.2430668856632947,0.5360424881267251,1,4.0,False,0.0,-0.0
402.1700134277344,432.92999267578125,401.0899963378906,430.1700134277344,268437900,TSLA,2025-11-28,0.057721332954875804,1,0.09992589290389242,0.06385558781865996,-0.05780178787448975,0.0007910729034525943,0.2261145192050502,0.24161526305270398,0.09992589290389242,0.07606968819712046,0.06464898134905142,413.7825012207031,424.2041651407878,0.03960416924032861,0.014063624964565369,0.8365135241926793,-0.34062336192357523,0.49744553739632097,0,5.0,False,0.0,0.0
222.55999755859375,233.2899932861328,222.27000427246094,233.22000122070312,152487900,AMZN,2025-11-28,-0.015821981056909018,0,0.05677646762736166,-0.006263586882317762,-0.04504135592915348,0.062457323388253494,0.003830755316291956,0.13760308018995904,0.05677646762736166,0.05140049824820458,0.04532121134850918,233.25250244140625,227.480832417806,-0.00013933921549802442,0.025229241259132618,0.6777073142862166,-0.3239831678401477,0.48114713663492875,0,6.0,False,0.0,-0.0
295.3890327721484,310.7210853336642,291.69470820468445,310.0871887207031,32050700,JPM,2025-11-28,0.006260446256088459,1,0.05053366014048355,0.031191372890489566,0.006299886356039952,0.01474743457854455,0.0686938494452296,0.197415729622064,0.05053366014048355,0.03702280786415662,0.02804721757691047,304.2930908203125,303.79068756103516,0.01904117469368405,0.020726445600485865,0.9721681038253562,-0.14655898366847797,0.4759987127412764,0,7.0,False,0.0,0.0
201.35434501536758,206.71109559930028,200.65254867686934,205.8258056640625,37446500,JNJ,2025-11-28,-0.02411564978871672,0,0.021254494818206737,0.0627968015087319,0.10252438770214112,0.10386864675065799,0.1670335726549559,0.3514737466030309,0.021254494818206737,0.027540650425297044,0.02380119285636647,196.36119842529297,187.83943303426108,0.04819998713936546,0.09575397635767335,1.0,-0.1403535554695956,0.45396510334201123,0,8.0,False,0.0,-0.0
473.9183160323131,491.5081706450152,463.8313270788984,490.88958740234375,102536600,MSFT,2025-11-28,-0.017987475653493457,0,0.042129164782984896,-0.03380989910771337,-0.048046756730589224,-0.04720026631410845,-0.0041800927147176425,0.07251117169271981,0.042129164782984896,0.054646050026899685,0.032440895399484394,491.1910858154297,505.857671101888,-0.0006138108402057307,-0.029589516092421664,0.43188918000078313,-0.14460290059641612,0.45088564575257273,0,9.0,False,0.0,-0.0
597.7203367937327,646.9679727244463,596.6321908004635,646.8681640625,75010600,META,2025-11-28,0.03930851850789496,1,0.09036602710141306,0.06315424014775828,-0.0006168887195739936,-0.0881135588701003,-0.13829844667027014,0.002156307928790735,0.09036602710141306,0.060166580620720424,0.052506277040463054,617.3100891113281,687.9781646728516,0.047882053885954345,-0.05975480432565805,0.28196328306147195,-0.27927593801592043,0.44474603793722933,0,10.0,False,0.0,0.0
513.6500244140625,514.489990234375,500.5400085449219,504.3399963378906,18214900,BRK.B,2025-12-05,-0.009557059442474758,0,-0.018430939969445004,0.000595166629400623,0.010579887799316179,0.031096009860859253,0.021468802027730938,0.021903425496588413,-0.018430939969445004,0.019740957036298405,0.020669695233657654,507.7825012207031,497.7508366902669,-0.006779487033398701,0.013237867547220006,0.804379250065719,-0.2335006049129451,0.583706451950991,1,1.0,True,0.5,-0.004778529721237379
331.56749086220685,332.73264500458896,322.94317437944756,329.8744812011719,33125000,V,2025-12-05,0.05008452422616139,1,-0.009568294243052833,0.009939507303830863,-0.012272794891935335,-0.03420313178908796,-0.022195729705408396,-0.10193908491449533,-0.009568294243052833,0.015653218310327878,0.017712372135134786,329.5558166503906,336.6702295939128,0.0009669516806596334,-0.020185177646796504,0.11035213890125029,0.07804737550383467,0.5818469055399428,1,2.0,True,0.5,0.025042262113080693
317.26898426885936,322.72155681925386,313.46415578589995,320.8341064453125,178968600,GOOGL,2025-12-05,-0.036659624019270476,0,0.0034042718897315805,0.07211498503406655,0.15220742840139612,0.3580334019298037,0.334177598639666,0.8536768309438778,0.0034042718897315805,0.04628069970533794,0.04506988005260348,303.967041015625,272.4581921895345,0.05548978393621451,0.17755353167037646,1.0,-0.17877848251558126,0.5307097995751998,1,3.0,False,0.0,-0.0
277.4944549964911,288.0847586222564,275.62792768573877,278.26300048828125,235050800,AAPL,2025-12-05,-0.0017934614167259832,0,-0.00025108514834637496,0.026851850392007215,0.039409366209296914,0.13772672813486442,0.1921657012319491,0.36998301892859087,-0.00025108514834637496,0.014243403228954383,0.027409071996846286,274.8718032836914,262.65673446655273,0.01233737751227193,0.05941696508724337,0.9991545371358487,0.08063731408866048,0.5295841179351314,1,4.0,False,0.0,-0.0
309.958455126882,315.44544563675794,303.86720471987456,312.0284729003906,39658300,JPM,2025-12-05,0.011046061787175265,1,0.006260446256088459,0.05711046966000488,0.0026416974173359975,0.04702726886480746,0.031480457148091556,0.1970675527113459,0.006260446256088459,0.03680813643851116,0.025583779401999806,304.49861907958984,304.58427174886066,0.024728696122042537,0.02444053039504257,1.0,0.03244424601134277,0.5033091104475861,1,5.0,False,0.0,0.0
425.32000732421875,458.8699951171875,422.1199951171875,455.0,342617200,TSLA,2025-12-05,0.008703277923248542,1,0.057721332954875804,0.16341508159388707,0.05932206099380655,0.10038939453430595,0.14916400766384763,0.5416411784826372,0.057721332954875804,0.0746747384677121,0.056451268281156285,420.15250396728516,429.1258316040039,0.08294011270590507,0.06029506147248842,0.9898655386680909,-0.08637386765779187,0.4935787340278957,0,6.0,False,0.0,0.0
205.40801990791223,206.601671225268,199.74811005779273,200.8621826171875,42065800,JNJ,2025-12-05,0.04778890500728372,1,-0.02411564978871672,-0.0033737209239820265,0.08920016869577929,0.06549958759932628,0.14125626669029456,0.32041324126209636,-0.02411564978871672,0.03301286098399906,0.02585026591318051,200.47360610961914,189.91120274861655,0.0019382926017497137,0.05766368550183243,0.9156517788799622,-0.07941822701926693,0.47798476121363054,0,7.0,False,0.0,0.0
233.22000122070312,238.97000122070312,226.8000030517578,229.52999877929688,202985100,AMZN,2025-12-05,-0.014551458875326273,0,-0.015821981056909018,0.040056170375174505,-0.060881325067953185,0.06082175883482277,0.006048673766077872,0.07472955428076289,-0.015821981056909018,0.050857219132111595,0.0452417459691257,229.53250122070312,227.59583282470703,-1.0902340160767743e-05,0.008498248542536002,0.5714284458625039,-0.015501174573912313,0.4529456790187468,0,8.0,False,0.0,-0.0
487.32770213243884,492.3761849539621,474.1178525596479,482.0597229003906,123068700,MSFT,2025-12-05,-0.009582725088475796,0,-0.017987475653493457,0.02338389180365552,-0.0256746988613209,-0.05263760478863788,-0.05066820472027156,0.030783735549425817,-0.017987475653493457,0.05167929974536604,0.03135581860219068,488.01536560058594,503.71361033121747,-0.012203801601340714,-0.042988489861507384,0.21856277272281371,0.015490792040851131,0.4490790053236913,0,9.0,False,0.0,-0.0
638.4821234657416,674.9711573797597,636.4854785031988,672.2955932617188,86887600,META,2025-12-05,-0.04334586697226506,0,0.03930851850789496,0.13322670025810868,0.08317382215850411,-0.04520064030700899,-0.10814794866735422,-0.0334193626401611,0.03930851850789496,0.0545141622403751,0.05437785270309758,630.2160034179688,681.1844940185547,0.0667701067816937,-0.01304918246802289,0.41569867572097335,-0.058228023719999134,0.43868433716176947,0,10.0,False,0.0,-0.0
502.1000061035156,502.9700012207031,488.9200134277344,499.5199890136719,24772100,BRK.B,2025-12-12,-0.009989570676096404,0,-0.009557059442474758,-0.02781185382305118,-0.018509084337144266,0.01441853578719221,0.01353349462829323,0.02457230229064611,-0.009557059442474758,0.016495868993078314,0.020917952687601663,505.42749786376953,498.3066685994466,-0.01168814295831988,0.0024348869695753894,0.7048129009726414,0.05950042609520367,0.56240883515847,1,1.0,True,0.5,-0.004994785338048202
277.6142094762677,279.5106752769474,273.3022288840155,277.7639465332031,176224300,AAPL,2025-12-12,-0.0165660104096248,0,-0.0017934614167259832,-0.0020440962535464013,0.021548462997446505,0.10408570600928035,0.1346222588693542,0.41952605934352816,-0.0017934614167259832,0.014514735606946482,0.025580340121741908,276.33658599853516,265.4031117757161,0.0051652969855955355,0.04657381247260117,0.9927177758260078,-0.1333052835759162,0.547789457445404,1,2.0,True,0.5,-0.0082830052048124
312.0482477999388,317.20842990436694,295.60691069504315,315.47515869140625,63045300,JPM,2025-12-12,-0.004112797207058927,0,0.011046061787175265,0.017375661319423585,0.04910900494134629,0.07043949103879488,0.016800761546392318,0.21385354929359823,0.011046061787175265,0.028536918508984467,0.02473629838660921,308.1904830932617,305.0186589558919,0.0236369258551703,0.034281508453640086,1.0,0.43292425845471283,0.5144104088461249,1,3.0,False,0.0,-0.0
201.58834201037314,211.14752008902906,198.85287977253054,210.46116638183594,42826600,JNJ,2025-12-12,-0.024624254582994554,0,0.04778890500728372,0.022520794721625048,0.08673183010630958,0.1019737648939174,0.208487160202375,0.3652846781627035,0.04778890500728372,0.03235068480848359,0.026824374674772965,204.67282104492188,192.93691762288412,0.028280967191260054,0.0908289039488277,1.0,-0.08174766961304047,0.49699208177801746,0,4.0,False,0.0,-0.0
328.52012180876346,348.39781132133226,323.37142102092514,346.3960876464844,35748200,V,2025-12-12,0.004082476976984717,1,0.05008452422616139,0.04003700651828934,0.05396640424383081,0.019389191303813558,0.020224809387137554,-0.010536476371121428,0.05008452422616139,0.027666598649163526,0.023179342472062506,333.9899597167969,337.2424723307292,0.03714521220999312,0.027142534131283425,0.6719362504836502,0.09044183420026553,0.4923008353110774,0,5.0,False,0.0,0.0
319.82486263347363,321.0839735202244,305.34506149685063,309.07244873046875,175826200,GOOGL,2025-12-12,-0.006886765644195547,0,-0.036659624019270476,-0.033380151457075735,0.11968570880525009,0.22184098829346421,0.21502952218574367,0.7734535471396395,-0.036659624019270476,0.05644936640011614,0.047067206248565745,312.22640228271484,277.01635996500653,-0.010101495354612133,0.1157191177066641,0.9239066890191401,-0.22898015040320674,0.4732434174780082,0,6.0,False,0.0,-0.0
447.45001220703125,463.010009765625,435.25,458.9599914550781,346426900,TSLA,2025-12-12,0.048457428024268,1,0.008703277923248542,0.06692697568093098,0.13505622487262214,0.044729220836508654,0.07719384975584931,0.4108388764547939,0.008703277923248542,0.05776017925787694,0.0528509878083062,433.8050003051758,431.8666636149089,0.05798686306567724,0.06273539988798049,1.0,-0.02855664653732859,0.4700353713818541,0,7.0,False,0.0,0.0
229.58999633789062,232.4199981689453,225.11000061035156,226.19000244140625,163540300,AMZN,2025-12-12,0.0051284479843880515,1,-0.014551458875326273,-0.030143207025559393,-0.0362179893117609,0.06172554247883277,-0.022852917676563944,0.06643090962955456,-0.014551458875326273,0.048193201018479216,0.045252859862345965,227.40750122070312,227.15500005086264,-0.0053538197850179214,-0.004248190043099731,0.47523039803815575,-0.1989952438899255,0.46059249467732044,0,8.0,False,0.0,0.0
483.7858099301447,491.17890888246444,473.99809828560024,477.4402770996094,118335500,MSFT,2025-12-12,0.01544312304379436,1,-0.009582725088475796,-0.027397831707746234,-0.0602814128896505,-0.06650254285695367,-0.07434284446416684,0.011061549279963945,-0.009582725088475796,0.04708197714998615,0.030762490892780672,480.3586120605469,500.51819864908856,-0.006075325574822155,-0.046108056833432,0.1269012632902225,-0.011121958393927156,0.4483699710014246,0,9.0,False,0.0,0.0
668.2224435191038,709.8128965395189,637.543746077992,643.1543579101562,70142600,META,2025-12-12,0.023403594857613008,1,-0.04334586697226506,-0.005741210278490283,0.057050448096601425,-0.10139202935597058,-0.17178647620150977,-0.05522162988383661,-0.04334586697226506,0.06129502004457803,0.05381207759232304,638.8939819335938,670.0676727294922,0.00666836141368643,-0.040165069760350725,0.2624305446098701,-0.17586673833798905,0.4462007245894228,0,10.0,False,0.0,0.0
500.4200134277344,508.1000061035156,494.5299987792969,494.5299987792969,31978700,BRK.B,2025-12-19,0.007623377799077513,1,-0.009989570676096404,-0.019451159197815038,-0.01886756924927202,0.0049380057826500234,-0.01099934006644987,0.019964922252088346,-0.009989570676096404,0.016533873768213216,0.02070417580745958,503.0499954223633,497.8483352661133,-0.01693667969505297,-0.006665356197370187,0.6017352340258677,0.2995100225432299,0.5711257170267175,1,1.0,True,0.5,0.0038116888995387566
279.63046152672615,279.63046152672615,266.4549687260805,273.1625061035156,334459100,AAPL,2025-12-19,-0.000986706608621657,0,-0.0165660104096248,-0.018329761325851956,0.008029901057312161,0.04229236598794728,0.07232172614419663,0.36440879420548544,-0.0165660104096248,0.018207977582826322,0.024859299188280354,276.8805847167969,266.9383773803711,-0.013428455509382209,0.023316724946879974,0.9337533727331255,0.4672457110168313,0.554734079283837,1,2.0,True,0.5,-0.0004933533043108285
346.3960884283587,348.46752454314327,342.26320227687404,347.81024169921875,46966300,V,2025-12-19,0.016463915298753795,1,0.004082476976984717,0.054371470120202714,0.0648514030484133,0.007374478217128555,0.03726399313262463,0.03540626336042996,0.004082476976984717,0.02563305426143545,0.02273756657489874,339.28553009033203,338.2837371826172,0.025125479435026632,0.028161284358339866,0.7200046056992416,0.34259435276965844,0.4996051397513431,0,3.0,False,0.0,0.0
316.534963668203,319.7935222813264,309.2353920446346,314.17767333984375,63853400,JPM,2025-12-19,0.03373170247928736,1,-0.004112797207058927,0.006887834368048962,0.06439167148375335,0.055818100593310715,0.008518006720596771,0.1646829672916148,-0.004112797207058927,0.023919867080815397,0.02477684265679632,312.94212341308594,305.23978932698566,0.003948173909227526,0.029281516779201544,0.9616609269874935,0.2860206326340822,0.49885188460948116,0,4.0,False,0.0,0.0
469.44000244140625,495.2799987792969,465.8299865722656,481.20001220703125,527114500,TSLA,2025-12-19,-0.012489629287538828,0,0.048457428024268,0.057582444411057754,0.23040736585675314,0.10947157348680214,0.09264309463214215,0.49366776364867304,0.048457428024268,0.037439701905601225,0.05368462892042664,456.33250427246094,435.2666651407878,0.054494272710678526,0.10552920943621125,1.0,0.4202229359964138,0.48133334670201405,0,5.0,False,0.0,-0.0
209.23766850267896,214.05207078419528,204.94051859312015,205.27871704101562,59178200,JNJ,2025-12-19,0.0061055607364999265,1,-0.024624254582994554,0.021987884261147173,0.018539982351959194,0.0907578872947099,0.1556411780385376,0.3966533422144558,-0.024624254582994554,0.035685634310191304,0.0292393411566557,205.6069679260254,195.24082056681314,-0.0015964968907467014,0.0514128984146911,0.9149181188631734,0.3040798910956599,0.47074402088793754,0,6.0,False,0.0,0.0
311.1009991314403,311.2009348824072,295.9116769824828,306.9439392089844,197128500,GOOGL,2025-12-19,0.0206732214224008,1,-0.006886765644195547,-0.04329392342424099,0.025698920970020467,0.1825210848738552,0.2466980367609577,0.8461102324281196,-0.006886765644195547,0.04431478707424698,0.04518262037610176,314.1490249633789,282.0778948465983,-0.022935247865991104,0.08815311237312273,0.9026655957065792,-0.01817740353935471,0.46398529961981483,0,7.0,False,0.0,0.0
227.92999267578125,229.22999572753906,220.99000549316406,227.35000610351562,266436200,AMZN,2025-12-19,0.02274025964437998,1,0.0051284479843880515,-0.009497637290877159,0.03017809410681216,0.014004724569031568,0.03444356796006964,0.08421957869471686,0.0051284479843880515,0.033977393490883405,0.04248096099418034,229.07250213623047,227.78583399454752,-0.00751943605911487,-0.001913323069257733,0.4561685713799301,0.35685973445778507,0.45232680395062524,0,8.0,False,0.0,0.0
479.0066832317436,488.4850656489584,469.8076832860371,484.8134460449219,168370100,MSFT,2025-12-19,0.003683724541929667,1,0.01544312304379436,0.005712410752682251,0.02922988095131651,-0.07024410941907688,-0.04815724179764591,0.021428149371961025,0.01544312304379436,0.02710290985486529,0.03127717993019635,483.8007583618164,498.4741566975911,0.0020931915992328243,-0.02740505293829465,0.273203617290036,0.3145931503702146,0.4521153796561007,0,9.0,False,0.0,0.0
645.1476664750544,670.4260003995075,638.1536544261938,658.2064819335938,115694100,META,2025-12-19,0.00686124097104468,1,0.023403594857613008,-0.020956721224023034,0.10947798421718002,-0.10706526041202635,-0.11353638814282052,-0.033117441561464345,0.023403594857613008,0.05515879487334414,0.053949608284154946,655.1311492919922,663.0425313313802,0.004694224423499094,-0.007293724262417589,0.34159708955873097,0.3308310439935709,0.44327282389572786,0,10.0,False,0.0,0.0
496.3399963378906,502.3299865722656,495.54998779296875,498.29998779296875,11998600,BRK.B,2025-12-26,0.008729693377642622,1,0.007623377799077513,-0.002442347148333468,-0.03018627476951008,0.04347275385637972,-0.0009022801143483417,0.02598417745738213,0.007623377799077513,0.010933131563067099,0.020830512079764246,499.17249298095703,497.81083424886066,-0.0017479031802771772,0.000982609277369706,0.6796114729946876,-0.4481137662236113,0.7254447946663392,1,1.0,True,0.5,0.004364846688821311
272.3539780142796,274.9192064044749,269.06012395403746,272.8929748535156,105646200,AAPL,2025-12-26,-0.005632757286636814,0,-0.000986706608621657,-0.01753637122629681,-0.019544621449118726,0.012187006585891558,0.060634944093469034,0.36252024336299193,-0.000986706608621657,0.007803261143901657,0.024905335262672423,275.5206069946289,268.2384516398112,-0.009536971371308378,0.017352184913274282,0.9291240776945315,-0.503647488243798,0.7210989813973882,1,2.0,True,0.5,-0.002816378643318407
348.55716921268737,355.25943930639664,348.1488557388826,353.53656005859375,12787300,V,2025-12-26,-0.01208457441142552,0,0.016463915298753795,0.020613605830896775,0.06147591942020303,0.04391378164840831,0.016759654936561175,0.022142491672423104,0.016463915298753795,0.02553153597437916,0.020651979508065244,344.4043426513672,338.7693608601888,0.02651597635768166,0.043590716589330114,0.9146472646399515,-0.6023441460100072,0.6723909069138693,1,3.0,False,0.0,-0.0
485.01298390813173,488.04604888584674,481.5908021440126,486.599365234375,46344700,MSFT,2025-12-26,-0.008386136045609116,0,0.003683724541929667,0.019183735797084323,-0.0087396886755563,-0.05636653171044992,-0.055527439356676145,-0.013134470950640131,0.003683724541929667,0.014715244059847645,0.031012591747742277,482.7282028198242,496.09014383951825,0.008019341716389627,-0.019131157357186734,0.3086407791682461,-0.5935736068876762,0.6630468724237605,1,4.0,False,0.0,-0.0
228.61000061035156,232.99000549316406,226.7100067138672,232.52000427246094,88906700,AMZN,2025-12-26,-0.007311185777590934,0,0.02274025964437998,0.02798532986750568,-0.0030014447499284724,-0.04790761153779877,0.05926841643294667,0.0412897496403799,0.02274025964437998,0.018293277512152657,0.04279374121605805,228.89750289916992,228.87000147501627,0.0158258667194231,0.01594793015214413,0.6209755990787332,-0.5073522413991582,0.6521935235187724,1,5.0,False,0.0,-0.0
314.47481933577194,327.6972031402456,314.47481933577194,324.7754211425781,23470500,JPM,2025-12-26,-0.017352360278253376,0,0.03373170247928736,0.029480173620482386,0.04736807245237329,0.053966372281767594,0.06281406458052108,0.1531875616768541,0.03373170247928736,0.015973445857021238,0.02556650521752692,316.6141815185547,306.83935292561847,0.02577660793613301,0.05845426294230127,1.0,-0.5059557169357067,0.622724190448581,1,6.0,False,0.0,-0.0
661.0840391473547,673.0038267300547,656.0883162216827,662.7225952148438,36907500,META,2025-12-26,-0.004824440343645597,0,0.00686124097104468,0.03042541353256456,0.024509524557173812,0.02387751618837841,-0.06576365574787324,-0.09453126101028297,0.00686124097104468,0.03580902315257015,0.05286316712521306,659.0947570800781,659.1549479166666,0.005504273999747289,0.005412456220579287,0.3653495569525371,-0.5232078875619365,0.6092055060578973,1,7.0,False,0.0,-0.0
309.66200850448513,314.86833429915043,305.0852133945127,313.2894592285156,72905000,GOOGL,2025-12-26,-0.001626749766629576,0,0.0206732214224008,0.013644084147158564,-0.02019150890524235,0.11566930035796208,0.27864305668094236,0.7587836654780249,0.0206732214224008,0.024052492899672786,0.04453179168569719,312.5349884033203,287.76725514729816,0.0024140363581361957,0.08869043862601234,0.9467591575635881,-0.5332797826218818,0.591115816509764,1,8.0,False,0.0,-0.0
205.03998416945456,206.97966948419256,202.20505350398636,206.5320587158203,19928300,JNJ,2025-12-26,-0.0032750695681693642,0,0.0061055607364999265,-0.018669038728442278,0.003431314404329422,0.10630749551478802,0.10765636713874116,0.3810248427210605,0.0061055607364999265,0.034167886562618086,0.026807309692799916,205.78353118896484,196.9136085510254,0.003637451075558129,0.048846040837764226,0.9315234280781655,-0.5139406422847959,0.5439475242286511,1,9.0,False,0.0,-0.0
489.8800048828125,498.8299865722656,473.82000732421875,475.19000244140625,245205800,TSLA,2025-12-26,-0.05359961507995681,0,-0.012489629287538828,0.0353625834244784,0.10465626986627452,0.04080516248123911,0.10553013350899487,0.4683125645703776,-0.012489629287538828,0.03311878172316626,0.053147091661481405,467.5875015258789,439.0466664632161,0.016258990864208567,0.08232231044901517,0.9663436774423546,-0.3288305093513979,0.47347848669033005,0,10.0,False,0.0,-0.0
