open,high,low,close,volume,ticker,week,next_week_return,target,ret_1w,ret_2w,ret_4w,ret_8w,ret_12w,ret_26w,weekly_return,vol_4w,vol_12w,ma_4w,ma_12w,ma_ratio_4w,ma_ratio_12w,price_position_26w,volume_change_4w,predicted_probability,predicted_label,rank,selected,weight,return_contribution
159.9525459725486,164.28365968999643,159.8163382874534,163.66622924804688,28095000,JNJ,2023-01-06,-0.03783636629768894,0,0.020379274467272834,0.015607512633985854,0.025662921021689655,0.07186673473990712,0.10308555594441238,0.024412974613425176,0.020379274467272834,0.011248110483576199,0.020175275166728637,161.1805877685547,158.66479110717773,0.015421469259445875,0.031522041569327586,1.0,-0.04492376727346892,0.570442724165844,1,1.0,True,0.5,-0.01891818314884447
118.47000122070312,118.80000305175781,101.80999755859375,113.05999755859375,790689200,TSLA,2023-01-06,0.08261103988123364,1,-0.0821562162811329,-0.08193263371714066,-0.36855629359631115,-0.42307497650487536,-0.44846092722133213,-0.5491366509947107,-0.0821562162811329,0.08244351819648107,0.08335331099278658,127.40499877929688,174.41500091552734,-0.11259370792470169,-0.35177595410299045,0.0,0.017205244770043704,0.5648324832753919,1,2.0,True,0.5,0.04130551994061682
88.85561394606133,90.30365276991351,84.16437980636358,86.6240463256836,131561900,GOOGL,2023-01-06,0.05472879262588548,1,-0.010087459230578855,-0.02118126848811297,-0.05914039441237806,-0.09407745877983886,-0.0954847077071499,-0.2682242752727646,-0.010087459230578855,0.008411659521415272,0.056354402152759664,88.03737258911133,92.86827723185222,-0.01605370789544147,-0.0672375012468408,0.021652386687019153,-0.032138482533353496,0.5033444953880379,1,3.0,False,0.0,0.0
203.75951669291592,212.38575420110786,200.7218222124567,212.00604248046875,22884700,V,2023-01-06,0.024385872836876432,1,0.048084454888556616,0.05791191876921853,0.04336347747074609,0.06219500848859827,0.1950316234627567,0.07394598682482556,0.048084454888556616,0.025979834626660973,0.042225400485716685,204.0296516418457,201.98905309041342,0.03909427269240662,0.04959174389302956,1.0,-0.1718830995535492,0.4883106167521119,0,4.0,False,0.0,0.0
310.07000732421875,320.1600036621094,307.3800048828125,318.69000244140625,15735300,BRK.B,2023-01-06,-0.003294699503985199,0,0.031693132853225725,0.039805581244926946,0.04014487158493796,0.02896164660128364,0.16877539423992638,0.13481471950787616,0.031693132853225725,0.02282210293105441,0.03540438538955559,308.5199966430664,305.3450012207031,0.03296384645727102,0.043704665762834605,1.0,-0.10509590817384185,0.48345908969275836,0,5.0,False,0.0,-0.0
124.40299628166797,128.23163995736851,123.16116843891199,127.82390594482422,41152800,JPM,2023-01-06,0.0367549264703908,1,0.03623355578508569,0.058492718261821564,0.051444557330911245,0.027043000044810972,0.24974284029334193,0.22597212059124838,0.03623355578508569,0.024647935650415717,0.0339440701539943,122.71708106994629,121.56204922993977,0.041614621455729806,0.0515116087179468,1.0,-0.04674179868626094,0.47877126631656336,0,6.0,False,0.0,0.0
236.86326199727426,239.4649753058939,213.74018002094996,219.17745971679688,159562600,MSFT,2023-01-06,0.06357540447955556,1,-0.0620883948831239,-0.05780582580313387,-0.08348953045409979,-0.08719247904275029,-0.013108657977487614,-0.1554860195562061,-0.0620883948831239,0.029876934112742625,0.05169169771428261,230.98019790649414,233.95545069376627,-0.05109848505054648,-0.06316583320947244,0.059710844012257805,0.07494930941392264,0.4763669074695379,0,7.0,False,0.0,0.0
85.45999908447266,86.9800033569336,81.43000030517578,86.08000183105469,296825300,AMZN,2023-01-06,0.13986989613636047,1,0.02476192656017484,0.009736091859879004,-0.033785998771623804,-0.14594700814420258,-0.19476145367298248,-0.2549766215253123,0.02476192656017484,0.02325306316996284,0.07616816149141245,85.79750061035156,94.03833389282227,0.0032926509361397294,-0.08462859487533969,0.03492866036038414,-0.11999862437387143,0.4680775599775626,0,8.0,False,0.0,0.0
121.86367423605601,129.3151979236821,121.32787798283579,129.0076141357422,120957200,META,2023-01-06,0.053530350128325965,1,0.08043884154430181,0.10149101670415539,0.12182908189041286,0.15041584084049342,0.02571785235093116,-0.23911519805349257,0.08043884154430181,0.038245854542758966,0.11547332608549186,121.00789070129395,114.41049830118816,0.0661091056796903,0.12758545807681743,0.4372979381949621,-0.09088418557711042,0.4607011037755023,0,9.0,False,0.0,0.0
128.10576142344397,128.71540946850325,122.09773035328112,127.45677947998047,369948500,AAPL,2023-01-06,0.03965428020985251,1,-0.002385589745684369,-0.016987691939070904,-0.088210306783718,-0.1341349945874416,-0.06175005641513365,-0.11578219913333399,-0.002385589745684369,0.022020051869975858,0.053564113914975876,129.2857265472412,139.78406969706217,-0.014146550559797855,-0.08818809070158862,0.0,-0.05594188998290828,0.4421535331192963,0,10.0,False,0.0,0.0
87.45999908447266,98.37000274658203,87.08000183105469,98.12000274658203,406953100,AMZN,2023-01-13,-0.00886672158814572,0,0.13986989613636047,0.1680952707926433,0.11677671369173259,0.04227749503651723,-0.17767345794890899,-0.1358872733639871,0.13986989613636047,0.07672119485426121,0.08008873483220409,88.36250114440918,92.27166748046875,0.11042581950262309,0.06338170129364151,0.2371117048358444,0.25923437307694175,0.4924604887633793,0,1.0,True,0.5,-0.00443336079407286
319.0199890136719,321.32000732421875,313.3399963378906,317.6400146484375,16289300,BRK.B,2023-01-13,-0.024461715063984646,0,-0.003294699503985199,0.02829401400014908,0.05880004882812506,0.022139286480269416,0.12434959353106434,0.1406205189500367,-0.003294699503985199,0.015353425059567329,0.03495751888755918,312.9300003051758,308.2725016276042,0.015051335246439868,0.030387118446747907,0.9796789719352935,0.09056642932939662,0.4906955018525133,0,2.0,True,0.5,-0.012230857531992323
162.80363320342863,163.22130347032555,156.27514639830568,157.47369384765625,29825000,JNJ,2023-01-13,-0.027042606555146786,0,-0.03783636629768894,-0.018228169524040938,-0.012751242623158188,-0.009367728482066351,0.03461202735694835,-0.014070532169207173,-0.03783636629768894,0.025429266878900986,0.023301128452051456,160.6721076965332,159.1038029988607,-0.019906465999175782,-0.010245570001969795,0.6764298322965817,0.224176092548944,0.48778473989249665,0,3.0,False,0.0,-0.0
130.13874224666318,136.60795630012376,126.15996665938663,135.91343688964844,133938000,META,2023-01-13,0.01744752545209649,1,0.053530350128325965,0.13827511102441115,0.1469480960713343,0.2224900979683182,0.05361147727606075,-0.16830586081783172,0.053530350128325965,0.04009622690758269,0.11613188916735451,125.36123085021973,114.98681131998698,0.084174397202883,0.18199152867563684,0.5148814429318193,0.16933041651142955,0.4877173545627711,0,4.0,False,0.0,0.0
128.435482724952,132.96687260835924,124.91416926068361,132.52206420898438,57436400,JPM,2023-01-13,-0.055450591286137496,0,0.0367549264703908,0.07432024393411796,0.1142883957731804,0.07640724221030082,0.17864973168140774,0.2868993723729405,0.0367549264703908,0.010720139671419935,0.023836431391027372,126.11515426635742,123.23593012491862,0.050802062447590224,0.07535248912109327,1.0,0.36700849971290794,0.48147561520366555,0,5.0,False,0.0,-0.0
213.29123664665042,217.90619710290483,212.42473813091803,217.17599487304688,31107300,V,2023-01-13,0.005603798425135809,1,0.024385872836876432,0.07364290912777594,0.07815736950086816,0.05815947698268209,0.17433730454452734,0.06624715521386859,0.024385872836876432,0.022725517436587656,0.04150411240710861,207.96551132202148,204.67580795288086,0.04428851443912518,0.0610731040721908,1.0,0.37017399548741525,0.4713038535441173,0,6.0,False,0.0,0.0
220.65858404237193,233.7646067249311,220.6196135764492,233.11175537109375,131675800,MSFT,2023-01-13,0.004138255069053187,1,0.06357540447955556,-0.0024602852217492366,-0.02231399585098781,-0.008249713245521928,-0.009151648542658486,-0.06351886195305922,0.06357540447955556,0.05300055270609095,0.05214670438114063,229.65010452270508,233.77602895100912,0.015073587079715178,-0.00284149569524339,0.2648607653061339,0.06299504046299242,0.4548809472141736,0,7.0,False,0.0,0.0
128.29260255023266,132.6683196907436,125.98182082594903,132.510986328125,333335200,AAPL,2023-01-13,0.02307801258371489,1,0.03965428020985251,0.03717409161992702,0.0018585323478075289,-0.10926048097784169,-0.0834282088387629,-0.09987989056235014,0.03965428020985251,0.02694675644952964,0.05113258902774367,129.34718132019043,138.77895164489746,0.02445979089488448,-0.045165100632916566,0.1218151471025495,-0.04426057076534662,0.44920885445429254,0,8.0,False,0.0,0.0
87.63569405206921,91.43430168612433,85.12644735940724,91.36487579345703,142921000,GOOGL,2023-01-13,0.06404683543574463,1,0.05472879262588548,0.04408925893095428,0.02060717866097317,-0.05450050696126263,-0.0890931639335758,-0.1758626261647499,0.05472879262588548,0.032820529174043024,0.0570378884899811,88.49856185913086,92.12359937032063,0.032388254386423565,-0.008235930663256674,0.157835068152705,0.16723348937036442,0.4436558297200995,0,9.0,False,0.0,0.0
118.95999908447266,125.94999694824219,114.91999816894531,122.4000015258789,891852300,TSLA,2023-01-13,0.09003265119025716,1,0.08261103988123364,-0.006332186859591249,-0.18524925110251178,-0.32071702165784344,-0.42921096748577225,-0.49014161880921825,0.08261103988123364,0.11255595155887388,0.0875425264353679,120.44750022888184,166.7450008392334,0.01621039285403847,-0.2659450003908037,0.049082997256160485,0.07665882187197459,0.4240776360110854,0,10.0,False,0.0,0.0
135.11965288431784,138.85035899875172,131.11110322074273,138.2847900390625,98676900,META,2023-01-20,0.08875677617716349,1,0.01744752545209649,0.07191184772674619,0.18070127096976352,0.25096471268019416,0.4049393148693279,-0.17664098399349792,0.01744752545209649,0.030100638484426897,0.0861673976475665,130.6522045135498,118.3082447052002,0.058419110140014,0.16885167541484325,0.5415224232836913,-0.09580005264280389,0.5184598220977137,1,1.0,True,0.5,0.044378388088581744
216.5139436810841,219.05510028183156,211.76262946709505,218.39300537109375,22723200,V,2023-01-20,0.031786389115495695,1,0.005603798425135809,0.030126324777810964,0.0897829168203772,0.0492071460365513,0.0739053879158178,0.053858341556743516,0.005603798425135809,0.019271754106731622,0.03161576633474297,212.4636459350586,205.92827860514322,0.02790764231659426,0.06052945642230623,1.0,0.0032960167427937836,0.49873726679903624,0,2.0,True,0.5,0.015893194557747847
157.99126399803114,158.51790320728114,152.07111128812565,153.21519470214844,28661200,JNJ,2023-01-20,-0.0030224743058810954,0,-0.027042606555146786,-0.06385577888557092,-0.04924489612729466,-0.04795753070921682,-0.028826257477645667,-0.006680030156390071,-0.027042606555146786,0.025790848937951028,0.02221055226776956,158.68814086914062,158.72482681274414,-0.03448869044036096,-0.03471184830521634,0.45391624237186246,0.15407296004703075,0.47287637954221223,0,3.0,False,0.0,-0.0
132.5798345273993,136.29672707490226,131.53751520588366,135.56907653808594,271823400,AAPL,2023-01-20,0.05846090816131855,1,0.02307801258371489,0.06364743477124857,0.04557851981757155,-0.06913801871770542,-0.11327407891199048,-0.10253426487530193,0.02307801258371489,0.02451289607385543,0.04812063091907088,130.8246021270752,137.33577156066895,0.03626591890111186,-0.012864055755514192,0.19552042272181228,-0.1520696702901806,0.4678870719343306,0,4.0,False,0.0,0.0
318.3999938964844,318.5199890136719,303.8599853515625,309.8699951171875,14269600,BRK.B,2023-01-20,-0.0022589527882117544,0,-0.024461715063984646,-0.027675820567481968,0.011028108553325922,-0.023816267312570694,0.034175449946609815,0.08372679695953433,-0.024461715063984646,0.02338593584528086,0.03237371712577738,313.7750015258789,309.12583414713544,-0.012445243852127974,0.0024073076004960114,0.829301238008107,-0.012446840537183035,0.45919697634153045,0,5.0,False,0.0,-0.0
130.81701239235827,131.1598731733884,123.75584415789655,125.17363739013672,54081400,JPM,2023-01-20,0.03879187839597087,1,-0.055450591286137496,-0.020733747221208354,0.03654619780589119,-0.004843022856617418,0.07929703293223267,0.19636846123113494,-0.055450591286137496,0.04404306338468819,0.03037032787931832,127.21848678588867,124.00231615702312,-0.01607352396191819,0.00944596253855745,0.8027174628820075,0.1834846022966623,0.45673775553915036,0,6.0,False,0.0,0.0
125.69999694824219,136.67999267578125,124.30999755859375,133.4199981689453,691307300,TSLA,2023-01-20,0.3333832734071509,1,0.09003265119025716,0.18008138200958235,0.08339420638097406,-0.2703707879054196,-0.4161561540587463,-0.5099237518313797,0.09003265119025716,0.08087466357789098,0.09049945229567677,123.01499938964844,158.8200003306071,0.08458317140935945,-0.15992949319221728,0.10699458561191438,-0.13132250166048154,0.45359396080630016,0,7.0,False,0.0,0.0
91.30536421618127,97.49421809768434,89.31184601733088,97.21650695800781,161910600,GOOGL,2023-01-20,0.013772642780043531,1,0.06404683543574463,0.12228083403653711,0.09850950237174594,0.005745975610997878,0.01796649433946973,-0.09156632913751372,0.06404683543574463,0.04061582975417288,0.05874108492113637,90.67804908752441,92.26658376057942,0.0721062918344475,0.05364805973821296,0.32592608014832625,0.23753214487579433,0.4533635802454223,0,8.0,False,0.0,0.0
98.68000030517578,99.31999969482422,92.86000061035156,97.25,288809600,AMZN,2023-01-20,0.05131103201819576,1,-0.00886672158814572,0.12976298712061096,0.1407624633431086,0.04110904814628835,-0.05956874039224569,-0.20560364765084815,-0.00886672158814572,0.0718630366933829,0.0706202460158426,91.36250114440918,91.75833384195964,0.06444108668046344,0.05984923579256529,0.22250208767384577,-0.057331237749364994,0.4513845135116574,0,9.0,False,0.0,0.0
231.8839578305264,236.1812017430098,224.78041202749904,234.07643127441406,123872800,MSFT,2023-01-20,0.033053108735587866,1,0.004138255069053187,0.06797675078846344,0.006241472770588619,-0.029374942066265786,0.021312539979196243,-0.07279031285432358,0.004138255069053187,0.051344617226650485,0.051488054967959544,230.0130844116211,234.18308385213217,0.017665720509714156,-0.0004554239186014275,0.27906336230494483,0.009216725961324057,0.4442717032345115,0,10.0,False,0.0,0.0
138.20541352276183,151.99720893784095,137.5803293049433,150.55850219726562,137316300,META,2023-01-27,0.2292736942791742,1,0.08875677617716349,0.10775288774065728,0.2609275412806087,0.22876347030280297,0.6713294892367638,-0.046260189485549885,0.08875677617716349,0.03213129499624485,0.0790811398187782,138.4410858154297,123.3478635152181,0.08752760288221761,0.2206008106390136,0.6794115118540783,0.11892071599165921,0.5318460920677902,1,1.0,True,0.5,0.1146368471395871
153.54206183312672,155.25817296663152,150.7363448933412,152.75210571289062,39071200,JNJ,2023-01-27,-0.02151804228289511,0,-0.0030224743058810954,-0.029983345277550977,-0.047664973300974744,-0.0595373689418055,-0.012620433137644493,-0.023301224731916093,-0.0030224743058810954,0.025966350907296997,0.02155265770487531,156.77680587768555,158.56212361653647,-0.025671528018850753,-0.03664190268854295,0.42971908042971113,0.24378682778840677,0.5006054522560355,1,2.0,True,0.5,-0.010759021141447556
218.67538305609907,226.69799438433955,210.91561414154998,225.33493041992188,33932000,V,2023-01-27,-0.005660045166598349,0,0.031786389115495695,0.03756831205789757,0.11397786097663709,0.06330975614989498,0.17756786073145236,0.09550785806776574,0.031786389115495695,0.01761845133286798,0.02461579213119813,218.2274932861328,208.75983810424805,0.03256893541122263,0.07939789792036889,1.0,0.22667360764664624,0.49093940485561993,0,3.0,False,0.0,-0.0
309.6300048828125,313.67999267578125,306.8500061035156,309.1700134277344,13508600,BRK.B,2023-01-27,-0.0021347596255923973,0,-0.0022589527882117544,-0.026665409992748135,0.0008741325237464626,-0.02207806611894303,0.0754861798270603,0.028509671158381655,-0.0022589527882117544,0.02322415669210939,0.029408148745824612,313.8425064086914,310.9341684977214,-0.01488801830709452,-0.005673725337136504,0.8157540828398173,-0.09645702207923379,0.47994278380892247,0,4.0,False,0.0,-0.0
97.55999755859375,103.48999786376953,91.5199966430664,102.23999786376953,393991400,AMZN,2023-01-27,0.011248058977967101,1,0.05131103201819576,0.041989349794744335,0.21714283171154203,0.08615745083384763,0.12376339955342308,-0.24238606761153192,0.05131103201819576,0.06368686516333108,0.061477685663788924,95.92250061035156,92.6966667175293,0.06586043121499086,0.10295225798486607,0.30629717764944964,0.13658518221170746,0.4651413959758639,0,5.0,False,0.0,0.0
125.21071454138257,130.90040924581558,124.93272692098093,130.02935791015625,41376600,JPM,2023-01-27,0.0054874645665299315,1,0.03879187839597087,-0.018809745484323126,0.05411255357706124,0.04584543080414427,0.08169959633669888,0.2363141878288193,0.03879187839597087,0.04636849634165257,0.030581876015452022,128.8872413635254,124.82073084513347,0.008861362339267709,0.04172886210292415,0.9330785438780583,-0.14708174093725646,0.4609604054951471,0,6.0,False,0.0,0.0
97.1470640983974,99.49764470130867,92.99142962152443,98.55543518066406,179407400,GOOGL,2023-01-27,0.0544430818174344,1,0.013772642780043531,0.07870157240143683,0.12626072533627108,-0.010653247919863662,0.14772466281996688,-0.14571877927572185,0.013772642780043531,0.034830627324161104,0.048784439825870184,93.44021606445312,93.32368024190266,0.054743228683060474,0.05606031529404176,0.3643874584558336,0.1653597778113023,0.457755589788127,0,7.0,False,0.0,0.0
135.81489982286553,144.77287517943125,135.5985702195713,143.49456787109375,338655600,AAPL,2023-01-27,0.05872686903316238,1,0.05846090816131855,0.08288808231923572,0.12314346310549817,-0.012719086987250217,0.054559775686564116,-0.099285514996312,0.05846090816131855,0.025817392748218128,0.03979482176783119,134.7578525543213,137.9544366200765,0.06483269917981715,0.04015913794983361,0.3865385036190664,0.031101278792585507,0.44427285129900096,0,8.0,False,0.0,0.0
234.93392297440502,243.4406734697651,224.9947760426561,241.81338500976562,198648400,MSFT,2023-01-27,0.04106235930730184,1,0.033053108735587866,0.03732814599941392,0.034776022891707115,-0.02689978115582148,0.12407687807942258,-0.11167767240283344,0.033053108735587866,0.05364211605249105,0.04784972450783959,232.04475784301758,236.40738677978516,0.04209802995574119,0.02286729828377232,0.3929719149322377,0.2946332733532804,0.44121236323344043,0,9.0,False,0.0,0.0
135.8699951171875,180.67999267578125,134.27000427246094,177.89999389648438,1095958300,TSLA,2023-01-27,0.06790332909220753,1,0.3333832734071509,0.45343130456474023,0.44422790595665695,-0.08703688114925634,-0.14252666482014753,-0.4013124766933097,0.3333832734071509,0.17118012954928083,0.13871161264288778,136.6949977874756,156.35583305358887,0.30143748327258924,0.13778930035511716,0.3407430418112773,0.2634227418578976,0.4267955838930303,0,10.0,False,0.0,0.0
307.6000061035156,312.6700134277344,305.7900085449219,308.510009765625,20453400,BRK.B,2023-02-03,0.004473128388478909,1,-0.0021347596255923973,-0.0043888900925956875,-0.03194324452538455,0.006919269610075496,-0.003906726883343592,0.05628788314151234,-0.0021347596255923973,0.010961796519663362,0.019138481801115423,311.2975082397461,310.83333587646484,-0.008954451610882486,-0.00747450753404133,0.802980645824314,0.26801703014062106,0.5621715489602632,1,1.0,True,0.5,0.0022365641942394543
224.1276611126716,228.1195027613454,221.63520160972953,224.0595245361328,35197900,V,2023-02-03,-0.010798445787633004,0,-0.005660045166598349,0.025946431550820437,0.05685442695235676,0.10268331008536347,0.12258549700787125,0.0703335616046441,-0.005660045166598349,0.017138963448895726,0.023374312803297572,221.24086380004883,210.79876581827799,0.01274023563129556,0.0629071933432781,0.9758248292900624,0.1450157937026879,0.5455632358869578,1,2.0,True,0.5,-0.005399222893816502
152.47974599148205,153.0336240488737,146.23272842940025,149.46517944335938,61704400,JNJ,2023-02-03,-0.014944335832818623,0,-0.02151804228289511,-0.024475478858863364,-0.0867683569783042,-0.06333216544893039,-0.021137380733174393,-0.025272550725312648,-0.02151804228289511,0.014561288925639945,0.022121915837472444,153.22654342651367,158.29316329956055,-0.024547731085236002,-0.05576983662582269,0.2579717725025075,0.5497602061511297,0.5190681624609063,1,3.0,False,0.0,-0.0
148.24662480680917,195.62484263627775,145.8057729000142,185.07760620117188,340828600,META,2023-02-03,-0.06637016018967712,0,0.2292736942791742,0.3383800644227857,0.4346254478160698,0.6094045489801241,0.6504158408404934,0.11621094882356209,0.2292736942791742,0.0927042491177942,0.0755765039469822,152.4585838317871,129.42599868774414,0.21395333440440756,0.4299878546635283,1.0,0.9181084805302719,0.5176196310048687,1,4.0,False,0.0,-0.0
142.54079133466578,154.75349514117664,138.961535368266,151.9215545654297,480249700,AAPL,2023-02-03,-0.021096727298439588,0,0.05872686903316238,0.12062100329163039,0.19194565550192544,0.08680376356058095,0.032064031452650354,-0.06406856250091064,0.05872686903316238,0.017115019107340368,0.03614397199460587,140.8740463256836,138.34775988260904,0.07842117499915924,0.09811358488448452,0.5896434921255448,0.34895547875344635,0.49356285332882693,0,5.0,False,0.0,-0.0
101.08999633789062,114.0,99.01000213623047,103.38999938964844,520198300,AMZN,2023-02-03,-0.05590481490877708,0,0.011248058977967101,0.0631362405105238,0.20109197479534546,0.16051188281030293,0.02579619456795279,-0.2656960429777656,0.011248058977967101,0.0659165122807987,0.05351731785240849,100.25,92.91333325703938,0.03132168967230364,0.1127574026821958,0.32560870522199037,0.292456348398872,0.4650745856493533,0,6.0,False,0.0,-0.0
129.01924775483755,131.89195670361985,127.87951421393406,130.74288940429688,48083100,JPM,2023-02-03,-0.00035432660089451673,0,0.0054874645665299315,0.04449221202066789,0.022835974522110503,0.0754553184535316,0.05049652782694625,0.23880297823389784,0.0054874645665299315,0.0439582515720072,0.02925067337687438,129.61698722839355,125.34445635477702,0.008686378228490943,0.04306878187129426,0.9522346580978538,-0.043015262902563745,0.4606083965985228,0,7.0,False,0.0,-0.0
178.0500030517578,199.0,162.77999877929688,189.97999572753906,1091608900,TSLA,2023-02-03,0.036372269804760826,1,0.06790332909220753,0.42392443662736157,0.6803467170524327,0.061044359058858744,-0.030565930784569706,-0.3407364164377875,0.06790332909220753,0.12693401935716672,0.13916167420671638,155.9249973297119,155.85666592915854,0.2184062785379819,0.21894045785562088,0.40422510229057435,0.15798248762015854,0.4598708650672088,0,8.0,False,0.0,0.0
96.68093725731849,106.9659333278878,95.60978845068932,103.92109680175781,227821100,GOOGL,2023-02-03,-0.0974423884745087,0,0.0544430818174344,0.0689655497151942,0.1996795486906935,0.12873002701266212,0.08681674539972906,-0.10802756761836219,0.0544430818174344,0.02243160884575115,0.039832203551052915,97.76447868347168,94.01546287536621,0.06297397788228576,0.10536175245473434,0.5185187539106032,0.2797857933621053,0.45880689715899897,0,9.0,False,0.0,-0.0
238.25671541727394,257.9206414880855,236.00579544141553,251.74281311035156,152686100,MSFT,2023-02-03,0.018385562512603704,1,0.04106235930730184,0.07547270667001382,0.1485798468311157,0.052685454730143855,0.04843232260736818,-0.08229443398703284,0.04106235930730184,0.024554070948166633,0.0363436871786696,240.18609619140625,237.37649154663086,0.04811567822700136,0.06052124820834903,0.5391595259795358,0.006362510341777483,0.45784843216640503,0,10.0,False,0.0,0.0
222.66721013172284,226.790820285701,220.62548701049272,221.64002990722656,22171700,V,2023-02-10,-0.016020969059649337,0,-0.010798445787633004,-0.016397371263344285,0.020554919234002877,0.10031880715250363,0.07990985956875574,0.07960918706074493,-0.010798445787633004,0.018981444026657298,0.023306860057380537,222.35687255859375,212.16548665364584,-0.0032238385219161003,0.04465638310460762,0.9299635890142888,-0.22221481642590035,0.5642489863217827,1,1.0,True,0.5,-0.008010484529824669
308.25,314.1499938964844,305.2799987792969,309.8900146484375,16399000,BRK.B,2023-02-10,-0.005324548504521576,0,0.004473128388478909,0.002328819709002561,-0.024398689216085234,0.03296671549479169,-0.002799572306113829,0.027657195135403656,0.004473128388478909,0.012641470386386685,0.01915980402940638,309.3600082397461,310.7608362833659,0.0017132350484057035,-0.0028022245188398243,0.8296886877090441,0.014937196931484431,0.5507881794743276,1,2.0,True,0.5,-0.002662274252260788
185.0776087109676,192.2711605893038,172.00021713810386,172.79397583007812,196256000,META,2023-02-10,-0.007292418925584854,0,-0.06637016018967712,0.1476866022729093,0.27135314788907827,0.45817607240567604,0.554216634315249,-0.03518020274272926,-0.06637016018967712,0.1252315850767155,0.0809533492851078,161.67871856689453,134.56070200602213,0.06874904354579403,0.28413402467493754,0.8706911818315505,0.015452778491375607,0.5361072535288516,1,3.0,False,0.0,-0.0
149.41068671612328,149.68308818162777,146.2508801905404,147.2315216064453,35364000,JNJ,2023-02-10,-0.0037399866203265963,0,-0.014944335832818623,-0.036140805265373444,-0.06504052830004392,-0.07696242336650982,-0.07379897477266528,-0.006090998060691022,-0.014944335832818623,0.010333143083031354,0.017798752552275234,150.66600036621094,157.31555557250977,-0.022795313816107998,-0.06410067923268103,0.14125947387975807,-0.14165465216188267,0.5347281318970255,1,4.0,False,0.0,-0.0
193.00999450683594,214.0,189.5500030517578,196.88999938964844,973057500,TSLA,2023-02-10,0.058001920891598724,1,0.036372269804760826,0.10674539710335162,0.6085784063329458,0.3105904612200958,0.09267993075072334,-0.3437656228020005,0.036372269804760826,0.13609984495290528,0.13663833614620502,174.5474967956543,157.24833234151205,0.12800242343292312,0.2520959456793639,0.4405381158583788,0.01046176308408353,0.5120807741761477,1,5.0,False,0.0,0.0
250.8560641029921,269.681962608756,248.264089107466,256.3712463378906,196239000,MSFT,2023-02-10,-0.01669929660044378,0,0.018385562512603704,0.0602028763938649,0.0997782841528938,0.0752378360832997,0.09070542867498044,-0.09423616308890526,0.018385562512603704,0.016319635733110793,0.0355905260095426,246.00096893310547,239.15319061279297,0.04215543316662762,0.07199592730073578,0.6555196541175986,0.16905253629366945,0.4908381314586859,0,6.0,False,0.0,-0.0
101.56060951901542,107.29323436787847,92.86249320969232,93.7947769165039,350189000,GOOGL,2023-02-10,-0.002326281498525762,0,-0.0974423884745087,-0.048304370585278145,0.026595571897235493,0.04775081025988581,-0.029354407215351208,-0.2227975615788087,-0.0974423884745087,0.07404422093369248,0.050022766540056225,98.3719539642334,93.77908325195312,-0.04652928871773443,0.0001673471738747878,0.26085513006968913,0.5236736481784903,0.48310712133023315,0,7.0,False,0.0,-0.0
129.94594596554768,133.75454259559032,128.4262418439015,130.69656372070312,38838100,JPM,2023-02-10,0.008508253622452333,1,-0.00035432660089451673,0.005131193610968143,-0.013775068319208161,0.09893899699410391,0.06157965890956363,0.17377400671060417,-0.00035432660089451673,0.03905810201415245,0.0289075717357717,129.16061210632324,125.9762388865153,0.011891795721094223,0.03746996160474425,0.9509909567426659,-0.1481901444901612,0.460729291003036,0,8.0,False,0.0,0.0
150.02377712562708,152.63938353904294,146.95369947058745,148.7165069580078,330758800,AAPL,2023-02-10,0.010198244767108733,1,-0.021096727298439588,0.03639119699363902,0.12229567584497891,0.12438149866234127,-0.0003268894971952818,-0.1197475864665104,-0.021096727298439588,0.037832407333427534,0.036709482843170785,144.9254264831543,138.3437074025472,0.026158836077630365,0.07497847029123084,0.5195257857008221,-0.06926005328924811,0.45235830644432695,0,9.0,False,0.0,0.0
102.93000030517578,103.94999694824219,96.2300033569336,97.61000061035156,394687400,AMZN,2023-02-10,-0.004200426795877843,0,-0.05590481490877708,-0.045285576586056364,-0.005197738707240607,0.11097200013963193,0.03686000895688002,-0.3200278750592733,-0.05590481490877708,0.044579831727202174,0.052397686733825374,100.12249946594238,93.20250002543132,-0.025094248235837058,0.04728951029980544,0.2509681298654452,-0.011852824461767164,0.4515979610754875,0,10.0,False,0.0,-0.0
176.83231268780145,180.096696800279,168.37864269096454,171.5338897705078,130805500,META,2023-02-17,-0.014402874312433811,0,-0.007292418925584854,-0.0731785801030006,0.24043931167016375,0.4645882718498209,0.5517458071206842,0.029292735813175153,-0.007292418925584854,0.12906516850484487,0.08103612425838289,169.99099349975586,139.6433162689209,0.009076341275422672,0.22837164250792363,0.8574263542332687,-0.3502013893580578,0.6035855266597913,1,1.0,True,0.5,-0.0072014371562169055
310.29998779296875,314.1000061035156,305.4800109863281,308.239990234375,14101500,BRK.B,2023-02-17,-0.013690635071375357,0,-0.005324548504521576,-0.0008752375051140904,-0.0052602862764949965,0.005709811268752141,-0.028951273204963934,0.03686757097713422,-0.005324548504521576,0.004128837887401661,0.017945504575926082,308.95250701904297,309.99500274658203,-0.0023062340278211524,-0.0056614219476361916,0.7977547998580139,-0.12497963932518907,0.5796374728390715,1,2.0,True,0.5,-0.006845317535687678
146.48695386878103,147.97603485702393,143.23310951005476,146.68087768554688,48931400,JNJ,2023-02-17,-0.027557511912665533,0,-0.0037399866203265963,-0.018628430837080878,-0.04264796993081743,-0.08979267120882894,-0.08856020931239139,-0.033260368522244343,-0.0037399866203265963,0.008988612990379478,0.016848610485417956,149.03242111206055,156.12786610921225,-0.015778737330889192,-0.06050802242475506,0.11248742264227364,0.057570337870330945,0.5541937437511574,1,3.0,False,0.0,-0.0
130.93746828510217,133.33757720886967,129.7977060205286,131.80856323242188,39226400,JPM,2023-02-17,-0.009209898444190845,0,0.008508253622452333,0.008150912320972203,0.05300577646078675,0.09148913385806878,0.047906045417236864,0.21868582582829998,0.008508253622452333,0.01751310055925254,0.028479874556204196,130.81934356689453,126.47838528951009,0.0075617232020546155,0.04214299487387474,0.98084470508281,-0.06338546908446663,0.5036292876886622,1,4.0,False,0.0,-0.0
194.4199981689453,217.64999389648438,187.61000061035156,208.30999755859375,1013262600,TSLA,2023-02-17,-0.05487011093918426,0,0.058001920891598724,0.09648385221222333,0.5613101515322891,0.6915143725338826,0.13917749569777427,-0.29783144482666857,0.058001920891598724,0.1402646646516093,0.1371851696665548,193.2699966430664,159.36916542053223,0.07781860183556288,0.3070909733945075,0.5005517668969691,-0.028950685851053093,0.49196223275262146,0,5.0,False,0.0,-0.0
221.3278891143971,225.75676480456934,216.31368777498318,218.08914184570312,22569500,V,2023-02-17,-0.017937071328070542,0,-0.016020969059649337,-0.026646413281426362,-0.0013913610688872646,0.08826663529637502,0.047747320060357756,0.054875296835416254,-0.016020969059649337,0.021722250025498362,0.024041658161296366,222.2809066772461,212.99370574951172,-0.018857961730511796,0.023922942127613034,0.8626569173497523,-0.20719128909793616,0.4889499554981788,0,6.0,False,0.0,-0.0
97.8499984741211,101.16999816894531,95.6500015258789,97.19999694824219,273370600,AMZN,2023-02-17,-0.038065813419854266,0,-0.004200426795877843,-0.05987041762209355,-0.0005141701980238,0.1401759172814332,0.04057374090083865,-0.2968241340336135,-0.004200426795877843,0.04435022513550495,0.052333849958369365,100.10999870300293,93.51833279927571,-0.029068043077234096,0.0393683680917265,0.26791142284556724,-0.30890567892751564,0.4870647568642985,0,7.0,False,0.0,-0.0
148.65740223290342,153.95573796607766,148.55897600306773,150.233154296875,316792400,AAPL,2023-02-17,-0.03828257672400481,0,0.010198244767108733,-0.011113632120105299,0.10816683371498392,0.15867543770663772,0.03155037442325703,-0.1077635701419315,0.010198244767108733,0.039120520993980584,0.03614104148065725,148.59144592285156,138.72661908467612,0.01104847162518241,0.0829439604894826,0.6867359794955362,-0.1358969052269876,0.45593072851164074,0,8.0,False,0.0,-0.0
260.7952252232444,267.9377295681392,250.07768536596615,252.09002685546875,170204900,MSFT,2023-02-17,-0.03425567212389202,0,-0.01669929660044378,0.0013792399505958564,0.07695604159282854,0.0836778334015511,0.045320520263124386,-0.09335839585243555,-0.01669929660044378,0.02555415848203558,0.035744922685882856,250.50436782836914,240.06398391723633,0.00632986578575756,0.05009515689108324,0.8146766365724543,-0.05149054359952876,0.4481042934737344,0,9.0,False,0.0,-0.0
93.96338902898977,96.87929141683016,91.50372404324449,93.57658386230469,231717900,GOOGL,2023-02-17,-0.055325891725171994,0,-0.002326281498525762,-0.09954199154755405,-0.03744140999918222,0.057379757705447565,-0.03191057181688117,-0.19503464457870223,-0.002326281498525762,0.06430466134914786,0.05002079916774981,97.46197319030762,93.5220406850179,-0.039865695314994176,0.0005832120095676796,0.3228082835550678,-0.06294770159879026,0.44523206264690535,0,10.0,False,0.0,-0.0
306.1700134277344,307.29998779296875,300.010009765625,304.0199890136719,13423200,BRK.B,2023-02-24,0.027728516209440057,1,-0.013690635071375357,-0.01894228712540169,-0.01665758058799016,-0.01579800899720263,-0.03836787954132992,0.04848943982939802,-0.013690635071375357,0.007545889468149463,0.018244477116700606,307.66500091552734,308.98416900634766,-0.011847340097212555,-0.01606613053555439,0.7160826472737066,-0.1659642947569866,0.5928896743942788,1,1.0,True,0.5,0.013864258104720029
172.95275977485835,176.78270508862917,166.35456928198565,169.0633087158203,96834900,META,2023-02-24,0.0872113976031732,1,-0.014402874312433811,-0.021590261444799808,0.12290774847314312,0.4159053063671845,0.37978802184376614,0.05322057517875711,-0.014402874312433811,0.1319685636722844,0.07935930989860812,174.61719512939453,143.5212198893229,-0.03180606817936049,0.17796733365417539,0.8314187403015776,-0.4934916473242015,0.5893299867406935,1,2.0,True,0.5,0.0436056988015866
146.0041104378945,146.6442899774536,141.94368244569475,142.6387176513672,37318900,JNJ,2023-02-24,-0.012502606180528342,0,-0.027557511912665533,-0.031194433807149258,-0.06620784711493488,-0.11071702515086135,-0.12180337503621586,-0.03752480842071626,-0.027557511912665533,0.01019661805122157,0.016858930686498762,146.5040740966797,154.4792340596517,-0.02638395190813403,-0.07664794870559966,0.0,-0.1857044589559057,0.5628858774013044,1,3.0,False,0.0,-0.0
92.23765518012942,92.33683394114578,87.85388894602733,88.39937591552734,142304800,GOOGL,2023-02-24,0.05071244289672894,1,-0.055325891725171994,-0.057523469625388124,-0.10304920521653049,0.010200452723775344,-0.11260464440527762,-0.19222395814815052,-0.055325891725171994,0.0658097105541054,0.051142516874329566,94.92295837402344,92.58726565043132,-0.06872502258928048,-0.04523181136718735,0.10594101774887721,-0.40210127214104385,0.5616239382833644,1,4.0,False,0.0,0.0
204.99000549316406,209.7100067138672,191.77999877929688,196.8800048828125,660435200,TSLA,2023-02-24,0.004622045818527765,1,-0.05487011093918426,-5.0761881593364144e-05,0.10668921662454989,0.5983114498704867,0.010366438808035339,-0.31660242498702085,-0.05487011093918426,0.056049585622060194,0.13788136332816464,198.01499938964844,159.53749910990396,-0.005731861274824612,0.23406726306511572,0.4404855933591033,-0.2933431151518089,0.5530503235822295,1,5.0,False,0.0,0.0
147.91880821074704,149.0021077790729,143.50687229977612,144.48184204101562,213742300,AAPL,2023-02-24,0.02944566565301776,1,-0.03828257672400481,-0.028474747044643145,0.0068802198199500175,0.13087093702100394,-0.00592637728168155,-0.10049044405007779,-0.03828257672400481,0.04258597697608722,0.03807991041095516,148.83826446533203,138.6548391977946,-0.02926950566083175,0.04202523963053806,0.6298440143891186,-0.3626972280877724,0.5417623978588667,1,6.0,False,0.0,0.0
214.77230415694802,216.99650738714126,212.13841058658974,214.17726135253906,21846100,V,2023-02-24,0.01922106227123188,1,-0.017937071328070542,-0.03367067112295208,-0.0495159318912074,0.0588182090842051,0.010658982685120444,0.08665638769179984,-0.017937071328070542,0.005525572730991702,0.024389926919094237,219.4914894104004,213.18194198608398,-0.024211544931133533,0.004668872781541822,0.7885076759818515,-0.1414822587173774,0.5376771723932797,1,7.0,False,0.0,0.0
95.33999633789062,97.01000213623047,92.31999969482422,93.5,221635300,AMZN,2023-02-24,0.01497327835164608,1,-0.038065813419854266,-0.04210634755303644,-0.08548511391222058,0.11309523809523814,-0.0066928425772910805,-0.28489483747609945,-0.038065813419854266,0.03071164319150085,0.053729707786324965,97.92499923706055,93.46583302815755,-0.04518763616580013,0.00036555574091079457,0.1928150837468051,-0.3711990340250272,0.5305869569054952,1,8.0,False,0.0,0.0
130.37221408839721,130.99309222400296,127.3605490767579,130.59461975097656,38298700,JPM,2023-02-24,0.01937139845319047,1,-0.009209898444190845,-0.0007800049735386949,0.00434718628089259,0.05869497720848815,0.05039191571287027,0.249160259574442,-0.009209898444190845,0.007800446373855505,0.028369173781316665,130.9606590270996,127.00048510233562,-0.002795032331406544,0.028300164725708177,0.9482540763889074,-0.06842051174152297,0.5190176747134209,1,9.0,False,0.0,0.0
248.592801202507,250.89823380940385,242.36042854419725,243.4545135498047,105098500,MSFT,2023-02-24,0.024356010500760528,1,-0.03425567212389202,-0.050382923095291354,0.0067867564071062425,0.041798795694987234,-0.020295587010824345,-0.06543230587539839,-0.03425567212389202,0.03395306209718114,0.03631723792062855,250.9146499633789,239.6436996459961,-0.02973176900855745,0.015901999132203137,0.6769982634021203,-0.3265382788514142,0.48365036667813854,0,10.0,False,0.0,0.0
215.3283627601526,218.53785790951477,211.13359521080736,218.29397583007812,26028100,V,2023-03-03,-0.03409744952402871,0,0.01922106227123188,0.0009392213782011272,-0.025732218784231597,0.029659217614935063,0.07430882190052612,0.13627340874540717,0.01922106227123188,0.017334466391275474,0.020835048736733752,218.05010223388672,214.4402058919271,0.0011184291761066056,0.017971303105786207,0.8665395217836842,0.12413702256860093,0.5763562989681519,1,1.0,True,0.5,-0.017048724762014356
143.077663237021,143.48919735702216,138.30383226947438,140.85536193847656,37606100,JNJ,2023-03-03,-0.015647436052291464,0,-0.012502606180528342,-0.03971557737443454,-0.05760416932524104,-0.139374307176094,-0.11728813799191706,-0.04062306984712383,-0.012502606180528342,0.009837428081071846,0.016733036706839743,144.35161972045898,152.91958363850912,-0.024220426405696216,-0.07889258794054466,0.0,-0.05524417725366848,0.5577697369567471,1,2.0,True,0.5,-0.007823718026145732
304.3699951171875,312.6600036621094,301.45001220703125,312.45001220703125,19431300,BRK.B,2023-03-03,-0.028228538901046818,0,0.027728516209440057,0.013658260141570455,0.012771068414925812,-0.019580125471687082,0.01977870449057284,0.12525658910715842,0.027728516209440057,0.017899656473614623,0.01797661965846656,308.6500015258789,309.48916880289715,0.012311714441490818,0.009566872454976671,0.8792338182163966,0.2268202983189962,0.5568919586382326,1,3.0,False,0.0,-0.0
131.68808479655095,133.21709462222364,129.30654264448808,133.12442016601562,48793600,JPM,2023-03-03,-0.06967861096446049,0,0.01937139845319047,0.009983091396523758,0.01821537502016146,0.04146731538214299,0.09504514039658973,0.2841086214900381,0.01937139845319047,0.012230092907806245,0.027335177293570212,131.5560417175293,127.96337000528972,0.01192175158214237,0.040332246333560695,1.0,0.181752128886004,0.5368990866439879,1,4.0,False,0.0,-0.0
170.54168584068796,185.16688384157925,167.74363609963024,183.80755615234375,159556200,META,2023-03-03,-0.03098519244377307,0,0.0872113976031732,0.07155242849244936,-0.006862256730550298,0.4247806796809752,0.598360401781707,0.15550140327189022,0.0872113976031732,0.06395640662438305,0.07530949005756285,174.2996826171875,149.2553857167562,0.0545490008495213,0.2314969759359815,0.9866302822644993,0.09387600637995264,0.5333758035305008,1,5.0,False,0.0,-0.0
202.02999877929688,211.22999572753906,186.00999450683594,197.7899932861328,806720000,TSLA,2023-03-03,-0.12311032747496309,0,0.004622045818527765,-0.050501677287485225,0.041109578556862925,0.7494250624198664,0.10466344548990514,-0.268013768769113,0.004622045818527765,0.04910016456290088,0.1349711168429538,199.96749877929688,161.09916496276855,-0.010889297043052748,0.2277530633497935,0.44526770677787214,-0.06561370223206753,0.5264295553266022,1,6.0,False,0.0,-0.0
89.13331604003906,92.96167025066717,88.58782252932733,92.88232421875,156120000,GOOGL,2023-03-03,-0.032247759866051995,0,0.05071244289672894,-0.007419159953266363,-0.10622263354346251,0.07224642762053546,0.008833350983793453,-0.1316643220795768,0.05071244289672894,0.06431492863401532,0.049051921703303074,92.16326522827148,92.65503883361816,0.007802012967938365,0.0024530277898859865,0.29372654834081857,-0.2906310201029907,0.4639749335141428,0,7.0,False,0.0,-0.0
145.46664446890208,148.8149928448926,141.71448733904464,148.7362060546875,273994900,AAPL,2023-03-03,-0.01675165189786676,0,0.02944566565301776,-0.009964167025538151,-0.020967061058938308,0.1669540581640805,0.06401668269092231,-0.027588149107906967,0.02944566565301776,0.03046477509766324,0.03686938295683938,148.04192733764648,139.4005667368571,0.0046897438416722,0.06696988065660503,0.7872346671069771,-0.034624505984558684,0.45658766000570766,0,8.0,False,0.0,-0.0
246.61958212194187,249.7064617806796,239.92806391312698,249.38409423828125,126814600,MSFT,2023-03-03,-0.026244833157077152,0,0.024356010500760528,-0.010733993133091646,-0.009369557934654438,0.13781816141365488,0.04282225737508183,0.0023068780732515837,0.024356010500760528,0.028087344533027383,0.03503369528540813,250.32497024536133,240.49708811442056,-0.003758618271912151,0.03695265582439222,0.8186828472038149,-0.15224790551460077,0.4559392562852487,0,9.0,False,0.0,-0.0
94.27999877929688,94.94000244140625,90.38999938964844,94.9000015258789,254998100,AMZN,2023-03-03,-0.04394097051524459,0,0.01497327835164608,-0.023662505088225427,-0.0821162386487021,0.10246281955401004,0.06521501208679759,-0.2557446479807235,0.01497327835164608,0.03207142869791523,0.051012937309596884,95.80249977111816,93.95000012715657,-0.009420403928868448,0.01011177644956418,0.22122996916343626,-0.10893678418480301,0.44262338813237007,0,10.0,False,0.0,-0.0
141.44064951311282,142.8947529727853,137.82827516342695,138.65133666992188,37780100,JNJ,2023-03-10,0.005078987270781932,1,-0.015647436052291464,-0.02795440850212305,-0.05827682036363491,-0.11952699347958118,-0.13075411840886453,-0.07256025168694924,-0.015647436052291464,0.00984985369226604,0.0164972876645902,142.20657348632812,151.18156051635742,-0.025000509675792593,-0.08288195864389036,0.0,-0.06506018133280544,0.5661031263315286,1,1.0,True,0.5,0.002539493635390966
198.5399932861328,198.60000610351562,168.44000244140625,173.44000244140625,789636400,TSLA,2023-03-10,0.03857243050758341,1,-0.12311032747496309,-0.1190573032307587,-0.11910202153962257,0.4169934663337076,0.154496487878236,-0.421249310330009,-0.12311032747496309,0.07794375974409308,0.13083229577614264,194.10499954223633,163.03333218892416,-0.10646298214659577,0.06383154973746574,0.31730517721091256,-0.03409992409300122,0.5560700808108574,1,2.0,True,0.5,0.019286215253791705
186.5361649817629,188.87778960526148,177.40778053102633,178.11224365234375,141591100,META,2023-03-10,0.08968878322220863,1,-0.03098519244377307,0.053523943221375436,0.03077808584886954,0.31048296421903876,0.5030559407449451,0.06124719295215053,-0.03098519244377307,0.05331802764353984,0.07821612237128957,175.6292495727539,154.22306632995605,0.014137702493349558,0.15490015787442224,0.9266761721011029,0.07106197818141391,0.5213295299744244,1,3.0,False,0.0,0.0
312.82000732421875,317.2900085449219,301.9200134277344,303.6300048828125,20425400,BRK.B,2023-03-10,-0.03333002323368328,0,-0.028228538901046818,-0.0012827581900933804,-0.020200746941545833,-0.044106564411071525,0.012100016276041625,0.062497870860351856,-0.028228538901046818,0.023708609590778494,0.018921758221217243,307.08499908447266,309.79166920979816,-0.011250937727211308,-0.019889703111457213,0.7085350562245035,0.21252452457206283,0.5083561260778527,1,4.0,False,0.0,-0.0
132.92055012572462,133.4765394717512,118.4460559508401,123.84849548339844,94499200,JPM,2023-03-10,-0.058660561434158764,0,-0.06967861096446049,-0.05165698464792745,-0.05239669691652282,-0.06544999715600497,0.04135822343885631,0.13989922191136261,-0.06967861096446049,0.03973703827002529,0.03460539176688686,129.84402465820312,128.37326367696127,-0.046174856259940444,-0.035246967039405996,0.7549331778318468,0.7118032550803173,0.48876017702505375,0,5.0,False,0.0,-0.0
218.45008289499378,221.85468261018025,210.20685569062695,210.8507080078125,26024900,V,2023-03-10,0.0057831955162106485,1,-0.03409744952402871,-0.015531776453388324,-0.0486794822394232,-0.029125165831204836,0.04675585732201992,0.05773577548583897,-0.03409744952402871,0.022466975360682817,0.02359363194980094,215.3527717590332,215.2250518798828,-0.020905529631437658,-0.020324510710359345,0.7254532428742032,0.07910345957130094,0.4881092526808148,0,6.0,False,0.0,0.0
151.4543124625378,153.926201531547,145.3681465462101,146.24462890625,313350800,AAPL,2023-03-10,0.04377111789629029,1,-0.01675165189786676,0.012200750214230727,-0.01662141010651752,0.1036415391559884,0.10569269265689374,-0.053355504008351984,-0.01675165189786676,0.029765805159769294,0.03274285298551038,147.42395782470703,140.56552187601724,-0.007999574396580056,0.04040184929019719,0.73879319733075,0.1212319314302317,0.4647423125082093,0,7.0,False,0.0,0.0
93.24929513438325,95.18331511806566,89.65896694454361,89.88707733154297,159332600,GOOGL,2023-03-10,0.12126242787636632,1,-0.032247759866051995,0.01682932034992235,-0.0416622301734304,-0.016174689114171525,0.004099174838440245,-0.18093096663068287,-0.032247759866051995,0.04580436993279628,0.04931865225268697,91.18634033203125,92.68561871846516,-0.01424843891922134,-0.030193911694357145,0.22252729022547746,-0.07562983039421423,0.4582565591122613,0,8.0,False,0.0,0.0
250.49772786752465,254.1023656002355,241.87196275181054,242.83905029296875,117910500,MSFT,2023-03-10,0.12405976864157031,1,-0.026244833157077152,-0.0025280420882811683,-0.05278359503345709,0.041728032575577334,0.01848291757882814,-0.054999193037822525,-0.026244833157077152,0.026052559200551238,0.03608688131712047,246.94192123413086,240.8643315633138,-0.01661472025753008,0.008198468892584243,0.6719427579423429,-0.09304586190949149,0.45792590481524736,0,9.0,False,0.0,0.0
95.19000244140625,96.55000305175781,90.25,90.7300033569336,272158400,AMZN,2023-03-10,0.09059840501681649,1,-0.04394097051524459,-0.029625632546164793,-0.0704845529187339,-0.0753159313370062,0.03266563540455847,-0.31920161740639985,-0.04394097051524459,0.028006483835262035,0.05280885186182539,94.08250045776367,94.18916702270508,-0.03563358844119058,-0.036725706098851285,0.17025053288031752,0.06502997958054424,0.44115494840026664,0,10.0,False,0.0,0.0
139.09032521432886,142.58382297118516,138.6147815049397,139.3555450439453,55124700,JNJ,2023-03-17,0.00177163532999991,1,0.005078987270781932,-0.010647921910039493,-0.04994061091797897,-0.09045871517603976,-0.13524898127068186,-0.0783616223724849,0.005078987270781932,0.013485264116593131,0.01592922254927509,140.37524032592773,149.36526743570963,-0.007264067934023566,-0.06701506021855275,0.028151564985701878,0.31382388586532306,0.5783323489859555,1,1.0,True,0.5,0.000885817664999955
176.57434446133212,204.15785915002033,173.4587942651152,194.0869140625,209082400,META,2023-03-17,0.05316698218823124,1,0.08968878322220863,0.05592456657024747,0.13147853361318562,0.40353045340470617,0.657150190179705,0.3371386678168591,0.08968878322220863,0.064533122271385,0.07794264101906967,181.26750564575195,160.63690121968588,0.07072094014357333,0.20823367849376107,1.0,0.37766161953769006,0.55209969310492,1,2.0,True,0.5,0.02658349109411562
241.67660681243697,276.7753773938965,240.04524262160942,272.9656066894531,237284200,MSFT,2023-03-17,0.004079920514611368,1,0.12405976864157031,0.09455900755498958,0.08281001868413074,0.16613879151911815,0.17341721503311192,0.14782749409229634,0.12405976864157031,0.07283316538154387,0.049226966852357515,252.16081619262695,244.22608947753906,0.08250604043466159,0.11767586859125134,1.0,0.6166312217279348,0.5323813158952264,1,3.0,False,0.0,0.0
89.35151602505144,101.9969956149556,88.68700992489863,100.78700256347656,250528400,GOOGL,2023-03-17,0.03759096841765186,1,0.12126242787636632,0.08510422635538295,0.07705366453408691,0.03672725668914434,0.13885474284081734,-0.011478588608841989,0.12126242787636632,0.0808214269047146,0.059903487375562364,92.98894500732422,93.70965576171875,0.0838600497676163,0.0755242001929215,0.8263738521029756,0.4148435560899286,0.5116697117376406,1,4.0,False,0.0,0.0
209.377660989288,214.48941724288554,203.65133200098802,212.07009887695312,55644400,V,2023-03-17,0.016790128466755316,1,0.0057831955162106485,-0.028511446225019554,-0.02759900340663657,-0.028951964296643706,0.058231560721501374,0.1293461405072922,0.0057831955162106485,0.023837018806533838,0.023416750662448006,213.8480110168457,216.1975212097168,-0.008313905429555457,-0.019090978979171447,0.7485666554735206,0.7181688004415505,0.5057693690036273,1,5.0,False,0.0,0.0
121.5874514223848,125.59062689688803,116.24987395013869,116.5834732055664,169784300,JPM,2023-03-17,-0.007153669476963609,0,-0.058660561434158764,-0.12425178595949171,-0.11550911149838283,-0.0686259851808636,-0.03458780620401625,0.09218686332015791,-0.058660561434158764,0.04189173760315528,0.0387347029761514,126.03775215148926,128.02519416809082,-0.07501148492841592,-0.08937085420469659,0.5629937234348548,0.9327944610869616,0.5046519175701157,1,6.0,False,0.0,-0.0
301.75,307.54998779296875,292.4200134277344,293.510009765625,39342400,BRK.B,2023-03-17,0.018432092542361334,1,-0.03333002323368328,-0.060617704277305284,-0.04778737650993903,-0.05279628750558907,-0.042350422142087285,0.06804705932521293,-0.03333002323368328,0.02768568328266327,0.020130777705221856,303.40250396728516,308.71000417073566,-0.032605183122439985,-0.04923712934390079,0.512676869902541,0.6990465579023626,0.49268804287657364,0,7.0,False,0.0,0.0
167.4600067138672,186.22000122070312,163.91000366210938,180.1300048828125,711837700,TSLA,2023-03-17,0.057069885641677365,1,0.03857243050758341,-0.08928656151867354,-0.13527911769023349,0.3500974917921964,0.4626878006571502,-0.4061974575291597,0.03857243050758341,0.07102643548774064,0.11473408755902388,187.06000137329102,167.78166580200195,-0.0370469177782653,0.07359766647794963,0.4133235463432973,-0.040853366232018296,0.48857029290635146,0,8.0,False,0.0,0.0
145.56513330123872,154.35949876084172,145.45680332509693,152.6459197998047,410426600,AAPL,2023-03-17,0.03387111881351523,1,0.04377111789629029,0.026286227468244494,0.016060140081741503,0.12596414829838642,0.1772839275454794,0.03181261402352131,0.04377111789629029,0.03849883194615372,0.03283047508496691,148.02714920043945,142.48106575012207,0.03120218570926525,0.07134178844162609,0.9905106802099231,0.35508593953386947,0.47667396278223156,0,9.0,False,0.0,0.0
89.97000122070312,100.98999786376953,88.12000274658203,98.94999694824219,375788700,AMZN,2023-03-17,-0.008287010814695961,0,0.09059840501681649,0.04267645265799991,0.0180041157916071,0.01748068841380146,0.16070377651896983,-0.19898002164616058,0.09059840501681649,0.06237857264584157,0.05709427522758566,94.52000045776367,95.3308334350586,0.046868350285906635,0.037964249160257646,0.4232728504364329,0.33663601671912335,0.4445754425265091,0,10.0,False,0.0,-0.0
196.9345567047852,206.2613981452381,192.13224637743252,204.4059295654297,140597200,META,2023-03-24,0.02878490038815462,1,0.05316698218823124,0.14762424735049895,0.20904962240516078,0.3576511892872829,0.7118997760247079,0.46720291268750014,0.05316698218823124,0.05635692238482561,0.07752341235904514,190.1031608581543,167.72048060099283,0.07523688003245477,0.21872969140668985,1.0,-0.13588574780790408,0.5848565899747918,1,1.0,True,0.5,0.01439245019407731
139.43782453819492,140.95594152853266,137.27955104131865,139.60243225097656,38197000,JNJ,2023-03-24,0.015394931787515276,1,0.00177163532999991,0.006859620714071424,-0.021286544427662424,-0.08608505526352539,-0.1296467867037513,-0.071855485562201,0.00177163532999991,0.010274173131202852,0.016300187924458948,139.61616897583008,147.6323496500651,-9.83892120395291e-05,-0.054391313408761355,0.0380211739100731,-0.0943636901413627,0.5796826361378519,1,2.0,True,0.5,0.007697465893757638
295.57000732421875,307.04998779296875,293.3900146484375,298.9200134277344,21787500,BRK.B,2023-03-24,0.03295187723627868,1,0.018432092542361334,-0.015512272764004242,-0.016775132459162623,-0.033153279926340096,-0.032308127762846084,0.11633127569225854,0.018432092542361334,0.03139574950964657,0.020886041063296733,302.1275100708008,307.87833913167316,-0.010616367381820924,-0.029096966448514894,0.6173798359599392,-0.13701421772789657,0.4992378251265331,0,3.0,False,0.0,0.0
178.0800018310547,200.66000366210938,176.35000610351562,190.41000366210938,693958500,TSLA,2023-03-24,0.08954363071182847,1,0.057069885641677365,0.09784364034725002,-0.032862662841532386,0.07032046202825759,0.545786679577632,-0.30842983711063154,0.057069885641677365,0.0812236331494082,0.11422213136565965,185.44250106811523,173.38416608174643,0.026787292909566274,0.09819718815809098,0.5082463030598589,-0.07538544176601814,0.4884718824604058,0,4.0,False,0.0,0.0
211.68967168456896,219.73773089552827,211.53358356152626,215.6307830810547,36708600,V,2023-03-24,0.019996491545636985,1,0.016790128466755316,0.022670424578631554,0.0067865361585846,-0.04306543739482849,0.06600391714552267,0.20661013565632347,0.016790128466755316,0.02471590819984894,0.02364009626746899,214.2113914489746,217.31012471516928,0.006626125821222573,-0.0077278573021654084,0.81605901188527,0.01681647576970491,0.4845635847830287,0,5.0,False,0.0,0.0
99.29929255271749,105.71625799716358,99.05134186896636,104.57568359375,189689200,GOOGL,2023-03-24,-0.016217619332215882,0,0.03759096841765186,0.16341176839056648,0.18299119773968098,0.061084895034455355,0.1950582435248669,0.0678550780662357,0.03759096841765186,0.06289913059317187,0.05980204558719781,97.03302192687988,95.13206545511882,0.0777329358303811,0.09926850734767734,1.0,0.00408458610647866,0.4689693780093995,0,6.0,False,0.0,-0.0
117.67693998398852,122.06933157350835,114.08147741806526,115.74947357177734,96922200,JPM,2023-03-24,0.04323108140485643,1,-0.007153669476963609,-0.06539459264328928,-0.11367348982298486,-0.10982046337755191,-0.0616505755088661,0.16326259123262088,-0.007153669476963609,0.0422356443189094,0.038016771499950225,122.32646560668945,127.39145533243816,-0.05376589605767568,-0.09138746182214597,0.5409597325460432,-0.05441594656381121,0.45775874900489455,0,7.0,False,0.0,0.0
152.71489092530072,159.6775078686916,151.80885014610277,157.8162078857422,350100100,AAPL,2023-03-24,0.029017051057452115,1,0.03387111881351523,0.07912481344467115,0.09229094574348795,0.09980614755754424,0.23524008531249674,0.06867598739697889,0.03387111881351523,0.026899002345873856,0.03193359564168141,151.3607406616211,144.98561922709146,0.042649548330057296,0.0884955951290185,1.0,0.03897104800127971,0.45023006961594697,0,8.0,False,0.0,0.0
270.5723025345954,274.55794104511676,263.28489174322317,274.07928466796875,177681500,MSFT,2023-03-24,0.02755107153633829,1,0.004079920514611368,0.12864584315130045,0.1257925789570502,0.13343305895535962,0.17284935295980897,0.18554745781047233,0.004079920514611368,0.06507600207646898,0.04923607774563768,259.81700897216797,247.59213892618814,0.05489354123589574,0.10697894471389868,1.0,0.07736230367317543,0.4490502144062559,0,9.0,False,0.0,0.0
98.41000366210938,102.0999984741211,95.69999694824219,98.12999725341797,292116300,AMZN,2023-03-24,0.05258334664764952,1,-0.008287010814695961,0.08156060423995193,0.04951868720233121,-0.040199537326164325,0.16821425301688064,-0.13754615656338487,-0.008287010814695961,0.05692206911634484,0.056833107007298,95.67749977111816,96.50833320617676,0.02563295955858713,0.016803357734681335,0.40005655083537767,-0.022255172641742704,0.440248860662558,0,10.0,False,0.0,0.0
141.0199829376898,141.92536443405214,138.7610658200179,141.75160217285156,33345300,JNJ,2023-03-31,0.06548363140650637,1,0.015394931787515276,0.017193841322572956,0.006362840732796915,-0.0516078547474057,-0.1338982829621025,-0.03818276015656885,0.015394931787515276,0.012908617170945437,0.015459080023363965,139.84022903442383,145.80613072713217,0.01366826378664765,-0.027807668539455488,0.1239367905837343,-0.1889112060960637,0.5731046199273135,1,1.0,True,0.5,0.032741815703253185
300.8800048828125,308.80999755859375,298.9700012207031,308.7699890136719,16634600,BRK.B,2023-03-31,0.012112643343027418,1,0.03295187723627868,0.05199134182930365,-0.01177795823199057,0.0008426930725664583,-0.031127469803695074,0.15635533562194226,0.03295187723627868,0.03320355665551297,0.021075859392738053,301.20750427246094,307.0516713460286,0.02510722553037792,0.005596184056288145,0.8002011148598189,-0.322349854720292,0.5431033075138266,1,2.0,True,0.5,0.006056321671513709
203.2152668797388,210.5179387549934,196.35907885459528,210.28973388671875,104554200,META,2023-03-31,0.019628273979091393,1,0.02878490038815462,0.083482288862613,0.14407556625379425,0.13622462599901097,0.6300567628934777,0.5620575541085036,0.02878490038815462,0.05070656737823492,0.07701339881523835,196.72370529174805,174.49399058024088,0.0689598062157879,0.20514026407125607,1.0,-0.29808774356358725,0.5286866364732988,1,3.0,False,0.0,0.0
117.49160888171173,120.781247244047,117.02827735701212,120.75344848632812,69509600,JPM,2023-03-31,-0.014117104291824112,0,0.04323108140485643,0.03576815106039066,-0.09292789154882342,-0.07640523292305679,-0.055314046353333035,0.26743569348186624,0.04323108140485643,0.0519237054688154,0.03874692187538064,119.23372268676758,126.80225054423015,0.012745771626647473,-0.047702639597805296,0.6528592916864162,-0.35447289659782233,0.5137861473385357,1,4.0,False,0.0,-0.0
217.14286899002997,220.3133328862335,213.29927595545286,219.94264221191406,33005200,V,2023-03-31,0.0023507438275456316,1,0.019996491545636985,0.03712236367432786,0.007552505173662016,-0.018374056326067256,0.03743572418308072,0.27445295023190375,0.019996491545636985,0.024899158326192664,0.020189341663934966,214.6235580444336,217.97150802612305,0.024783319296101114,0.009043081839644751,0.887493569041749,-0.12790265227756603,0.5034942149878903,1,5.0,False,0.0,0.0
194.4199981689453,207.7899932861328,185.42999267578125,207.4600067138672,623640500,TSLA,2023-03-31,-0.10797266186425969,0,0.08954363071182847,0.15172376111817032,0.04889030666857486,0.09200974512809856,0.8349549902152642,-0.21786990871303602,0.08954363071182847,0.09479042346834167,0.10777742558423427,187.86000442504883,181.25083351135254,0.10433302367262653,0.1446016699331374,0.8175992002946562,-0.11511269431076476,0.49829113376647954,0,6.0,False,0.0,-0.0
274.0108578776161,282.57802388172956,265.75630680935643,281.6304626464844,131625200,MSFT,2023-03-31,0.01144632147462854,1,0.02755107153633829,0.03174339823291028,0.1293040300212267,0.11872295048610404,0.2849426351157831,0.24446825913593795,0.02755107153633829,0.06497759285110256,0.04296899798259398,267.87860107421875,252.79655583699545,0.0513361706277371,0.11405972962733402,1.0,-0.20767540896076364,0.47192306867208683,0,7.0,False,0.0,0.0
157.5109061704178,162.49405610459849,153.61105638332387,162.39556884765625,267939700,AAPL,2023-03-31,-0.0014553561126460224,0,0.029017051057452115,0.0638710098549522,0.09183616521687044,0.06894356967441118,0.2741226438501343,0.19700259988222024,0.029017051057452115,0.02686338771167025,0.03137290188014793,154.77558135986328,147.8971850077311,0.04923249146178943,0.09803015411799265,1.0,-0.20126318249609554,0.4656589107194887,0,8.0,False,0.0,-0.0
99.06999969482422,103.48999786376953,96.29000091552734,103.29000091552734,245608400,AMZN,2023-03-31,-0.01190825197048373,0,0.05258334664764952,0.04386057707061153,0.08840884356951784,-0.0009671967763944522,0.19993028250917022,-0.08592919543781108,0.05258334664764952,0.06028934590734385,0.05785003120856954,97.77499961853027,97.94249979654948,0.05640502499119293,0.05459837282166502,0.5461495210135603,-0.17141185275723014,0.4543691759873395,0,9.0,False,0.0,-0.0
103.7623993547433,103.9012511249283,98.92239404886756,102.87971496582031,161908000,GOOGL,2023-03-31,0.04521340932096862,1,-0.016217619332215882,0.02076371306930902,0.1076350191617208,-0.010020889578600811,0.18765769240355823,0.08447486289300365,-0.016217619332215882,0.06921995842878494,0.06007624030683329,99.53236961364746,96.48670450846355,0.03363072099223774,0.06625794185763678,0.9093327024927043,-0.1494845022353164,0.45193474291925334,0,10.0,False,0.0,0.0
219.7182649890028,224.42030308781412,218.63542783200967,220.4596710205078,20775000,V,2023-04-07,0.03553235057061355,1,0.0023507438275456316,0.022394242002256037,0.04557235355519551,-0.005325567259726549,0.01511988536937725,0.23450339077242344,0.0023507438275456316,0.008490686500887032,0.019063340522077924,217.02579879760742,218.24514770507812,0.015822414855400257,0.010146953271200632,0.8982810239613684,-0.4313407220262062,0.6642654742353776,1,1.0,True,0.5,0.017766175285306773
309.25,313.2200012207031,307.07000732421875,312.510009765625,13048500,BRK.B,2023-04-07,0.023135196450738693,1,0.012112643343027418,0.04546365491575255,0.029246137535846595,0.00845459677092153,-0.01615037352422477,0.161574486470643,0.012112643343027418,0.028610423741652544,0.02148363668217079,303.42750549316406,306.6241709391276,0.029933028838961206,0.019195612689209218,0.8657106877199544,-0.42525849823263184,0.6254624355903688,1,2.0,True,0.5,0.011567598225369347
207.21387546311837,215.25081416311986,206.57885939268849,214.4173583984375,84452000,META,2023-04-07,0.024942186396069044,1,0.019628273979091393,0.048978172278525633,0.20383278544824512,0.240884454266455,0.5776023570982785,0.6193332780190097,0.019628273979091393,0.031297995834229125,0.07725615552836025,205.79998397827148,181.03598403930664,0.041872570899110784,0.1843908244886998,1.0,-0.3729034624636477,0.5842569519739294,1,3.0,False,0.0,0.0
161.7751332479675,164.3061166832112,159.34266411557562,162.1592254638672,200156300,AAPL,2023-04-07,0.00334018144081627,1,-0.0014553561126460224,0.027519464802178817,0.10882175076541944,0.09039156971092055,0.22374174366438515,0.17913503791566732,-0.0014553561126460224,0.019496187286736855,0.03137631605750444,158.75423049926758,150.3678716023763,0.021448215609065624,0.07841671053688404,0.9932355016282356,-0.3483555203725277,0.5711709908975932,1,4.0,False,0.0,0.0
120.38279043309,121.80058365315669,118.06614297272823,119.04875946044922,41730200,JPM,2023-04-07,0.08833456945125273,1,-0.014117104291824112,0.028503679428191653,-0.038754899720139235,-0.08912096790199564,-0.10166838879967977,0.2211675281278569,-0.014117104291824112,0.041728201217581244,0.03660255431879901,118.03378868103027,125.67947514851888,0.008598985008960058,-0.05275893840449253,0.5436537088733651,-0.5583478393623644,0.5355906872478157,1,5.0,False,0.0,0.0
279.8916392622568,285.3229720001434,275.50548186907776,284.8540954589844,102542700,MSFT,2023-04-07,-0.018724356791158914,0,0.01144632147462854,0.039312751432742044,0.17301601663870514,0.11110001424868887,0.2219636671926788,0.25151203213351114,0.01144632147462854,0.05571908920669059,0.04096333462886293,278.38236236572266,257.1084175109863,0.023247640541104175,0.10791431185566869,1.0,-0.36812576024411614,0.5301062063865607,1,6.0,False,0.0,-0.0
102.30000305175781,104.19999694824219,99.80000305175781,102.05999755859375,178781600,AMZN,2023-04-07,0.004409216033719465,1,-0.01190825197048373,0.0400489189358344,0.12487593720334988,0.04558955968053002,0.04015485835429167,-0.10911313081694729,-0.01190825197048373,0.0496727330896261,0.0432371971696155,100.60749816894531,98.27083269755046,0.014437287638435548,0.038558387641888237,0.5113249636080902,-0.34529920946264514,0.5297891506236914,1,7.0,False,0.0,0.0
101.55068678803492,108.27510972849137,101.0944584138917,107.53125762939453,126457500,GOOGL,2023-04-07,0.0041505322314912,1,0.04521340932096862,0.0282625361276736,0.19629273552606552,0.14645251222377587,0.17694307243938967,0.0987028460275794,0.04521340932096862,0.05657765072153245,0.05958053478421427,103.94341468811035,97.83390299479167,0.03451727030567309,0.09912059457669908,1.0,-0.30573465127039046,0.4910296748840596,0,8.0,False,0.0,0.0
199.91000366210938,202.69000244140625,179.74000549316406,185.05999755859375,553750100,TSLA,2023-04-07,-0.000324205983925574,0,-0.10797266186425969,-0.02809729531337779,0.06699720337649961,-0.060084320522765244,0.5119280657808383,-0.17039498147494003,-0.10797266186425969,0.08742709135526607,0.11723560371784808,190.7650032043457,186.4724998474121,-0.029905934264267575,-0.007574855756072307,0.6235925499158361,-0.1425318525164343,0.48995590534693206,0,9.0,False,0.0,-0.0
141.7058878651044,152.93622820649182,140.78222106194937,151.0340118408203,41476000,JNJ,2023-04-07,0.004177946114254594,1,0.06548363140650637,0.08188667923272352,0.08930801150786638,0.02582660420055416,-0.04089370008088988,0.04501502989085915,0.06548363140650637,0.02960823196516984,0.0252865543438677,142.93589782714844,145.26949055989584,0.05665556474458833,0.03968156877749718,0.4950121265652297,-0.013316046460453257,0.46682123574410567,0,10.0,False,0.0,0.0
213.0381989750547,220.38056370650133,209.019730673576,219.76539611816406,96690000,META,2023-04-14,-0.03882785993725413,0,0.024942186396069044,0.04506003244338008,0.13230403595059004,0.28117771020166527,0.5892231969697104,0.7473177194811942,0.024942186396069044,0.014840310761425215,0.07707639109540473,212.2196044921875,187.82603454589844,0.03555652478022764,0.1700475743391192,1.0,-0.09273753710472643,0.5787023092123402,1,1.0,True,0.5,-0.019413929968627064
158.96840146235982,163.794009087704,157.35332510698044,162.70086669921875,263326300,AAPL,2023-04-14,-0.0011499832501216112,0,0.00334018144081627,0.0018799641746931606,0.06587104923997411,0.0829890875998407,0.20013258815339485,0.19769289342296692,0.00334018144081627,0.017829110918713448,0.03156923091569624,161.2679672241211,152.62885411580405,0.008885208263996303,0.06599022604056737,1.0,-0.026090259434293772,0.5401956980332122,1,2.0,True,0.5,-0.0005749916250608056
311.4100036621094,321.8800048828125,310.3299865722656,319.739990234375,14401700,BRK.B,2023-04-14,0.014355402758741809,1,0.023135196450738693,0.0355280681770449,0.08936656194347603,0.03730859189054536,0.03185205174013328,0.17262615795159864,0.023135196450738693,0.00877978900671306,0.02117891519291453,309.98500061035156,307.44667053222656,0.03146923110736366,0.03998521005567324,1.0,-0.12547762868459122,0.5195915570049557,1,3.0,False,0.0,0.0
282.51933193992477,283.19334466122456,275.1245442349261,279.5203857421875,122993600,MSFT,2023-04-14,-0.0013281547852221909,0,-0.018724356791158914,-0.007492360323767766,0.024013204931680576,0.10881175756486972,0.19414152129864903,0.2585977087433926,-0.018724356791158914,0.019227241796662794,0.0421594437719278,280.02105712890625,260.8954137166341,-0.0017879776322973218,0.07138865248809045,0.9235116835329003,-0.08015174546549175,0.5169624844048857,1,4.0,False,0.0,-0.0
220.04019576493795,229.23938491507636,218.8305500082802,228.29312133789062,31235300,V,2023-04-14,0.00012833008208179564,1,0.03553235057061355,0.03796662185194122,0.07649839627014265,0.046788113364244266,0.045331653135935346,0.28683831944522575,0.03553235057061355,0.013613112051037225,0.021466964410462502,221.0815544128418,219.07015736897787,0.03261948715803831,0.04210050369105556,1.0,0.026429441663565312,0.5007849580791923,1,5.0,False,0.0,0.0
106.10306402969181,108.04699547084493,103.48470556942307,107.97756958007812,129171100,GOOGL,2023-04-14,-0.03178105080847404,0,0.0041505322314912,0.04955160126514224,0.07134418956524557,0.1538951853485493,0.11069172261783167,0.12748557764887103,0.0041505322314912,0.028790220051921136,0.057600627232568515,105.74105644226074,98.73065821329753,0.02115084918825838,0.09365795320439974,1.0,-0.149106642043207,0.48886325796437075,0,6.0,False,0.0,-0.0
150.55849486501637,152.11319951658365,149.15924486155336,151.66502380371094,29887600,JNJ,2023-04-14,-0.01899397747516751,0,0.004177946114254594,0.06993516460414306,0.08833146004978754,0.033979522053645184,-0.01011760551197971,0.02219925190728067,0.004177946114254594,0.029782109602187922,0.0241913642240949,146.01326751708984,145.14030965169272,0.038707142047619714,0.04495452826079949,0.520237578200486,-0.1634327204125232,0.47289223796151186,0,7.0,False,0.0,-0.0
179.94000244140625,191.5800018310547,176.11000061035156,185.0,617553500,TSLA,2023-04-14,-0.10767566577808274,0,-0.000324205983925574,-0.1082618624651086,0.027036001694197287,-0.11190052245109872,0.3865987298676219,-0.09751697623048594,-0.000324205983925574,0.08672983546549233,0.11668616006340503,191.98250198364258,190.77083333333334,-0.036370512476379235,-0.030250081904553916,0.6230729106026112,-0.007508771134716152,0.4553450589471788,0,8.0,False,0.0,-0.0
100.95999908447266,103.19999694824219,97.70999908447266,102.51000213623047,273789600,AMZN,2023-04-14,0.04341036831048317,1,0.004409216033719465,-0.007551541992286137,0.03597782008877082,0.05462968471918561,0.05408742556535184,-0.04106641091661434,0.004409216033719465,0.029756905215550526,0.043043875146276556,101.49749946594238,98.709166208903,0.009975641524329726,0.038505399987713185,0.5240657501744803,0.10589006780700605,0.45479692910436387,0,9.0,False,0.0,0.0
118.18020558100874,129.92911468105393,117.88134648944423,129.56488037109375,88196100,JPM,2023-04-14,0.013046856708927024,1,0.08833456945125273,0.07297043682991178,0.1113486054977777,-0.017022284488237505,0.03508121256611374,0.26676446319151337,0.08833456945125273,0.04789276285695139,0.04276859128507243,121.27914047241211,126.04541206359863,0.0683195796606626,0.027922224616309776,0.8279495187405572,0.19039904763865056,0.43597017465485244,0,10.0,False,0.0,0.0
228.29315107231292,229.80522550473867,225.2885219359878,228.32241821289062,25192300,V,2023-04-21,-0.005639851215016312,0,0.00012833008208179564,0.03566524052216069,0.05885817855173858,0.06604415786729301,0.013257987953316563,0.234609438892875,0.00012833008208179564,0.016600406580805055,0.019593514531670856,224.25446319580078,219.3191146850586,0.018139906600378453,0.04105115753709265,1.0,-0.08564366587482919,0.5508412808162052,1,1.0,True,0.5,-0.002819925607508156
283.2226985900286,285.01038094044696,276.51159020841027,279.1491394042969,106069100,MSFT,2023-04-21,0.07523833356345944,1,-0.0013281547852221909,-0.020027642732308726,0.018497766959914452,0.14661722772779884,0.15439903954457868,0.1865316021886958,-0.0013281547852221909,0.019602025552941108,0.042038982180622846,281.2885208129883,264.00672658284503,-0.007605647761622536,0.05735616291844803,0.9181878078652003,-0.08409245848611901,0.525295950505172,1,2.0,True,0.5,0.03761916678172972
162.58269264644778,165.60604050503213,161.53879379674336,162.51376342773438,249953100,AAPL,2023-04-21,0.028239044507010203,1,-0.0011499832501216112,0.0021863570379854202,0.02976598921571605,0.1248040662549128,0.13254296548512023,0.12409948307581753,-0.0011499832501216112,0.014552122419449875,0.028810475592785125,162.44235610961914,154.21378707885742,0.0004395855848522423,0.05382123418467599,0.9946912152861135,0.018786898469230096,0.521503366782028,1,3.0,False,0.0,0.0
320.20001220703125,325.7200012207031,319.0,324.3299865722656,14247000,BRK.B,2023-04-21,0.013011443268946321,1,0.014355402758741809,0.037822714272433444,0.08500592801784501,0.06680480985636894,0.04903442276453096,0.14803007100999777,0.014355402758741809,0.009487189511738119,0.02135885092139308,316.3374938964844,308.7100016276042,0.02526571408698275,0.05059759924300655,1.0,-0.023037176977223406,0.5106471576957922,1,4.0,False,0.0,0.0
218.07863523228386,219.25937191854015,207.94815114120425,211.2323760986328,77853600,META,2023-04-21,0.12884577946411002,1,-0.03882785993725413,-0.014854125261100637,0.03339651911134012,0.24942767122637344,0.4029920131768494,0.6374897208324777,-0.03882785993725413,0.031861773966903276,0.07880064506114474,213.92621612548828,192.8821907043457,-0.012592379165325296,0.09513675330665805,0.9342005907733161,-0.143406487914448,0.5074596036126171,1,5.0,False,0.0,0.0
186.32000732421875,189.69000244140625,160.55999755859375,165.0800018310547,668971700,TSLA,2023-04-21,-0.004664430966320077,0,-0.10767566577808274,-0.10796496266683997,-0.13302873454066966,-0.16151971893075634,-0.07206291458834635,-0.2301809366181048,-0.10767566577808274,0.0953489114574226,0.07589185741181632,185.6500015258789,189.7025006612142,-0.11079988971590093,-0.12979533081713213,0.4505456543180084,0.08603013138679505,0.491591541361368,0,6.0,False,0.0,-0.0
151.57363659429762,152.03089987283826,146.0041226642209,148.7843017578125,45882900,JNJ,2023-04-21,0.006208049286166029,1,-0.01899397747516751,-0.014895387175299701,0.06577155826575298,0.0430849646409901,-0.025975445225847937,-0.02247782268028997,-0.01899397747516751,0.0356476824535906,0.02477007154794945,148.30873489379883,144.80965932210287,0.003206600503700807,0.027447357132915684,0.40507729770351647,0.21873568149128975,0.4833565774327474,0,7.0,False,0.0,0.0
103.16000366210938,108.1500015258789,101.38999938964844,106.95999908447266,282580000,AMZN,2023-04-21,-0.014117447168617958,0,0.04341036831048317,0.04801099003618692,0.08998269722000973,0.14395720945960067,0.046165897098240594,-0.10358699834029339,0.04341036831048317,0.03083768808222312,0.04232952781178131,103.70499992370605,99.1024996439616,0.031387099591738465,0.07928659184924824,1.0,0.15249445429848452,0.4620399391076534,0,8.0,False,0.0,-0.0
103.80207449899135,105.66666534841484,102.22511753880913,104.54592895507812,138694200,GOOGL,2023-04-21,0.018309508456661128,1,-0.03178105080847404,-0.027762426852714017,-0.0002845273169570506,0.18265460442820425,0.06078298739620758,0.0423217953404722,-0.03178105080847404,0.033336964848941185,0.05883866429323245,105.73361778259277,99.22986602783203,-0.011232840154554724,0.0535732147996153,0.8447733626628778,-0.0026140228121132036,0.4545147216241244,0,9.0,False,0.0,0.0
130.70427656738232,132.41335642388827,128.56557044137327,131.2552947998047,61397400,JPM,2023-04-21,-0.016365480977736824,0,0.013046856708927024,0.10253391463025507,0.13396018789158504,0.0050589760136208195,0.009428154605635175,0.16738309896523385,0.013046856708927024,0.04390965381432446,0.04147508783898887,125.15559577941895,126.14757347106934,0.048736926083083,0.04049004818873314,0.8924241086973609,-0.0584423077881544,0.430476992537745,0,10.0,False,0.0,-0.0
324.42999267578125,328.80999755859375,319.0,328.54998779296875,13392300,BRK.B,2023-04-28,-0.014213918988482788,0,0.013011443268946321,0.027553630536286233,0.06406062597754936,0.051528164368479956,0.06495730249585141,0.09651898154013994,0.013011443268946321,0.005072112240690896,0.02139753143587423,321.2824935913086,310.3799997965495,0.022620262064153573,0.05854110447944283,1.0,-0.027596910482033832,0.5635973858847322,1,1.0,True,0.5,-0.007106959494241394
228.49799265512374,229.39547691710922,221.06446922927816,227.0347137451172,42357100,V,2023-04-28,-0.004081942089046997,0,-0.005639851215016312,-0.005512244895503837,0.03224509563893441,0.040041132064234874,0.013278566109357959,0.11639931837797612,-0.005639851215016312,0.018600346188864084,0.01959286570045559,226.02748107910156,219.56704711914062,0.004456239839540244,0.03401087150352078,0.9651653563068368,0.4171029201311145,0.5526472803730674,1,2.0,True,0.5,-0.0020409710445234985
212.01618714236722,239.8081176766573,205.5172320166566,238.4487762451172,187692300,META,2023-04-28,-0.031374842187987806,0,0.12884577946411002,0.08501511364831704,0.13390592987086802,0.2972740687955482,0.2883718410855878,1.4225806774166019,0.12884577946411002,0.06973213365795629,0.05859954957926688,220.9659767150879,197.3297882080078,0.07911987080513994,0.208376993714529,1.0,0.6807466689829744,0.5420385618732091,1,3.0,False,0.0,-0.0
162.49405610505224,167.2704281940491,160.32747660698578,167.10299682617188,256340700,AAPL,2023-04-28,0.022925485665487688,1,0.028239044507010203,0.027056586828706042,0.028987416417326495,0.1234856747975086,0.09992948205518681,0.09298198793606693,0.028239044507010203,0.01416767969306299,0.02533471856859279,163.61921310424805,155.4789072672526,0.021292021003084693,0.07476312873062985,1.0,0.05731877987544354,0.5236219253330218,1,4.0,False,0.0,0.0
275.56413015799205,301.78320498757233,268.9995702123378,300.15185546875,219914600,MSFT,2023-04-28,0.011032826808044849,1,0.07523833356345944,0.07381025062548274,0.06576487730844138,0.20357257099950088,0.1922956280669601,0.3096100800036643,0.07523833356345944,0.04096433411927861,0.04516835422075467,285.9188690185547,268.0408134460449,0.04977980816394334,0.11979907690128266,1.0,0.5949709892660284,0.4916101409816538,0,5.0,False,0.0,0.0
148.78429458957572,151.21694416866154,148.0343762819888,149.7079620361328,28824800,JNJ,2023-04-28,-0.006230799486426908,0,0.006208049286166029,-0.012903843737307574,0.05612888843104069,0.06284886834143322,0.0016243421623525212,-0.05105729194372843,0.006208049286166029,0.03603776907845489,0.024058341352530058,150.29782485961914,144.82989120483398,-0.003924626481037086,0.03368138158993528,0.4420017128468393,-0.21066492870262676,0.481885654427688,0,6.0,False,0.0,-0.0
107.66000366210938,110.86000061035156,102.44999694824219,105.44999694824219,489083300,AMZN,2023-04-28,0.0019915288757217375,1,-0.014117447168617958,0.028680077560671702,0.02091195675834423,0.11116960224164307,0.01992453400478489,0.01972723347731864,-0.014117447168617958,0.02662246347449071,0.04259855276030051,104.24499893188477,99.27416610717773,0.011559288490614161,0.06220984857628453,0.9342333538135178,0.5980052841183614,0.45403260210855034,0,7.0,False,0.0,0.0
104.62526499144161,107.48167377000753,101.788714484929,106.46011352539062,209783500,GOOGL,2023-04-28,-0.016489822946063937,0,0.018309508456661128,-0.014053437770352173,0.0348017931499891,0.14618270398427113,0.024432158645094848,0.11475748248427586,0.018309508456661128,0.0320660074978203,0.05705992621592036,106.62871742248535,99.44145075480144,-0.0015812240939434563,0.07058085654739199,0.9313594789151336,0.3890502383438146,0.45184409559097405,0,8.0,False,0.0,-0.0
164.64999389648438,165.64999389648438,152.3699951171875,164.30999755859375,664901000,TSLA,2023-04-28,0.03499482737165471,1,-0.004664430966320077,-0.1118378510346284,-0.20799193945263272,-0.16927042248848878,-0.13511947966226978,-0.2809819950699396,-0.004664430966320077,0.060838143737869346,0.07250140924853725,174.86249923706055,187.5633341471354,-0.06034742568880247,-0.12397591829062071,0.5380577427821522,0.06164344601216287,0.44510334234022336,0,9.0,False,0.0,0.0
131.18057170318022,131.77828978527313,125.14736765851995,129.10723876953125,51541300,JPM,2023-04-28,-0.010850801756541517,0,-0.016365480977736824,-0.0035321423540989327,0.06918055250528887,-0.030176141924033617,-0.01251043664568019,0.11321411312609464,-0.016365480977736824,0.04893423076413224,0.04176604233068987,127.24404335021973,126.01126925150554,0.014642692657788059,0.024568989237355288,0.7687946046512445,-0.15111193461388017,0.43294167729932465,0,10.0,False,0.0,-0.0
227.17130497251492,228.8492150942754,218.01107808737996,226.10797119140625,25794600,V,2023-05-05,0.00022033697452839007,1,-0.004081942089046997,-0.009698771758012814,0.0256205597366288,0.07236050249842374,0.020158548462792858,0.18160766035700826,-0.004081942089046997,0.019517753537122363,0.01931048741879741,227.43955612182617,219.93937555948892,-0.005854676086804678,0.02804679978846658,0.9229222068023439,-0.17178536081034335,0.5655061910401609,1,1.0,True,0.5,0.00011016848726419504
149.61651611328125,151.9759782230859,147.46739849183348,148.77516174316406,28694800,JNJ,2023-05-05,-0.011679640341168862,0,-0.006230799486426908,-6.143131056468576e-05,-0.014955903442708807,0.07301642606838565,0.010484440559168862,-0.03832713744746996,-0.006230799486426908,0.011554822841354317,0.023681861157677547,149.73311233520508,144.9585278828939,-0.006397720431379761,0.02632914334887193,0.40471191477732993,-0.13887678079617316,0.5376535707221185,1,2.0,True,0.5,-0.005839820170584431
329.1600036621094,331.8399963378906,317.4100036621094,323.8800048828125,15536700,BRK.B,2023-05-05,-0.004291758143391555,0,-0.014213918988482788,-0.0013874193200845708,0.036382818987829246,0.06669301345173584,0.04514501782268243,0.12665670681288188,-0.014213918988482788,0.01616004409571916,0.02214357782193261,324.12499237060547,311.54583231608075,-0.0007558426334272061,0.03959023452516619,0.8667241484423309,0.0793553754318077,0.5322910650802206,1,3.0,False,0.0,-0.0
236.7619924001167,243.01299472956518,228.0603049028967,230.9674835205078,132847800,META,2023-05-05,0.004424746898016307,1,-0.031374842187987806,0.09342842127884743,0.07718649854512383,0.2967524229908187,0.3366639803903595,1.56393867253577,-0.031374842187987806,0.07739230560193247,0.05448094981382065,225.10350799560547,202.1775805155436,0.02605012945874141,0.14239908763153286,0.9415095644007797,0.0733360843833073,0.5321656667880618,1,4.0,False,0.0,0.0
299.8685037767096,304.7528490194279,296.38109458301545,303.46337890625,120776300,MSFT,2023-05-05,-0.00540814618990082,0,0.011032826808044849,0.08710125187503581,0.065329176388637,0.24964818689639134,0.18368726306495842,0.41065875058402757,0.011032826808044849,0.0409823875792836,0.04517782186085631,290.5711898803711,271.9651578267415,0.04436843525742051,0.11581711911631998,1.0,-0.1520804782979871,0.5273556691551174,1,5.0,False,0.0,-0.0
166.70903856930101,171.65282310766082,161.8145004912906,170.9339141845703,360723200,AAPL,2023-05-05,-0.004386143055124747,0,0.022925485665487688,0.0518119239825503,0.0541115603851865,0.1688218258883707,0.14939435897883135,0.2562150113002244,0.022925485665487688,0.014420113748083505,0.023840185075436768,165.81288528442383,157.33035786946616,0.030884384475683202,0.0864649168750431,1.0,0.27650847313378146,0.5030904270751164,1,6.0,False,0.0,-0.0
105.96420892683281,107.10478367534759,102.85986201062076,104.70460510253906,129533100,GOOGL,2023-05-05,0.11310054429364613,1,-0.016489822946063937,0.0015177649579174446,-0.026286798733420436,0.16484602916103896,0.11631594577752535,0.21933465533097674,-0.016489822946063937,0.02211986055650239,0.048128310101562176,105.92205429077148,100.3506031036377,-0.011493821531164294,0.04338790066268694,0.8467248501080266,-0.1466603335837251,0.47686762000761185,0,7.0,False,0.0,0.0
104.94999694824219,105.95999908447266,101.1500015258789,105.66000366210938,315546600,AMZN,2023-05-05,0.04353585382063252,1,0.0019915288757217375,-0.012154033596584068,0.03527342925369781,0.16455416899347908,0.08247108904232614,0.16135414116861546,0.0019915288757217375,0.024417618745896128,0.03846503841781659,105.14500045776367,99.94499969482422,0.004898028456926662,0.05718148966667225,0.9433799880574717,-0.0726033330651481,0.46936714008610986,0,8.0,False,0.0,0.0
163.1699981689453,170.7899932861328,158.8300018310547,170.05999755859375,559718500,TSLA,2023-05-05,-0.012230988244828267,0,0.03499482737165471,0.030167165448881317,-0.08105479410941141,-0.01948803525850029,-0.13626899240300006,-0.18031524288811873,0.03499482737165471,0.06146113167072779,0.07242316572613836,171.11249923706055,185.3275006612142,-0.006150933936209135,-0.08238120650280623,0.5984251968503937,-0.10842493465231218,0.44427822664036226,0,9.0,False,0.0,-0.0
132.86167355918573,133.8983426470363,123.10204111664615,127.7063217163086,75810700,JPM,2023-05-05,-0.019306430962505283,0,-0.010850801756541517,-0.02703870414453846,0.07272282630324778,0.031149560742361082,-0.02287927026746195,0.06237451964981111,-0.010850801756541517,0.04824820677727395,0.041878098972311366,129.40843391418457,125.76208241780598,-0.013153023697085375,0.015459662094680304,0.6881660372122392,0.09495478352238984,0.4423050487953346,0,10.0,False,0.0,-0.0
225.59093765040402,229.06379139317298,223.1180084834486,226.1577911376953,19786200,V,2023-05-12,0.008341273949957984,1,0.00022033697452839007,-0.003862504517288756,-0.009353458341983312,0.06642941336541797,0.036997024353008445,0.13309825543957188,0.00022033697452839007,0.0029760889337912028,0.01849722440847528,226.90572357177734,220.61176300048828,-0.003296225508588546,0.025139312889651988,0.9224757950328243,-0.30040961653033404,0.6688572589085101,1,1.0,True,0.5,0.004170636974978992
128.40679281302224,128.9391437900356,124.33484976943936,125.24076843261719,40007800,JPM,2023-05-12,0.03788198975630319,1,-0.019306430962505283,-0.0299477424640463,-0.03337410512857841,0.07425834030339584,-0.04982828610477685,0.006287936424625773,-0.019306430962505283,0.01470112651712803,0.04206555117351702,128.32740592956543,125.21476618448894,-0.024052831697091936,0.0002076611962038566,0.5462632537810078,-0.300432073831993,0.5688831193564245,1,2.0,True,0.5,0.018940994878151596
328.260009765625,330.69000244140625,319.80999755859375,322.489990234375,12711800,BRK.B,2023-05-12,0.02449696007098079,1,-0.004291758143391555,-0.018444674429305974,0.008600738362393168,0.09873591872349174,0.04623021169045849,0.04123075346552163,-0.004291758143391555,0.013858810034645605,0.022106391776401762,324.81249237060547,312.73333231608075,-0.007150285751880925,0.03119801092527341,0.8270547557460002,-0.09019141923639862,0.5570299014844347,1,3.0,False,0.0,0.0
148.14412640655524,148.67455335675018,145.76635128811756,147.0375213623047,27043800,JNJ,2023-05-12,-0.011630560474192753,0,-0.011679640341168862,-0.01783766633055628,-0.030511335608896184,0.05512501361848843,0.0024314258435402802,-0.03703635972450525,-0.011679640341168862,0.01062985049523524,0.023939503229783166,148.57623672485352,144.98824818929037,-0.010356402857331415,0.014134063957644827,0.33524767960492285,-0.17073002453883324,0.556501516135106,1,4.0,False,0.0,-0.0
169.86044681233003,171.93839911576495,168.63587209674515,170.18417358398438,250062000,AAPL,2023-05-12,0.01500844153107761,1,-0.004386143055124747,0.01843878815062583,0.04599426565194542,0.1148950054294351,0.13280037539306577,0.15612932464352425,-0.004386143055124747,0.016563961182586615,0.024303780344651003,167.68371200561523,158.9929428100586,0.014911773770164505,0.07038822337728168,0.982755519523535,-0.10458615729057663,0.5461052339540772,1,5.0,False,0.0,0.0
229.61808820959843,236.35521078761784,228.4770485325923,231.9894561767578,88995500,META,2023-05-12,0.050596695098634514,1,0.004424746898016307,-0.02708892102561855,0.05562322492309524,0.19528643802359813,0.3524409461426685,1.0687487872839596,0.004424746898016307,0.07771402508976975,0.053936566037736805,228.1595230102539,207.2155443827311,0.01678620780747231,0.11955624211409943,0.9494995773617652,-0.2696145093079617,0.49202357887644854,0,6.0,False,0.0,0.0
104.31780842718317,117.06248707301147,104.29797570257264,116.5467529296875,246027200,GOOGL,2023-05-12,0.04467696289399026,1,0.11310054429364613,0.09474571339707638,0.0793607726394907,0.15636689221197253,0.24546919880279838,0.21885706179158393,0.11310054429364613,0.06501510055288248,0.05624001963660919,108.06435012817383,102.26478385925293,0.07849399724749917,0.13965676679169303,1.0,0.359194959380585,0.48714687287233627,0,7.0,False,0.0,0.0
105.04000091552734,113.27999877929688,104.69999694824219,110.26000213623047,296925400,AMZN,2023-05-12,0.054326117791732464,1,0.04353585382063252,0.04561408560636715,0.07560237868008879,0.11430020754729497,0.1343621975105882,0.09395774516005795,0.04353585382063252,0.029346093890862585,0.03962007720029511,107.08250045776367,101.03333346048991,0.029673398219908886,0.09132301548130872,1.0,-0.1419179902427169,0.48008376524578456,0,8.0,False,0.0,0.0
302.9554464323352,305.7590619061941,299.0088995873121,301.82220458984375,124192300,MSFT,2023-05-12,0.0325791118602321,1,-0.00540814618990082,0.005565013477878189,0.0797860191428974,0.10571514210293942,0.19727943367981005,0.25699777110973376,-0.00540814618990082,0.037559258425085236,0.04457011934633677,296.14664459228516,276.10950597127277,0.019164694590317888,0.09312500316901873,0.9805284876502645,-0.12992871733768308,0.4612672364250194,0,9.0,False,0.0,0.0
173.72000122070312,177.3800048828125,166.55999755859375,167.97999572753906,582794600,TSLA,2023-05-12,0.07238959382897425,1,-0.012230988244828267,0.022335817804614022,-0.09200002309438349,-0.06745133418043203,-0.19360569489570756,-0.14282801101604048,-0.012230988244828267,0.060509130030151535,0.06922620367580576,166.8574981689453,181.96666717529297,0.006727282686794345,-0.07686392054584479,0.5765879072855151,-0.0586368246821638,0.4390063273441201,0,10.0,False,0.0,0.0
225.9721097049915,229.05098713198225,224.44731847297135,228.0442352294922,24144300,V,2023-05-19,-0.035574854030820946,0,0.008341273949957984,0.008563448815552155,-0.001218377877984178,0.05756808917106859,0.06474531324839328,0.11111344888929597,0.008341273949957984,0.006265223237522809,0.017284561790406258,226.83617782592773,221.76734415690103,0.005325682239680107,0.028303946626831777,0.9900371223891233,-0.1383359712782226,0.6141763630471915,1,1.0,True,0.5,-0.017787427015410473
170.7659972586019,173.95136353170963,168.06386972955488,172.73837280273438,258634800,AAPL,2023-05-19,0.0015412635145437559,1,0.01500844153107761,0.010556469304363159,0.06291534427203516,0.09455407094685575,0.1955715013219257,0.16114821397507484,0.01500844153107761,0.014295804129777889,0.018777128432458323,170.23986434936523,161.3476537068685,0.014676400635762477,0.07059736435064745,1.0,-0.08103098642544548,0.5696162362830979,1,2.0,True,0.5,0.0007706317572718779
322.8900146484375,333.94000244140625,320.1300048828125,330.3900146484375,14504200,BRK.B,2023-05-19,-0.029631671996319997,0,0.02449696007098079,0.02010006689971644,0.0186847603584801,0.10527900377038879,0.08673780207780935,0.06316773158044842,0.02449696007098079,0.017316441982483936,0.022077213429521885,326.32749938964844,314.9308344523112,0.012449196792754025,0.049087540834199306,1.0,0.03333867664084078,0.5642615637933475,1,3.0,False,0.0,-0.0
147.0558472034851,147.2661843671949,144.0927956051581,145.327392578125,29244500,JNJ,2023-05-19,-0.02136709779407686,0,-0.011630560474192753,-0.023174360052056753,-0.023234367731311933,0.04100902996343314,0.018849544997518786,-0.08577743046579855,-0.011630560474192753,0.00842496335992184,0.022651919907247034,147.71200942993164,145.21230443318686,-0.016143689744724576,0.000792550916310919,0.2668832531402192,0.02785483257313426,0.5502353190700525,1,4.0,False,0.0,-0.0
235.07525568820336,246.753610562604,233.4976396213384,243.72735595703125,104687000,META,2023-05-19,0.06676439042188664,1,0.050596695098634514,0.05524531956633827,0.15383522383531423,0.1923693039394676,0.4416336566955179,1.1922356323266765,0.050596695098634514,0.06916583480780829,0.052676201121115485,236.28326797485352,213.4375483194987,0.03150493069602356,0.1419141471405545,1.0,-0.18566784112561374,0.5254012544703027,1,5.0,False,0.0,0.0
115.15822426414559,124.93739380984856,115.05904549704219,121.75370788574219,191213600,GOOGL,2023-05-19,0.015070086152196405,1,0.04467696289399026,0.16283049600833355,0.16459539938717271,0.16426404018284457,0.37731411138114335,0.25998167328324406,0.04467696289399026,0.05485465800451771,0.05127698892406021,112.36629486083984,105.0443115234375,0.08354296131707639,0.15906997837361692,1.0,-0.01507036054256905,0.5217866184936797,1,6.0,False,0.0,0.0
301.94927639928727,312.34055116104736,300.4741992492285,311.6553039550781,122204500,MSFT,2023-05-19,0.0457057705099555,1,0.0325791118602321,0.02699477307065412,0.11644730347422616,0.1370990855169174,0.2801377120137938,0.32590583676900975,0.0325791118602321,0.034908918103032184,0.041811957841485385,304.27318572998047,281.7929051717122,0.02426148136381867,0.1059728553675583,1.0,-0.1673850431545406,0.4745354616710316,0,7.0,False,0.0,0.0
111.1500015258789,118.5999984741211,109.25,116.25,318369600,AMZN,2023-05-19,0.03320430632560489,1,0.054326117791732464,0.10022710553518843,0.08685490833064113,0.18465304446903863,0.24331550802139046,0.23486297805078116,0.054326117791732464,0.032722563236674725,0.03811059517704951,109.40500068664551,102.92916679382324,0.06256568959731323,0.12941747826308192,1.0,-0.10313679265713283,0.45845592003538127,0,8.0,False,0.0,0.0
125.39953425519936,131.20860543284945,125.10999544648469,129.98513793945312,51320000,JPM,2023-05-19,-0.016094228395721166,0,0.03788198975630319,0.017844192773845302,-0.009676995219803142,0.12298686057391106,-0.004666974892883258,0.0558011203107005,0.03788198975630319,0.026923885079022058,0.043645936129160616,128.00986671447754,125.16397603352864,0.015430616995964597,0.03851876601165971,0.8193213308866504,-0.06127589288082391,0.44657306519793194,0,9.0,False,0.0,-0.0
167.66000366210938,181.9499969482422,164.35000610351562,180.13999938964844,575071900,TSLA,2023-05-19,0.07233262364519377,1,0.07238959382897425,0.05927320931297575,0.09122847947388801,-0.053936264245262544,-0.0850264378199711,-0.00027750180964714044,0.07238959382897425,0.03911172184446924,0.07232558683534034,170.62249755859375,180.5716667175293,0.055781048614566675,-0.0023905595807348634,0.7042519877276082,-0.03450110514815197,0.43987488503798405,0,10.0,False,0.0,0.0
171.57466634347682,173.33991896491864,168.16249079935005,173.00460815429688,250355000,AAPL,2023-05-26,0.031465695539701244,1,0.0015412635145437559,0.01657283700896328,0.035317208190252414,0.06532837922808721,0.16316405227309838,0.18790668513725017,0.0015412635145437559,0.012445007539311409,0.018573388662600256,171.71526718139648,163.3700205485026,0.007508598356244844,0.05897402456978873,1.0,-0.10569534058181329,0.5743339234090679,1,1.0,True,0.5,0.015732847769850622
243.49911448163934,260.2675510820646,243.04270707822582,259.9996643066406,111309500,META,2023-05-26,0.040337247843783564,1,0.06676439042188664,0.12073914302614353,0.0903795288903888,0.23638781361861527,0.41452108797500786,1.3520331141583055,0.06676439042188664,0.04463904009618255,0.05103937070083881,241.67098999023438,219.7868906656901,0.075841433500756,0.18296256668973365,1.0,0.016897047732983506,0.5701843224728416,1,2.0,True,0.5,0.020168623921891782
228.04424073407856,228.5915992673552,215.06396002144342,219.9315948486328,31150700,V,2023-05-26,0.01679904661185261,1,-0.035574854030820946,-0.02753031968406383,-0.031286488217210584,-5.0228383046357905e-05,0.0075018974404930105,0.05659886204827802,-0.035574854030820946,0.01923651262954025,0.020274672659533033,225.06039810180664,221.90381240844727,-0.022788563854107324,-0.008887713727893432,0.6994900794745922,0.23521003055242184,0.5557536991039628,1,3.0,False,0.0,0.0
145.5853752959935,146.6358008591528,141.6416793010146,142.22216796875,30215500,JNJ,2023-05-26,0.016974634446958348,1,-0.02136709779407686,-0.03274914694521758,-0.050002644919954764,0.0033196506331167885,0.00970361377418083,-0.11626556201505367,-0.02136709779407686,0.006302143891567131,0.023295639304939535,145.84056091308594,145.32620493570963,-0.024810607705303078,-0.02135910015907183,0.1427482163945306,0.04916205578887234,0.5497679043635595,1,4.0,False,0.0,0.0
330.75,331.489990234375,317.7099914550781,320.6000061035156,17338100,BRK.B,2023-05-26,0.027698080828935767,1,-0.029631671996319997,-0.005860597811069401,-0.02419717542178912,0.03831336435135202,0.026084152914304104,0.009986496238155285,-0.029631671996319997,0.022795282555060463,0.023394076429398464,324.34000396728516,315.61000061035156,-0.011531102602276522,0.015810669761775697,0.7345442719969814,0.15412675484433547,0.5027036460889701,1,5.0,False,0.0,0.0
180.6999969482422,198.60000610351562,178.22000122070312,193.1699981689453,685490800,TSLA,2023-05-26,0.107677192363828,1,0.07233262364519377,0.14995834672042752,0.17564360683567015,-0.06888078705516931,-0.023358083189294554,0.056381917992895936,0.07233262364519377,0.040139764014421125,0.07569849567732725,177.83749771118164,180.18666712443033,0.08621635287887686,0.0720548931378433,0.8410498751742946,0.14102235143810282,0.4703907889861385,0,6.0,False,0.0,0.0
311.9097978822903,326.3990200914225,306.04563091509715,325.8997497558594,158230100,MSFT,2023-05-26,0.007540160517527594,1,0.0457057705099555,0.07977393578028957,0.08578289228596847,0.15718927098075985,0.3068185072158973,0.3513810927702179,0.0457057705099555,0.022665565732145933,0.042392266057974096,310.7101593017578,288.16920979817706,0.04888668747824765,0.13093189235625613,1.0,0.20463750506277845,0.4648708764346979,0,7.0,False,0.0,0.0
121.93224352318924,125.39363331471273,118.87748262878495,123.58854675292969,181434800,GOOGL,2023-05-26,0.00048144953163142823,1,0.015070086152196405,0.06042033472601749,0.16089061584040065,0.20129169092264165,0.3305927450939161,0.2785759066828113,0.015070086152196405,0.05530174138231548,0.050884571387627094,116.64840316772461,107.60316340128581,0.059496258814842884,0.148558674729937,1.0,-0.03003105951588103,0.4628072277958798,0,8.0,False,0.0,0.0
131.68490716381527,132.28262532133834,125.6890525137463,127.89312744140625,46547800,JPM,2023-05-26,0.025777762824394923,1,-0.016094228395721166,0.021178079965359586,-0.009403898183372283,0.059126087449887565,-0.03929626674118525,0.016777500084310892,-0.016094228395721166,0.02687647979253105,0.04345058792332627,127.70633888244629,124.72803497314453,0.0014626412486220541,0.02537595071503529,0.6989174788977983,-0.12867039206537811,0.45302135629663054,0,9.0,False,0.0,0.0
116.7699966430664,121.5,113.77999877929688,120.11000061035156,365081900,AMZN,2023-05-26,0.03446839870627416,1,0.03320430632560489,0.0893342851739749,0.13902327251185143,0.16284247793336704,0.2656480366609686,0.28583659031663977,0.03320430632560489,0.022561728653649266,0.03829993531275126,113.07000160217285,105.03000005086263,0.06226230572586666,0.14357803058351126,1.0,0.12686250384378406,0.4523533247352326,0,10.0,False,0.0,0.0
141.87203561951733,144.9496189558725,141.11643477905247,144.63633728027344,32478700,JNJ,2023-06-02,0.01936661973077647,1,0.016974634446958348,-0.004755162021365389,-0.027819324236633136,-0.042359164552217554,0.0431658342003558,-0.10950445055797786,0.016974634446958348,0.01657825501239129,0.02307270700331552,144.80585479736328,145.82495498657227,-0.0011706537510314252,-0.008150989701373623,0.2392574979748392,0.09188157922383544,0.5724502550681595,1,1.0,True,0.5,0.009683309865388234
263.18467584953015,273.2060210618952,256.43764444041886,270.4873352050781,94316600,META,2023-06-02,-0.02809858462886805,0,0.040337247843783564,0.10979473002925699,0.1711056945427616,0.2614992425307727,0.5186341469766715,1.207546912522258,0.040337247843783564,0.026414693156125928,0.04724378640460697,251.55095291137695,227.4848149617513,0.07527851544403652,0.1890346845812858,1.0,-0.05520091478119926,0.5652012044511241,1,2.0,True,0.5,-0.014049292314434025
219.9315848508152,225.07284331261633,211.26174906594676,223.62623596191406,40277300,V,2023-06-02,-0.022859228461208136,0,0.01679904661185261,-0.019373431050041967,-0.010975885619668557,0.014363465783779006,0.060590396279950776,0.05524677415197243,0.01679904661185261,0.0230312914196103,0.017432181373256885,224.4399642944336,222.96843973795572,-0.003625594644330099,0.0029501763780175327,0.8318103845416098,0.39659582952274874,0.5362574259481123,1,3.0,False,0.0,-0.0
122.37000274658203,126.38999938964844,119.16999816894531,124.25,252755100,AMZN,2023-06-02,-0.006599595129369917,0,0.03446839870627416,0.0688172043010753,0.17594165903438408,0.21742115395080952,0.3694477615216003,0.3199830407462201,0.03446839870627416,0.009778578922375126,0.03256939371035195,117.71750068664551,107.82333310445149,0.05549301739546331,0.15234797907458053,1.0,-0.18011988984147687,0.5287883575682018,1,4.0,False,0.0,-0.0
124.61010271936992,125.11591981661117,120.99994114625623,123.6480484008789,130155300,GOOGL,2023-06-02,-0.019571603198337062,0,0.00048144953163142823,0.015558791169747677,0.18092273286154126,0.14988005466308918,0.37559315611976873,0.24123844476167,0.00048144953163142823,0.05001454504292277,0.04833766764094517,121.38426399230957,110.4165776570638,0.01864973542791981,0.1198322844682791,1.0,-0.3047546515508375,0.5234807688748528,1,5.0,False,0.0,-0.0
321.8599853515625,330.6700134277344,319.0,329.4800109863281,16744300,BRK.B,2023-06-02,0.01763383927662554,1,0.027698080828935767,-0.002754331613434746,0.017290373036587647,0.05430226453683895,0.08513653356983797,0.04216358484007543,0.027698080828935767,0.02695846785731238,0.02228197454517751,325.74000549316406,317.76416778564453,0.011481566372241403,0.0368696171199101,0.9753252835784338,0.09264189603643813,0.5161336518657048,1,6.0,False,0.0,0.0
174.51345913931758,179.2668453318801,174.12885165758402,178.4483184814453,286488400,AAPL,2023-06-02,5.5152769323107975e-05,1,0.031465695539701244,0.03305545598274007,0.0439608741935269,0.1004512260772219,0.22020425513089759,0.2277720432889052,0.031465695539701244,0.01592774339479335,0.01671435362966692,173.59386825561523,166.05366134643555,0.027964410693826824,0.07464248023505471,1.0,0.09603973142304811,0.5152640112384974,1,7.0,False,0.0,0.0
200.10000610351562,217.25,195.1199951171875,213.97000122070312,591958700,TSLA,2023-06-02,0.1422161634910386,1,0.107677192363828,0.18779838983944552,0.2582030124220147,0.156219626302307,0.23368310775358325,0.09807041234986213,0.107677192363828,0.050977180791293424,0.07051063822991918,188.81499862670898,183.56416702270508,0.13322565885629722,0.165641446754895,1.0,-0.0277094225143677,0.48608936525164936,0,8.0,False,0.0,0.0
328.19067091699185,330.4129952384752,317.9013162515011,328.3570861816406,128101400,MSFT,2023-06-02,-0.02567073791277652,0,0.007540160517527594,0.05359055987370542,0.08203199794687954,0.1527202571989006,0.35215932439819797,0.32136751821859355,0.007540160517527594,0.023236456519335546,0.03984575598064179,316.93358612060547,295.2957127888997,0.03604382924783511,0.11196022143530326,1.0,-0.03814833940678575,0.4689240584739282,0,9.0,False,0.0,-0.0
127.76235293887645,132.13319591046866,125.52090981351684,131.18992614746094,46790400,JPM,2023-06-02,0.003844184169581988,1,0.025777762824394923,0.009268661226247366,0.027278245777769383,0.10198482321057112,0.05927751189393016,0.055180053443442345,0.025777762824394923,0.029049707863430325,0.038483256680888776,128.57723999023438,125.3398208618164,0.020319973872708674,0.04667395601350122,0.8886618725380033,0.013514128209849208,0.45666799954442927,0,10.0,False,0.0,0.0
180.10506441660397,182.39298156722955,174.86850018805862,178.45816040039062,347854400,AAPL,2023-06-09,0.021883411936658437,1,5.5152769323107975e-05,0.0315225837292723,0.04861783938048214,0.09684824685231708,0.16909879172950526,0.2766391241587265,5.5152769323107975e-05,0.014606246644075678,0.01498799801040442,175.6623649597168,168.20468139648438,0.01591573380738076,0.06095834502808639,1.0,0.21698410418805514,0.5582855954950647,1,1.0,True,0.5,0.010941705968329218
144.43358757418804,148.10088245101045,144.43358757418804,147.4374542236328,30091200,JNJ,2023-06-09,0.02637330179133457,1,0.01936661973077647,0.036669995468137984,0.0027199374528537046,-0.027874387080501606,0.05799488766047234,-0.07603950636739243,0.01936661973077647,0.02043063117876696,0.023511123223275806,144.9058380126953,146.4984474182129,0.0174707675388186,0.006409670695958436,0.35123547008129924,-0.01364501650824923,0.5340744148037684,1,2.0,True,0.5,0.013186650895667285
330.8900146484375,337.5899963378906,327.57000732421875,335.2900085449219,15379500,BRK.B,2023-06-09,0.009007095161522649,1,0.01763383927662554,0.045820343611169934,0.03969121119463037,0.04863332327979508,0.14234607812067201,0.094324202861654,0.01763383927662554,0.026785064998277243,0.0184028301403819,328.9400100708008,321.24583435058594,0.01930442718948755,0.04371784064601769,1.0,-0.03827183461239625,0.5258582921632926,1,3.0,False,0.0,0.0
217.8000030517578,252.4199981689453,212.52999877929688,244.39999389648438,848497600,TSLA,2023-06-09,0.06603934145462209,1,0.1422161634910386,0.2652067930483366,0.4549351119933196,0.32108104808910465,0.3567977975434138,0.36498179129232344,0.1422161634910386,0.033474935763627964,0.07885020831949892,207.9199981689453,188.91999944051108,0.1754520779569133,0.29366924952507945,1.0,0.25655924671392527,0.5113332851164273,1,4.0,False,0.0,0.0
222.76614065999553,224.0758895589152,216.03162122358157,218.51431274414062,32029400,V,2023-06-09,0.023930987586094687,1,-0.022859228461208136,-0.0064441950937864645,-0.03379710402681191,-0.04283444256420077,0.03038718754465508,0.07539318480915691,-0.022859228461208136,0.024918405095195963,0.019194999793291756,222.52909469604492,223.50545756022134,-0.018041604660227195,-0.02233119884661383,0.6487313739109336,0.004043049583195124,0.4929978742034732,0,5.0,False,0.0,0.0
130.8536954120118,132.43206143627933,129.00450722615906,131.69424438476562,41740000,JPM,2023-06-09,0.01595650139721938,1,0.003844184169581988,0.029721041461753694,0.051528556019844185,0.016434731445535533,0.12961332137150405,0.08328090482495187,0.003844184169581988,0.023892820507672063,0.032827428530711286,130.19060897827148,126.59905179341634,0.01154949207392586,0.04024668841646295,0.9176874718150638,-0.10428319586777124,0.48242646438448383,0,6.0,False,0.0,0.0
268.1953464254039,274.41654891819206,256.8642376024119,262.88702392578125,104174700,META,2023-06-09,0.06057742247119369,1,-0.02809858462886805,0.011105243642681506,0.13318522426933876,0.1962166408784003,0.3544809303378702,1.2860225008211725,-0.02809858462886805,0.04177363477519713,0.0474048586471039,259.2753448486328,233.21815745035806,0.013929897882334119,0.12721507964806889,0.9504434523729575,0.0053342945196457325,0.4760678502076557,0,7.0,False,0.0,0.0
328.18085996410906,331.45072114916485,315.72798196124086,319.92791748046875,128227100,MSFT,2023-06-09,0.04755337916198554,1,-0.02567073791277652,-0.018324138879714624,0.05998800822235539,0.144560231737626,0.1720447911389935,0.33780766621594105,-0.02567073791277652,0.03141985408077878,0.028114443479201893,321.4600143432617,299.20923868815106,-0.0047660573459595845,0.06924478295909697,0.9227954063033353,-0.04444176583673509,0.47484121409463653,0,8.0,False,0.0,0.0
123.36000061035156,127.4000015258789,120.62999725341797,123.43000030517578,302863900,AMZN,2023-06-09,0.01668960182695045,1,-0.006599595129369917,0.02764132610068515,0.11944492938312545,0.20407762884585368,0.24739771714938352,0.38545297316035576,-0.006599595129369917,0.025535809888763583,0.02691533483594126,121.01000022888184,109.86333338419597,0.019998347836680308,0.12348675853058899,0.9796273367745536,-0.022286786748615173,0.46012388679418265,0,9.0,False,0.0,0.0
122.99346054966021,127.9822255786917,120.24616233464845,121.22805786132812,164650300,GOOGL,2023-06-09,0.010635696144472906,1,-0.019571603198337062,-0.019099576405898655,0.04016675552054938,0.12271519291257249,0.20281439846350824,0.3167080913852993,-0.019571603198337062,0.02703807297124897,0.03999921306180155,122.55459022521973,112.11999893188477,-0.010824012070488886,0.08123491808965055,0.9346372514069168,-0.013263535764262424,0.449674459236068,0,10.0,False,0.0,0.0
124.0199966430664,128.41000366210938,123.52999877929688,125.48999786376953,299030900,AMZN,2023-06-16,0.03060007994783631,1,0.01668960182695045,0.009979862082652113,0.07948385259156576,0.17324232365281378,0.27881383242776536,0.42829498056006665,0.01668960182695045,0.019156670718692915,0.025551465880376153,123.31999969482422,112.1433334350586,0.017596482114136558,0.11901433656276938,1.0,-0.019355238586056367,0.5547034368574826,1,1.0,True,0.5,0.015300039973918156
265.0897203172627,285.6087119553762,263.2640206504683,278.8120422363281,119882800,META,2023-06-16,0.02750896360410593,1,0.06057742247119369,0.030776698010420267,0.14395054728892331,0.3199304357876449,0.36401151781206664,1.3528427234487261,0.06057742247119369,0.043485839211488735,0.04782878915073059,268.04651641845703,239.4186668395996,0.04016290143112555,0.16453761069148554,1.0,0.11601001294906288,0.543686728530895,1,2.0,True,0.5,0.013754481802052965
178.7638742754878,184.40482280312972,178.468018885392,182.36343383789062,333356300,AAPL,2023-06-16,0.009517486279815524,1,0.021883411936658437,0.02193977163675198,0.05572045677510218,0.12214147276813803,0.15554312374506196,0.37877143051615514,0.021883411936658437,0.01545530764833968,0.013841031716973557,178.06863021850586,170.25028355916342,0.024118810899565357,0.0711490754992945,1.0,0.09471754990192971,0.5434577189998563,1,3.0,False,0.0,0.0
247.94000244140625,263.6000061035156,244.58999633789062,260.5400085449219,811384500,TSLA,2023-06-16,-0.015122446887948615,0,0.06603934145462209,0.21764736672681173,0.446319581590348,0.5782651178521452,0.3683105064545935,0.7342742192274561,0.06603934145462209,0.03523978865152942,0.07918628287927044,228.02000045776367,194.76416651407877,0.14261910368332753,0.3377204503688229,1.0,0.1049273428985682,0.5365526045983315,1,4.0,False,0.0,-0.0
335.1600036621094,341.67999267578125,332.20001220703125,338.30999755859375,23572400,BRK.B,2023-06-16,-0.00904495161442509,0,0.009007095161522649,0.026799764106575807,0.023971617055629668,0.04310428133419952,0.13177432878840056,0.12769999186197922,0.009007095161522649,0.025064493577645484,0.01827177534710023,330.92000579833984,324.52833302815753,0.022331656082338336,0.04246675290825985,1.0,0.2910317480964424,0.5332233279997929,1,5.0,False,0.0,-0.0
131.75030359782357,134.45872439923173,130.52683597574745,133.79562377929688,47523500,JPM,2023-06-16,-0.030783275911423158,0,0.01595650139721938,0.019862025296874197,0.029314780906865456,0.019354106692357043,0.15590697435292378,0.12499689672353664,0.01595650139721938,0.018033072630291594,0.03236028853642983,131.14323043823242,128.10289764404297,0.020225163984455286,0.04443869920157595,1.0,0.041030833776465325,0.5155307100539466,1,6.0,False,0.0,-0.0
219.3450970087584,224.61348842993826,216.37370108918367,223.7435760498047,50813400,V,2023-06-16,0.002795899601855112,1,0.023930987586094687,0.0005247152123537546,-0.018858881371675684,-0.020054282005793067,0.03762353803492169,0.11076173744519768,0.023930987586094687,0.029238424305293633,0.019774581187657205,221.45392990112305,224.18152364095053,0.01033915338374869,-0.001953540077848981,0.8360128160499002,0.31751180391882317,0.5114747963838356,1,7.0,False,0.0,0.0
121.78346450999771,125.07625577200433,120.45444658155986,122.51740264892578,161958900,GOOGL,2023-06-16,-0.009633404553734182,0,0.010635696144472906,-0.009144064678542008,0.006272455898429508,0.1719002726693426,0.17156683502901893,0.3686018786592089,0.010635696144472906,0.015411719988096106,0.039442415684340135,122.74551391601562,113.61514218648274,-0.0018584081797556884,0.07835452467974102,0.9694618169679011,0.015099201769729342,0.501617050854083,1,8.0,False,0.0,-0.0
147.42825362913945,152.02615982151704,146.25803792919908,151.32586669921875,39841400,JNJ,2023-06-16,0.007611251135894781,1,0.02637330179133457,0.04625068322894865,0.041275591715230764,0.01708221170767965,0.08397729365607232,-0.05129377353460196,0.02637330179133457,0.021508951745258915,0.02426859557694961,146.40545654296875,147.47540028889975,0.03360810636730549,0.026109211453408943,0.5066793706873834,0.20160932782816143,0.5001460600116037,1,9.0,False,0.0,0.0
321.6802383812358,344.08965911433876,318.3320706206992,335.1415710449219,158666500,MSFT,2023-06-16,-0.021353918199542354,0,0.04755337916198554,0.02066191091587477,0.07535975416362262,0.20058249780068316,0.22279059306115223,0.4056057486140947,0.04755337916198554,0.03490514069190612,0.029531561714030586,327.33158111572266,304.29776255289715,0.02385956742266826,0.10136061544870234,1.0,0.10718459467319219,0.47671068941071704,0,10.0,False,0.0,-0.0
181.8604527350327,184.96691381940127,180.06563271508736,184.0990753173828,203677100,AAPL,2023-06-23,0.039050843850084505,1,0.009517486279815524,0.031609173289336656,0.06412815983023501,0.10171019559206962,0.13364592780291118,0.4198668574396889,0.009517486279815524,0.01378130078822187,0.012793059655523185,180.84224700927734,172.05890909830728,0.018009222745050124,0.06997699963444659,1.0,-0.30448612495285465,0.597181597993526,1,1.0,True,0.5,0.019525421925042252
338.1499938964844,341.3500061035156,334.19000244140625,335.25,16013700,BRK.B,2023-06-23,0.017151379567486913,1,-0.00904495161442509,-0.00011932519282487064,0.045695550897008275,0.02039267221416896,0.08575966553911307,0.09383670162810875,-0.00904495161442509,0.015579760713324559,0.01759450389851212,334.58250427246094,326.73500061035156,0.0019950108538715483,0.026060873104326587,0.9316964644558674,-0.10675095070555107,0.5871387934129484,1,2.0,True,0.5,0.008575689783743456
151.3535252845974,153.20558064716897,149.90687245955692,152.47764587402344,30109900,JNJ,2023-06-23,0.00024167460990565104,1,0.007611251135894781,0.034185286750445965,0.07210885652879973,0.018500578060251405,0.07566788337314567,-0.053821650502462015,0.007611251135894781,0.007751485436002502,0.024127618890164054,148.9693260192871,148.3692372639974,0.023550619100485948,0.027690434255692953,0.5527231092806043,-0.09116730002444895,0.556043018274934,1,3.0,False,0.0,0.0
221.8766641526194,224.78942851808415,219.90226178738004,224.369140625,31044300,V,2023-06-23,0.03454564447191344,1,0.002795899601855112,0.02679379582661401,0.020176936285217772,-0.011740817411339699,0.020125694447286957,0.11960388154060109,0.002795899601855112,0.020643670030224093,0.019061843807174957,222.56331634521484,224.55039850870767,0.008113755264969935,-0.00080720357172126,0.848201196897488,-0.19451442745536585,0.5529037427717814,1,4.0,False,0.0,0.0
261.5,276.989990234375,248.25,256.6000061035156,721745000,TSLA,2023-06-23,0.020148023332745346,1,-0.015122446887948615,0.049918218133010894,0.32836366172709086,0.561682246462275,0.23686492721184216,1.0836378637769921,-0.015122446887948615,0.06779379579144933,0.07770511796233287,243.87750244140625,198.85916646321616,0.05216759862942277,0.29036046297106477,0.9732844985903106,-0.029125038194626862,0.5298639794977933,1,5.0,False,0.0,0.0
121.9223072208865,123.5488630569753,117.85592296831348,121.33714294433594,118269600,GOOGL,2023-06-23,-0.021579232568208706,0,-0.009633404553734182,0.0008998336270684693,-0.018216929219943112,0.13974275365953992,0.17940784521659814,0.371063502338814,-0.009633404553734182,0.013005220394881509,0.0390279961622596,122.18266296386719,115.15326118469238,-0.0069201308845371345,0.05370131680183454,0.9375835855926772,-0.17730374598654242,0.5298013600044046,1,6.0,False,0.0,-0.0
124.97000122070312,130.83999633789062,123.8499984741211,129.3300018310547,271350200,AMZN,2023-06-23,0.007964113235244374,1,0.03060007994783631,0.04780038492498906,0.07676297705312396,0.22645808984265292,0.25210572838336387,0.5170674701589992,0.03060007994783631,0.01856819311898996,0.023809870419214105,125.625,114.31333351135254,0.02949255188899258,0.1313641012682989,1.0,-0.03605621349411958,0.4917737620883034,0,7.0,False,0.0,0.0
133.18853185188502,134.50539687612533,128.52820519541405,129.6769561767578,38349800,JPM,2023-06-23,0.04746114877327301,1,-0.030783275911423158,-0.015317967899295515,0.013947807603413409,0.0044127456574574175,0.0738985743453946,0.07383758010575359,-0.030783275911423158,0.024676348586329364,0.03304008515363361,131.5891876220703,128.8465232849121,-0.014531828031376759,0.006445132322347558,0.7717702914374013,-0.12043609166548641,0.48745440185544975,0,8.0,False,0.0,0.0
276.55971674793904,287.41455585917544,274.0692508402336,286.48187255859375,109912900,META,2023-06-23,-0.006061078645739126,0,0.02750896360410593,0.08975280818529052,0.10185477863048442,0.20143989442873123,0.36231982067616797,1.4460355397305888,0.02750896360410593,0.03797680140476527,0.04782640415296453,274.6670684814453,245.76801172892252,0.043015000460262964,0.16565972334340184,1.0,0.026535010401903314,0.46831811884862706,0,9.0,False,0.0,-0.0
332.18499798901604,334.8968213999289,325.09696171811146,327.9849853515625,98196900,MSFT,2023-06-23,0.01647680390404682,1,-0.021353918199542354,0.02518400999370618,0.006398395817318825,0.09273016100248732,0.1645934259720494,0.40993304157089927,-0.021353918199542354,0.03374847047056411,0.031308275366774,327.85289001464844,308.160639444987,0.00040291039346374014,0.06433120706875539,0.9382862024173192,-0.2346184731286679,0.46566968713669615,0,10.0,False,0.0,0.0
335.1700134277344,342.5,331.8399963378906,341.0,16041100,BRK.B,2023-06-30,-0.00029327303083759304,0,0.017151379567486913,0.007951294554753296,0.034964151479738526,0.0528590677383185,0.09116504861953634,0.10391714709542099,0.017151379567486913,0.012466170534308199,0.01778610929442424,337.4625015258789,329.1091664632161,0.010482641650926716,0.036130362653125525,1.0,-0.09636132928301133,0.5904907380302846,1,1.0,True,0.5,-0.00014663651541879652
250.07000732421875,264.45001220703125,240.6999969482422,261.7699890136719,748633800,TSLA,2023-06-30,0.04836308283394608,1,0.020148023332745346,0.004720889032050257,0.22339574482529723,0.5392802115234636,0.4145141709017379,1.1251013830584706,0.020148023332745346,0.06794374659033485,0.06640817045014953,255.82749938964844,205.2516657511393,0.02322850216728445,0.27536109417528,1.0,-0.04335922925785518,0.5880587088458135,1,2.0,True,0.5,0.02418154141697304
152.01692749035936,152.9014932356716,148.65372666679733,152.51449584960938,30814200,JNJ,2023-06-30,-0.03788052053037516,0,0.00024167460990565104,0.007854765191949609,0.05446873667762886,0.02513412899460099,0.009802321945532322,-0.049146355141413856,0.00024167460990565104,0.01169840784143467,0.015345692135824061,150.9388656616211,148.49261093139648,0.010438863317818736,0.027084747806549014,0.5541962307609725,-0.05807803498024944,0.5702680357186469,1,3.0,False,0.0,-0.0
129.3300018310547,131.49000549316406,127.0999984741211,130.36000061035156,254051500,AMZN,2023-06-30,-0.004449231576703627,0,0.007964113235244374,0.038807895684792815,0.04917505521409704,0.23376865504595679,0.27728790641515033,0.5519047691708518,0.007964113235244374,0.01560001779854416,0.022080252198437792,127.15250015258789,116.67166709899902,0.02522561848107241,0.11732354436778225,1.0,-0.09854594598670363,0.5618223149345795,1,4.0,False,0.0,-0.0
119.77008692272335,120.99992005704317,115.14829999374557,118.71878051757812,154220300,GOOGL,2023-06-30,-0.0018378341139747567,0,-0.021579232568208706,-0.031004755644654214,-0.0398653108322391,0.13384488104715864,0.10403972886415302,0.3566811369830756,-0.021579232568208706,0.014738329234802196,0.03901452205917339,120.95034599304199,116.08555475870769,-0.018450261197204387,0.022683492053285903,0.8668629103550314,0.029681399955366228,0.5127817249414414,1,5.0,False,0.0,-0.0
224.26158936372693,232.90206432184908,220.91878540338504,232.1201171875,29116700,V,2023-06-30,-0.0043372356336588425,0,0.03454564447191344,0.03743813022739362,0.03798248979619956,0.02658971271297772,0.052891515772549136,0.14752147459920328,0.03454564447191344,0.0253479758139454,0.02127877677280046,224.68678665161133,225.52210235595703,0.03308307821151257,0.029256621690803897,1.0,-0.1855684953826402,0.5126425989320806,1,6.0,False,0.0,-0.0
286.45211514209774,287.5336244711032,275.43853671466735,284.7454833984375,102153700,META,2023-06-30,0.012370237949786311,1,-0.006061078645739126,0.02128115096649963,0.05271281253353011,0.23283796947614355,0.32799641561348736,1.3847435849349923,-0.006061078645739126,0.03883989129024992,0.04875764014350086,278.23160552978516,251.62868881225586,0.023411710744540182,0.13160977288599485,0.9889735047648633,-0.0630767710383352,0.4975504213667202,0,7.0,False,0.0,0.0
129.69561013687937,136.35457505574118,128.5935731568006,135.83157348632812,53778300,JPM,2023-06-30,-0.0007477090737686432,0,0.04746114877327301,0.015216863224089217,0.03538112624325929,0.06362450707858658,0.14097428735874007,0.10114953334611565,0.04746114877327301,0.032336187681030804,0.034313808995541456,132.7495994567871,130.245091120402,0.023216446920762746,0.04289207614559398,1.0,0.1859049702411799,0.4888148098383873,0,8.0,False,0.0,-0.0
184.24700235631448,191.79124321876165,182.6691169769034,191.28829956054688,281596800,AAPL,2023-06-30,-0.016961504498547053,0,0.039050843850084505,0.04893999600045862,0.0719534999733642,0.11907751292700408,0.17963254334345802,0.49722882480817465,0.039050843850084505,0.01684866122731112,0.01455125520357742,184.05224227905273,174.48633193969727,0.03931523567381001,0.09629388980826525,1.0,-0.034374564396306595,0.48667059168493826,0,9.0,False,0.0,-0.0
326.7123419071995,335.5331449952425,321.59215393137123,333.3891296386719,109964000,MSFT,2023-06-30,-0.009749375142741101,0,0.01647680390404682,-0.005228958618252455,0.015324912020469261,0.09861404311874788,0.1703855937246863,0.42665004928863026,0.01647680390404682,0.03452288399179018,0.031316080464082054,329.11090087890625,312.2052256266276,0.012999352948627418,0.0678524966054812,0.9848880710921727,-0.11149984496656429,0.48164887331878414,0,10.0,False,0.0,-0.0
340.75,344.07000732421875,338.4100036621094,340.8999938964844,10407200,BRK.B,2023-07-07,0.0005573553675801701,1,-0.00029327303083759304,0.016853076499580455,0.016731740310152565,0.057087054543087046,0.06617878372548502,0.0696915224353849,-0.00029327303083759304,0.011349956532584743,0.01718252693147422,338.86499786376953,330.8725001017253,0.006005329690418337,0.030306217022194826,0.9978941645803238,-0.3695891838193427,0.7340989787905355,1,1.0,True,0.5,0.00027867768379008506
231.65095159519973,234.58327446798953,228.708923672372,231.1133575439453,22859900,V,2023-07-07,0.02837812276244045,1,-0.0043372356336588425,0.030058576238063406,0.057657755419238566,0.021911986234570247,0.012353575042151732,0.09012627583592026,-0.0043372356336588425,0.018095260916911597,0.018983704346199583,227.8365478515625,225.75712203979492,0.014382282927310142,0.023725654613927283,0.9526663089205057,-0.3167700656707585,0.6475525909895359,1,2.0,True,0.5,0.014189061381220225
130.82000732421875,131.85000610351562,127.37000274658203,129.77999877929688,146792400,AMZN,2023-07-07,0.037756156130169805,1,-0.004449231576703627,0.003479447474453945,0.05144615132804797,0.17703606262358584,0.2660227887501747,0.5076672399939093,-0.004449231576703627,0.014751887413596735,0.022814781117286884,128.73999977111816,118.94416681925456,0.008078289653780324,0.09110015438174668,0.9853645755424658,-0.39543401374552756,0.6445178533227705,1,3.0,False,0.0,0.0
118.26255136387671,121.60493460466255,117.42945299604987,118.50059509277344,88507400,GOOGL,2023-07-07,0.04971533165809405,1,-0.0018378341139747567,-0.023377407632416247,-0.022498609782849233,0.01676444957900025,0.09745566188995625,0.3679872982063481,-0.0018378341139747567,0.013532133271547602,0.039119613852196485,120.26848030090332,116.9624735514323,-0.014699489040742475,0.013150555854692714,0.8539674562142839,-0.32302246344913776,0.6281290236432963,1,4.0,False,0.0,0.0
276.489990234375,284.25,272.8800048828125,274.42999267578125,485428100,TSLA,2023-07-07,0.025325264703272232,1,0.04836308283394608,0.0694855266880734,0.12287233849938661,0.6337063915688057,0.4834053658150337,1.4272952290977798,0.04836308283394608,0.03544503634862858,0.06578377528786483,263.33499908447266,212.70416514078775,0.04213262053992883,0.29019566915456263,1.0,-0.29830932547708844,0.5896578660591087,1,5.0,False,0.0,0.0
191.10090642215079,191.19952989799955,186.58427101063623,188.04376220703125,170287800,AAPL,2023-07-07,5.258188411283449e-05,1,-0.016961504498547053,0.021426978287902188,0.053713440647008115,0.1049427114574395,0.15576374005839377,0.4753531587275601,-0.016961504498547053,0.02357135213603793,0.016890134657338095,186.4486427307129,176.59823989868164,0.008555275345297986,0.0648110780431117,0.9447994953310332,-0.3112156923020918,0.5757306048604556,1,6.0,False,0.0,0.0
151.42723317730412,151.47330731596077,146.69109322229662,146.73716735839844,24613000,JNJ,2023-07-07,0.003893177263778247,1,-0.03788052053037516,-0.03764800068049168,-0.004749721628889314,-0.0020427031217845615,-0.03249171313018262,-0.10343649980468073,-0.03788052053037516,0.0269884911840807,0.018920718536912687,150.7637939453125,148.08195622762045,-0.02670818027022237,-0.009081382387702286,0.4295865077962485,-0.21476170156765317,0.5229640203238279,1,7.0,False,0.0,0.0
284.46763593933775,295.79870469399134,282.6320348220263,288.2678527832031,115681300,META,2023-07-07,0.06312592228572611,1,0.012370237949786311,0.0062341823189671075,0.09654652587412382,0.24259032084443355,0.31170720174802447,1.2345026277277467,0.012370237949786311,0.028216407202450916,0.04889316175661917,284.5768127441406,257.3372268676758,0.012970276824278981,0.12019491424546991,1.0,0.03372087750013564,0.5212312517977181,1,8.0,False,0.0,0.0
136.5320042538395,137.73677452464034,133.00301235042232,135.73001098632812,35647500,JPM,2023-07-07,0.03761960661489194,1,-0.0007477090737686432,0.04667795256791507,0.03064497328957949,0.08375262053230226,0.04758334664128494,0.0618515369489383,-0.0007477090737686432,0.03266573061714749,0.024402621242498895,133.75854110717773,130.75885200500488,0.014739020497918753,0.03801776250783373,0.99494263545983,-0.18659023349235682,0.5040156033177025,1,9.0,False,0.0,0.0
332.067483294419,335.78764318092107,327.701148359632,330.1387939453125,80057100,MSFT,2023-07-07,0.023782888278300884,1,-0.009749375142741101,0.006566790218891727,0.03191617832309723,0.0938187745131247,0.18109022019528953,0.506262525224495,-0.009749375142741101,0.030620276822407696,0.030571262256338782,331.6636199951172,316.4234263102214,-0.004597507709248161,0.04334498173862955,0.9509674984065207,-0.2834202126052705,0.4677220173631626,0,10.0,False,0.0,0.0
340.4800109863281,346.44000244140625,339.8699951171875,341.0899963378906,14119600,BRK.B,2023-07-14,0.013691440610612782,1,0.0005573553675801701,0.00026391887944465786,0.008217311930946991,0.03238591124141199,0.051675794590428925,0.07382565359533633,0.0005573553675801701,0.010937112114626838,0.016995984819552674,339.55999755859375,332.26916758219403,0.004505827512950367,0.02654723825229599,1.0,-0.0018239144881021518,0.6014356254027589,1,1.0,True,0.5,0.006845720305306391
276.4700012207031,285.29998779296875,265.1000061035156,281.3800048828125,539813800,TSLA,2023-07-14,-0.0759116337283331,0,0.025325264703272232,0.0749131554118545,0.07998770113764486,0.5620073600321203,0.7045069164148723,1.2988562203842835,0.025325264703272232,0.026242571014974778,0.04839861073683734,268.5449981689453,222.39583206176758,0.04779462213551455,0.2652215748569551,1.0,-0.13478230085204856,0.5856978799514471,1,2.0,True,0.5,-0.03795581686416655
146.9029992911734,147.70467415788366,145.04173472282199,147.30844116210938,31050200,JNJ,2023-07-14,0.06455258055567814,1,0.003893177263778247,-0.034134818847865844,-0.026548174642835987,0.013631625455052587,-0.009919464474857698,-0.06455206858474394,0.003893177263778247,0.021113410197804584,0.018258100485817347,149.75943756103516,147.95896784464517,-0.01636622331682347,-0.004396669509203699,0.594423845181082,0.06530299612393464,0.5677600859214665,1,3.0,False,0.0,0.0
231.6607363120012,239.21626221558992,231.1622522577126,237.6719207763672,25592200,V,2023-07-14,-0.016079861495202907,0,0.02837812276244045,0.023917804523519992,0.062251372631418445,0.04221850000806282,0.04094868404362706,0.09437473011371011,0.02837812276244045,0.019003485258776247,0.020528934261802915,231.31863403320312,226.53624725341797,0.02746552075113895,0.04915625493915843,1.0,-0.05749122343437396,0.5628038466526835,1,4.0,False,0.0,-0.0
186.6434031135775,189.04965668897157,184.02018687082855,188.05364990234375,250269000,AAPL,2023-07-14,0.006555025833549388,1,5.258188411283449e-05,-0.016909814482298113,0.03120261526502821,0.08866169601527552,0.15715522141585447,0.4191551592309748,5.258188411283449e-05,0.02347102347677055,0.0168066603689923,187.87119674682617,178.72656377156576,0.000971160873390664,0.0521863450734672,0.9419473301539182,0.1051469110066594,0.5471021304573203,1,5.0,False,0.0,0.0
293.2487809754153,313.7776166697492,284.8149635460703,306.46502685546875,154656400,META,2023-07-14,-0.047301470208955254,0,0.06312592228572611,0.0762770429149866,0.09918145714703841,0.25740922947319067,0.45084305974178895,1.254854515262501,0.06312592228572611,0.02933625532591301,0.04575543389291813,291.4900588989258,265.2732810974121,0.05137385478293632,0.15528041718958674,1.0,0.28237994561822943,0.5420893588382751,1,6.0,False,0.0,-0.0
129.07000732421875,136.64999389648438,125.91999816894531,134.67999267578125,281521600,AMZN,2023-07-14,-0.03474898225638845,0,0.037756156130169805,0.03313893867139672,0.07323288683125373,0.1585375714045698,0.2591622459665175,0.372604860434258,0.037756156130169805,0.019610801348674475,0.02234277033073128,131.0374984741211,121.25416628519694,0.02779734231861508,0.11072466045418983,1.0,0.18073593629631968,0.5212111151636519,1,7.0,False,0.0,-0.0
327.5738215556575,344.0504693091922,320.13347775646093,337.9904479980469,138404800,MSFT,2023-07-14,-0.004257954500616723,0,0.023782888278300884,0.013801644835756743,0.008500517987794387,0.08450086909724042,0.21078807091906904,0.44990735220536315,0.023782888278300884,0.021347841967184197,0.030255742325260206,332.37583923339844,321.3268686930339,0.016892349268220475,0.051858655246573404,1.0,0.29767841756230573,0.5193081938063443,1,8.0,False,0.0,-0.0
135.8805082759092,143.7700058700597,135.8805082759092,140.83612060546875,69947500,JPM,2023-07-14,0.03458642168723247,1,0.03761960661489194,0.036843769019905714,0.05262127883783063,0.08347864100486624,0.0729938233751033,0.06273714830892829,0.03761960661489194,0.03605121408904735,0.026182966886944645,135.5186653137207,131.5572541554769,0.03923780742260363,0.07053101335655665,1.0,0.41505974769766407,0.51281213837452,1,9.0,False,0.0,0.0
117.33026342725442,125.7407437423268,114.40444362500358,124.39189147949219,166379400,GOOGL,2023-07-14,-0.04305522213963997,0,0.04971533165809405,0.04778612901161061,0.015299776113747443,0.02166819918310625,0.1898300844688232,0.3614848200603622,0.04971533165809405,0.03143261684095502,0.0385709010968092,120.73710250854492,118.61630376180013,0.030270636738931156,0.048691347938899954,1.0,0.2619397102678218,0.4928608926052563,0,10.0,False,0.0,-0.0
341.0899963378906,347.6199951171875,341.0899963378906,345.760009765625,14404800,BRK.B,2023-07-21,0.011713291527594594,1,0.013691440610612782,0.014256426976107184,0.03134976813012669,0.07847786395233469,0.05238174588976374,0.11582281348300438,0.013691440610612782,0.008946361925783993,0.01702862673756238,342.1875,333.70333607991535,0.01044021118721461,0.036129916552054775,1.0,0.048142077794978144,0.5723767875885377,1,1.0,True,0.5,0.005856645763797297
189.24688249449068,195.48939585264796,188.58615588066942,189.28634643554688,310848600,AAPL,2023-07-21,0.020266794141427624,1,0.006555025833549388,0.006607952393270944,0.028176519133631173,0.09411158728632762,0.1327525539978862,0.39623541938319495,0.006555025833549388,0.023450326764019286,0.01609554460110013,189.1680145263672,180.57517623901367,0.0006255386751081726,0.048241238790224905,0.9581126425111982,0.22743504406999304,0.5513346926594161,1,2.0,True,0.5,0.010133397070713812
286.6300048828125,299.2900085449219,255.8000030517578,260.0199890136719,722999700,TSLA,2023-07-21,0.024690461114498463,1,-0.0759116337283331,-0.052508851243288635,0.013328070260359093,0.3460681859418975,0.5824964571674798,0.9488831703056779,-0.0759116337283331,0.05498045635379972,0.05854614483966028,269.3999938964844,230.37166468302408,-0.03481813324174288,0.12869779089994382,0.8175449343743075,0.1582471436099695,0.5507763198344796,1,3.0,False,0.0,0.0
338.4211553009667,359.0781209733801,332.69403214811535,336.5513000488281,228019200,MSFT,2023-07-21,-0.015708127038596698,0,-0.004257954500616723,0.019423667321502025,0.026118008688975625,0.03268351786384649,0.12127009684225598,0.4377837965851421,-0.004257954500616723,0.016103774911845267,0.024345908959305135,334.51741790771484,324.3601557413737,0.0060800485482475075,0.03758520919312591,0.9850364743473805,0.6391137238875857,0.5427018019977458,1,4.0,False,0.0,-0.0
147.19786752509302,157.39808438161685,144.96802773881933,156.8175811767578,53314800,JNJ,2023-07-21,0.025207067646946912,1,0.06455258055567814,0.06869707245839396,0.02846276434724082,0.10262403826676869,0.047489920001108965,0.023511940063206227,0.06455258055567814,0.042347444915782795,0.026269099338391597,150.84442138671875,148.55143610636392,0.03959814844412257,0.0556450027482418,1.0,0.5255443436758274,0.520485716111719,1,5.0,False,0.0,0.0
237.62307192764538,239.83205895370645,232.31560577295042,233.85018920898438,26960000,V,2023-07-21,-0.014629046316341432,0,-0.016079861495202907,0.011841944983723707,0.04225647322788717,0.06328601568106196,0.03001953027993176,0.07077691802274422,-0.016079861495202907,0.024660283259271373,0.021164854033899474,233.68889617919922,227.10420354207358,0.0006902040808198784,0.029704362850602406,0.8575108590218773,0.03167739417270643,0.519607380939455,1,6.0,False,0.0,-0.0
134.55999755859375,135.99000549316406,128.4199981689453,130.0,350992000,AMZN,2023-07-21,0.017000051645132297,1,-0.03474898225638845,0.0016951858743445847,0.00518053165900767,0.08234118174499505,0.23281179480552883,0.3367609254498716,-0.03474898225638845,0.030031136912299382,0.025713900283595492,131.20499801635742,123.29999987284343,-0.009184086235855093,0.05433901163070676,0.8935154991317764,0.3586469348700716,0.49545513327220825,0,7.0,False,0.0,0.0
141.38156169118153,147.2493426739594,141.38156169118153,145.70713806152344,63836400,JPM,2023-07-21,0.012649408638313542,1,0.03458642168723247,0.07350715588021495,0.12361627198370906,0.13928825556540247,0.1285745048085538,0.1640401373604623,0.03458642168723247,0.02104847667707747,0.026322007945612923,139.5262107849121,132.94057909647623,0.044299398957659664,0.09603206975488199,1.0,0.14397178975644875,0.46766131013128026,0,8.0,False,0.0,0.0
305.1453809142804,316.1986011328367,288.9326093562947,291.9687805175781,133794900,META,2023-07-21,0.10609671573797774,1,-0.047301470208955254,0.012838503144359859,0.01915272303263138,0.12295829802777547,0.22445073996707876,1.111358598694066,-0.047301470208955254,0.04578790386644012,0.0398866647698061,292.8617858886719,269.7332814534505,-0.0030492382896046832,0.08243513349302778,0.9070196300657011,0.05706909311984143,0.4657053829398101,0,9.0,False,0.0,0.0
124.90764611490182,126.05813341949313,117.25092267132642,119.03617095947266,199978500,GOOGL,2023-07-21,0.10464919006539342,1,-0.04305522213963997,0.004519604870169003,-0.018963459407634664,-0.03683493262978366,0.1181292882153715,0.22444402380029693,-0.04305522213963997,0.03968294497003549,0.04203888172604346,120.1618595123291,119.66430854797363,-0.009368101970333997,-0.005249164066737255,0.851199049688497,0.31330308908961246,0.4611049446839673,0,10.0,False,0.0,0.0
346.7699890136719,351.2699890136719,345.5400085449219,349.80999755859375,14146300,BRK.B,2023-07-28,0.0005145441154839059,1,0.011713291527594594,0.025565103973512304,0.02583576996655057,0.061703247220995294,0.08006049241960267,0.13144866049681947,0.011713291527594594,0.007310526413863533,0.01607050847075671,344.38999938964844,335.86416880289715,0.01573796619690171,0.04152222848124287,1.0,0.06607834899270704,0.5771973370356568,1,1.0,True,0.5,0.00025727205774195294
234.27049092701938,235.83438539802714,222.54131218121233,230.42918395996094,33513800,V,2023-07-28,0.013743355172137317,1,-0.014629046316341432,-0.030473674772970583,-0.0072847336457838585,0.030421063829046746,0.01911128009236207,0.022607473819286295,-0.014629046316341432,0.020700924144718483,0.021683522872903878,233.26616287231445,227.46430460611978,-0.012161982164153096,0.013034481867276515,0.7299623667689752,0.23070087095906477,0.5555948629574692,1,2.0,True,0.5,0.0068716775860686585
190.73605347791477,194.47363103189025,189.59208720760122,193.12257385253906,225884500,AAPL,2023-07-28,-0.0706734360048421,0,0.020266794141427624,0.02695466933413737,0.009589056393967343,0.08223252253631941,0.12980841030768175,0.34585285504345986,0.020266794141427624,0.015457903314465685,0.01592726149891461,189.62658309936523,182.4242312113444,0.0184361849274155,0.05864540346507097,1.0,-0.05615007533245675,0.5504689677334051,1,3.0,False,0.0,-0.0
338.5876099496475,344.50075798788623,322.1403841798644,331.26470947265625,194819700,MSFT,2023-07-28,-0.03129706983456848,0,-0.015708127038596698,-0.019899197048993233,-0.00637219386342347,0.008855064846711391,0.09161346145491578,0.36991883000718984,-0.015708127038596698,0.017480967556708103,0.025427834281000854,333.98631286621094,326.6769332885742,-0.00814884708956598,0.014043771434665064,0.9293153995883796,0.215153325865179,0.5404604376384708,1,4.0,False,0.0,-0.0
255.85000610351562,272.8999938964844,254.1199951171875,266.44000244140625,560265300,TSLA,2023-07-28,-0.0472151393025948,0,0.024690461114498463,-0.05309546585454206,0.01784014067208628,0.24522129701061224,0.5667411870308008,0.4976953995650002,0.024690461114498463,0.05545676493625642,0.05870986266473297,270.56749725341797,238.4033317565918,-0.015254954323452363,0.11760184087292758,0.872384030864278,-0.02921615698874458,0.517456739830407,1,5.0,False,0.0,-0.0
158.02466228067163,161.58135237674972,156.41214594391397,160.77049255371094,69818900,JNJ,2023-07-28,-0.031178250716217493,0,0.025207067646946912,0.09138682946747712,0.05413253775065807,0.1115498053727193,0.08062724093188911,0.05249280724084748,0.025207067646946912,0.04271957038308133,0.02669997275056627,152.90842056274414,149.55104700724283,0.05141686744282792,0.07502084252158214,1.0,0.5619711527436997,0.5104129885497422,1,6.0,False,0.0,-0.0
293.4769299160423,323.66010426666475,286.0551614764398,322.9457092285156,195207700,META,2023-07-28,-0.045317717298296145,0,0.10609671573797774,0.05377671489027458,0.13415568659477373,0.19394022268608113,0.3982301937313222,1.1449848697709801,0.10609671573797774,0.0661395030979168,0.044025215706934344,302.4118423461914,277.3981335957845,0.06790033989084887,0.16419568164471343,1.0,0.30281711408360157,0.5012089709119019,1,7.0,False,0.0,-0.0
130.30999755859375,133.00999450683594,126.11000061035156,132.2100067138672,237666000,AMZN,2023-07-28,0.05566901321077977,1,0.017000051645132297,-0.018339665104230685,0.01419151653002304,0.06406444035305592,0.25127770330826604,0.29313389550370905,0.017000051645132297,0.03099087885848778,0.025230509497656803,131.66749954223633,125.51250012715657,0.004120281569232942,0.05336127142655411,0.9438000782208421,-0.06520140180850609,0.49938210286139545,0,8.0,False,0.0,0.0
145.72593796800209,149.31806497568195,145.5002489615279,147.5502471923828,52936900,JPM,2023-07-28,-0.0056721648198788666,0,0.012649408638313542,0.04767332810680491,0.08627356221588789,0.12470714425536333,0.1553871821643742,0.13474564178293202,0.012649408638313542,0.018289291065364692,0.025453407464107045,142.45587921142578,134.59423955281576,0.035761023056101626,0.09625974843063778,1.0,-0.047761753811132235,0.485520579321047,0,9.0,False,0.0,-0.0
120.6627297925078,132.64370465595107,119.98830359973758,131.4932098388672,225421100,GOOGL,2023-07-28,-0.03371548420030357,0,0.10464919006539342,0.05708827380075454,0.10760243042925821,0.06344751526165227,0.2558493459776059,0.3342055625630813,0.10464919006539342,0.06399009437121492,0.04902992332810136,123.35546684265137,121.89669227600098,0.06596986095959645,0.07872664453550215,1.0,0.32544822298373166,0.46454559880014323,0,10.0,False,0.0,-0.0
147.8041422898382,149.87292287540654,144.75736244464684,146.71331787109375,36339400,JPM,2023-08-04,-0.010062710322325419,0,-0.0056721648198788666,0.006905494287764213,0.08092025341301978,0.11404502570702735,0.17145015722280044,0.12215141136594765,-0.0056721648198788666,0.020298922087141798,0.024181786202281525,145.2017059326172,136.3836186726888,0.010410428229941315,0.0757400287434482,0.973682108137559,-0.3483481140965533,0.6395434529840847,1,1.0,True,0.5,-0.005031355161162709
350.7300109863281,355.1099853515625,349.3900146484375,349.989990234375,13784800,BRK.B,2023-08-04,0.02388644276238372,1,0.0005145441154839059,0.01223386264830717,0.0266647007938956,0.043842587953179635,0.0852739645655789,0.13445262440678118,0.0005145441154839059,0.007070576109360394,0.015833684772607458,346.6624984741211,338.1558354695638,0.00959864933443999,0.03499615716634996,1.0,-0.023315708832620352,0.6037110027717503,1,2.0,True,0.5,0.01194322138119186
329.8451206536362,331.431158888361,319.10548507078215,320.8970947265625,113514400,MSFT,2023-08-04,-0.02065409205531521,0,-0.03129706983456848,-0.04651357852426796,-0.027993375477953886,0.003029361281523313,0.06319909485334341,0.2747021087187784,-0.03129706983456848,0.023246623924983136,0.027636422172779937,331.67588806152344,328.2665074666341,-0.0324979708291655,-0.022449481054111597,0.8203562566209984,-0.3270809198140786,0.5478506190403798,1,3.0,False,0.0,-0.0
230.67353655578577,236.450148535076,229.94045641840881,233.59605407714844,24498600,V,2023-08-04,0.006282076413988147,1,0.013743355172137317,-0.0010867433235592916,0.010742332505515373,0.06901946670498926,0.03288970458207374,0.04256248227232895,0.013743355172137317,0.021864788401559775,0.021944125718834872,233.88683700561523,228.08415985107422,-0.0012432633327706943,0.024166054449695995,0.848035704634605,-0.11369100055533143,0.540160133982306,1,4.0,False,0.0,0.0
133.1999969482422,143.6300048828125,126.41000366210938,139.57000732421875,376741300,AMZN,2023-08-04,-0.008311267473209427,0,0.05566901321077977,0.07361544095552874,0.07543541868551484,0.1307624319787526,0.2658262708155461,0.3499372100604994,0.05566901321077977,0.03911238765536782,0.026507585202139628,134.1150016784668,127.95500055948894,0.040674089978614214,0.09077415274075018,1.0,0.20854915496243587,0.4906316235589736,0,5.0,False,0.0,-0.0
193.34938604539337,194.01013518521242,179.40489853673822,179.47393798828125,301580500,AAPL,2023-08-04,-0.021759217221827165,0,-0.0706734360048421,-0.05183896584219194,-0.045573562867322615,0.005691964915538916,0.05458653533204405,0.18135927783035743,-0.0706734360048421,0.040697501078114366,0.028236441212650835,187.48412704467773,183.1983782450358,-0.04272462518647058,-0.020330094034855195,0.719399043642178,0.10815844383329298,0.48403383585327303,0,6.0,False,0.0,-0.0
267.4800109863281,269.0799865722656,250.49000549316406,253.86000061035156,466610100,TSLA,2023-08-04,-0.04415822377261147,0,-0.0472151393025948,-0.023690441749062652,-0.07495533511066199,0.038707066080672536,0.5112513815163355,0.3362459538867786,-0.0472151393025948,0.05133720908806222,0.06228083946626325,265.42499923706055,245.55999883015951,-0.04357162535537906,0.033800300617905954,0.7649269449839031,-0.18484978461484436,0.4725645967148381,0,7.0,False,0.0,-0.0
156.35686172061835,159.11194216718178,153.01209678935186,155.75794982910156,93878500,JNJ,2023-08-04,0.028454744153781908,1,-0.031178250716217493,-0.006757095344187669,0.06147578444573831,0.05643406995381395,0.05930750454715228,0.04210191570490074,-0.031178250716217493,0.040057891191505365,0.028462326778006263,155.16361618041992,150.27774937947592,0.003830367345851071,0.0364671448185403,0.7733845382281055,0.5137884661278775,0.4723960216396955,0,8.0,False,0.0,0.0
321.16965734963014,323.12431956427827,307.5167473332486,308.310546875,101871600,META,2023-08-04,-0.02925360694941559,0,-0.045317717298296145,0.055970937469590254,0.06952802367064614,0.17278723868106471,0.32898517008502104,0.6658446864710303,-0.045317717298296145,0.07760046731411929,0.04866659549880365,307.4225158691406,283.7582244873047,0.0028886335906423977,0.08652550047511931,0.9048938520275538,-0.3040732627808008,0.4656439631642481,0,9.0,False,0.0,-0.0
131.64199265883678,132.43543799339955,126.37550098690372,127.05985260009766,123732300,GOOGL,2023-08-04,0.011318429476565584,1,-0.03371548420030357,0.06740540775086568,0.07222965843018114,0.04810598174756264,0.09020499847604246,0.2226569629310191,-0.03371548420030357,0.07049433349598135,0.04148335414404365,125.49528121948242,122.77278391520183,0.012467172991778908,0.03491872178981348,0.8971231650760968,-0.3082859767553636,0.4654402026970788,0,10.0,False,0.0,0.0
147.25871943203992,148.29309514639542,143.48793743626442,145.2369842529297,33328800,JPM,2023-08-11,-0.035480783181700115,0,-0.010062710322325419,-0.015677797790721315,0.031248117518014373,0.08551371226091775,0.11733530890724486,0.11125327337066993,-0.010062710322325419,0.020343566980213282,0.023751251461009298,146.30192184448242,137.65460586547852,-0.007279040344287169,0.05508263482924036,0.9272576520605702,-0.284948898179858,0.6210492507023974,1,1.0,True,0.5,-0.017740391590850058
321.4746782634423,324.15713248319014,312.5070361030333,314.2692565917969,106911600,MSFT,2023-08-11,-0.012024305749431363,0,-0.02065409205531521,-0.051304749328458854,-0.07018302306101587,-0.062279097123189464,0.008387319591697029,0.22583659860824712,-0.02065409205531521,0.011224245406548861,0.027157051519536422,325.74559020996094,328.48433685302734,-0.03523097154060295,-0.04327475823479121,0.7507005469349608,-0.33519394576013706,0.5915752064663421,1,2.0,True,0.5,-0.006012152874715682
233.82086488068936,238.89248079364685,232.03215554581524,235.0635223388672,23170500,V,2023-08-11,-0.007790395441828024,0,0.006282076413988147,0.02011176839350126,-0.010974785868602122,0.05059339127815998,0.030780375142178684,0.06056438648406326,0.006282076413988147,0.014970872511029656,0.021905906257248944,233.23473739624023,228.66910044352213,0.007840962984514865,0.027963646522169316,0.9027486765789317,-0.14296731454399692,0.5611305427091493,1,3.0,False,0.0,-0.0
355.7300109863281,364.6300048828125,353.20001220703125,358.3500061035156,18807300,BRK.B,2023-08-11,-0.016157411598450855,0,0.02388644276238372,0.024413277506430964,0.05060250945772937,0.059235637993379164,0.0846272290790322,0.15637803467160682,0.02388644276238372,0.009580035424685914,0.01577306999270015,350.97750091552734,340.485834757487,0.021005634745124846,0.052466709397037015,1.0,0.2303772128380588,0.5566571117169096,1,4.0,False,0.0,-0.0
310.79106544719536,315.41481011229837,298.021288729232,299.2913513183594,79781000,META,2023-08-11,-0.06096676730382922,0,-0.02925360694941559,-0.07324561755802272,-0.02340781136012804,0.07345202494758984,0.22797603142719836,0.7320705185502303,-0.02925360694941559,0.07380422307261855,0.050287993193851785,305.6290969848633,288.38855743408203,-0.020736722154493625,0.03780591706302161,0.8462828898474016,-0.3750695185322699,0.5440127762277742,1,5.0,False,0.0,-0.0
140.99000549316406,142.5399932861328,137.0,138.41000366210938,274775100,AMZN,2023-08-11,-0.037497307305014105,0,-0.008311267473209427,0.04689506567880608,0.027695360774985245,0.10295645882762416,0.19062368741599456,0.41798998869620907,-0.008311267473209427,0.038494325293342915,0.025307367771426774,135.04750442504883,129.8016675313314,0.02489864030717226,0.06631914901016289,0.9762489031965192,-0.11375335597961056,0.48895000752404844,0,6.0,False,0.0,-0.0
156.17256673534825,162.14342179135897,156.05277680332318,160.19000244140625,182208900,JNJ,2023-08-11,-0.007822760675817886,0,0.028454744153781908,-0.0036106757097279507,0.0874461855524018,0.058576474303670745,0.10226984465637767,0.08801431034313012,0.028454744153781908,0.03954054969451315,0.02866155919482966,158.38400650024414,151.51630020141602,0.011402640841512879,0.0572460007831499,0.9737562267134198,0.8256439852502786,0.48466696065767195,0,7.0,False,0.0,-0.0
251.4499969482422,253.64999389648438,238.02000427246094,242.64999389648438,517873600,TSLA,2023-08-11,-0.1119307194992426,0,-0.04415822377261147,-0.08928842638842727,-0.13764308164845673,-0.06866513418937314,0.34700785343972873,0.23241401111630955,-0.04415822377261147,0.04269314039114212,0.0652342858213746,255.74249649047852,250.7691650390625,-0.05119408300795092,-0.03237707132499079,0.6691722169362512,-0.08654146731513945,0.4763611135609624,0,8.0,False,0.0,-0.0
128.10126008485418,130.96754702179814,127.11936527043054,128.4979705810547,111643300,GOOGL,2023-08-11,-0.01620877108046881,0,0.011318429476565584,-0.02277866105392734,0.03300921830776593,0.04881402807131208,0.05539266780804364,0.36999068397426393,0.011318429476565584,0.0675424467881048,0.03988816519055787,126.52180099487305,123.33480580647786,0.015619202150479294,0.04186299837110252,0.9304949459094132,-0.32416773510870267,0.4681871832972685,0,9.0,False,0.0,-0.0
179.6119861039443,180.59816071157974,174.34422750725284,175.5687255859375,332501200,AAPL,2023-08-11,-0.018561069320616075,0,-0.021759217221827165,-0.09089485458082702,-0.06639022599609035,-0.037259159410176435,0.016385199983534493,0.18055977226194386,-0.021759217221827165,0.0401900238006537,0.02901375638043358,184.36289596557617,183.4342409769694,-0.04770032675816016,-0.042879210277973256,0.6391121676659706,0.1359651415407459,0.4640297119685556,0,10.0,False,0.0,-0.0
358.25,358.95001220703125,351.25,352.55999755859375,12768800,BRK.B,2023-08-18,0.009558642899149206,1,-0.016157411598450855,0.007343088076598114,0.019666785055848957,0.05163310233734153,0.0996880562901763,0.1437840926821965,-0.016157411598450855,0.01702469694562759,0.013206234604885498,352.67749786376953,343.14916737874347,-0.00033316643643976906,0.027424895860123977,0.9107031327585322,-0.14169713916971394,0.5996265873257619,1,1.0,True,0.5,0.004779321449574603
235.72942990355477,238.28532036885105,230.42178984478838,233.23228454589844,19862200,V,2023-08-18,0.01847451418573276,1,-0.007790395441828024,-0.0015572588873006277,-0.002642309870161119,0.039502508661437785,0.06047648454702381,0.06943556461379918,-0.007790395441828024,0.012930722222011498,0.018724203488266762,233.08026123046875,229.7774912516276,0.0006522359063232397,0.015035386083519953,0.8344729498707157,-0.21372931492967007,0.5814241971758544,1,2.0,True,0.5,0.00923725709286638
235.6999969482422,240.66000366210938,212.36000061035156,215.49000549316406,556272400,TSLA,2023-08-18,0.10719750455182653,1,-0.1119307194992426,-0.1511462815131771,-0.17125600108446437,-0.16021044283906716,0.11554593123046875,0.03446789889453439,-0.1119307194992426,0.05580208031074504,0.07461399468619573,244.61000061035156,252.62916564941406,-0.11904662542221167,-0.14701057995730327,0.43717438056384655,0.059051373774679394,0.5419589991798774,1,3.0,False,0.0,0.0
144.44707877373204,145.6789342505091,138.64512875720078,140.0838623046875,40794200,JPM,2023-08-18,-0.012888572083372907,0,-0.035480783181700115,-0.04518646066085885,-0.0385930012190725,0.08025254782927216,0.09531970252949207,0.06278271205849917,-0.035480783181700115,0.01983671850515193,0.026188054732108192,144.89610290527344,138.6705004374186,-0.03321166342018156,0.010192231677325969,0.7652137342074775,-0.001361694939941649,0.5326969420771579,1,4.0,False,0.0,-0.0
298.63648342400137,304.8377940471984,272.2435946407065,281.0445251464844,105111200,META,2023-08-18,0.007943520369210644,1,-0.06096676730382922,-0.08843687640556208,-0.03741583381527347,-0.01897972588474084,0.08094187696728583,0.638419822010035,-0.06096676730382922,0.07673814821433297,0.052584972541915485,302.89803314208984,290.14229583740234,-0.07214806834138132,-0.0313562373409233,0.7277064567330142,-0.1276563033291388,0.5193768339202305,1,5.0,False,0.0,0.0
314.64127845171237,318.2800574602853,305.65366819423417,310.4903869628906,102513500,MSFT,2023-08-18,0.020538425375920877,1,-0.012024305749431363,-0.03243004668689653,-0.0774351876880478,-0.0533396319039412,-0.047282524164293904,0.23166469866300843,-0.012024305749431363,0.00836776488431164,0.023373245308531132,319.23036193847656,327.2002232869466,-0.027378269793993937,-0.05106914706901611,0.710986262961762,-0.20802179855036862,0.5050439981598781,1,6.0,False,0.0,0.0
159.88594115402185,161.80251009231023,157.84958372408565,158.93687438964844,359363600,JNJ,2023-08-18,-0.02917813570489569,0,-0.007822760675817886,0.020409388824357277,0.013514385293966757,0.042361806405127655,0.11752532435429552,0.0835555179208558,-0.007822760675817886,0.028428933966257532,0.027625537908171644,158.9138298034668,152.90919240315756,0.00014501309426706577,0.039420010607331024,0.9171027061929455,1.0381621277187643,0.49557645089770375,0,7.0,False,0.0,-0.0
138.3000030517578,141.27999877929688,131.14999389648438,133.22000122070312,228457900,AMZN,2023-08-18,0.0003002048173423866,1,-0.037497307305014105,-0.0454969246276864,0.024769240159254746,0.030078089651077278,0.10914995040988851,0.3705761872774662,-0.037497307305014105,0.03950862575916651,0.028673994841352718,135.8525047302246,130.894167582194,-0.019377658989424562,0.017768810340984986,0.8699835055752843,-0.18235625540703926,0.4879663526852176,0,8.0,False,0.0,0.0
128.3293638886943,130.90808093921126,125.34402761585469,126.41517639160156,133633500,GOOGL,2023-08-18,0.018986462468066234,1,-0.01620877108046881,-0.005073799436279169,0.06198960679473786,0.041850609994956045,0.02287129117492337,0.35092745614242493,-0.01620877108046881,0.061613273654369964,0.040205735408001084,128.36655235290527,123.57035827636719,-0.015201592046649282,0.023021848887675,0.882163340205492,-0.10076237714705616,0.4445302503218184,0,9.0,False,0.0,0.0
175.74649049543365,177.44500246999712,169.81159252872837,172.3099822998047,261498200,AAPL,2023-08-18,0.023611763092110438,1,-0.018561069320616075,-0.039916412203226614,-0.08968615251667267,-0.06403667697544912,-0.004015071401292869,0.14695043917738548,-0.018561069320616075,0.037263075760697664,0.02960125846372006,180.11880493164062,183.37635548909506,-0.04335373330285852,-0.06034787396540042,0.5721159863839943,-0.06729736583702528,0.4269695710722857,0,10.0,False,0.0,0.0
354.0899963378906,357.3500061035156,349.6099853515625,355.92999267578125,11800700,BRK.B,2023-08-25,0.01834630099645773,1,0.009558642899149206,-0.006753211626945865,0.017495197849976885,0.04378296972369866,0.08027795558908934,0.17074536391676198,0.009558642899149206,0.016773260109504674,0.011702866070793244,354.2074966430664,345.35333251953125,0.004862957585707539,0.03062562066243224,0.9626771504562811,-0.17422185523148404,0.5930263134481017,1,1.0,True,0.5,0.009173150498228866
234.41721644664824,238.51055916603192,232.83079186980433,237.5411376953125,20481900,V,2023-08-25,0.022838547702212386,1,0.01847451418573276,0.01054019497280212,0.030863945326419007,0.023354376059674165,0.062223923206256915,0.10908663317118505,0.01847451418573276,0.01146840748359658,0.018825628624999074,234.85824966430664,230.93706639607748,0.011423435348090205,0.028596844163199187,0.9951238938304826,-0.06914417382847116,0.5617418304946099,1,2.0,True,0.5,0.011419273851106193
140.72327319354213,141.1464418760233,136.7832433034955,138.27838134765625,39087800,JPM,2023-08-25,-0.0015640772915045398,0,-0.012888572083372907,-0.04791205863346115,-0.0628387008571899,0.018013542790729753,0.054032008465556336,0.0588367393031306,-0.012888572083372907,0.01330532185859827,0.026171048115489752,142.5781364440918,139.2612050374349,-0.030157184009215743,-0.0070574119297219795,0.708438984681844,0.045476368470252826,0.49488788601625705,0,3.0,False,0.0,-0.0
133.74000549316406,136.77999877929688,130.5800018310547,133.25999450683594,204942700,AMZN,2023-08-25,0.036470064615695685,1,0.0003002048173423866,-0.03720835935996214,0.007941817862857858,0.022246040832360148,0.07251504633268357,0.42524058296081213,0.0003002048173423866,0.038937748219088075,0.027596141206428986,136.1150016784668,131.64500045776367,-0.020974963350292586,0.012267796296528743,0.8708023688612004,-0.24439307338718075,0.48762642833933134,0,4.0,False,0.0,0.0
311.9129223112844,326.67805954758404,311.03978181664064,316.86737060546875,106256500,MSFT,2023-08-25,0.017586060438539164,1,0.020538425375920877,0.008267159320157536,-0.04346173454488034,-0.04955698181014312,-0.0349915261759145,0.3015465024050401,0.020538425375920877,0.02236675199479049,0.024231009154657944,315.6310272216797,326.2427469889323,0.003917052751980288,-0.028737424724362137,0.7780056005267613,-0.009715840781368001,0.4820272128551568,0,5.0,False,0.0,0.0
156.35687946351422,156.50431109148414,150.62560028057928,154.2993927001953,416106300,JNJ,2023-08-25,-0.03470700883539779,0,-0.02917813570489569,-0.03677264280812775,-0.0402505444296859,0.011703129205147711,0.06680932054575606,0.08174971873575565,-0.02917813570489569,0.027687590018439137,0.02965144681253586,157.2960548400879,153.71444702148438,-0.019051095356072856,0.0038054046971212063,0.7074436344897665,0.582819309989099,0.47258925278528874,0,6.0,False,0.0,-0.0
281.24294100791803,297.12830035290386,273.8807432156826,283.2770080566406,93511000,META,2023-08-25,0.038108592575148315,1,0.007943520369210644,-0.05350753769254135,-0.12283396260826462,-0.005157150604359395,0.04728381401615578,0.6755676332633647,0.007943520369210644,0.029548951494166364,0.05158199882111285,292.9808578491211,291.2081019083659,-0.03312110512516053,-0.027235141466706025,0.7261081821520583,-0.016384993168098383,0.46181845141377087,0,7.0,False,0.0,0.0
126.13747078000077,133.14951538235977,125.52255036686307,128.8153533935547,130386900,GOOGL,2023-08-25,0.04450249779585347,1,0.018986462468066234,0.0024699441638247333,-0.020364978911032505,0.085046130291758,0.04179042904035879,0.4571975430759605,0.018986462468066234,0.02443918222335029,0.0404710995068516,127.69708824157715,124.00096702575684,0.008757170326875396,0.03882539373098459,0.9356379388341106,0.04435678299385648,0.4616306917933188,0,8.0,False,0.0,0.0
172.88274314562352,179.2817827873095,171.56935789788312,176.37852478027344,247469000,AAPL,2023-08-25,0.060746804499260953,1,0.023611763092110438,0.004612434199959825,-0.0867016669167362,-0.07794399769628446,-0.011598841159083717,0.22076603044833099,0.023611763092110438,0.03856304375920628,0.028923145568800216,175.93279266357422,183.20387268066406,0.0025335363007144007,-0.03725547828504494,0.6428160600587268,-0.13400380333684758,0.45402898852888385,0,9.0,False,0.0,0.0
221.5500030517578,240.82000732421875,220.5800018310547,238.58999633789062,573612700,TSLA,2023-08-25,0.02690807773790027,1,0.10719750455182653,-0.016731908760425407,-0.10452636934515946,-0.0885509938061333,0.1150628358028225,0.21185488836159294,0.10719750455182653,0.09289759679537435,0.07455799493968306,237.64749908447266,254.6808319091797,0.003965946441889301,-0.06318039504844686,0.6344921340406398,0.08517057194563216,0.41409207616431976,0,10.0,False,0.0,0.0
153.13920875527043,154.2622358507261,148.5079064547319,148.94412231445312,64548800,JNJ,2023-09-01,0.0004987090729196009,1,-0.03470700883539779,-0.0628724587265832,-0.043746258358720036,0.015040190537849885,0.010219032190660338,0.0574260025650255,-0.03470700883539779,0.028630398352631196,0.03145669462965051,155.59259796142578,153.8400026957194,-0.04273002529735337,-0.0318244949003923,0.46533356420145955,-0.7474190679257731,0.5750981908761674,1,1.0,True,0.5,0.00024935453645980044
357.8900146484375,363.3900146484375,354.010009765625,362.4599914550781,12552100,BRK.B,2023-09-01,0.0019036651152484207,1,0.01834630099645773,0.028080309635352352,0.035629593898821144,0.06324434715343674,0.08103427545624586,0.16005753654735,0.01834630099645773,0.017721300432835894,0.01176602216739934,357.3249969482422,347.61749776204425,0.014370655707525826,0.04269777496411886,1.0,-0.10228164687665953,0.566632355578187,1,2.0,True,0.5,0.0009518325576242104
237.9719410872332,243.71047074823574,237.57045251323694,242.9662322998047,21935900,V,2023-09-01,-0.0033048347880916262,0,0.022838547702212386,0.04173499296145122,0.04011274188544989,0.051285978802006804,0.11190076864344767,0.1130230753089203,0.022838547702212386,0.013747209319428536,0.017182982514117404,237.2007942199707,232.97472635904947,0.02430614998062497,0.04288665168494199,1.0,0.026835419336340927,0.537403932136712,1,3.0,False,0.0,-0.0
138.76736250583897,140.25309545797032,137.00890220569406,138.06210327148438,36545800,JPM,2023-09-01,-0.02036496752113548,0,-0.0015640772915045398,-0.014432490651961949,-0.058966798141737664,0.017181847022698316,0.04835335755535408,0.03709073886903025,-0.0015640772915045398,0.014477815814243717,0.026233746691054653,140.41533279418945,139.79185994466147,-0.0167590638135956,-0.012373801120192818,0.7016379527713581,-0.02386138574193053,0.5284403627063712,1,4.0,False,0.0,-0.0
319.49659681490056,325.7067829359754,315.63116244372804,322.4398193359375,90668200,MSFT,2023-09-01,0.01706927732623309,1,0.017586060438539164,0.038485675804433406,0.004807536854422256,-0.02332041780782157,0.007851461901952073,0.29294460547212386,0.017586060438539164,0.020775441570943614,0.02371466969239628,316.01670837402344,326.4520721435547,0.02032522582417373,-0.01229048044103953,0.8365696244388489,-0.10748621015686488,0.48950349274225363,0,5.0,False,0.0,0.0
285.75749618346293,299.39054694781646,283.5746143089688,294.0722961425781,82873000,META,2023-09-01,0.005094975063202112,1,0.038108592575148315,0.04635482932572166,-0.046181523391720214,0.020135590227399858,0.1186261373844042,0.5998923129082057,0.038108592575148315,0.04320638746058402,0.05125358349830853,289.4212951660156,293.80687459309894,0.016070002637140535,0.0009033878116255778,0.8006440502471289,-0.08244163329884446,0.482502157945913,0,6.0,False,0.0,0.0
130.23360950918428,136.8687881952977,129.0732021716326,134.54795837402344,143532200,GOOGL,2023-09-01,0.005307372017870904,1,0.04450249779585347,0.06433390526805582,0.058933688499493986,0.13542010712002428,0.10987473319033003,0.44858518028839844,0.04450249779585347,0.02498892851951808,0.04127680855898512,129.5691146850586,125.11095873514812,0.03842616121185083,0.07542904102311976,1.0,0.1058038016093732,0.4784024059755686,0,7.0,False,0.0,0.0
133.77999877929688,139.9600067138672,131.85000610351562,138.1199951171875,208664300,AMZN,2023-09-01,0.0007964133669293716,1,0.036470064615695685,0.03678121792212452,-0.010389139005079318,0.06426257062980545,0.1190147838912039,0.4554266901620929,0.036470064615695685,0.030467787455305755,0.02856424385617506,135.75249862670898,132.869166692098,0.017439800478285417,0.03951878796122377,0.9703109727836525,-0.08963701409188085,0.4719975762128503,0,8.0,False,0.0,0.0
177.8400098200833,187.54720101813678,176.31925671498092,187.09295654296875,264199500,AAPL,2023-09-01,-0.05953769756023086,0,0.060746804499260953,0.0857929067478107,0.04245194951472553,-0.00505629994264678,0.04838554943749851,0.25788442172700177,0.060746804499260953,0.03907609624047527,0.03391925025507102,177.8375473022461,183.9234390258789,0.05204417953983875,0.01723280911816727,0.8713762449169047,-0.044199438185733686,0.4415018842477084,0,9.0,False,0.0,-0.0
242.5800018310547,261.17999267578125,235.35000610351562,245.00999450683594,605113000,TSLA,2023-09-01,0.014244339298030928,1,0.02690807773790027,0.13699006107551615,-0.03486175877348818,-0.10720401907273625,0.002495910906650467,0.23873806978896206,0.02690807773790027,0.09411511972763333,0.06268397485678347,235.43499755859375,254.73166529337564,0.040669386656753126,-0.03816435924973527,0.6893311001915984,0.07438519468285754,0.43452301628554146,0,10.0,False,0.0,0.0
149.01839128779307,150.32703902466636,146.0391414761129,149.01840209960938,35662400,JNJ,2023-09-08,0.005542966618097056,1,0.0004987090729196009,-0.034225608462678414,-0.06973968519591722,0.011608030904476374,-0.01524831577007113,0.07477075720061532,0.0004987090729196009,0.01682950739033808,0.03045234519935847,152.79969787597656,153.6477139790853,-0.02474674903766083,-0.030129389885397595,0.4512202073461826,-0.8370986880954722,0.6463772436807467,1,1.0,True,0.5,0.002771483309048528
243.2012381301218,243.53418569727523,239.14710108209553,242.16326904296875,16296900,V,2023-09-08,-0.025152718152496645,0,-0.0033048347880916262,0.01945823528716506,0.030203523853720604,0.018897260778346636,0.08232501383219115,0.14850583776079151,-0.0033048347880916262,0.015343182982826893,0.01682842627915698,238.9757308959961,234.50970077514648,0.013338334127158236,0.03263646767073691,0.9740108820140566,-0.17039740687148508,0.5802878480195678,1,2.0,True,0.5,-0.012576359076248322
363.8800048828125,366.4700012207031,359.260009765625,363.1499938964844,11915500,BRK.B,2023-09-08,0.012969823858569818,1,0.0019036651152484207,0.020284891324906962,0.013394691534014402,0.06467500599677711,0.07342377262613553,0.19602802113264106,0.0019036651152484207,0.014674825462457075,0.011811281106283239,358.5249938964844,349.68749745686847,0.012900076922769177,0.03849864961579419,1.0,-0.02804203348077272,0.5754724615101088,1,3.0,False,0.0,0.0
134.3297620041587,135.53975798327252,131.86018300504648,135.26205444335938,80490200,GOOGL,2023-09-08,0.007479242563681376,1,0.005307372017870904,0.05004606112525134,0.052639616265674816,0.08738642715839151,0.10402319604304266,0.5047997827813846,0.005307372017870904,0.02543283721569852,0.04129191988527905,131.26013565063477,126.1730130513509,0.030488455408702375,0.07203633465033721,1.0,-0.34030212104348223,0.5493484043483088,1,4.0,False,0.0,0.0
322.77339871686183,329.79787848396427,322.4398370951833,327.9436340332031,74000800,MSFT,2023-09-08,-0.0121158858546907,0,0.01706927732623309,0.03495551910747352,0.04351166127321138,-0.029725141714365244,-0.021477302828403655,0.35045674753529754,0.01706927732623309,0.015287686581057005,0.019526624951242386,319.435302734375,325.8522440592448,0.02663553848305611,0.0064182156547556435,0.845492679987272,-0.20735863153018297,0.515686037883684,1,5.0,False,0.0,-0.0
138.38181790077672,139.36918761732844,134.1408531289122,135.25047302246094,31965500,JPM,2023-09-08,0.03462418664733713,1,-0.02036496752113548,-0.021897192429398027,-0.06876011149527361,-0.03966061802181531,0.010873668376208734,0.0920639164372481,-0.02036496752113548,0.014221031866854207,0.026849188012139456,137.91870498657227,139.9130973815918,-0.019346411093195126,-0.033325145725380256,0.6132240581105808,-0.13835732475792373,0.5047667298843804,1,6.0,False,0.0,0.0
137.72999572753906,138.85000610351562,133.16000366210938,138.22999572753906,169269300,AMZN,2023-09-08,0.01562615733828787,1,0.0007964133669293716,0.037295523229577965,-0.001300541361228147,0.026358800451555142,0.10152201833328522,0.5235312533136318,0.0007964133669293716,0.030203955933747226,0.028583541988734123,135.7074966430664,133.93083318074545,0.01858776520730654,0.0320998715881331,0.9676638206798149,-0.16547681584234952,0.47617667327373625,0,7.0,False,0.0,0.0
185.92769881238064,187.60645663383806,171.37183427986267,175.95387268066406,305075900,AAPL,2023-09-08,-0.017790948871130308,0,-0.05953769756023086,-0.0024076179349974414,0.002193711285658484,-0.0643421556984568,-0.03514718396301009,0.20314758905408525,-0.05953769756023086,0.052048516027688826,0.03801697457363855,177.93383407592773,183.38930892944336,-0.011127514930177829,-0.04054454587448164,0.5758369466629573,0.13175235332011548,0.45840986569008874,0,8.0,False,0.0,-0.0
245.0,258.0,243.27000427246094,248.5,480110000,TSLA,2023-09-08,0.10418516961141844,1,0.014244339298030928,0.04153570482508773,0.024108824441229082,-0.11685267009824019,-0.04621174541354922,0.43277212005316645,0.014244339298030928,0.09058172595167356,0.05958210064009172,236.89749908447266,253.72833124796549,0.048976882239648134,-0.020606020708250794,0.7191423693025559,-0.13302651008318733,0.45176538848171127,0,9.0,False,0.0,0.0
294.70729361157686,304.6591765120229,289.9446620146728,295.5705871582031,81670800,META,2023-09-08,0.008123480874074884,1,0.005094975063202112,0.04339772996721436,-0.012431913397318417,-0.03554872087379657,0.0601069623372652,0.6594624889186487,0.005094975063202112,0.04176985876968467,0.04877485453990792,288.49110412597656,295.2034200032552,0.024539692666347035,0.0012437767656752197,0.787557209152517,-0.10045764195987505,0.44600914926330004,0,10.0,False,0.0,0.0
149.48244563554272,153.38981998762867,148.91629398735736,149.8444061279297,40903100,JNJ,2023-09-15,-0.005884196080264359,0,0.005542966618097056,0.006044440018760033,-0.057208047513428006,-0.04446679381547325,-0.017269677341879452,0.07526690868796604,0.005542966618097056,0.02041606012475736,0.030405864162901287,150.52658081054688,153.42827733357748,-0.004531921730659527,-0.02335860942931589,0.4838409249821592,-0.7063776895541909,0.6591143442649441,1,1.0,True,0.5,-0.0029420980401321795
364.8699951171875,370.8399963378906,364.510009765625,367.8599853515625,24346500,BRK.B,2023-09-15,-0.02093182731493415,0,0.012969823858569818,0.014898179175048654,0.043396834294639364,0.06391709556266512,0.09727064981823275,0.25331325376367153,0.012969823858569818,0.0068870919462532465,0.010942176599335832,362.34999084472656,352.40499623616535,0.015206277483244213,0.0438557605041443,1.0,0.6066373228980382,0.5738551491765278,1,2.0,True,0.5,-0.010465913657467074
330.8574560496714,334.40885782457457,323.4110869464427,323.9703063964844,108640000,MSFT,2023-09-15,-0.040003734036030414,0,-0.0121158858546907,0.004746582055835669,0.04341493327844903,-0.037382097916479506,-0.012240435185698617,0.1868539422442994,-0.0121158858546907,0.015333247963026809,0.01884876969875638,322.80528259277344,325.51768747965497,0.003609060528233732,-0.004753600626593579,0.780630787001114,0.1448880364522065,0.5363125953781216,1,3.0,False,0.0,-0.0
242.20240088368902,244.87579569103295,233.8002984025217,236.07220458984375,37230300,V,2023-09-15,-0.024847542806556766,0,-0.025152718152496645,-0.028374427362622745,0.012176359072564091,0.009501875488642897,0.052159864463730665,0.1131800562172467,-0.025152718152496645,0.02209956312846255,0.019192380995331743,239.68571090698242,235.48495610555014,-0.015076018939406022,0.002493783441649633,0.7477989970169516,0.5521517536088385,0.5312031378431162,1,4.0,False,0.0,-0.0
138.75,145.86000061035156,138.63999938964844,140.38999938964844,326841100,AMZN,2023-09-15,-0.08027640374284328,0,0.01562615733828787,0.0164350155857953,0.0538207333977343,0.07992307222806483,0.08551764789303529,0.41879740999974246,0.01562615733828787,0.017005854314753183,0.027846603432604367,137.49999618530273,134.85249964396158,0.021018205705627624,0.04106338229033213,1.0,0.43711046969091716,0.5307707622781281,1,5.0,False,0.0,-0.0
135.4207632480529,137.56305972256655,133.05032781273377,136.27371215820312,123589000,GOOGL,2023-09-15,-0.05203814111873539,0,0.007479242563681376,0.012826309704249361,0.0779853815657574,0.14480927149949419,0.12309972734992969,0.35209609068765313,0.007479242563681376,0.017986796126435747,0.040881950846146514,133.72476959228516,127.41772715250652,0.019061110171955997,0.06950355498883498,1.0,0.03422125141449239,0.5060289978631103,1,6.0,False,0.0,-0.0
136.11559055028286,140.95838942649576,135.11882237294367,139.93341064453125,53441600,JPM,2023-09-15,-0.02069749274753574,0,0.03462418664733713,0.013554098689682714,-0.0010740113649138072,-0.039625563262070895,0.07909234431592638,0.20028514159801136,0.03462418664733713,0.02437292539843717,0.02639483773262868,137.8810920715332,140.7678019205729,0.01488469914303625,-0.005927429885652757,0.7604826650218284,0.3274060532523766,0.49588327996575593,0,7.0,False,0.0,-0.0
299.06308448116476,310.4338863451406,296.4237984522829,297.9716491699219,93654800,META,2023-09-15,-0.004095787200549816,0,0.008123480874074884,0.013259844869756732,0.06022933204130143,0.02055996754756584,0.04010646994419553,0.535248528264862,0.008123480874074884,0.015589141225359579,0.04831459633139119,292.72288513183594,296.16090138753253,0.01793082913801558,0.006114067636564746,0.7893191624822057,0.0651378296185261,0.4930475631748582,0,8.0,False,0.0,-0.0
264.2699890136719,278.9800109863281,260.6099853515625,274.3900146484375,663743600,TSLA,2023-09-15,-0.10754768100229428,0,0.10418516961141844,0.11991355781521729,0.2733305844996228,0.05526508053967372,0.06932972767640999,0.5232887759423972,0.10418516961141844,0.04942774971929952,0.06676690932727372,251.62250137329102,255.21083196004233,0.09048281910754108,0.0751503474249009,0.9402922200643875,0.14311463983167338,0.47932816673468465,0,9.0,False,0.0,-0.0
177.82029208697838,178.0474143493556,171.41135521167203,172.823486328125,403746500,AAPL,2023-09-15,-0.0012571780727095305,0,-0.017790948871130308,-0.07626941429816225,0.0029801177010562174,-0.08697331010627107,-0.06124739610896435,0.13218542988101634,-0.017790948871130308,0.051950585360253904,0.038062087459437954,178.0622100830078,182.44967651367188,-0.029420749930266887,-0.052760796124653786,0.42505871197551426,0.32322658038662966,0.4321088089346064,0,10.0,False,0.0,-0.0
150.46623024672482,151.78416665735364,148.73066314507125,148.9626922607422,24680600,JNJ,2023-09-22,-0.02959491904619127,0,-0.005884196080264359,-0.000373845364614378,-0.03458665874221789,-0.07344507132752576,-0.023288301673104805,0.06704940493399003,-0.005884196080264359,0.01799773988652435,0.03043395997241416,149.1924057006836,153.13229370117188,-0.0015397126875362765,-0.02722875325413987,0.3791540906691313,-0.4045510446943784,0.6689435993124866,1,1.0,True,0.5,-0.014797459523095635
369.3299865722656,373.3399963378906,359.760009765625,360.1600036621094,15151000,BRK.B,2023-09-22,-0.027376765240126333,0,-0.02093182731493415,-0.008233485569677068,0.01188439039522371,0.029587508006491348,0.0561876940237811,0.20487082658712685,-0.02093182731493415,0.017405170881411622,0.013265778035997067,363.4074935913086,354.0016632080078,-0.008936221697319668,0.01739636022693758,0.8696906047273586,-0.05254584140414065,0.5755720866034373,1,2.0,True,0.5,-0.013688382620063166
140.47999572753906,141.75,128.52000427246094,129.1199951171875,280817300,AMZN,2023-09-22,-0.015489408660450343,0,-0.08027640374284328,-0.06590465811999302,-0.03106708359826671,-0.02337199485487651,-0.009512162376175914,0.31580555111745023,-0.08027640374284328,0.05109373733678936,0.037580238413383635,136.46499633789062,134.7491658528646,-0.053823335051552124,-0.041775180573835224,0.7059743351399983,0.13968985137866374,0.5287464080336226,1,3.0,False,0.0,-0.0
235.94488954647875,240.14594367528784,230.01053971222143,230.20639038085938,28054200,V,2023-09-22,-0.021567255521148798,0,-0.024847542806556766,-0.04937527771805794,-0.030877798202100015,-0.0009668635511909107,-0.00824455385353251,0.06759520645215944,-0.024847542806556766,0.022734175233642413,0.018355537617770926,237.85202407836914,235.32547887166342,-0.03214449709702971,-0.021753226702646122,0.4781660437783662,0.08403909298252565,0.5093996075352265,1,4.0,False,0.0,-0.0
295.8681470090487,305.66132647870694,290.98644013503247,296.751220703125,96227300,META,2023-09-22,0.0037784051409592845,1,-0.004095787200549816,0.0039944216245371145,0.0475655004227884,-0.08111112108585239,0.042163047369176976,0.4517740328473978,-0.004095787200549816,0.018287445620600494,0.048279488395502876,296.09143829345703,297.16137949625653,0.002228306274138392,-0.001380256054224871,0.7674824753332714,0.08600754064530847,0.4956838422627376,0,5.0,False,0.0,0.0
321.59608191122635,324.14688059021836,309.0383405191742,311.0102844238281,111784900,MSFT,2023-09-22,-0.003974709516116115,0,-0.040003734036030414,-0.051634939215379205,-0.018484346212262026,-0.061142719008829394,-0.06712529961339175,0.13474568061792458,-0.040003734036030414,0.02751649741224024,0.02104875914048234,321.3410110473633,323.6527837117513,-0.03214879604026788,-0.0390619204412056,0.5414758063846914,0.16111836619588105,0.489106892595143,0,6.0,False,0.0,-0.0
135.4901665221767,138.0192664165555,128.5376158933336,129.18228149414062,130043700,GOOGL,2023-09-22,0.004683389852930819,1,-0.05203814111873539,-0.044948104435044156,0.0028484811081868067,-0.01757450706054242,0.08813686369540519,0.2352994219572211,-0.05203814111873539,0.03985663697736332,0.04388733427019038,133.81650161743164,128.28968556722006,-0.034631155853556805,0.0069576593236941875,0.7876435509289658,0.08901757774595098,0.4744623043768782,0,7.0,False,0.0,0.0
271.1600036621094,273.92999267578125,244.47999572753906,244.8800048828125,575237500,TSLA,2023-09-22,0.021806583761079468,1,-0.10754768100229428,-0.014567384777414483,0.026363253453485003,-0.08091877105929346,-0.06452223264591739,0.2860669091596808,-0.10754768100229428,0.08754233235669859,0.07434102079906978,253.19500350952148,253.8033332824707,-0.0328402950747656,-0.035158436590456366,0.688220742150333,-0.010005188442787749,0.46460412509531,0,8.0,False,0.0,0.0
139.32217189447775,141.28750546996196,136.5293574341803,137.03713989257812,36911900,JPM,2023-09-22,-0.004872024590947044,0,-0.02069749274753574,0.013210060047778693,-0.008976395608489396,-0.07125103142726164,0.008875450495840376,0.18391156057915103,-0.02069749274753574,0.026002495661644795,0.024050800944490157,137.57078170776367,140.8682657877604,-0.003879034549059579,-0.027196514940806216,0.6311382971063083,-0.07060846707388924,0.4569543635695378,0,9.0,False,0.0,-0.0
174.27511585610648,177.45487842056565,171.68787090976878,172.60621643066406,297395200,AAPL,2023-09-22,-0.0204816670837783,0,-0.0012571780727095305,-0.019025760553026405,-0.02138757172568939,-0.10623490052250706,-0.09766453658065755,0.09371666410607027,-0.0012571780727095305,0.04991142951069632,0.03555747496693782,177.11913299560547,180.8928362528483,-0.02547955428989923,-0.04580955218481608,0.3373986183813043,-0.06362973231389912,0.44619274205215925,0,10.0,False,0.0,-0.0
359.010009765625,361.8900146484375,348.54998779296875,350.29998779296875,16820100,BRK.B,2023-09-29,-0.011304572061299978,0,-0.027376765240126333,-0.04773554683261272,-0.03354854038729527,0.0008857326416282785,0.027574051231396446,0.13450140964787227,-0.027376765240126333,0.018973599233992215,0.016168869898758563,360.36749267578125,354.78499603271484,-0.027936773120293967,-0.012641482277713112,0.6827460649674589,-0.01396243172302003,0.5516298592808426,1,1.0,True,0.5,-0.005652286030649989
148.56359897920223,148.83274650401262,144.09936971771864,144.5541534423828,37381500,JNJ,2023-09-29,0.012134795784578545,1,-0.02959491904619127,-0.03530497281980827,-0.029473931591621594,-0.07193081572408733,-0.014877034600809247,0.01977086132764705,-0.02959491904619127,0.015543653328626629,0.029617622363299213,148.09491348266602,152.95037587483725,-0.02390872148824774,-0.05489507550687722,0.12572485794881963,0.07861637942227961,0.50213374492642,1,2.0,True,0.5,0.006067397892289272
293.33807902616303,308.2212789671032,284.5569702480841,297.8724670410156,122374800,META,2023-09-29,0.050697671321223936,1,0.0037784051409592845,-0.0003328576030053876,0.012922573626571898,-0.033855733901365204,0.03331836750119965,0.416486014488358,0.0037784051409592845,0.005208713974617369,0.04821573154587258,297.0414810180664,297.9617640177409,0.0027975420136647777,-0.0002996927374881997,0.7755572993391151,0.24261177876041717,0.49874856215486796,0,3.0,False,0.0,0.0
310.59824108043864,313.42370528640464,303.5933684920157,309.77410888671875,107374600,MSFT,2023-09-29,0.03645313150510732,1,-0.003974709516116115,-0.04381944032979335,-0.03928085084312383,-0.034662158126802844,-0.061685222797437045,0.09993111531958676,-0.003974709516116115,0.023618589420011528,0.021010486289355826,318.1745834350586,321.95572662353516,-0.026402091762475544,-0.037836313286206735,0.5204671720315003,0.068934990839977,0.49523985278966615,0,4.0,False,0.0,0.0
230.50015969072382,230.58829024482802,223.19480463370888,225.24147033691406,28370600,V,2023-09-29,0.02186862040758264,1,-0.021567255521148798,-0.0458789050229238,-0.07295154472749699,-0.03576508932584599,-0.0254069573019583,0.02409186355001869,-0.021567255521148798,0.010402897217650873,0.019328096067357324,233.42083358764648,234.83615493774414,-0.035041273415987395,-0.04085693109467603,0.2751177705071074,0.03210855646100108,0.48869405091435947,0,5.0,False,0.0,0.0
128.76577182393018,132.95114528457344,126.17715058968768,129.78729248046875,121932700,GOOGL,2023-09-29,0.05135285113346977,1,0.004683389852930819,-0.04759846616788532,-0.03538266913215238,0.021465788166426636,0.09524591314380348,0.26154405194053987,0.004683389852930819,0.028955543627056563,0.043795731532675485,132.62633514404297,129.23024368286133,-0.021406326733606762,0.0043105141778920775,0.7955602622405873,0.06945468929665588,0.48287881259576376,0,6.0,False,0.0,0.0
129.36000061035156,131.77999877929688,123.04000091552734,127.12000274658203,302586100,AMZN,2023-09-29,0.006607900564360225,1,-0.015489408660450343,-0.09452237837992938,-0.07964083955601475,-0.08920257880846538,-0.02049619400319469,0.23070966811727822,-0.015489408660450343,0.04225003489212176,0.03782966922915184,133.71499824523926,134.52749951680502,-0.04932128471154529,-0.05506306737900568,0.6537960863775605,0.12119400418966397,0.46675326911982984,0,7.0,False,0.0,0.0
243.3800048828125,254.77000427246094,234.5800018310547,250.22000122070312,588809000,TSLA,2023-09-29,0.041203730750124734,1,0.021806583761079468,-0.08808634475530108,0.021264466065370247,-0.014338609394535795,-0.08821918923300942,0.20611198844609757,0.021806583761079468,0.08723980071991162,0.07305760922816183,254.49750518798828,251.78583399454752,-0.016807645969360352,-0.006218907350753922,0.7338344433872502,0.020510376510664452,0.4608960882264662,0,8.0,False,0.0,0.0
136.6798117345326,139.98980940402407,135.12822638033307,136.36949157714844,42016800,JPM,2023-09-29,0.007934443244578704,1,-0.004872024590947044,-0.02546867864484581,-0.012259784939011142,-0.07050366281698894,0.004711416334334029,0.1293217153346009,-0.004872024590947044,0.026036566090551265,0.024107450305378784,137.1476287841797,140.92155583699545,-0.00567371972763564,-0.03230211469643729,0.60771326323758,0.022705947212962707,0.45668708145580067,0,9.0,False,0.0,0.0
172.02357992644104,174.75897636563758,165.5258128129139,169.07095336914062,285838900,AAPL,2023-09-29,0.036680091774235146,1,-0.0204816670837783,-0.0217130960537375,-0.09632646523328148,-0.057963761957571136,-0.10089570967529393,0.04110570607838793,-0.0204816670837783,0.024689690853800954,0.03565303895217709,172.61363220214844,179.31176884969076,-0.020523748836123068,-0.057111786617500604,0.22322288334300866,-0.11508854295458437,0.4486490864766528,0,10.0,False,0.0,0.0
349.6400146484375,350.0,339.510009765625,346.3399963378906,16125900,BRK.B,2023-10-06,-0.0036091702177547536,0,-0.011304572061299978,-0.038371854685964046,-0.0462894061438025,-0.033514746926377015,0.015391832233036862,0.1082524895686936,-0.011304572061299978,0.017698757403697547,0.016646605647947607,356.1649932861328,355.22249603271484,-0.02758552113050894,-0.02500545374808183,0.5527848878358392,-0.1096012754767508,0.5571178531165694,1,1.0,True,0.5,-0.0018045851088773768
224.48745896276088,231.68505924628008,223.05773058601926,230.1671905517578,28719300,V,2023-10-06,0.01118962795400269,1,0.02186862040758264,-0.00017028123779150306,-0.04953715127244329,-0.020829823948825377,-0.031576006959908476,0.0440330854451243,0.02186862040758264,0.02291977032693841,0.01847123584693442,230.42181396484375,234.21076075236002,-0.0011050317185888892,-0.01726466447405306,0.47656290464598333,-0.061264447466136684,0.5249020432053029,1,2.0,True,0.5,0.005594813977001345
144.2478793813405,146.92084888016785,142.29884303054376,146.30828857421875,29751200,JNJ,2023-10-06,-0.005011336544137435,0,0.012134795784578545,-0.01781925156049946,-0.01818643528051711,-0.08665780420513514,-0.006789513078819254,-0.031289132884731674,0.012134795784578545,0.018341562136536305,0.029832422793014304,147.41738510131836,152.86702982584634,-0.007523512415698708,-0.04290487791317488,0.22029594030189628,-0.10331503868399083,0.5117060333098693,1,3.0,False,0.0,-0.0
136.1908141533554,138.1903911218125,133.40658332997998,137.45150756835938,45577200,JPM,2023-10-06,0.0199861856465271,1,0.007934443244578704,0.0030237618510287056,0.016273765974429644,-0.05360533148369384,-0.024032279663473988,0.15458160329695825,0.007934443244578704,0.023393410994707098,0.021333111500447925,137.6978874206543,140.63950475056967,-0.0017892783753628017,-0.022667864110189728,0.5473341294626675,0.024508914146026184,0.5030069754850666,1,4.0,False,0.0,0.0
310.294077136417,322.9598111936179,305.3200371531252,321.06634521484375,104962800,MSFT,2023-10-06,0.0014361208976358952,1,0.03645313150510732,0.0323335313803057,-0.02097094776251418,0.021628232735076525,-0.05007272508275418,0.12712560687432184,0.03645313150510732,0.031597881655694215,0.022832616592163343,316.45526123046875,320.5453847249349,0.014571045418697581,0.0016252316044291781,0.7123771855576855,-0.029834160692832956,0.4904191565409205,0,5.0,False,0.0,0.0
130.1344623833808,137.02748746801123,130.09478179335153,136.45223999023438,119459900,GOOGL,2023-10-06,-0.0015988756654433667,0,0.05135285113346977,0.05627674640831826,0.008799108898448482,0.06190190688001751,0.09695445874565323,0.26895419060861103,0.05135285113346977,0.042387200556886065,0.0439382515818615,132.92388153076172,130.2352727254232,0.0265442027334728,0.047736432186989086,1.0,-0.034716811443778695,0.4877013906074231,0,6.0,False,0.0,-0.0
169.0808338409062,175.76624458491796,168.68581669291316,175.27249145507812,260574000,AAPL,2023-10-06,0.007662454997789503,1,0.036680091774235146,0.015447155262134471,-0.003872499168134591,-0.0016872830276049022,-0.06796548992217322,0.08086660474419238,0.036680091774235146,0.026337526945440917,0.03792272641278031,172.44328689575195,178.2466723124186,0.01640657986898919,-0.016685758105641102,0.416831881091477,-0.16452875088593322,0.4655196460217264,0,7.0,False,0.0,0.0
300.3827209900587,313.8470602246019,296.1757336907266,312.9739074707031,91442300,META,2023-10-06,-0.002345856561860482,0,0.050697671321223936,0.054667632804138,0.058880420003310174,0.04571651032371293,0.021238575513883973,0.45964818244390715,0.050697671321223936,0.024573860482802717,0.04694167840917824,301.3923110961914,298.50417073567706,0.03842698021189861,0.04847415263701249,0.9107375862985052,-0.09395609404229688,0.45876068408408593,0,8.0,False,0.0,-0.0
244.80999755859375,263.6000061035156,242.6199951171875,260.5299987792969,592798300,TSLA,2023-10-06,-0.03611869537557888,0,0.041203730750124734,0.06390882711707602,0.04841045786437381,0.07368640153537442,-0.07409910349599691,0.407813694025408,0.041203730750124734,0.08889106193297999,0.07380076173874953,257.5050048828125,250.04833348592123,0.011747320786487325,0.0419185568935847,0.8219013855036951,-0.020406278076851025,0.45847794237163547,0,9.0,False,0.0,-0.0
127.27999877929688,130.47000122070312,124.12999725341797,127.95999908447266,230295900,AMZN,2023-10-06,0.014301298958685482,1,0.006607900564360225,-0.008983860568319013,-0.07429644042895933,-0.0755003561964176,-0.04989600502493208,0.2537723118306898,0.006607900564360225,0.043283307758603694,0.03594598277491811,131.14749908447266,133.96750005086264,-0.024304695264885767,-0.0448429728412425,0.6718584686788961,-0.19232707583177233,0.4476057312961351,0,10.0,False,0.0,0.0
145.88136131340238,147.8211060640413,143.9230464562319,145.57508850097656,27762700,JNJ,2023-10-13,-0.024545803015363354,0,-0.005011336544137435,0.007062647694870083,-0.02849167170984146,-0.08406976631435581,-0.07169153223393498,-0.040153854527568145,-0.005011336544137435,0.01714486273272673,0.02178747135253045,146.35005569458008,151.9301554361979,-0.005295298248610192,-0.04182887141118019,0.1807667596535983,-0.07129524319261393,0.5581257164165684,1,1.0,True,0.5,-0.012272901507681677
344.239990234375,349.6000061035156,342.8299865722656,345.0899963378906,13724500,BRK.B,2023-10-13,-0.026746677922505402,0,-0.0036091702177547536,-0.014872942154246616,-0.06189852096011661,-0.021187886522666677,-0.001937799076846769,0.07928318908414811,-0.0036091702177547536,0.01047508509807623,0.016229359197418004,350.47249603271484,355.1666615804036,-0.015357837649895845,-0.028371652895782362,0.5181972278455265,-0.11199178279401178,0.5580037329906661,1,2.0,True,0.5,-0.013373338961252701
136.08742554116313,145.03928168920007,135.93585596091424,140.19863891601562,66863300,JPM,2023-10-13,-0.03412168273208549,0,0.0199861856465271,0.028079208146793766,0.0018953891730555394,0.0008193421386288868,-0.037805279952598525,0.0820728465496603,0.0199861856465271,0.017446526918604172,0.019396610418717947,137.7641944885254,140.1804631551107,0.01767109688064128,0.00012965972929346314,0.6704715356404669,0.39757703956540547,0.5321285546923282,1,3.0,False,0.0,-0.0
227.97366669894504,233.7023544518389,226.89646557556736,232.74267578125,24216700,V,2023-10-13,-0.018050191227654278,0,0.01118962795400269,0.033302950087813254,-0.01410385781917245,-0.0020992323837230042,-0.004735995431436768,0.019490532247678605,0.01118962795400269,0.023390823483927604,0.01832738744158435,229.5894317626953,234.11846796671549,0.013734273369402805,-0.005876478679422648,0.5818914545632679,-0.11424568949751646,0.5192532681138428,1,4.0,False,0.0,-0.0
318.6037977229235,327.5119635418574,317.06350427889305,321.5274353027344,100897000,MSFT,2023-10-13,-0.003234207599206229,0,0.0014361208976358952,0.037941603506681965,-0.007540416653989079,0.03554714993853536,-0.044640637976778086,0.150282597274646,0.0014361208976358952,0.03129281456453297,0.022886606505820143,315.84454345703125,319.29339599609375,0.01799268647639707,0.0069968227800989435,0.7202133486021559,-0.05042429837892071,0.4814618195582703,0,5.0,False,0.0,-0.0
174.60096707330928,180.061926326966,173.60359124576962,176.61550903320312,241810100,AAPL,2023-10-13,-0.033379946597200005,0,0.007662454997789503,0.04462360632455953,0.021941593620432798,0.024987099853026384,-0.06694004951201404,0.08552285317390496,0.007662454997789503,0.02378717932497556,0.037955222543937114,173.39129257202148,177.19076919555664,0.018595031003892037,-0.003246558299651814,0.4607087113075461,-0.10904183441287185,0.466795538170259,0,6.0,False,0.0,-0.0
135.8174754746164,140.06241294699714,134.49837595767463,136.23406982421875,121135000,GOOGL,2023-10-13,-0.012813281369354446,0,-0.0015988756654433667,0.049671868643998085,-0.0002909022830343,0.0776717931571822,0.1444762438687761,0.26168861138502564,-0.0015988756654433667,0.04230104382220639,0.041041418537628736,132.91397094726562,131.668430964152,0.02497930694035455,0.03467527353849742,0.9931621626274741,-0.016304847643376696,0.466107040938438,0,7.0,False,0.0,-0.0
255.30999755859375,268.94000244140625,250.22000122070312,251.1199951171875,541322100,TSLA,2023-10-13,-0.15582187951924364,0,-0.03611869537557888,0.003596810375244841,-0.08480636425878962,0.16534404712869022,-0.03422811427015482,0.35740537901182434,-0.03611869537557888,0.06687796918941959,0.07111494034896217,251.6875,249.30666732788086,-0.0022547996337223264,0.007273482930650221,0.7415220989794455,-0.057819342885845226,0.4613468256281931,0,8.0,False,0.0,-0.0
126.22000122070312,134.47999572753906,124.76000213623047,129.7899932861328,223009300,AMZN,2023-10-13,-0.0355959269294539,0,0.014301298958685482,0.021003701084505888,-0.07550399707671207,-0.02574694417610668,-0.001615436260516856,0.2661202866199208,0.014301298958685482,0.0429400207938653,0.03486114873766723,128.49749755859375,133.9499994913737,0.010058528392350219,-0.03105641075802157,0.6966226284244931,-0.13954876037490183,0.4572251538668683,0,9.0,False,0.0,-0.0
310.0667763769625,327.9663143762472,309.3920783387563,312.2397155761719,105449500,META,2023-10-13,-0.019193721020173915,0,-0.002345856561860482,0.0482328852944236,0.04788397300883296,0.11099732475994029,0.06942843348750882,0.4207865346020443,-0.002345856561860482,0.026012702393304037,0.044304548234259396,304.9593276977539,300.19341532389325,0.02387330774034746,0.04012846264226444,0.9041654800515486,0.015172545252770231,0.45570765354466,0,10.0,False,0.0,-0.0
146.47538430771,147.52413457042593,139.35671709269823,142.0018310546875,42690600,JNJ,2023-10-20,-0.04836608414662347,0,-0.024545803015363354,-0.029434132279844705,-0.046728889632784654,-0.07969935221587066,-0.11674195432817447,-0.04558592958392438,-0.024545803015363354,0.019131707459208912,0.019975548680044176,144.6098403930664,150.3661003112793,-0.01803479853991974,-0.055626030330483855,0.0,0.24113209192795781,0.5697512771142821,1,1.0,True,0.5,-0.024183042073311733
324.7845483540111,330.50423844384994,319.2906370066579,320.487548828125,113729900,MSFT,2023-10-20,0.009611934636330588,1,-0.003234207599206229,-0.0018027314146907836,0.03047251129284767,0.01142490063189161,-0.032533379911453664,0.14808718204198712,-0.003234207599206229,0.019337622319857882,0.022565610925187832,318.21385955810547,318.3952992757161,0.007145161034710856,0.006571232543848282,0.5374326051802774,0.0654745607536742,0.5361797225153837,1,2.0,True,0.5,0.004805967318165294
348.0,349.94000244140625,334.3500061035156,335.8599853515625,15300900,BRK.B,2023-10-20,-0.012356321316873586,0,-0.026746677922505402,-0.03025931482687838,-0.0674700634814086,-0.05638751366058836,-0.039878826518371824,0.03555020891269889,-0.026746677922505402,0.011749585391630119,0.017448914225065622,344.3974914550781,354.00416056315106,-0.024789687251915438,-0.05125412984617117,0.32289432815774094,-0.012389586163940147,0.5254184479502307,1,3.0,False,0.0,-0.0
250.0500030517578,257.17999267578125,210.4199981689453,211.99000549316406,616410700,TSLA,2023-10-20,-0.02212369602281783,0,-0.15582187951924364,-0.18631249189561683,-0.13431067761284954,-0.11148829059478138,-0.20436119369957018,0.2841652722424717,-0.15582187951924364,0.0886990037617003,0.08333040288311505,243.4650001525879,244.769167582194,-0.1292793405199818,-0.13391867289830373,0.40727773940017986,0.05399073867027715,0.5191545823584492,1,4.0,False,0.0,-0.0
141.57218591083802,141.63850300767174,134.62857461422652,135.41482543945312,58243000,JPM,2023-10-20,-0.05078693603030515,0,-0.03412168273208549,-0.014817459371213815,-0.011838501988561068,-0.020708630519789217,-0.08224602793858393,0.03169038358408849,-0.03412168273208549,0.023236290552301052,0.02061925214950902,137.35861587524414,139.1691780090332,-0.014151208669403448,-0.026976896919922777,0.45604189664818606,0.09530640060216178,0.5168178590916122,1,5.0,False,0.0,-0.0
234.0451170605295,236.47368731641876,227.81696210176216,228.5416259765625,31958900,V,2023-10-20,-0.01761077665842503,0,-0.018050191227654278,-0.007062538197987744,-0.007231616818032971,-0.03788611861535085,-0.008191488382506384,0.0009600798966113988,-0.018050191227654278,0.021475912673494153,0.018596184255930487,229.1732406616211,233.96117146809897,-0.002756057745813334,-0.02316429456019986,0.4100828652570608,0.12863669872997519,0.4995371487760084,0,6.0,False,0.0,-0.0
174.54171793626585,176.8426091520335,170.4830858385587,170.7200927734375,288377700,AAPL,2023-10-20,-0.026955183230499835,0,-0.033379946597200005,-0.025973263938040114,-0.010927321716620919,-0.03208118456532638,-0.11600135930358524,0.0504962113522911,-0.033379946597200005,0.031172684152517397,0.037856177756953095,172.91976165771484,175.3238957722982,-0.012720748994735853,-0.02625884497136588,0.13901440225566336,0.07143790636584213,0.4642849200228624,0,7.0,False,0.0,-0.0
130.69000244140625,133.07000732421875,124.97000122070312,125.16999816894531,252244800,AMZN,2023-10-20,0.020532074238392317,1,-0.0355959269294539,-0.021803695963498182,-0.03059167516740713,-0.06070836463583695,-0.05324868154766882,0.1702505538551018,-0.0355959269294539,0.022564969158781124,0.035880345579388864,127.5099983215332,133.36333211263022,-0.018351503281235026,-0.06143618199915202,0.5643961031134216,0.0008362958136307608,0.45925691525721135,0,8.0,False,0.0,0.0
316.15897834118726,323.4020791485381,304.0836555421976,306.2466735839844,90796400,META,2023-10-20,-0.03861958003171073,0,-0.019193721020173915,-0.02149455186563265,0.031998024669825265,0.08108552714857464,-0.05170849206952943,0.44980934854884946,-0.019193721020173915,0.02992896563973122,0.031653659261333636,307.33319091796875,298.8018290201823,-0.003535307497179452,0.02491565927897721,0.8184457732687336,-0.11431755608284577,0.4501263574532451,0,9.0,False,0.0,-0.0
137.03739334313434,139.56648701861894,133.97272266731449,134.48846435546875,127794400,GOOGL,2023-10-20,-0.09904138220860925,0,-0.012813281369354446,-0.014391670191021944,0.041075159843564135,0.044040642768581106,0.022778777096338132,0.2864055606914784,-0.012813281369354446,0.028240897953689524,0.02927064683442124,134.24051666259766,131.91803550720215,0.001847040662799948,0.01948504492493197,0.9381441911590478,0.04253449773822093,0.45006001738705664,0,10.0,False,0.0,-0.0
319.31019990102027,339.64790388750646,318.25065300887303,323.56805419921875,178267100,MSFT,2023-10-27,0.069706823125252,1,0.009611934636330588,0.006346640045080454,0.04452904525195267,0.0034990556241001336,0.00832341431739092,0.07801450600363413,0.009611934636330588,0.017737448696911576,0.020847382679412763,321.66234588623047,318.6178792317708,0.005924561383576776,0.015536400466237055,0.6012415190847489,0.43227610831066277,0.5558101953549183,1,1.0,True,0.5,0.034853411562626
226.56352190418193,233.53587903165342,223.30253246435285,224.51683044433594,34236500,V,2023-10-27,0.06250272275907154,1,-0.01761077665842503,-0.03534308999972724,-0.003217169074123949,-0.07593401634801411,-0.03886719606065758,-0.011090300946700049,-0.01761077665842503,0.020311734317195147,0.01861164948325942,228.99208068847656,233.2045694986979,-0.019543253332977906,-0.03725372565828078,0.2454824737391582,0.14953740155827933,0.5471561221063892,1,2.0,True,0.5,0.03125136137953577
141.87188545680888,142.46587943651636,134.53047436526148,135.13375854492188,36908400,JNJ,2023-10-27,0.039423106672149766,1,-0.04836608414662347,-0.07172470278789933,-0.06516862139983937,-0.09272177750240185,-0.1324118050270221,-0.0973508909812918,-0.04836608414662347,0.026026345574835054,0.022124377401687385,142.25474166870117,148.6474177042643,-0.05005796671694396,-0.09091082353161362,0.0,0.0767301982526809,0.5350138488602636,1,3.0,False,0.0,0.0
334.07000732421875,339.8500061035156,330.5799865722656,331.7099914550781,14066700,BRK.B,2023-10-27,0.06059511808898188,1,-0.012356321316873586,-0.03877250869280957,-0.05306878956809302,-0.08483694952525822,-0.05223006168563693,0.009618030070056127,-0.012356321316873586,0.009651093624707167,0.017591766490566686,339.74999237060547,352.48082733154297,-0.02366446238726372,-0.05892756219880246,0.23508231548835573,-0.049836198453173,0.5320027172020546,1,4.0,False,0.0,0.0
133.9330343496389,138.2176595656358,119.22460845972752,121.16854095458984,257126000,GOOGL,2023-10-27,0.056724353022134855,1,-0.09904138220860925,-0.11058561848051507,-0.06640674415159642,-0.09943976542728938,-0.04636642908795008,0.1381590432523001,-0.09904138220860925,0.06231351759781605,0.04049474446348644,132.08582878112793,131.4270928700765,-0.08265298349778705,-0.07805507746890405,0.5185877911942298,0.644250748143171,0.5243692299318684,1,5.0,False,0.0,0.0
135.40536824661368,136.10635221522327,128.0638773242415,128.5375213623047,53801500,JPM,2023-10-27,0.05387273136285309,1,-0.05078693603030515,-0.08317568304422984,-0.05743198221438672,-0.06898766340282836,-0.1238864799224213,-0.0044127456574574175,-0.05078693603030515,0.03363578135816016,0.024175077576067974,135.4006233215332,137.65452829996744,-0.05068737344680341,-0.06623107172904319,0.14777364210019467,-0.041334610330311605,0.504996902249849,1,6.0,False,0.0,0.0
210.0,222.0500030517578,202.50999450683594,207.3000030517578,585973400,TSLA,2023-10-27,0.061070928488835996,1,-0.02212369602281783,-0.17449821964587364,-0.17152904627751286,-0.1539120537959361,-0.1834081676776581,0.26163962103300276,-0.02212369602281783,0.08226386825176456,0.08277806543709693,232.73500061035156,240.88916778564453,-0.10928737616555317,-0.1394382530466296,0.3467372499977462,0.003162459135002793,0.48451556432133186,0,7.0,False,0.0,0.0
307.09010941272055,315.8712208509296,277.22447353914265,294.4195556640625,175795200,META,2023-10-27,0.0602230205834855,1,-0.03861958003171073,-0.057072047606839704,-0.011591911838154778,0.0011808644542157243,-0.045055193056919296,0.23472873419744156,-0.03861958003171073,0.03835469496734281,0.030908190313642184,306.46996307373047,297.6442464192708,-0.0393200276099126,-0.010834043641031466,0.6898597103295766,0.5171650160501973,0.46319048297057996,0,8.0,False,0.0,0.0
168.77472302133776,171.8359838309846,163.6001878537521,166.11830139160156,286078100,AAPL,2023-10-27,0.05011284840469532,1,-0.026955183230499835,-0.05943536725094811,-0.01746398135635041,-0.11210820299667479,-0.0744154652557506,-0.005892745511887121,-0.026955183230499835,0.03256278248134945,0.03326560432279049,172.18159866333008,174.2109260559082,-0.03521454858590434,-0.04645302592392819,0.0,0.06265787514002774,0.46003513641835214,0,9.0,False,0.0,0.0
124.62999725341797,130.02000427246094,118.3499984741211,127.73999786376953,395043700,AMZN,2023-10-27,0.08501650556881901,1,0.020532074238392317,-0.015794710905361553,0.004877242792572067,-0.0751520244741617,-0.0847603986504658,0.2113798156529858,0.020532074238392317,0.025352748492523742,0.03177113760267899,127.66499710083008,132.37749799092612,0.00058748102175743,-0.03503238992683233,0.6357615006601305,0.4357476333000998,0.45440865919577095,0,10.0,False,0.0,0.0
327.09993377177346,347.6828896003234,325.54981985866505,346.1229553222656,119238000,MSFT,2023-11-03,0.04781754714018294,1,0.069706823125252,0.0799887751891688,0.07804184549662185,0.05543428626890767,0.10135798542917418,0.14057569835862993,0.069706823125252,0.03396856100031807,0.027587561356518627,327.92649841308594,321.27235412597656,0.05548943741123891,0.07735057460482486,1.0,-0.06869322752727813,0.5064947501370862,1,1.0,True,0.5,0.02390877357009147
135.58853624067433,141.3243068532192,135.50500915444326,140.46115112304688,31791100,JNJ,2023-11-03,-0.027025194937417285,0,0.039423106672149766,-0.010849718769100125,-0.03996449899149601,-0.057424122497585994,-0.12315906746786975,-0.05588305549598371,0.039423106672149766,0.0371954505375866,0.02406808584843304,140.7929573059082,147.00334676106772,-0.002356695883164117,-0.0445037190116101,0.20780309131025057,-0.08615277594126747,0.48703721844455067,0,2.0,True,0.5,-0.013512597468708643
332.9599914550781,354.3500061035156,332.17999267578125,351.80999755859375,16334100,BRK.B,2023-11-03,-0.003553054230051589,0,0.06059511808898188,0.0474900640227669,0.015793732397475058,-0.031226756239800646,-0.018250337473226352,0.08623561891660159,0.06059511808898188,0.038613071790574216,0.024698385255964156,341.11749267578125,351.9358266194661,0.0313455191023444,-0.00035753410524019813,0.6603894447619324,0.09945444938427839,0.4818322803489407,0,3.0,False,0.0,-0.0
227.37626995340668,240.23408618107953,225.2610472021598,238.54974365234375,26311400,V,2023-11-03,0.008916694534002234,1,0.06250272275907154,0.04379122460959306,0.03641940921506337,-0.01492185584091954,0.014830975383967937,0.05502580203333585,0.06250272275907154,0.037886455204909415,0.02657242693271147,231.08771896362305,233.49508794148764,0.03229087518015339,0.021647803195426363,0.8193806978054654,-0.09833409724691256,0.4802690566410224,0,4.0,False,0.0,0.0
129.24799226425498,136.19160455337342,128.8690683469191,135.46218872070312,48684900,JPM,2023-11-03,0.023986077396608296,1,0.05387273136285309,0.0003497643710450582,-0.014472877619526203,0.0015653601315466226,-0.06730238570090241,0.06073205225990064,0.05387273136285309,0.048355616453518456,0.03053498684662646,134.90329360961914,136.83996200561523,0.004142931548441808,-0.010068500931442625,0.45816490820574063,-0.14435041194203502,0.4617935199629483,0,5.0,False,0.0,0.0
296.7611955420491,316.3375111890121,294.5485285219265,312.150390625,106700000,META,2023-11-03,0.04504140569762427,1,0.0602230205834855,0.01927765278859961,-0.0026312635847454136,0.056094226513555556,0.04296495455013116,0.35149063351718035,0.0602230205834855,0.042787011736483645,0.034666885374140206,306.2640838623047,298.71583302815753,0.019219709632493975,0.0449743740084112,0.8813130681914453,-0.1084951762027534,0.4578446843014647,0,6.0,False,0.0,0.0
166.90830774256386,175.5588693503195,165.80230595130433,174.44296264648438,310075900,AAPL,2023-11-03,0.05658426908895109,1,0.05011284840469532,0.021806864163244732,-0.004732795213368446,-0.008586966635976356,-0.006412092675936676,0.020528684893537763,0.05011284840469532,0.03833699410845464,0.036470062191282036,171.97421646118164,174.11711247762045,0.014355327421189168,0.0018714425263961498,0.3082720064732234,0.10117870081710545,0.45354173380103974,0,7.0,False,0.0,0.0
122.20002007986204,128.4682159884043,121.68428385885795,128.041748046875,138832500,GOOGL,2023-11-03,0.02703309505604823,1,0.056724353022134855,-0.04793508751467579,-0.06163689173560871,-0.05338013255970364,-0.0035504259881825595,0.22288554473302735,0.056724353022134855,0.06426257090013192,0.04394615195467172,129.9832057952881,131.38907432556152,-0.01493621992575489,-0.025476443120318937,0.5774787164073387,-0.1388735933795625,0.44580243483489973,0,8.0,False,0.0,0.0
209.27999877929688,226.3699951171875,194.07000732421875,219.9600067138672,621700600,TSLA,2023-11-03,-0.02414081039872984,0,0.061070928488835996,0.037596117808299745,-0.1557210004817825,-0.11484906754983026,-0.09350911911539894,0.29342590774812005,0.061070928488835996,0.0893539661829247,0.08478590601536033,222.59250259399414,238.99833552042642,-0.011826525374615149,-0.07965883429732956,0.4583774849184913,0.05132123573839387,0.4311304591534146,0,9.0,False,0.0,-0.0
129.72000122070312,139.49000549316406,128.55999755859375,138.60000610351562,281900800,AMZN,2023-11-03,0.03578637255884165,1,0.08501650556881901,0.10729414501103895,0.08315104013105667,0.00267677340239425,0.0013727507866416744,0.31175469713918647,0.08501650556881901,0.049484971986527376,0.04136331994705851,130.32499885559082,132.39333152770996,0.0634951645546844,0.046880567957507724,0.940590990730019,-0.021346493564564306,0.41882172217429536,0,10.0,False,0.0,0.0
140.86950858112064,141.4727785871484,135.1708929301801,136.6651611328125,29056100,JNJ,2023-11-10,0.01724961837720329,1,-0.027025194937417285,0.011332494591879128,-0.06120502800246819,-0.08795286614747166,-0.14012930191539297,-0.07054226794216967,-0.027025194937417285,0.03790704304362537,0.024499262036932402,138.5654754638672,145.1473706563314,-0.013714197744374101,-0.05843860267784251,0.059734698942759755,-0.17246319231136198,0.4900566201278227,0,1.0,True,0.5,0.008624809188601645
313.5196553912785,326.53753048133314,312.0015698372686,326.2100830078125,75752300,META,2023-11-10,0.019070932184964917,1,0.04504140569762427,0.10797695578354682,0.04474244221578694,0.09476886112002991,0.1607060583649056,0.40614184965055466,0.04504140569762427,0.04814045077500816,0.029747033292337324,309.75667572021484,302.47962951660156,0.05311719997427611,0.07845306320010725,1.0,-0.32521252376438026,0.4795837719700375,0,2.0,True,0.5,0.009535466092482459
346.7606838240873,363.09556076737016,346.66257041725754,362.6737060546875,129319400,MSFT,2023-11-10,0.0025173988892042143,1,0.04781754714018294,0.12085757956621901,0.12797125916552599,0.11946588589769336,0.1680674226414416,0.2016137333154029,0.04781754714018294,0.03371684031248785,0.028931732119017783,338.2130661010742,325.62096405029297,0.07232316668186689,0.11379102114159845,1.0,-0.04306097591657754,0.4789589922918171,0,3.0,False,0.0,0.0
238.94145328917483,240.69645010008952,236.47663529686352,240.67681884765625,23552300,V,2023-11-10,0.01757383315129224,1,0.008916694534002234,0.07197673497946,0.03408976475746717,0.019505109743066296,0.03191897003561173,0.0641986625219606,0.008916694534002234,0.037869864780938706,0.02647629398197923,233.0712547302246,234.11546579996744,0.032631926773788233,0.028026140969665603,0.9063708087646593,-0.18826528897777084,0.47849266389839434,0,4.0,False,0.0,0.0
354.0299987792969,354.0299987792969,344.05999755859375,350.55999755859375,17904700,BRK.B,2023-11-10,0.02387607021759086,1,-0.003553054230051589,0.056826766118283745,0.015850941142168784,-0.047028729630474,-0.005672793322695657,0.0870414839971263,-0.003553054230051589,0.0386091676380075,0.024271524563750292,342.48499298095703,351.7691599527995,0.0235776887838286,-0.0034373746532185834,0.6339400044555942,0.1259684560044272,0.47222511481417573,0,5.0,False,0.0,0.0
138.75999450683594,143.64999389648438,138.36000061035156,143.55999755859375,228568800,AMZN,2023-11-10,0.011284446536203863,1,0.03578637255884165,0.12384531046959713,0.10609449868838361,0.022579942892848592,0.077615945377155,0.3020133754506902,0.03578637255884165,0.049671995434988944,0.04058149358853403,133.76749992370605,133.25499788920084,0.07320535735864708,0.07733293184216117,1.0,-0.21030550336896803,0.4663117459659108,0,6.0,False,0.0,0.0
135.62320927784464,138.7587625615186,135.26323524412658,138.71139526367188,37517000,JPM,2023-11-10,0.04363853171246301,1,0.023986077396608296,0.07915100426349753,-0.010608117623985391,-0.008732834962220881,-0.009797467163137341,0.1075578423834267,0.023986077396608296,0.04901965674405953,0.03002402742973308,134.5314826965332,136.72558975219727,0.03107014420236065,0.014524022277568438,0.550348573916999,-0.2430228241219008,0.4559471210746516,0,7.0,False,0.0,0.0
127.9921214668091,131.71139801314916,127.6152316569002,131.50311279296875,125896900,GOOGL,2023-11-10,0.020514521149921583,1,0.02703309505604823,0.0852908829054233,-0.03472668061193718,-0.035007480824299275,0.04024782899171919,0.12832927119217463,0.02703309505604823,0.06763739755396889,0.044213614750392295,128.8004665374756,131.81306902567545,0.0209832023761094,-0.002351483316470837,0.724307871198721,-0.22483220959969508,0.452211979972878,0,8.0,False,0.0,0.0
223.97999572753906,226.32000732421875,205.69000244140625,214.64999389648438,613925200,TSLA,2023-11-10,0.09154441981838457,1,-0.02414081039872984,0.03545581638458262,-0.14522938009649156,-0.21771936864573982,-0.003898146434946126,0.27783069029626195,-0.02414081039872984,0.08964934148432548,0.07823049385478235,213.47500228881836,238.92833455403647,0.005504118023506699,-0.10161348465793307,0.34087309990482095,0.007256287187348942,0.4427648207093603,0,9.0,False,0.0,0.0
174.1763842242903,184.48180071812672,174.0085099439187,184.31369018554688,303608500,AAPL,2023-11-10,0.017650284597086063,1,0.05658426908895109,0.10953271639259143,0.04358723191685576,0.06648519886704762,0.06966345028610554,0.08302485656570013,0.05658426908895109,0.0483615596188412,0.03932009493840226,173.89876174926758,175.11742146809897,0.05989075673405808,0.05251487053858428,0.6737966675556801,0.022130216619217213,0.44056025003759747,0,10.0,False,0.0,0.0
240.4314837833191,245.57376087982462,239.5580802167092,244.90643310546875,45729200,V,2023-11-17,0.018993546991474597,1,0.01757383315129224,0.026647228187296035,0.07160536755166214,0.06385592815338126,0.03100639948775319,0.07394266230412394,0.01757383315129224,0.03332272732386673,0.026429481681422895,237.16245651245117,234.72924041748047,0.03265262431033644,0.043357157676169766,1.0,0.4089012196004911,0.4985920751904972,0,1.0,True,0.5,0.009496773495737298
136.6651639573006,139.95069963268108,136.1082883545003,139.0225830078125,33230900,JNJ,2023-11-17,0.026245134444314644,1,0.01724961837720329,-0.010241750859454113,-0.020980349512025875,-0.06672885070800583,-0.09900758146252553,-0.043383490603281616,0.01724961837720329,0.04014047776097976,0.02523376147793547,137.82066345214844,143.87430318196616,0.008720895151410835,-0.0337219369050038,0.15168954288629027,0.01478854691132292,0.4907391429491731,0,2.0,True,0.5,0.013122567222157322
350.0899963378906,360.55999755859375,348.80999755859375,358.92999267578125,15239100,BRK.B,2023-11-17,0.010447719824259183,1,0.02387607021759086,0.020238183015255817,0.06868935964512168,-0.0034151792920407154,0.008428623779206834,0.08638268943361571,0.02387607021759086,0.032822539988440126,0.025131960401989104,348.2524948120117,352.0191599527995,0.030660219303046965,0.01963197890679691,0.8110453534287089,-0.04073044759114075,0.48143775038346814,0,3.0,False,0.0,0.0
142.0800018310547,147.2899932861328,139.52000427246094,145.17999267578125,255521100,AMZN,2023-11-17,0.010745370547487587,1,0.011284446536203863,0.04747464850291028,0.15986254533476862,0.12438040710904552,0.08944918700513571,0.2488601520497311,0.011284446536203863,0.032833952223732275,0.0405403399969983,138.76999855041504,134.2483310699463,0.046191498107117646,0.08142865925193021,1.0,-0.11967776320839418,0.4731298313671009,0,4.0,False,0.0,0.0
361.2511274783557,369.97665770103697,358.9750282473155,363.5867004394531,141869800,MSFT,2023-11-17,0.020494948425840542,1,0.0025173988892042143,0.05045532186944235,0.13447995645672295,0.16905040974135987,0.14744127722811373,0.1666308765656701,0.0025173988892042143,0.03184213593474381,0.02899557928644095,348.98785400390625,329.5142415364583,0.041831961393657746,0.1034020828481399,1.0,-0.0021366488111450588,0.4667240419595427,0,5.0,False,0.0,0.0
130.69976098599605,136.09518745195533,130.1741067560777,134.20083618164062,139835300,GOOGL,2023-11-17,0.010198765523901976,1,0.020514521149921583,0.04810218720624482,-0.0021386828618095155,0.0388486302413511,0.04180777093885912,0.10223202653983443,0.020514521149921583,0.06873049216989839,0.04426219949312785,128.72855949401855,132.26185925801596,0.042510199050866726,0.014660136599487172,0.8745850967165585,-0.15467876456477325,0.45979493928836174,0,6.0,False,0.0,0.0
323.6600612938685,335.7650826812692,323.1639545354659,332.43121337890625,82046500,META,2023-11-17,0.009521434933250417,1,0.019070932184964917,0.06497131947616386,0.08550146680284221,0.12023536951673108,0.17351992545910178,0.36394707140512095,0.019070932184964917,0.043489133445394054,0.029752039947960163,316.3028106689453,306.57581329345703,0.05099038695183,0.08433607272436783,1.0,-0.2546207761177759,0.45849908720256727,0,7.0,False,0.0,0.0
138.01985731607252,144.80244204422056,137.5083281612012,144.76455688476562,40907900,JPM,2023-11-17,0.004711355929881034,1,0.04363853171246301,0.06867132630820083,0.06904510946250086,0.056389216808267806,0.04690664928165433,0.11370083672332387,0.04363853171246301,0.04729780506063614,0.03224040961882036,136.86891555786133,137.2661043802897,0.057687615151494454,0.05462712399633474,0.8582859369578397,-0.09551476331218667,0.4499728400496327,0,8.0,False,0.0,0.0
183.74020094629049,188.8226331691939,182.14822040593083,187.56687927246094,262862000,AAPL,2023-11-17,0.0014759546623304143,1,0.017650284597086063,0.07523328213917524,0.0986807482665839,0.08667511026641717,0.0634337684030728,0.08584373135586132,0.017650284597086063,0.03820942492492695,0.03911908603350157,178.11045837402344,176.0497843424479,0.05309301309291725,0.06541953444038451,0.7942660892599641,-0.09562545774667575,0.4476948703643514,0,9.0,False,0.0,0.0
215.60000610351562,246.6999969482422,211.61000061035156,234.3000030517578,719922800,TSLA,2023-11-17,0.004908211188671352,1,0.09154441981838457,0.06519365293775725,0.10524079900225858,-0.04320484163710203,-0.017980608374113638,0.3006550674231967,0.09154441981838457,0.058749894656197094,0.07643731107608939,219.0525016784668,238.5708351135254,0.0696066068931358,-0.017901735808298902,0.4662736849825746,0.133057750434582,0.4240452019656036,0,10.0,False,0.0,0.0
144.06356739386794,146.2991621172823,143.91199783783145,145.44659423828125,22773900,JPM,2023-11-24,0.02149268337308019,1,0.004711355929881034,0.048555484297498896,0.1315497039056439,0.0665625614362404,0.05348673380903124,0.13725105600312304,0.004711355929881034,0.02177125517915078,0.032187444773727154,141.09618377685547,137.8814786275228,0.030832942075215808,0.054866800719443054,0.8893555309794883,-0.392224771606252,0.578659538937981,1,1.0,True,0.5,0.010746341686540095
359.3500061035156,363.19000244140625,358.17999267578125,362.67999267578125,9526300,BRK.B,2023-11-24,-0.015468141239810662,0,0.010447719824259183,0.034573240533988026,0.09336469210604781,0.03534115133948923,0.0006069669091475216,0.1312538545575661,0.010447719824259183,0.027548044663739783,0.024736225449072467,355.9949951171875,352.0374933878581,0.01877834702814618,0.030231152896540436,0.8650339724959945,-0.35419512509279005,0.5760375713542398,1,2.0,True,0.5,-0.007734070619905331
187.76460727588125,190.77059476808083,187.13177703645835,187.84371948242188,148305600,AAPL,2023-11-24,0.0066852545537046115,1,0.0014759546623304143,0.01915229027925891,0.13078280905127704,0.11103483915592394,0.0040127803490064284,0.08577292527890656,0.0014759546623304143,0.026260926588971504,0.03509003175555675,183.54181289672852,176.1123479207357,0.02343829189544877,0.06661299846485624,0.8045178081448701,-0.4211628605886508,0.5753854186539321,1,3.0,False,0.0,0.0
132.5941051889177,138.2771361292862,132.52467173584012,135.56951904296875,80779000,GOOGL,2023-11-24,-0.03533541541826357,0,0.010198765523901976,0.030922509464866632,0.11885080050419972,0.04455156165130836,0.007592539353927119,0.09694241582102792,0.010198765523901976,0.019978434803934332,0.04250555972330727,132.32880401611328,132.34698931376138,0.02448986863404934,0.024349097368339567,0.9508278515808612,-0.33425323126683215,0.5714227830031193,1,4.0,False,0.0,-0.0
332.2824138935604,340.2499433246193,331.5878522890542,335.596435546875,45158600,META,2023-11-24,-0.03964762917002218,0,0.009521434933250417,0.028773949758130968,0.1398578290424295,0.1266446975801392,0.14120384663560515,0.2907571878672752,0.009521434933250417,0.023313003011346346,0.02875866657226079,326.59703063964844,310.0361582438151,0.027555072652072132,0.08244289133191707,1.0,-0.4166637064058537,0.5333873365990415,1,5.0,False,0.0,-0.0
244.95555017236282,249.95061016784877,241.02032959542967,249.55807495117188,23160200,V,2023-11-24,0.008454642538892276,1,0.018993546991474597,0.036901169568546166,0.11153393025047342,0.1079579376652322,0.027130694619461604,0.13470770365180762,0.018993546991474597,0.02408599266201948,0.026187493589064092,243.42276763916016,235.27856063842773,0.025204328138715537,0.06069194861612859,1.0,-0.21988731241542325,0.4860082008552886,0,6.0,False,0.0,0.0
138.3770406357038,142.83964138922022,138.0308778369447,142.67124938964844,22752900,JNJ,2023-11-24,0.038557222310813044,1,0.026245134444314644,0.043947471374940816,0.05577800044850312,-0.013025596345004886,-0.04211561240101369,0.0031576049452228805,0.026245134444314644,0.02880915033717019,0.025579770660718402,139.70503616333008,143.35156377156576,0.021231970641706344,-0.004745775797754259,0.2940113526997034,-0.22099785159760676,0.4803239180472181,0,7.0,False,0.0,0.0
364.9334895781409,373.3584433577172,364.7172140193924,371.03839111328125,114410100,MSFT,2023-11-24,-0.007736598206344314,0,0.020494948425840542,0.02306394127544631,0.14670897295947305,0.19777082870720553,0.15072137144051312,0.13850468247133207,0.020494948425840542,0.029632735084644334,0.029059473028884106,360.8554382324219,333.5641225179036,0.02821892592429398,0.11234502173826044,1.0,-0.09348932814591948,0.47571352652375487,0,8.0,False,0.0,-0.0
234.0399932861328,244.00999450683594,231.02000427246094,235.4499969482422,421683900,TSLA,2023-11-24,0.014355510412495498,1,0.004908211188671352,0.09690195035266891,0.1357935044962637,-0.0590280720981744,-0.03901880646883982,0.21887456219945212,0.004908211188671352,0.05250132992275544,0.07602916441817058,226.0900001525879,237.77416865030924,0.041399428498992696,-0.009774702253234069,0.37999450864867235,-0.2904625020901406,0.47127919155834525,0,9.0,False,0.0,0.0
145.1300048828125,147.74000549316406,141.5,146.74000549316406,181224700,AMZN,2023-11-24,0.0019762387575099627,1,0.010745370547487587,0.022151072643146197,0.14873968958146855,0.15434237195302103,0.06240957631560118,0.22171346888260213,0.010745370547487587,0.034885420529450206,0.039561832262000315,143.52000045776367,134.96666526794434,0.022435932449345275,0.08723146713187702,1.0,-0.23470543236522545,0.47112716813837663,0,10.0,False,0.0,0.0
249.55808209258632,252.11941328071623,246.9182331390767,251.66799926757812,26483000,V,2023-12-01,-0.0027686370368017466,0,0.008454642538892276,0.0276087731807253,0.054991698646939646,0.09341387303845727,0.03924926460636313,0.12539567723368505,0.008454642538892276,0.005574841017231014,0.026168801638023664,246.70233154296875,236.07062149047852,0.02012817509081577,0.06607081253322611,1.0,-0.10925148434261345,0.5428740340204009,1,1.0,True,0.5,-0.0013843185184008733
362.6400146484375,362.6400146484375,355.29998779296875,357.07000732421875,17987400,BRK.B,2023-12-01,-0.011174337441145488,0,-0.015468141239810662,-0.005182028221426993,0.014951279958293151,0.030981148870429243,-0.0167423562562381,0.08373799750490929,-0.015468141239810662,0.017054489303204055,0.025140537214629933,357.30999755859375,351.53082784016925,-0.0006716583247454722,0.015757307881310467,0.7015219958752722,0.18616164530354862,0.5333290829156951,1,2.0,True,0.5,-0.005587168720572744
147.52999877929688,149.25999450683594,144.3300018310547,147.02999877929688,242850800,AMZN,2023-12-01,0.002652515764717256,1,0.0019762387575099627,0.012742844722737345,0.06082245529978669,0.14903094585234555,0.0636620366327958,0.1833400304168762,0.0019762387575099627,0.014532584983232066,0.03954979107088409,145.62749862670898,135.69999885559082,0.009630737091646191,0.08349299940498311,1.0,0.06963247003244133,0.5199179940023766,1,3.0,False,0.0,0.0
145.34237585634912,149.53886954814033,144.66034186506207,148.5726318359375,40753700,JPM,2023-12-01,0.010711876605754567,1,0.02149268337308019,0.02630529898421985,0.09678304506260105,0.08090943827623875,0.09849990551429832,0.13250030851406946,0.02149268337308019,0.015946074297059357,0.0314693891104463,144.37379455566406,138.99165852864584,0.02908309844730561,0.06893200216987871,1.0,0.14837568905091492,0.4801327019094284,0,4.0,False,0.0,0.0
333.56232867781216,337.2534306439208,318.2624476796763,322.29083251953125,82769000,META,2023-12-01,0.024413336608329672,1,-0.03964762917002218,-0.030503696558171756,0.03248575750370719,0.029769015328219517,0.0904022474571402,0.19151912334519006,-0.03964762917002218,0.03543188965529343,0.03233440828110022,329.13214111328125,312.2628453572591,-0.02078590249681922,0.032113930015590375,0.8170030161063268,0.15871687040469484,0.47854087644615556,0,5.0,False,0.0,0.0
370.39936783626126,377.79198354961045,365.02199502186244,368.1678161621094,135190600,MSFT,2023-12-01,-0.0007476714221166247,0,-0.007736598206344314,0.012599789038265863,0.06369083731912073,0.14670323330135204,0.12265577969668318,0.12124218314705781,-0.007736598206344314,0.024341747174815492,0.029555639807057582,366.3666534423828,336.9161376953125,0.004916284554838279,0.09275803373674862,0.9531443959376501,0.03835039811639973,0.47571811272161835,0,6.0,False,0.0,-0.0
187.79427548166112,189.9399687403027,186.08363355367433,189.09950256347656,216481400,AAPL,2023-12-01,0.023373766675475638,1,0.0066852545537046115,0.008171076348662432,0.0840190953801574,0.07888865499434217,0.0747106595753666,0.05968778060040236,0.0066852545537046115,0.024919321079893114,0.029480526922886805,187.20594787597656,177.20781707763672,0.010114821184818767,0.06710587423256831,0.8510209340065726,-0.07015449540003704,0.4679794068495032,0,7.0,False,0.0,0.0
142.47473014565793,148.24710210341533,141.11820809858446,148.17225646972656,40373500,JNJ,2023-12-01,-0.025003251595650422,0,0.038557222310813044,0.06581429623847446,0.05489849175395545,0.012740002044123955,-0.005678128459042364,0.024446963024245427,0.038557222310813044,0.028556320580187533,0.02830478868353295,141.6328125,143.2810516357422,0.046171814668486855,0.0341371366146801,0.5085865430571105,0.2876933405840205,0.44972922886111355,0,8.0,False,0.0,-0.0
134.914934431914,137.28534253189412,129.5988660526321,130.77911376953125,136564300,GOOGL,2023-12-01,0.02373727356097599,1,-0.03533541541826357,-0.025497027510902215,0.021378696904810424,-0.04157591125736848,-0.03314263332962564,0.05767228404230651,-0.03533541541826357,0.028158346036641302,0.04377349300924413,133.01314544677734,131.97341092427573,-0.016795570616289224,-0.009049528585949318,0.6839773595618791,0.13079052860267182,0.44619706885446436,0,9.0,False,0.0,0.0
236.88999938964844,252.75,231.89999389648438,238.8300018310547,649667900,TSLA,2023-12-01,0.020977241001655766,1,0.014355510412495498,0.019334181477992374,0.08578830033286167,-0.08329174010638574,-0.03891347351688257,0.11618451403713026,0.014355510412495498,0.04938125209800359,0.07603113985716098,230.80749893188477,236.9683354695638,0.03475841528674728,0.007856181956977126,0.42562092332561674,0.08043897226334384,0.43462507634877096,0,10.0,False,0.0,0.0
251.13808592075787,252.5904993509843,247.43833119545934,250.97122192382812,20642200,V,2023-12-08,0.008954409900502558,1,-0.0027686370368017466,0.005662597665624602,0.04277272371082841,0.07832060055763379,0.06311212012388423,0.1485344770879673,-0.0027686370368017466,0.01003998042553802,0.024695269742896132,249.27593231201172,237.31220626831055,0.006800855566330588,0.05755715590994237,0.9750477444666964,-0.28828957734629956,0.6374084429074043,1,1.0,True,0.5,0.004477204950251279
355.9100036621094,357.8299865722656,350.8500061035156,353.0799865722656,15272700,BRK.B,2023-12-08,0.009686228497220117,1,-0.011174337441145488,-0.0264696324511553,0.007188467113252717,0.02315335222453596,-0.040178326993548064,0.053058479447532614,-0.011174337441145488,0.018516660544575448,0.024875013560433437,357.9399948120117,350.29916127522785,-0.013577717802389033,0.007938429789310586,0.591147959205209,0.052826774435377644,0.5303217951341953,1,2.0,True,0.5,0.004843114248610059
145.25,148.57000732421875,142.80999755859375,147.4199981689453,229054400,AMZN,2023-12-08,0.01729753821347546,1,0.002652515764717256,0.00463399652668639,0.02688771716352334,0.13583485472524592,0.05007478317444325,0.1943611585875007,0.002652515764717256,0.005035646973429841,0.039436197481735456,146.59249877929688,136.28583208719888,0.005644895861242505,0.08169716478395594,1.0,0.008327289575425612,0.5273999182118764,1,3.0,False,0.0,0.0
362.84943241289693,368.11863343182006,356.75441514637487,367.8925476074219,119583700,MSFT,2023-12-08,-0.009352553852090661,0,-0.0007476714221166247,-0.008478485195077656,0.01438990879572466,0.14420266270911664,0.1355748978956861,0.1499232405370854,-0.0007476714221166247,0.012028132470590674,0.02895557965096752,367.6713638305664,340.5763244628906,0.0006015801028154133,0.0802058780439614,0.9486512631581044,-0.06402334625172834,0.5172781360370282,1,4.0,False,0.0,-0.0
187.85358512953687,193.79633503305183,185.35190415389414,193.51947021484375,251991700,AAPL,2023-12-08,0.009503810449870587,1,0.023373766675475638,0.030215280809284595,0.049946262917472284,0.09571051417949228,0.11975214900725395,0.08439686804269075,0.023373766675475638,0.009998985335823008,0.028794781769031486,189.50739288330078,178.93248240152994,0.021171086101182457,0.08152230169467023,1.0,0.1458846776871512,0.5076859947573673,1,5.0,False,0.0,0.0
147.79588967365407,150.82724537664353,147.66326992118485,150.16412353515625,43609400,JPM,2023-12-08,0.04232886868168739,1,0.010711876605754567,0.03243478695105373,0.082565158037047,0.07108117950496173,0.07311129517605908,0.14024818804098937,0.010711876605754567,0.017136153845225727,0.030390520661210636,147.23697662353516,139.8442179361979,0.01988051492734333,0.07379572606760654,1.0,0.1782749692829675,0.4911626436979536,0,6.0,False,0.0,0.0
314.81947438356156,330.5757700738229,311.2177340247724,330.1590270996094,77276000,META,2023-12-08,0.006521607915811245,1,0.024413336608329672,-0.016202223478342437,0.012105524315452643,0.057389597253415525,0.10802161218811879,0.25589700917615654,0.024413336608329672,0.029312648815727007,0.032693172833049164,330.11937713623047,314.9451268513997,0.0001201079552581863,0.048306511043074485,0.9042446677640966,0.07607969501142042,0.46677358880751607,0,7.0,False,0.0,0.0
128.81534267439568,137.42419963070353,126.85156995087304,133.88345336914062,176658100,GOOGL,2023-12-08,-0.01770477626072664,0,0.02373727356097599,-0.012436908279461645,0.018101020771419618,-0.01725424820759669,-0.017540131190435293,0.10439328758602162,0.02373727356097599,0.027359111491254563,0.044338254565772374,133.6082305908203,131.77422269185385,0.002059923831812416,0.016006398172570435,0.8569052231276546,0.3236864381935525,0.4594302349092889,0,8.0,False,0.0,-0.0
235.75,246.66000366210938,233.2899932861328,243.83999633789062,578776200,TSLA,2023-12-08,0.039616157345751635,1,0.020977241001655766,0.035633890415776026,0.13598883424838681,-0.028990119946042503,-0.11133793753278198,-0.002291315763415791,0.020977241001655766,0.03961796688888383,0.06908755642846418,238.10499954223633,234.42250061035156,0.02408599906209452,0.040173173236439874,0.49325043713504707,-0.023183469316353844,0.45886637221643817,0,9.0,False,0.0,0.0
147.81672704362893,149.70653982951072,143.92484815348666,144.46746826171875,35618500,JNJ,2023-12-08,0.004792127437995175,1,-0.025003251595650422,0.012589914784896017,0.057090681079458916,-0.007608583657157664,-0.03588347409926251,-0.020144039908673417,-0.025003251595650422,0.027595526114142732,0.029112578276855382,143.58338928222656,142.8329734802246,0.006157251085321835,0.011443399529314169,0.36407561562237184,0.07954640168879457,0.4491984200904922,0,10.0,False,0.0,0.0
250.2450180218132,258.34116104323334,249.70527547405828,253.21852111816406,38828500,V,2023-12-15,0.0015502928635608981,1,0.008954409900502558,0.006160981352807626,0.03393985167027336,0.10797549477543411,0.09996304055344774,0.1317353802452783,0.008954409900502558,0.008893288834924714,0.022787039276491203,251.35395431518555,239.2298838297526,0.007418092180242475,0.058473619869190196,1.0,0.4234116826545473,0.5584521447043039,1,1.0,True,0.5,0.0007751464317804491
362.239894272933,371.24479409698984,357.9636180145618,364.4518127441406,205282400,MSFT,2023-12-15,0.010385052129994188,1,-0.009352553852090661,-0.010093232636968263,0.0023793837993575373,0.13717931968581198,0.17183202934693065,0.0874562997596322,-0.009352553852090661,0.01373754868768787,0.02514592669243642,367.8876419067383,345.02978515625,-0.009339343786570198,0.05629087233467445,0.8924890959338643,0.42937694571731555,0.548346619028439,1,2.0,True,0.5,0.005192526064997094
145.66000366210938,150.57000732421875,143.63999938964844,149.97000122070312,317107900,AMZN,2023-12-15,0.023004580383813034,1,0.01729753821347546,0.019995935970994694,0.032993585800896286,0.19813056974151722,0.16147774854384433,0.1950753348765597,0.01729753821347546,0.007274379252684788,0.02897195289465484,147.79000091552734,138.0233325958252,0.014750661693424094,0.08655542798594396,1.0,0.3073409426019065,0.5234429059140575,1,3.0,False,0.0,0.0
355.0,364.04998779296875,354.20001220703125,356.5,23520400,BRK.B,2023-12-15,-8.414804851852864e-05,0,0.009686228497220117,-0.0015963461296853998,-0.006770102040417281,0.061454223630815985,-0.010162160220164473,0.053767262489060164,0.009686228497220117,0.013620044552421412,0.024450082650357315,357.3324966430664,349.99416097005206,-0.002329753523363398,0.018588421623709994,0.6857541557519524,0.4188831311419039,0.5214754142690213,1,4.0,False,0.0,-0.0
190.9485830810774,197.3857175620074,189.27749628821252,195.358642578125,379414800,AAPL,2023-12-15,-0.020094159004935053,0,0.009503810449870587,0.03309971697332936,0.04154125363649985,0.1443213238958656,0.13181695664246584,0.07125994760433318,0.009503810449870587,0.009353804149227913,0.02858436084832792,191.4553337097168,180.82851791381836,0.020387569219285195,0.08035305952809724,1.0,0.5234582438050439,0.5151229770764292,1,5.0,False,0.0,-0.0
150.16408749853352,156.5677682945357,149.8135811335576,156.52040100097656,64648300,JPM,2023-12-15,0.013133326593694594,1,0.04232886868168739,0.053494166905621254,0.08120664594420535,0.15585867716500656,0.142175041916893,0.16984693953193442,0.04232886868168739,0.016539606669719494,0.03074073789204202,150.1759376525879,141.46782302856445,0.042246870221418265,0.10640283882344592,1.0,0.5053278714767795,0.48654047967451447,0,6.0,False,0.0,0.0
242.74000549316406,254.1300048828125,228.1999969482422,253.5,636290500,TSLA,2023-12-15,-0.0037870087332039226,0,0.039616157345751635,0.06142443602760883,0.08194620869894242,0.19581109217988346,0.0352008940922417,-0.02702083485848983,0.039616157345751635,0.01466703648254035,0.06245495086515878,242.90499877929688,235.14083353678384,0.043617880545676835,0.07807732152290847,0.6236500513810048,0.11316541569270888,0.48015420526947455,0,7.0,False,0.0,-0.0
326.8351687929006,336.02306402754414,317.50836658058734,332.31219482421875,112025500,META,2023-12-15,0.05514745519553954,1,0.006521607915811245,0.031094158733417254,-0.0003580246074902371,0.08511283056625984,0.11983429768826315,0.1918860898502459,0.006521607915811245,0.02769459078890101,0.032447208705510766,330.0896224975586,317.9085413614909,0.006733239021098347,0.04530753845443103,0.9397960456645579,0.41255010968413686,0.46446837185318757,0,8.0,False,0.0,0.0
144.54231799765637,147.03086917830464,141.98826436578128,145.15977478027344,53147900,JNJ,2023-12-15,0.001933630892094973,1,0.004792127437995175,-0.02033094292566584,0.044145286612291335,0.022238753557831004,-0.025529328335528345,-0.040747111207373954,0.004792127437995175,0.02784779490924741,0.029167896635835133,145.1176872253418,142.51606369018555,0.00029002360591845466,0.018550267398874,0.39108008968358976,0.399616045000158,0.45740227906174896,0,9.0,False,0.0,0.0
131.29485865478858,132.6238517222141,128.62688824878407,131.51307678222656,179845100,GOOGL,2023-12-15,0.06704346906968128,1,-0.01770477626072664,0.005612234182812648,-0.02002788861744631,-0.02212373817711155,0.018042685584490625,0.07342364381554778,-0.01770477626072664,0.026697574783483027,0.041745567921325485,132.9362907409668,131.96845563252768,-0.010705985181378663,-0.0034506643888380095,0.7248629172301418,0.2536112009047715,0.44473079329583154,0,10.0,False,0.0,0.0
253.87606361750892,256.3392445070479,252.24698068659748,253.611083984375,33371400,V,2023-12-22,0.007429429981584468,1,0.0015502928635608981,0.010518584721829649,0.016240744900745563,0.12958606926019445,0.12595199989160943,0.13032961341260663,0.0015502928635608981,0.005662638889867129,0.020943895254530647,252.36720657348633,241.59401830037436,0.0049288393202009395,0.049740741797091204,1.0,0.1186715954983486,0.5814392612634008,1,1.0,True,0.5,0.003714714990792234
363.1934730778045,369.66210727216645,362.43649362550525,368.2366638183594,103538800,MSFT,2023-12-22,0.003897606730237868,1,0.010385052129994188,0.0009353715186009026,-0.0075510442100491515,0.1380501228085962,0.1887264082261304,0.12272414977670909,0.010385052129994188,0.008978702794122733,0.02456951778544459,367.1872100830078,349.9016647338867,0.0028580890252531965,0.052400433985980266,0.9542681772625564,-0.26515523988392387,0.5757439466843766,1,2.0,True,0.5,0.001948803365118934
357.4200134277344,362.54998779296875,353.6300048828125,356.4700012207031,16721100,BRK.B,2023-12-22,0.0005330110268904065,1,-8.414804851852864e-05,0.009601265371475876,-0.017122509045128242,0.07464354527583805,0.017613513110885215,0.06329605136675065,-8.414804851852864e-05,0.011333806672653948,0.022954670778789394,355.7799987792969,350.5083287556966,0.001939407622052025,0.01700864708741867,0.6849243138608921,-0.09002797218019742,0.5364469097766217,1,3.0,False,0.0,0.0
193.89520715993984,195.46742966263125,190.8101216032956,191.43307495117188,232340900,AAPL,2023-12-22,-0.005526808344302525,0,-0.020094159004935053,-0.010781319633397013,0.019108200575669976,0.1523900337741484,0.1322647157090726,0.039837243186286564,-0.020094159004935053,0.01816925913282393,0.028546072530314874,192.3526725769043,182.6920280456543,-0.00478078943958915,0.04784580366765212,0.8657482276998061,-0.13966041268294271,0.5333518637338924,1,4.0,False,0.0,-0.0
150.55999755859375,155.6300048828125,150.0500030517578,153.4199981689453,221826000,AMZN,2023-12-22,-0.00964669368532578,0,0.023004580383813034,0.040700041205562254,0.04552264158183128,0.20103335474110984,0.2068910860141593,0.18626765635834186,0.023004580383813034,0.010561897976061736,0.02764014848993552,149.45999908447266,140.21499888102213,0.026495377416900112,0.0941767955875259,1.0,-0.12221044872522246,0.5071097115152677,1,5.0,False,0.0,-0.0
253.77999877929688,259.8399963378906,247.0,252.5399932861328,551215200,TSLA,2023-12-22,-0.0160766518829899,0,-0.0037870087332039226,0.03567912187870337,0.07258439821363605,0.21823439251508203,0.009271809024504751,-0.015822341078764235,-0.0037870087332039226,0.01792486795284735,0.06225707831000004,247.17749786376953,235.33416620890299,0.021694917493334298,0.07311232089418085,0.6106909977884232,-0.08737309028523688,0.5030913487987124,1,6.0,False,0.0,-0.0
157.1740249143251,160.4800726590447,156.82351899061453,158.57603454589844,43728000,JPM,2023-12-22,0.01612893758625855,1,0.013133326593694594,0.05601811413212032,0.09026983668044908,0.23369451087301685,0.16284098966657123,0.2228543853986622,0.013133326593694594,0.014370480577441556,0.030301341134002853,153.4582977294922,143.3183682759603,0.033349365215998406,0.10645994964552918,1.0,-0.09249484018316956,0.4908823288447587,0,7.0,False,0.0,0.0
334.85219638871814,354.4186979641028,334.39575641326354,350.63836669921875,80155600,META,2023-12-22,0.0016130073862561378,1,0.05514745519553954,0.06202871319169101,0.04482148664014263,0.19094795149851662,0.17714258784091474,0.22394608624845236,0.05514745519553954,0.03963446189242783,0.03485728760375818,333.85010528564453,322.3056996663411,0.05028682378042104,0.08790619297830693,1.0,-0.08972560522914119,0.478059857579825,0,8.0,False,0.0,0.0
131.5428154285214,140.82607102846447,131.34444275367903,140.33016967773438,160862500,GOOGL,2023-12-22,-0.012721658842464678,0,0.06704346906968128,0.04815170318933282,0.03511593659380563,0.15814029427263399,0.0812319680592164,0.15653101987172713,0.06704346906968128,0.04569554423827237,0.04575629489280205,134.1264533996582,132.8470287322998,0.04625274225056031,0.05632900499802562,1.0,-0.016026180172189708,0.46694174852844395,0,9.0,False,0.0,-0.0
145.20656539973086,146.56311215314025,143.24191029397923,145.44046020507812,29288700,JNJ,2023-12-22,0.008233572041421056,1,0.001933630892094973,0.00673502453574315,0.01940973270561841,0.0762703692336808,0.006131313017225581,-0.04615224499701032,0.001933630892094973,0.026049366876199284,0.02782180318292007,145.80998992919922,142.5899225870768,-0.0025343237750755643,0.01999115762378323,0.4020286537521821,-0.2605198808800936,0.4665841928472403,0,10.0,False,0.0,0.0
356.8999938964844,358.67999267578125,355.30999755859375,356.6600036621094,10452900,BRK.B,2023-12-29,0.02503783038212859,1,0.0005330110268904065,0.0004488181265340785,-0.0011482444722306084,0.013785867761497705,0.029797330465264782,0.04592376440501278,0.0005330110268904065,0.008538345143206755,0.022596926020118632,355.67749786376953,351.36832936604816,0.002762350174640993,0.015060191411128798,0.6901802605686654,-0.36617495691033863,0.7098951306145707,1,1.0,True,0.5,0.012518915191064295
253.70921163731717,256.5845572737417,253.49331148813775,255.49526977539062,13215200,V,2023-12-29,-0.002535096163206463,0,0.007429429981584468,0.008991240637425957,0.015207616856139472,0.07103560818636989,0.11004209228481354,0.10070282951394871,0.007429429981584468,0.005414443046091169,0.020620540290301807,253.32402420043945,243.7046915690104,0.008571021172603777,0.048380595919063296,1.0,-0.5015826350472811,0.69106332233187,1,2.0,True,0.5,-0.0012675480816032314
368.6494851818368,370.77293391810167,366.4966184922779,369.6719055175781,60636300,MSFT,2023-12-29,-0.022045486947563697,0,0.003897606730237868,0.014323135709307655,0.004085336331534517,0.06803637214234093,0.15138790168184602,0.10883011068246184,0.003897606730237868,0.008300536818034072,0.023742193818023807,367.563232421875,353.95212809244794,0.005736898878076158,0.04441215683558308,0.9776952320987015,-0.5040393324734194,0.6782531978540208,1,3.0,False,0.0,-0.0
145.0100739866572,147.1057011189127,144.8697473671298,146.63795471191406,18149300,JNJ,2023-12-29,0.02800823927829832,1,0.008233572041421056,0.010183123622767631,-0.010354851808077714,0.043975174199278655,0.0022532294028445587,-0.03853103342707842,0.008233572041421056,0.015214440775530065,0.02770067589540833,145.4264144897461,142.6173947652181,0.008330950236371315,0.0281912311840693,0.4487387575596874,-0.4669981292821671,0.6625755734364006,1,4.0,False,0.0,0.0
191.44298138124012,192.48122849088116,188.95120308408815,190.37506103515625,153729000,AAPL,2023-12-29,-0.05895192691493234,0,-0.005526808344302525,-0.02550991078357734,0.0067454353628007,0.09133127612008574,0.08616622868026536,-0.004774147334095424,-0.005526808344302525,0.018777749438242303,0.02765021821186896,192.67156219482422,183.9505755106608,-0.01191925333197752,0.034925063466969775,0.8295648634474337,-0.3956459334093646,0.636172309697088,1,5.0,False,0.0,-0.0
153.55999755859375,154.77999877929688,151.02999877929688,151.94000244140625,123382100,AMZN,2023-12-29,-0.044096333030045565,0,-0.00964669368532578,0.013135968558165123,0.03339457051536576,0.09624816558757887,0.18740234079794904,0.16554159044197703,-0.00964669368532578,0.014732677486823035,0.028533295251268076,150.6875,142.21333249409994,0.008311919976150994,0.06839492315328344,0.9476107707065818,-0.4463262410329084,0.6014380663297225,1,6.0,False,0.0,-0.0
140.42934263685476,141.5104039629761,137.64239294340334,138.54493713378906,71187600,GOOGL,2023-12-29,-0.02834868317510275,0,-0.012721658842464678,0.05346890608609667,0.0593812202913635,0.08202941030662081,0.015336480688806997,0.16700101306444415,-0.012721658842464678,0.03925525017061363,0.04387473821868927,136.06790924072266,133.02142016092935,0.01820435036364243,0.04152351528180476,0.9182195449115526,-0.5161858747542492,0.5560783605020932,1,7.0,False,0.0,-0.0
352.22592701294764,359.0820794651083,349.08062742515625,351.2039489746094,49892400,META,2023-12-29,-0.005678621364792913,0,0.0016130073862561378,0.05684941583435932,0.08971125932763213,0.12511135504720916,0.12215089050988981,0.2333960306691789,0.0016130073862561378,0.02421958487575933,0.03302124781234428,341.07838439941406,325.4915364583333,0.029686913736925558,0.0789956408576773,1.0,-0.375074643924603,0.5414788821023838,1,8.0,False,0.0,-0.0
158.63286874261556,161.69259397084912,158.36761478125823,161.13369750976562,23867400,JPM,2023-12-29,0.019002263055752255,1,0.01612893758625855,0.029474090784882945,0.08454494962234227,0.1895105123540577,0.17229487228161733,0.18627571906898543,0.01612893758625855,0.014670355341288018,0.030267303906319317,156.59856414794922,145.2918841044108,0.02896024868741298,0.10903439998045905,1.0,-0.4571059594627561,0.5330201103835013,1,9.0,False,0.0,0.0
254.49000549316406,265.1300048828125,247.42999267578125,248.47999572753906,407898300,TSLA,2023-12-29,-0.04422887324267999,0,-0.0160766518829899,-0.019802778195112225,0.04040528335008209,0.12965988426601482,-0.04625188311602357,-0.05076973619553726,-0.0160766518829899,0.024950329656364144,0.0612187972958807,249.58999633789062,234.3299992879232,-0.004447296072110474,0.06038491222897013,0.5558854165486589,-0.24955935115221817,0.45799915037723543,0,10.0,False,0.0,-0.0
254.76903831719534,256.5845487376003,252.07033875937498,254.84756469726562,17210700,V,2024-01-05,0.017251427849517054,1,-0.002535096163206463,0.004875499498936842,0.015445367575307012,0.058878731726046185,0.0949756585972723,0.10269509043330549,-0.002535096163206463,0.005320570931775529,0.020862891917499325,254.29310989379883,245.54676564534506,0.002180376824595598,0.03787791310333999,0.979091745997814,-0.3291862280245318,0.7177581530683622,1,1.0,True,0.5,0.008625713924758527
367.52877209819934,369.5342336746233,360.29347657411785,361.5223083496094,90248200,MSFT,2024-01-05,0.056342693533872,1,-0.022045486947563697,-0.01823380485562409,-0.017315488718760874,-0.003174748226452584,0.12439023441100083,0.09506157706959928,-0.022045486947563697,0.01441388600788224,0.02559345983578751,365.9706726074219,357.2850341796875,-0.012154974676302222,0.011859646401508162,0.8446716028030773,-0.21473064179974277,0.5649398949822783,1,2.0,True,0.5,0.028171346766936
356.32000732421875,369.3699951171875,355.94000244140625,365.5899963378906,16166800,BRK.B,2024-01-05,-0.005388553408016028,0,0.02503783038212859,0.025584186848701895,0.03543109278742573,0.042874255145967544,0.05940479358296913,0.07242593981654188,0.02503783038212859,0.011714998170310327,0.02337214447067092,358.8050003051758,353.07666269938153,0.018909981820052657,0.03544084036265871,0.9372063790613079,-0.03281424802426525,0.5356892878385842,1,3.0,False,0.0,-0.0
185.0552730997862,186.33084291740326,178.15339449300276,179.15208435058594,275266500,AAPL,2024-01-05,0.02616193922260379,1,-0.05895192691493234,-0.06415291925764866,-0.07424258576311338,-0.028004462553838483,0.01436213235897621,-0.04728515188212312,-0.05895192691493234,0.029388949740003077,0.033606875751711375,189.07971572875977,184.16195678710938,-0.052505004780181164,-0.02720362296277523,0.4457466099948077,0.05795314000118368,0.49186938052851764,0,4.0,False,0.0,0.0
146.81568285520638,151.54023488088677,146.68470657947933,150.74502563476562,30223200,JNJ,2024-01-05,0.007819438486375452,1,0.02800823927829832,0.036472419175570536,0.0434530863493392,0.1030245337234863,0.03551388624953078,0.027313177353207152,0.02800823927829832,0.011795529936346276,0.028720306308119743,146.9958038330078,143.04822285970053,0.025505638283505494,0.05380565113775648,0.608941337242557,-0.07580741706807859,0.48750277847443885,0,5.0,False,0.0,0.0
160.17692675575273,165.25357661087241,160.00642185144383,164.1956024169922,41868200,JPM,2024-01-05,-0.01869149498597822,0,0.019002263055752255,0.03543768695683469,0.09344095348148129,0.1837210786098593,0.17116402617397486,0.20972216257708376,0.019002263055752255,0.013337355737779395,0.030250222483874958,160.1064338684082,147.29163106282553,0.02554031371371912,0.11476532123509764,1.0,-0.03813122480427822,0.47498200981734234,0,6.0,False,0.0,-0.0
151.5399932861328,152.3800048828125,144.0500030517578,145.24000549316406,197957800,AMZN,2024-01-05,0.06458268568755265,1,-0.044096333030045565,-0.05331764289798446,-0.014787631955353486,0.011702479542635924,0.11903854693150673,0.11912472537589092,-0.044096333030045565,0.030663748030736338,0.033217720071006,150.1425018310547,143.50083351135254,-0.032652288846279354,0.012119594982519244,0.7104427371404868,-0.07955908921090005,0.47030628151338855,0,7.0,False,0.0,0.0
348.58449167928967,350.7475137214206,337.3625582064885,349.2095947265625,60513900,META,2024-01-05,0.06404320583068968,1,-0.005678621364792913,-0.004074773636742024,0.05770118658971435,0.07050521402245913,0.1184022317025577,0.21140665306579187,-0.005678621364792913,0.02762295168747188,0.03314962466588774,345.84102630615234,328.5723597208659,0.009740222137289756,0.06280879810836404,0.9715739648470803,-0.20004732516952128,0.4672834355399402,0,8.0,False,0.0,0.0
137.41428922141964,138.4853906714653,134.04212324747374,134.61737060546875,97574900,GOOGL,2024-01-05,0.0509836228350844,1,-0.02834868317510275,-0.04070969974158056,0.005481762068868745,0.02368200832936118,-0.01186706982207908,0.13600586140582327,-0.02834868317510275,0.043805185699883196,0.044754337522214846,136.2513885498047,132.88669522603354,-0.011992670032413222,0.013023691924096914,0.7317178822140938,-0.2339106848468634,0.4614505430973789,0,9.0,False,0.0,0.0
250.0800018310547,251.25,234.89999389648438,237.49000549316406,420855000,TSLA,2024-01-05,-0.07831911100802513,0,-0.04422887324267999,-0.05959447292737041,-0.026041629511539766,0.10640583389764435,-0.0542767994944523,-0.1346062317111929,-0.04422887324267999,0.034874346207824314,0.061671199997992796,248.00249862670898,233.19416681925455,-0.04238865814561099,0.018421724404620976,0.4075324202914701,-0.16507750244388242,0.45418163829057406,0,10.0,False,0.0,-0.0
366.010009765625,368.8299865722656,362.1300048828125,363.6199951171875,15093500,BRK.B,2024-01-12,0.009267903752381512,1,-0.005388553408016028,0.01951435928787748,0.019971935812587605,0.013066621728774486,0.08265351925317077,0.0660529450326599,-0.005388553408016028,0.013604372242490302,0.02146468765127368,360.58499908447266,355.3899968465169,0.008416867147609253,0.023157653123885957,0.8827111770332181,0.03319454498470931,0.559755812914452,1,1.0,True,0.5,0.004633951876190756
256.07426881802627,261.22635446746,255.10273887615202,259.2440490722656,26325700,V,2024-01-12,0.025475846768929555,1,0.017251427849517054,0.014672597657759301,0.023795763151502447,0.058543239493518806,0.13434061722677915,0.09076431168407284,0.017251427849517054,0.008588025833070282,0.019320790379545018,255.79949188232422,248.1053009033203,0.01346584844478893,0.044895244593285755,1.0,0.16843425096812137,0.5588141336225324,1,2.0,True,0.5,0.012737923384464778
163.95733642578125,168.0462559111224,160.73573390852152,161.1265411376953,62179700,JPM,2024-01-12,0.007453225688992315,1,-0.01869149498597822,-4.441263485488456e-05,0.0294283691279964,0.11302479422469425,0.18987371297641586,0.14407114059231385,-0.01869149498597822,0.01755414311986453,0.028298838471256093,161.2579689025879,149.43427403767905,-0.0008150156286041987,0.07824354335919037,0.9139308345115384,0.4490446175294929,0.5212899309007679,1,3.0,False,0.0,0.0
150.71693773281265,152.75643389591977,149.32296469354128,151.92376708984375,27314800,JNJ,2024-01-12,-0.0043721292553711155,0,0.007819438486375452,0.03604668646882203,0.0465968779560928,0.0927991971009936,0.06987188799935362,0.03133103501282264,0.007819438486375452,0.011376195323138235,0.027355715757815143,148.6868019104004,143.87505086263022,0.021770359829206498,0.05594240404403639,0.6549199495991082,0.040801707056851155,0.50537265370761,1,4.0,False,0.0,-0.0
363.0460204620728,384.063988833949,362.7609531121448,381.8914489746094,118990200,MSFT,2024-01-12,0.026256892480225336,1,0.056342693533872,0.033055104471416685,0.04785169292795377,0.05034493427023601,0.19159527529543685,0.12988828896376448,0.056342693533872,0.03262689291403806,0.028394844119452797,370.33058166503906,362.4020258585612,0.03121769543738906,0.053778460729837496,1.0,0.2746212978373841,0.5008906800799721,1,5.0,False,0.0,0.0
146.74000549316406,157.1699981689453,146.14999389648438,154.6199951171875,224548400,AMZN,2024-01-12,0.004656585457511131,1,0.06458268568755265,0.01763849304145393,0.031006160289624995,0.0650227505003933,0.2352799982348226,0.14805467423367302,0.06458268568755265,0.046372841048079226,0.033328903543285035,151.30500030517578,145.95499992370605,0.021909353989131297,0.05936758040499357,1.0,0.1699581471909537,0.49840222815195995,0,6.0,False,0.0,0.0
236.13999938964844,241.25,217.14999389648438,218.88999938964844,502418200,TSLA,2024-01-12,-0.030608967823675948,0,-0.07831911100802513,-0.11908401821745185,-0.13652860201322115,-0.06577039462822898,0.03254867549266072,-0.22208403016834666,-0.07831911100802513,0.03312907786166444,0.04634354419223656,239.3499984741211,233.76916631062826,-0.08548150914939245,-0.06364897114450352,0.17275293388776547,0.06761952791102921,0.49098226916889304,0,7.0,False,0.0,-0.0
135.17277404124002,144.02958884214235,135.14302117297993,141.48065185546875,110278000,GOOGL,2024-01-12,0.026148081616242047,1,0.0509836228350844,0.021189621089110933,0.07579151303522136,0.054245680436557864,0.05199098326767149,0.13737841086526048,0.0509836228350844,0.046829690174267524,0.04684211979256513,138.74328231811523,133.4693775177002,0.019729744688302686,0.060023313862433536,1.0,0.0027483331552637935,0.4603148148831445,0,8.0,False,0.0,0.0
180.0519155054874,184.9563909902637,179.46852282651062,183.83905029296875,238385400,AAPL,2024-01-12,0.030335549012141083,1,0.02616193922260379,-0.034332284421332404,-0.058966381692325154,-0.019874665473732844,0.07684483593235503,-0.02241168736455601,0.02616193922260379,0.035313536923980655,0.03232676188033972,186.1998176574707,185.2552032470703,-0.012678677101847446,-0.007644335647689626,0.6060376925264638,0.05981826826914727,0.4573425124492421,0,9.0,False,0.0,0.0
351.9382128171741,374.124093141166,349.3088222783808,371.5740966796875,85986700,META,2024-01-12,0.023925937971737143,1,0.06404320583068968,0.05800090734899688,0.11814764088400942,0.11774731651376569,0.21331635159063334,0.2124518758054723,0.06404320583068968,0.03588954558370982,0.03516315744714547,355.65650177001953,334.0163116455078,0.0447555290862105,0.11244296677953813,1.0,0.2437119551500171,0.4538766685238672,0,10.0,False,0.0,0.0
157.14243736078933,162.57527654660007,156.59916117294043,162.32745361328125,50811900,JPM,2024-01-19,0.011567270385133277,1,0.007453225688992315,-0.011377581227581035,0.023656910567384726,0.11606225270111548,0.2628799115842131,0.1140665843339812,0.007453225688992315,0.017160352995774918,0.01967929092789981,162.1958236694336,152.2501017252604,0.0008115495261822314,0.06618945914535868,0.9476093847886591,0.13719456243929296,0.5738872122969677,1,1.0,True,0.5,0.0057836351925666385
362.94000244140625,368.30999755859375,357.9800109863281,366.989990234375,12668300,BRK.B,2024-01-19,0.05016486594185299,1,0.009267903752381512,0.0038294097500153335,0.029511568933281884,0.011883747782157617,0.10635796234095252,0.06140091355024202,0.009267903752381512,0.013232273050080923,0.020596187361593216,363.2149963378906,358.3299967447917,0.010393276529178763,0.024167648726743707,0.9759337409660778,-0.06819046918529281,0.5656848627469511,1,2.0,True,0.5,0.025082432970926494
151.15664562581915,151.7928120382831,149.39781631424648,151.25953674316406,24435100,JNJ,2024-01-19,-0.013483379560766284,0,-0.0043721292553711155,0.003413121635237326,0.04001002561378564,0.06019634222211234,0.11933197427407882,-0.035442737937202096,-0.0043721292553711155,0.013400320095394401,0.021790905283391483,150.14157104492188,145.21886571248373,0.007446076995609063,0.04159701290216766,0.629010629540946,-0.023790879962925393,0.5620268631852281,1,3.0,False,0.0,-0.0
258.6061389778815,266.0938489820656,257.4579727070871,265.8485107421875,25235900,V,2024-01-19,-0.010926352871274192,0,0.025475846768929555,0.04316676935088615,0.04825272841216366,0.06527713356581621,0.1840916790783702,0.13683256635985552,0.025475846768929555,0.012128468937744373,0.01749311327974192,258.85884857177734,251.54960759480795,0.02700182825109043,0.05684327351610108,1.0,0.2312071962189357,0.5087145905098008,1,4.0,False,0.0,-0.0
153.52999877929688,155.75999450683594,149.91000366210938,155.33999633789062,165839800,AMZN,2024-01-19,0.024333712298246324,1,0.004656585457511131,0.06954000594004328,0.012514653838223921,0.05860699552125337,0.21606387142385564,0.1949230487530047,0.004656585457511131,0.04535092416051856,0.03354495271949205,151.7849998474121,148.25499979654947,0.023421263590291064,0.04778925871683182,1.0,-0.06795980094083687,0.49385019067184616,0,5.0,False,0.0,0.0
386.9935252639614,391.9187316894531,378.29339285307435,391.9187316894531,102159600,MSFT,2024-01-19,0.013193724876664259,1,0.026256892480225336,0.08407897006026244,0.06431208567209756,0.05627541805989811,0.21124049980580373,0.1645140923021009,0.026256892480225336,0.033299713488859184,0.02851006790439809,376.2510986328125,368.09791564941406,0.041641428061133245,0.06471325978038567,1.0,0.0983890463863144,0.4829988031507178,0,6.0,False,0.0,0.0
140.83598692471,145.24951781414885,137.76139297479475,145.1800994873047,103657400,GOOGL,2024-01-19,0.03969111220814758,1,0.026148081616242047,0.07846482838231017,0.034560849037011065,0.07089042221422837,0.1981666061466698,0.219630120131578,0.026148081616242047,0.03616367858280587,0.03355903122524981,139.9557647705078,135.47034072875977,0.03732847107343851,0.07167442486902664,1.0,0.08343839879967985,0.4793117098363471,0,7.0,False,0.0,0.0
180.1211286782067,189.80154302609114,178.2819487070673,189.41590881347656,259829200,AAPL,2024-01-19,0.004489525608324607,1,0.030335549012141083,0.057291125024284684,-0.010537187151226757,0.008369666738854198,0.14024708431706157,0.0006844782012516148,0.030335549012141083,0.04120939544649545,0.03111750694499958,185.69552612304688,187.19667053222656,0.02003485365589519,0.011855116199131155,0.7967625026418166,0.12090754835392747,0.4722184262134781,0,8.0,False,0.0,0.0
215.10000610351562,223.49000549316406,207.55999755859375,212.19000244140625,429375100,TSLA,2024-01-19,-0.1363872100873258,0,-0.030608967823675948,-0.10653081168287759,-0.1597766370374819,-0.09878952987181,0.02358899815562232,-0.18394734479336783,-0.030608967823675948,0.02661729292084381,0.04683467368005792,229.26250076293945,234.17666625976562,-0.07446703348659012,-0.09388921692979513,0.07288714479653549,-0.02445047464236394,0.4696579750828665,0,9.0,False,0.0,-0.0
370.74062077604117,381.3672432896038,355.81766511480436,380.46435546875,66056800,META,2024-01-19,0.02787835395942717,1,0.023925937971737143,0.08950143757264328,0.0850619658376297,0.13369605624314795,0.29225232546327873,0.30309944369495345,0.023925937971737143,0.031352196494584844,0.030531446169248425,363.11299896240234,341.18671162923175,0.04778500509739181,0.11512067293582451,1.0,0.006772342748975202,0.4531388149890586,0,10.0,False,0.0,0.0
151.5589175961533,153.03708653019396,146.79699962155422,149.2200469970703,34292700,JNJ,2024-01-26,-0.018119116070346664,0,-0.013483379560766284,-0.017796557737898455,0.01760862179392131,0.00707143531662302,0.06235813820399683,-0.07184431280374293,-0.013483379560766284,0.017942244472559713,0.02053661662237885,150.78709411621094,145.9487737019857,-0.010392448560172629,0.022413845708387115,0.5621867551394993,0.17980351917760862,0.594012437345128,1,1.0,True,0.5,-0.009059558035173332
267.16356052284175,267.7719624234883,260.6473934075871,262.9437561035156,32370400,V,2024-01-26,0.034485275948942906,1,-0.010926352871274192,0.014271135806163349,0.029153128097725967,0.044804094556133434,0.10225964646905283,0.1411044017289249,-0.010926352871274192,0.016914690797130642,0.010583362719857072,260.7209701538086,253.58244196573892,0.008525535741891854,0.03691625518395125,0.9297208674377831,0.2801872997260306,0.5819726334121641,1,2.0,True,0.5,0.017242637974471453
162.47044192364703,164.9485789616812,160.54511188027425,164.20513916015625,47481900,JPM,2024-01-26,0.014220802077955286,1,0.011567270385133277,0.019106709550911427,0.01906144833674217,0.1052179471484429,0.21218430553130618,0.1128760695741704,0.011567270385133277,0.016394977483306428,0.016566360962931934,162.96368408203125,154.64534759521484,0.007617986087624873,0.06181751804111313,1.0,-0.061352158255070455,0.5722891974861273,1,3.0,False,0.0,0.0
212.25999450683594,217.8000030517578,180.05999755859375,183.25,653348300,TSLA,2024-01-26,0.025429760775494525,1,-0.1363872100873258,-0.16282150618587787,-0.26251608519449765,-0.23271783865065354,-0.16689400615276861,-0.3122279000117516,-0.1363872100873258,0.04715047155493562,0.05792871678788732,212.9550018310547,231.11749903361002,-0.13948957092175185,-0.20711326158236476,0.0,0.30279044341351335,0.552425066750819,1,4.0,False,0.0,0.0
368.04998779296875,385.7300109863281,366.5299987792969,385.3999938964844,18715300,BRK.B,2024-01-26,0.013881697426680883,1,0.05016486594185299,0.05989769284353463,0.08058091723007599,0.07934014616506868,0.09547766286060777,0.1017409353256955,0.05016486594185299,0.023768640030434444,0.018296330711345284,370.3999938964844,361.12916310628253,0.040496760926491904,0.06720817167307747,1.0,0.1950277680668029,0.5143564645772035,1,5.0,False,0.0,0.0
156.88999938964844,160.72000122070312,153.89999389648438,159.1199951171875,224906800,AMZN,2024-01-26,0.07975114901216784,1,0.024333712298246324,0.02910360976657267,0.047255446626375486,0.082228092486341,0.14805186226576494,0.2035397249586388,0.024333712298246324,0.045156167853431115,0.026096129634019055,153.57999801635742,149.96499888102213,0.036072386849751226,0.061047553125570975,1.0,0.10620854917437716,0.5047926707513957,1,6.0,False,0.0,0.0
393.2457965997971,400.1174154899957,386.9246935015416,397.089599609375,111234300,MSFT,2024-01-26,0.018047650784301483,1,0.013193724876664259,0.03979704357238978,0.07416764347674554,0.07855597957679983,0.14725011301159063,0.19870782565853773,0.013193724876664259,0.03247725359979922,0.02306220979075804,383.1055221557617,372.34513600667316,0.036501894764982445,0.06645571865952449,1.0,0.052776136608583935,0.4979128434916125,0,7.0,False,0.0,0.0
190.14763349819026,194.18200660712424,189.7916731135176,190.26629638671875,255536900,AAPL,2024-01-26,-0.03414403961347601,0,0.004489525608324607,0.034961266844598216,-0.0005713177337729469,0.006170263842182777,0.09070777920861728,-0.014789972030930243,0.004489525608324607,0.04122759080286438,0.028652761696282922,185.6683349609375,188.5152816772461,0.024764381210983677,0.009288449689031308,0.8258451856316485,-0.006676656773739631,0.47249213969004034,0,8.0,False,0.0,-0.0
145.89419084442545,151.7954113890045,144.30731652950118,150.9424591064453,134334600,GOOGL,2024-01-26,-0.0644586902867067,0,0.03969111220814758,0.06687704026584762,0.0894837604977532,0.15417863568373336,0.17885347091002357,0.1479106738014182,0.03969111220814758,0.035143354619469304,0.03198910485704694,143.05514526367188,137.37873331705728,0.05513477916670495,0.09873235443279427,1.0,0.20521374137059767,0.4500499975580417,0,9.0,False,0.0,-0.0
384.92934534950246,393.7004353737154,378.1922053524054,391.0710754394531,77139900,META,2024-01-26,0.20513012601156944,1,0.02787835395942717,0.052471307698751746,0.11351559850406456,0.21341048512682614,0.2528290438991121,0.21094990354162646,0.02787835395942717,0.028572345308844463,0.02818975837886254,373.0797805786133,347.76343536376953,0.04822371995860242,0.12453189631734185,1.0,0.06511037555406962,0.4465525031078363,0,10.0,False,0.0,0.0
148.76161774358326,150.26785183025905,145.88949560476627,146.5163116455078,38248400,JNJ,2024-02-02,0.0009578120103606036,1,-0.018119116070346664,-0.031358188711830826,-0.028052096388927583,0.014182039793743328,0.07208238318412308,-0.05933333222306614,-0.018119116070346664,0.011433640331816883,0.019393445761746855,149.72991561889648,146.76970291137695,-0.02146267137135216,-0.001726454853030135,0.4542801046961,0.23093063858203733,0.5827898935070401,1,1.0,True,0.5,0.0004789060051803018
164.16700911633845,169.94296936922615,163.27106517505794,166.54026794433594,47277500,JPM,2024-02-02,0.0016026558716144557,1,0.014220802077955286,0.025952568325817715,0.014279709644045235,0.1090549728101049,0.2006242719119442,0.135140765412058,0.014220802077955286,0.015144100290673888,0.016392805882774555,163.5498504638672,156.96442031860352,0.018284440321939766,0.061006485458905635,1.0,-0.089727606605985,0.5662920292338538,1,2.0,True,0.5,0.0008013279358072278
391.9144445908541,482.176118971358,384.0858657420948,471.2915344238281,171972600,META,2024-02-02,-0.01448448681339154,0,0.20513012601156944,0.2387271702316891,0.3495950327277175,0.4274682675316914,0.4447485193538332,0.5286260531817173,0.20513012601156944,0.08519173511771475,0.060654851708529384,403.6002655029297,359.8535563151042,0.16771859363508534,0.30967591163985553,1.0,0.7147703137931378,0.5542057518324807,1,3.0,False,0.0,-0.0
261.9918138490524,274.76903780705686,261.7366524833443,272.0114440917969,31176500,V,2024-02-02,-0.0008462662023851486,0,0.034485275948942906,0.023182124783787117,0.06734959156827847,0.0838351983414043,0.13019378182813202,0.16445222144874583,0.034485275948942906,0.01963657280460198,0.013031896630119093,265.0119400024414,256.193660736084,0.02641203294195349,0.06174150956844904,1.0,0.08337785654404328,0.5530178531032903,1,4.0,False,0.0,-0.0
399.18350198201716,408.2867065664151,390.48337755581736,404.2561340332031,164773300,MSFT,2024-02-02,0.022688503106253588,1,0.018047650784301483,0.03147949140008399,0.11820522467528649,0.09884295472216209,0.11465520462143841,0.259768756640415,0.018047650784301483,0.019354366032391282,0.020260970417745106,393.78897857666016,375.8103383382161,0.026580620652147724,0.0756918924071397,1.0,0.32572340268896727,0.517281858455116,1,5.0,False,0.0,0.0
385.489990234375,392.07000732421875,379.1700134277344,390.75,17498600,BRK.B,2024-02-02,0.01947533039427385,1,0.013881697426680883,0.06474293685898869,0.06882027384265643,0.10668974413825749,0.1146451469685692,0.11646050145128317,0.013881697426680883,0.023598470344292674,0.018004587909353692,376.6899948120117,364.4783299763997,0.03732513573928342,0.07208019753959416,1.0,0.094077907705582,0.5002614162442233,1,6.0,False,0.0,0.0
159.33999633789062,172.5,154.80999755859375,171.80999755859375,334522900,AMZN,2024-02-02,0.015365807736235526,1,0.07975114901216784,0.10602550282593093,0.18293852286228574,0.16544566336038868,0.19678183672627747,0.23099511745014145,0.07975114901216784,0.03480741625407884,0.03214295650194593,160.22249603271484,152.3191655476888,0.07232131450200918,0.12796046998302812,1.0,0.40878751600701557,0.4933456426514009,0,7.0,False,0.0,0.0
150.81352174869434,152.51942366682596,135.38109981806912,141.21290588378906,238992200,GOOGL,2024-02-02,0.046495072844874086,1,-0.0644586902867067,-0.027326015187519093,0.048994682102729836,0.0547450213615257,0.07383698290174223,0.11138886905713696,-0.0644586902867067,0.05268731244712002,0.038840079971772634,144.70402908325195,138.18788274129233,-0.024125957111079233,0.021890654104311125,0.6732189168710427,0.6278398303177013,0.47292522186651087,0,8.0,False,0.0,0.0
189.86087972294905,190.04875551955823,177.24370243482153,183.76983642578125,325909900,AAPL,2024-02-02,0.017438643455329528,1,-0.03414403961347601,-0.0298078045453678,0.02577559782200889,-0.050380634973000604,-0.0029506964958389004,0.023936057154886115,-0.03414403961347601,0.029498743265304214,0.0264494315750513,186.82277297973633,188.46996053059897,-0.016341351245686808,-0.024938319568728495,0.6036706248255096,0.20745226234817693,0.4719313085592164,0,9.0,False,0.0,0.0
185.6300048828125,196.36000061035156,182.0,187.91000366210938,540672800,TSLA,2024-02-02,0.03012082141346184,1,0.025429760775494525,-0.11442574343718903,-0.2087666877942862,-0.22937169256793588,-0.12457484740144198,-0.25978884735554897,0.025429760775494525,0.06887555080743182,0.05886181280006591,200.56000137329102,228.88916651407877,-0.06307338265139373,-0.17903496035251976,0.051130161434413,0.01734713999491211,0.4515332391333024,0,10.0,False,0.0,0.0
165.71108842584943,167.62686829007302,164.81514440685976,166.8071746826172,34167500,JPM,2024-02-09,0.022969984563489865,1,0.0016026558716144557,0.015846249001519208,0.03525572822957401,0.0657216159417866,0.15226529388265764,0.14851720132196555,0.0016026558716144557,0.005496263940644072,0.014167679670261106,164.97000885009766,158.80130513509116,0.011136362574781122,0.05041438129690112,1.0,-0.23961882464999207,0.6006714485021333,1,1.0,True,0.5,0.011484992281744932
146.51632203060015,149.09843188117594,145.30009462194258,146.65664672851562,43326000,JNJ,2024-02-09,0.0062428664622542485,1,0.0009578120103606036,-0.01717865876697533,-0.03466949551226761,0.010311892192640615,0.05491240024129107,-0.08448314817799452,0.0009578120103606036,0.008633124456087422,0.01910149245309935,148.41313552856445,147.4058748881022,-0.01183513031911354,-0.00508275643800038,0.4840915894692239,0.23521940497012883,0.5885762073702931,1,2.0,True,0.5,0.0031214332311271242
466.22136407769085,469.9024601255168,449.4727736721461,464.4651184082031,122781800,META,2024-02-09,0.011129863985193333,1,-0.01448448681339154,0.18767443459293398,0.24999326529640098,0.39767702071207034,0.39717661794533177,0.5518828605045345,-0.01448448681339154,0.09822139924159175,0.06209475006204535,426.8230209350586,370.8563817342122,0.08819134776442117,0.2524123657688033,0.9641181428209818,0.12142017681882744,0.554614420091507,1,3.0,False,0.0,0.0
272.2273847948897,274.95693588343585,268.92019934960246,271.78125,24536700,V,2024-02-09,0.00770537793204551,1,-0.0008462662023851486,0.03360982602304219,0.04836061222080179,0.07330715304657232,0.10973503861761613,0.15620342661334163,-0.0008462662023851486,0.02143067434430179,0.013184801142556178,268.146240234375,258.43322881062824,0.013556072098746652,0.051649786874553794,0.9951532589883657,-0.13389310754106754,0.5513939618515497,1,4.0,False,0.0,0.0
402.95845347789543,413.69354741786265,396.0868734804641,413.4281005859375,109333500,MSFT,2024-02-09,-0.03743368008118575,0,0.022688503106253588,0.04114562807143529,0.08258014599699748,0.13438343871314506,0.13708257228947862,0.3155219351377334,0.022688503106253588,0.005671715792753008,0.02048521132681749,401.6731414794922,379.96378835042316,0.02926498660863408,0.08807237231946896,1.0,-0.10290590351972828,0.5050420897369006,1,5.0,False,0.0,-0.0
389.95001220703125,399.1499938964844,389.2900085449219,398.3599853515625,15519600,BRK.B,2024-02-09,0.01915354243242784,1,0.01947533039427385,0.033627378464772484,0.09553927369472359,0.11741931374912351,0.10985427097310896,0.11165056108995652,0.01947533039427385,0.018456355740070284,0.017721782607586018,385.37499237060547,367.76416269938153,0.033694435907947184,0.0831941384054613,1.0,-0.03607663139850126,0.4945328480258196,0,6.0,False,0.0,0.0
186.04407104136263,188.91163664571195,183.75992879401906,186.9745330810547,252715800,AAPL,2024-02-09,-0.03463066211843857,0,0.017438643455329528,-0.0173008218910905,0.017055586302742398,-0.042916501601496626,-0.0031580532432157193,0.06496491591570086,0.017438643455329528,0.027858226874959105,0.026436717882259833,187.6066436767578,188.42059834798178,-0.003369340143370647,-0.0076746665683358195,0.7132690947896853,-0.07598649276895864,0.46522260493384004,0,7.0,False,0.0,-0.0
141.64927668377285,148.21500586230158,141.60959609870966,147.7786102294922,142235800,GOOGL,2024-02-09,-0.05691278277890377,0,0.046495072844874086,-0.02096062894219819,0.044514626497884624,0.12367997042757839,0.10117503313819953,0.15004625801677962,0.046495072844874086,0.051648825121734784,0.040377145347362656,146.2785186767578,139.31936391194662,0.010255036531024997,0.060718381709609526,0.8937375705536438,-0.08119375989147637,0.4629512984189683,0,8.0,False,0.0,-0.0
170.1999969482422,175.0,167.64999389648438,174.4499969482422,244063400,AMZN,2024-02-09,-0.02831758399440909,0,0.015365807736235526,0.09634239757086815,0.12824991888031945,0.16323261671187894,0.20161183185776355,0.2603857548773332,0.015365807736235526,0.03346398314279971,0.032115355469387194,165.17999649047852,154.7583325703939,0.05612059967744343,0.12724138371606775,1.0,0.007139652435195432,0.447139008993098,0,9.0,False,0.0,-0.0
184.25999450683594,194.1199951171875,175.00999450683594,193.57000732421875,536015900,TSLA,2024-02-09,0.032959597988428735,1,0.03012082141346184,0.0563165474718621,-0.11567450379657274,-0.23641022751787477,-0.17383694066167654,-0.2022665889421097,0.03012082141346184,0.07743230678232291,0.05149743632741764,194.2300033569336,225.49500020345053,-0.0033980127751013223,-0.14157738686191612,0.11323245189313424,-0.007107721587741422,0.4317722976561985,0,10.0,False,0.0,0.0
271.78129796762454,276.3924212880174,268.172995845084,273.87542724609375,24853900,V,2024-02-16,0.018093009521580994,1,0.00770537793204551,0.006852590928739799,0.03019357333052941,0.07990322403640393,0.09744165681547168,0.17426036356556396,0.00770537793204551,0.01947129724764407,0.012787588920525136,270.15296936035156,260.4596748352051,0.013779074479751019,0.05150798264405787,1.0,-0.11972905368013287,0.6075544682672708,1,1.0,True,0.5,0.009046504760790497
146.48824056561887,148.26580274326486,144.86040516339827,147.57220458984375,40424800,JNJ,2024-02-16,0.03379114186605059,1,0.0062428664622542485,0.007206657965091567,-0.024377518487190275,0.014657161987522427,0.034351386289541486,-0.07150429907123468,0.0062428664622542485,0.011563340159082057,0.017877397018391198,147.49130249023438,147.8142878214518,0.0005485211551015112,-0.0016377525824869954,0.6489973639353556,0.0345974423498594,0.5691352670380048,1,2.0,True,0.5,0.016895570933025295
464.5444992074422,484.8153956241021,451.54648973334866,469.6345520019531,104693900,META,2024-02-16,0.023712415081306615,1,0.011129863985193333,-0.0035158331963266454,0.2343720121253967,0.33937012205173356,0.3994026820834815,0.671032558834487,0.011129863985193333,0.10000670297942442,0.06204856304344392,449.1155700683594,382.02622477213544,0.04568753189846109,0.22932542728466565,0.9911869446798012,-0.1213051435180309,0.5413401734607929,1,3.0,False,0.0,0.0
166.58794275909298,171.7634518732101,164.52916900282452,170.63873291015625,40869600,JPM,2024-02-16,0.027705048207186334,1,0.022969984563489865,0.02460945341573595,0.05120070026278656,0.0760688612172753,0.1732054215762755,0.21811841922955266,0.022969984563489865,0.008797183293330823,0.01429691211195354,167.0478286743164,160.90065002441406,0.021496264060042458,0.06052233402577678,1.0,-0.0372098364807284,0.5366681040689592,1,4.0,False,0.0,0.0
398.6499938964844,406.739990234375,392.1000061035156,405.989990234375,15553800,BRK.B,2024-02-16,0.027660807548100186,1,0.01915354243242784,0.03900189439379398,0.10626992843890104,0.1389176896908424,0.11941656124745448,0.15154865284142582,0.01915354243242784,0.0165307862347446,0.017968941347627092,395.12499237060547,371.37332916259766,0.027497622457601345,0.0932125663138863,1.0,-0.07537975219692272,0.4949569809901601,0,5.0,False,0.0,0.0
413.43795646301396,413.6149010238027,396.55874317637694,397.95196533203125,113551000,MSFT,2024-02-16,0.015542224018392448,1,-0.03743368008118575,-0.015594491141732614,0.015394093608566584,0.08069620554766255,0.07253582072193998,0.28168852254866716,-0.03743368008118575,0.02797504548583714,0.024469930353338668,403.1814498901367,382.20658620198566,-0.012970548519854908,0.04119599111702543,0.8506942665670357,-0.08957467957500231,0.48401597332591445,0,6.0,False,0.0,0.0
174.8000030517578,175.38999938964844,165.75,169.50999450683594,248173900,AMZN,2024-02-16,0.0323285420560091,1,-0.02831758399440909,-0.013386898809386372,0.09121925133899955,0.10487548253111312,0.15517233311492973,0.2724064926708103,-0.02831758399440909,0.04439992168107757,0.03456965338508272,168.72249603271484,156.65583165486655,0.00466741835047535,0.08205352278419364,0.8997564414818613,-0.05607421360563758,0.45228362931372024,0,7.0,False,0.0,0.0
186.54880424779185,186.796321504533,179.5490203671251,180.49948120117188,268128900,AAPL,2024-02-16,0.0011520630195718251,1,-0.03463066211843857,-0.017795930432414342,-0.04707327736174982,-0.05711444457959414,-0.0390975982667191,0.047527710188711936,-0.03463066211843857,0.026712736786524287,0.028253499519880022,185.37753677368164,187.80857849121094,-0.026314167603085248,-0.038917803162974884,0.4918266759554244,-0.027012727577051976,0.44931257388181545,0,8.0,False,0.0,0.0
147.20338267503428,148.1158395150447,138.9912284210113,139.3681182861328,141165600,GOOGL,2024-02-16,0.024480411893235354,1,-0.05691278277890377,-0.013063873915139301,-0.04003290548564542,-0.006855627651636831,0.02801956715624332,0.10246350370470059,-0.05691278277890377,0.06006014391467374,0.044594913558967664,144.82552337646484,139.63591384887695,-0.03768261949342899,-0.001917812941976904,0.6112590636784831,-0.1401885894347159,0.44739031439786897,0,9.0,False,0.0,0.0
192.11000061035156,203.1699981689453,182.11000061035156,199.9499969482422,495639600,TSLA,2024-02-16,-0.039909956735856844,0,0.032959597988428735,0.06407318956675945,-0.057684176220997974,-0.20824422957161137,-0.15077511344289285,-0.07211475311515014,0.032959597988428735,0.08300339409211804,0.05307114214687545,191.17000198364258,222.5366668701172,0.045927681505965934,-0.10149639715354253,0.18323452122166728,-0.10923338997228982,0.43393130219902126,0,10.0,False,0.0,-0.0
466.0625897590752,491.0311497339842,458.68053638482485,480.7707214355469,70937400,META,2024-02-23,0.03774558609156653,1,0.023712415081306615,0.035106195021115116,0.2293691649153462,0.3689217414531538,0.4917294347998915,0.6971752304705852,0.023712415081306615,0.10043757785519028,0.0581569576528697,471.5404815673828,395.2328821818034,0.019574649958966628,0.21642389363341707,1.0,-0.3967724784150538,0.5967229238296596,1,1.0,True,0.5,0.018872793045783265
269.95253323914613,281.1411436217094,268.74320748318627,278.8306579589844,21135200,V,2024-02-23,-0.0015514315143405621,0,0.018093009521580994,0.025937800929918264,0.06041939192963541,0.09133393429987269,0.10793052263480818,0.17382050395259463,0.018093009521580994,0.015203938304494293,0.013127037052389417,274.12469482421875,262.7232297261556,0.017167235289703875,0.061309493833560325,1.0,-0.1687424964823805,0.5840105750183706,1,2.0,True,0.5,-0.0007757157571702811
138.51515719528518,143.8114034168082,138.3465525663512,142.7799072265625,95053700,GOOGL,2024-02-23,-0.047374093000231654,0,0.024480411893235354,-0.03382561925008609,-0.05407724193844321,0.030567483593311184,0.09176383836168167,0.10840752647196883,0.024480411893235354,0.05633273486630565,0.04321545015540297,142.78488540649414,140.63597997029623,-3.4864894260078216e-05,0.015244514644965568,0.7258489178934573,-0.38421497672756844,0.5705478886961562,1,3.0,False,0.0,-0.0
147.58164747469402,152.94532876826761,147.46853379712883,152.558837890625,31765200,JNJ,2024-02-23,0.0017301294166409686,1,0.03379114186605059,0.04024496191458171,0.022374948679785955,0.040377562482667884,0.029604606998710814,-0.011280373688522638,0.03379114186605059,0.02144173711214095,0.017048476439616354,148.32600021362305,148.17983627319336,0.02853739513575304,0.02955193991008498,1.0,-0.17366568594551146,0.5677585250533856,1,4.0,False,0.0,0.0
397.1443207958614,409.5735691126935,391.2153895315718,404.13702392578125,86132600,MSFT,2024-02-23,0.012574869200246974,1,0.015542224018392448,-0.02247325870444783,0.01774769302278112,0.09323164106817505,0.09769786001021386,0.2754138210998438,0.015542224018392448,0.02825211699936908,0.024192314674083077,404.9433059692383,385.2040201822917,-0.001991098584843032,0.049150587095456055,0.9103645068767161,-0.27282106180285626,0.5129922164413879,1,5.0,False,0.0,0.0
170.79125525671367,176.5195656852943,170.04781550672885,175.3662872314453,33094300,JPM,2024-02-23,0.007065464001172916,1,0.027705048207186334,0.05131141730032596,0.06797075979700695,0.08832782926002869,0.1803404507574109,0.2682118891061034,0.027705048207186334,0.011467014833498277,0.014719144482293119,169.83811569213867,163.1334546407064,0.03254965186570624,0.0749866581179266,1.0,-0.14820065002712202,0.4970820243062123,0,6.0,False,0.0,0.0
406.4700012207031,420.55999755859375,406.05999755859375,417.2200012207031,13951500,BRK.B,2024-02-23,-0.024231858107379156,0,0.027660807548100186,0.04734415243161583,0.08256359062830021,0.16979755772101313,0.168454344141731,0.17219680781650593,0.027660807548100186,0.00568934749301624,0.016774733662035586,403.07999420166016,376.3858286539714,0.035079902804525664,0.10849019664943982,1.0,-0.10743960270938124,0.48698986200181604,0,7.0,False,0.0,-0.0
167.8300018310547,175.75,165.74000549316406,174.99000549316406,201508000,AMZN,2024-02-23,0.018458172616408364,1,0.0323285420560091,0.0030954918565122558,0.09973611653449788,0.15170463789249156,0.19016531963546623,0.31314732632821385,0.0323285420560091,0.04467209470967567,0.03482870724612921,172.68999862670898,158.98583221435547,0.013318703368727425,0.10066414759040088,1.0,-0.21612668757042175,0.4806646737834789,0,8.0,False,0.0,0.0
196.1300048828125,199.44000244140625,189.1300048828125,191.97000122070312,379627500,TSLA,2024-02-23,0.05558159140020158,1,-0.039909956735856844,-0.008265774877177723,0.04758527269142232,-0.22742271200294029,-0.1962065077715811,-0.1953979455666882,-0.039909956735856844,0.034845281518429014,0.052917895469361965,193.35000228881836,218.63166681925455,-0.007137321188410706,-0.12194786778345768,0.09567697848568012,-0.2220571797783536,0.46277215342471445,0,9.0,False,0.0,0.0
179.98465441119404,183.2023913936763,178.2124373755958,180.70742797851562,192448900,AAPL,2024-02-23,-0.0156696340287239,0,0.0011520630195718251,-0.03351849580403676,-0.050239420169164384,-0.050782035231260236,-0.04437914680470356,0.024543255499131833,0.0011520630195718251,0.026082710682635877,0.02812688415952586,182.98781967163086,187.1092389424642,-0.012461986252458535,-0.03421429641920104,0.49893831586472853,-0.25924460416078277,0.4625200986897248,0,10.0,False,0.0,-0.0
152.52113398020288,153.2469894606807,150.48501826780543,152.82278442382812,32134300,JNJ,2024-03-01,-0.016037412007954943,0,0.0017301294166409686,0.03557973433125583,0.0430428032721617,0.013783266016993645,0.05783527781474507,0.026041055189719442,0.0017301294166409686,0.015582406256190343,0.014703725747971519,149.90261840820312,148.8761126200358,0.01948042033310604,0.026509772013359134,1.0,-0.1294484332236372,0.591653012596181,1,1.0,True,0.5,-0.008018706003977472
278.2801107701653,281.31812953866523,276.8053354615513,278.3980712890625,22950300,V,2024-03-01,-0.011018412838167624,0,-0.0015514315143405621,0.016513507942079286,0.023479259185544832,0.09241016927029544,0.10928284587767867,0.14583030182374146,-0.0015514315143405621,0.009182499275106601,0.013035115671132656,275.72135162353516,265.0088005065918,0.009708060872928304,0.05052387225207511,0.9920354228431939,-0.01791794908003219,0.5885935511288053,1,2.0,True,0.5,-0.005509206419083812
480.21451660164433,500.8545756713837,476.68842180532044,498.9176940917969,69632100,META,2024-03-01,0.007266583825400907,1,0.03774558609156653,0.06235304017776344,0.05861798409288799,0.4287055728879916,0.5111435797309665,0.6965817611391092,0.03774558609156653,0.022186193042777174,0.058057767956470475,478.447021484375,409.29610443115234,0.04278566212809087,0.21896516651484466,1.0,-0.2432222998696899,0.5657308889522905,1,3.0,False,0.0,0.0
422.0,430.0,401.7099914550781,407.1099853515625,24236100,BRK.B,2024-03-01,-0.009727080144345868,0,-0.024231858107379156,0.002758676677079963,0.041868164687300036,0.1135698170890258,0.15302481260358403,0.12318599279671982,-0.024231858107379156,0.023496345813456464,0.018799737975925802,407.1699905395508,380.8883285522461,-0.0001473713421481504,0.068843424262919,0.8817680421642888,0.39969679906440847,0.5392595302333004,1,4.0,False,0.0,-0.0
175.1375279912981,177.70143890302512,173.69829938040482,176.60533142089844,34948900,JPM,2024-03-01,0.015813192440612855,1,0.007065464001172916,0.03496626122911772,0.06043621522169418,0.07557893647109037,0.17608205783954656,0.2791731201836243,0.007065464001172916,0.012480340980755905,0.014830662492942097,172.3543815612793,165.3368886311849,0.024664008080976796,0.06815443838942636,1.0,-0.022957038809675367,0.5235067206721984,1,5.0,False,0.0,0.0
405.24005905629645,409.583396137478,397.74512033420825,409.218994140625,93983100,MSFT,2024-03-01,-0.02233444460287526,0,0.012574869200246974,0.02831253465275152,0.012276523940176531,0.13193289788604323,0.1123329265623032,0.2691329345842228,0.012574869200246974,0.027513842603660875,0.02405645837555251,406.18402099609375,388.6478907267253,0.007471916637903586,0.05292992424436993,0.9593927221102453,-0.06716572349095606,0.5010681934855267,1,6.0,False,0.0,-0.0
180.43019254491847,182.09351248592515,175.61845249589473,177.8758087158203,354385900,AAPL,2024-03-01,-0.0497050381182762,0,-0.0156696340287239,-0.014535623415046883,-0.03207287890437527,-0.00712397870999959,-0.08083766187276131,-0.04926507121090673,-0.0156696340287239,0.022352324299894602,0.026982172911332536,181.51431274414062,185.80560048421225,-0.02004527341846085,-0.0426778942492948,0.40209884177540517,0.32768644523005275,0.500019206076638,1,7.0,False,0.0,-0.0
175.6999969482422,178.72999572753906,172.27000427246094,178.22000122070312,189477400,AMZN,2024-03-01,-0.016103664558016484,0,0.018458172616408364,0.051383440482124065,0.03730867675452543,0.22707239383223055,0.20892689888966487,0.29032730611880564,0.018458172616408364,0.02624221622544634,0.03461091475593283,174.29249954223633,161.5524991353353,0.02253396840817601,0.10317080933180223,1.0,-0.14188165680071407,0.49206056725588243,0,8.0,False,0.0,-0.0
140.97486857968562,141.2724124869367,134.30000463233606,136.01583862304688,197353700,GOOGL,2024-03-01,-0.012614744511233789,0,-0.047374093000231654,-0.02405341841671038,-0.03680306150642565,0.010388466297389654,0.015927175466761145,0.0109097177449764,-0.047374093000231654,0.05153328925162146,0.045696013171865994,141.4856185913086,140.81367874145508,-0.03865961800726592,-0.03407225889764165,0.49866791440520464,0.3709668903983405,0.4495110121904199,0,9.0,False,0.0,-0.0
192.2899932861328,205.60000610351562,192.0,202.63999938964844,488348800,TSLA,2024-03-01,-0.13472168937023987,0,0.05558159140020158,0.013453375756252495,0.07838856601815536,-0.14674304306468489,-0.16896324461533818,-0.17293170102089594,0.05558159140020158,0.04133297886879435,0.05600936142364492,197.03250122070312,215.19833374023438,0.028459762395566246,-0.05835702411034971,0.21274957508448084,0.028302010947595102,0.4203267188876851,0,10.0,False,0.0,-0.0
278.054034393278,278.2408415989414,271.51578482680645,275.33056640625,26280700,V,2024-03-08,0.010712775126490381,1,-0.011018412838167624,-0.012552750039592997,0.013059460158675318,0.06205163586802409,0.08732396504980522,0.1369625438835489,-0.011018412838167624,0.012473887601641209,0.014228167418784144,276.60868072509766,266.8514709472656,-0.004620658742513939,0.03177458767188135,0.9355580022087303,0.10399800042217988,0.5768165323940175,1,1.0,True,0.5,0.005356387563245191
499.6130279349868,520.0444695551262,484.6047699531748,502.5431213378906,76590800,META,2024-03-08,-0.04318604597356479,0,0.007266583825400907,0.045286451382340775,0.08198248139749853,0.35247081491556154,0.5122620510623088,0.7002473966359386,0.007266583825400907,0.01377802302692226,0.05802331376514559,487.9665222167969,423.4820149739583,0.02987212945444151,0.1866929493305498,1.0,-0.048130488898389445,0.5764909994242222,1,2.0,True,0.5,-0.021593022986782395
152.06867395003687,152.34203678461694,149.16529414909374,150.3719024658203,33077500,JNJ,2024-03-08,-0.008400396437340585,0,-0.016037412007954943,-0.014335029389595744,0.025333019813157165,-0.01021475871583477,0.03590614337502518,0.009082773316185566,-0.016037412007954943,0.02061989716836411,0.015885982839258156,150.8314323425293,149.3104565938314,-0.0030466453150522765,0.007108985507132681,0.8614461884568538,-0.037057738690468356,0.5609117655023834,1,3.0,False,0.0,-0.0
405.0,407.44000244140625,398.7799987792969,403.1499938964844,20322100,BRK.B,2024-03-08,0.01235274975002687,1,-0.009727080144345868,-0.033723233025868105,0.012024321520884174,0.10871239016038481,0.13085552285128865,0.11014732389449522,-0.009727080144345868,0.024306803538071863,0.019832893125943184,408.36749267578125,384.7758280436198,-0.01277647920775915,0.047752910951520455,0.835457774326265,0.09755007527324522,0.5279998520456315,1,4.0,False,0.0,0.0
176.05253948496141,181.57112673493907,175.6331602181459,179.3980255126953,35044800,JPM,2024-03-08,0.01105075100180497,1,0.015813192440612855,0.022990383983718443,0.07548147047052778,0.11339835290937939,0.1461638506252998,0.3264132945612901,0.015813192440612855,0.00899317193827878,0.01185548983664713,175.50209426879883,167.24335734049478,0.022198773525343052,0.07267653774406457,1.0,-0.026246617059467514,0.5273212014022455,1,5.0,False,0.0,0.0
198.72999572753906,199.75,173.6999969482422,175.33999633789062,549590200,TSLA,2024-03-08,-0.06712666396428113,0,-0.13472168937023987,-0.08662814386135986,-0.09417787000335176,-0.19895839541866867,-0.3083234858465853,-0.29440645336864935,-0.13472168937023987,0.08576225850398232,0.06306072833838595,192.4749984741211,208.68500010172525,-0.08902456044718099,-0.15978629871615269,0.0,0.14904546875530023,0.5270760127846251,1,6.0,False,0.0,-0.0
407.19012810158426,411.0410251668183,392.3676988449284,400.0793151855469,103580000,MSFT,2024-03-08,0.02510946201387232,1,-0.02233444460287526,-0.010040428122169653,-0.03228804568792454,0.04762574878220627,0.09775641441635008,0.21996365736753498,-0.02233444460287526,0.02613649386569413,0.025228718107789334,402.8468246459961,391.6168492635091,-0.006869880289812835,0.02160904449834744,0.8712178355935787,0.0429790857922796,0.5078648886969597,1,7.0,False,0.0,0.0
174.40067502541135,175.14322688917085,166.81672553933012,169.03448486328125,393262300,AAPL,2024-03-08,0.011070024094941289,1,-0.0497050381182762,-0.06459581239030299,-0.09594915372777701,-0.08053003649711377,-0.13474785331965322,-0.039325010083413714,-0.0497050381182762,0.022164129758792093,0.029088775053608008,177.02930068969727,183.61192067464194,-0.04516097502090677,-0.07939264377715283,0.09973151315428992,0.3019494697184135,0.4762277819948663,0,8.0,False,0.0,0.0
177.52999877929688,180.13999938964844,173.25999450683594,175.35000610351562,178657200,AMZN,2024-03-08,-0.005303723422862561,0,-0.016103664558016484,0.0020572638382232444,0.0051591239381933995,0.1340707000450796,0.16923387795044453,0.26853802736956367,-0.016103664558016484,0.028501009067227853,0.0358594396329503,174.5175018310547,163.66749954223633,0.004770319674108459,0.07137951391665576,0.9459001894045621,-0.12617463697540954,0.462348652934334,0,9.0,False,0.0,-0.0
134.54797432652032,136.95805806227605,129.59886818360178,134.30003356933594,208621400,GOOGL,2024-03-08,0.042611095147899514,1,-0.012614744511233789,-0.059391225431816075,-0.09120789970364962,-0.05075335879472942,0.02119148038581975,-0.007112274598980561,-0.012614744511233789,0.036997170776438354,0.045516947819244105,138.11597442626953,141.04592514038086,-0.027628526481349613,-0.04782762468558266,0.4410401260516583,0.2994283350960394,0.43186118983574817,0,10.0,False,0.0,0.0
274.75053903258134,284.1792208983303,273.31507005257095,278.2801208496094,33716000,V,2024-03-15,0.0007771955665087926,1,0.010712775126490381,-0.0004236754906633555,0.016082836082836005,0.04676200770399541,0.09727113057390757,0.17879240096519822,0.010712775126490381,0.012910350709856737,0.014149326684208317,277.70985412597656,268.90722401936847,0.0020534623282546516,0.0348555040290246,0.9898637762321847,0.2957450937816457,0.5816197659173538,1,1.0,True,0.5,0.0003885977832543963
178.5020662570391,182.7435139651818,177.49175145743587,181.38050842285156,46791600,JPM,2024-03-15,0.033210781602316386,1,0.01105075100180497,0.027038691094622536,0.06295039425984839,0.11737419879055766,0.14380782028164907,0.2961915784616096,0.01105075100180497,0.008943621558411052,0.011844605583281114,178.18753814697266,169.14373016357422,0.01791915590216675,0.07234544400459586,1.0,0.24877835275781357,0.5533525061568826,1,2.0,True,0.5,0.016605390801158193
150.34358970561848,153.75601857254375,148.09066714842635,149.1087188720703,39053300,JNJ,2024-03-15,-0.018649529793780983,0,-0.008400396437340585,-0.024303087826599734,0.010411949096356565,-0.01421938687241786,0.025221720708390016,-0.0049096744741427,-0.008400396437340585,0.02192326825931966,0.01622891752274832,151.21556091308594,149.61614481608072,-0.01393270658319734,-0.003391518640145197,0.7900356086771998,0.1483706203691384,0.5440975555718292,1,3.0,False,0.0,-0.0
397.6564469569654,421.3528170705886,395.19423897859355,410.1250915527344,134930900,MSFT,2024-03-15,0.02958550645848912,1,0.02510946201387232,0.0022142115226402304,0.030589436115854962,0.04645442636742225,0.11375409308790974,0.2659342027809526,0.02510946201387232,0.020739816267249387,0.025703926976976703,405.8901062011719,395.10755157470703,0.010433822571332962,0.038008739438602834,0.9681342804164481,0.28927211027679567,0.5376717716512348,1,4.0,False,0.0,0.0
403.29998779296875,409.0799865722656,402.5,408.1300048828125,19916500,BRK.B,2024-03-15,0.008502195817970959,1,0.01235274975002687,0.0025055134188594064,0.00527110199737213,0.11210119006832797,0.1449210409998143,0.10947105185350359,0.01235274975002687,0.023024227334999696,0.019553727676817352,408.9024963378906,389.0808283487956,-0.0018891825361706527,0.04895943245227197,0.8936966986344,0.015808492570084987,0.5302335902438782,1,5.0,False,0.0,0.0
175.4499969482422,182.8699951171875,160.50999450683594,163.57000732421875,502780200,TSLA,2024-03-15,0.044384631544618136,1,-0.06712666396428113,-0.1928049357634647,-0.18194543725569812,-0.22913424081143186,-0.3523005794219267,-0.4038776974672602,-0.06712666396428113,0.07889359481242937,0.06346927434140935,183.38000106811523,201.27083460489908,-0.10802701291586425,-0.18731391140046805,0.0,0.04726964146630408,0.5108107159335061,1,6.0,False,0.0,0.0
493.6633271933071,498.9275859285364,472.7947911045604,480.84027099609375,89740800,META,2024-03-15,0.05263378025655219,1,-0.04318604597356479,-0.03623327717131841,0.023860508019209803,0.26382475541940287,0.371328173589639,0.6137114800538923,-0.04318604597356479,0.03531662244056045,0.061953613015409394,490.76795196533203,434.33217366536456,-0.02022886973259319,0.10707955834412064,0.8957213217468624,0.16963803648797615,0.5080312083788762,1,7.0,False,0.0,0.0
174.30999755859375,179.52999877929688,171.47000122070312,174.4199981689453,211721200,AMZN,2024-03-15,0.025513111999530436,1,-0.005303723422862561,-0.021321978597968805,0.0289658652659055,0.12282736114884707,0.13687915689371155,0.24239617442299144,-0.005303723422862561,0.022041703298789295,0.03612137117868181,175.74500274658203,165.41749954223633,-0.007539358484902836,0.054422891481383795,0.9283694093655307,0.08385466539401998,0.4623027998572768,0,8.0,False,0.0,0.0
171.22253935977105,172.64824117092596,168.5988381717502,170.90570068359375,367119800,AAPL,2024-03-15,-0.0019692913051195804,0,0.011070024094941289,-0.03918524999294437,-0.05315129137066921,-0.09772256325159234,-0.10723002946493942,-0.011096788320136719,0.011070024094941289,0.026668968257059465,0.02964683418828676,174.63085556030273,181.90130615234375,-0.021331596095986782,-0.06044819414073421,0.16372583553158568,0.12336307769582855,0.45679690967759345,0,9.0,False,0.0,-0.0
135.01410391751668,142.4129756916645,135.01410391751668,140.022705078125,175577200,GOOGL,2024-03-15,0.06792765193981865,1,0.042611095147899514,0.029458822558031006,0.004696818756268817,-0.03552411403072964,-0.0021910085359082565,0.02751075655420321,0.042611095147899514,0.040024244670083746,0.042845209373246256,138.27962112426758,141.02030309041342,0.012605501372403793,-0.007074144576535324,0.6332443055486868,0.037987839303819326,0.44385154704644025,0,10.0,False,0.0,0.0
279.09613794641734,286.0668601422893,278.13262605208087,278.49639892578125,30597500,V,2024-03-22,-0.01475689174721695,0,0.0007771955665087926,0.01149829661433266,-0.001198788668541173,0.0591481731786887,0.09002565554583941,0.20976832339462703,0.0007771955665087926,0.008923534675138982,0.014297112549783338,277.6262893676758,270.82398478190106,0.003134103618527062,0.028329891645523686,0.993845783873122,0.0779033770900397,0.5843889305401518,1,1.0,True,0.5,-0.007378445873608475
488.5976468076453,511.5719209963109,478.03927158062527,506.1487121582031,52202600,META,2024-03-22,-0.04709769948788345,0,0.05263378025655219,0.007174689429065406,0.05278605703541883,0.2942627157721529,0.4411817225745249,0.7056331258180837,0.05263378025655219,0.04231395203100362,0.06170903048544979,497.1124496459961,447.2442372639974,0.01817750192867207,0.13170538597557346,1.0,-0.27538230528691243,0.576998230357996,1,2.0,True,0.5,-0.023548849743941724
408.70001220703125,417.8299865722656,406.0,411.6000061035156,15905600,BRK.B,2024-03-22,0.02167148391128282,1,0.008502195817970959,0.02095997106526304,-0.01347009994905446,0.06798135086132984,0.15404026769835122,0.14282541625489764,0.008502195817970959,0.016968089064680583,0.019280256458843445,407.49749755859375,393.6591618855794,0.010067567456244264,0.04557456285788386,0.9342767573925979,-0.20848267548143018,0.555354273138182,1,3.0,False,0.0,0.0
175.8000030517578,181.4199981689453,173.52000427246094,178.8699951171875,148898500,AMZN,2024-03-22,0.008441939994663139,1,0.025513111999530436,0.02007407408696582,0.022172635591893863,0.12412016469366205,0.17724096513797583,0.38530051023350476,0.025513111999530436,0.01959420115528768,0.035688200516563934,176.7150001525879,167.66166559855142,0.012194748395658817,0.0668508777997785,1.0,-0.18272317569858598,0.5445332727642018,1,4.0,False,0.0,0.0
149.47636946124726,149.58948312487718,146.20538171633996,146.32791137695312,33589600,JNJ,2024-03-22,0.019068596811636196,1,-0.018649529793780983,-0.02689326278748383,-0.04084277646463885,-0.019381682812189216,-0.0021143457406375132,-0.017687521914394377,-0.018649529793780983,0.009146199085762273,0.017149339306586468,149.65782928466797,149.59030787150064,-0.022250208516528258,-0.021808876129527976,0.6328303722693975,-0.025362211081667918,0.5425019462234667,1,5.0,False,0.0,0.0
407.9879061886506,424.3074262893576,407.52500983634934,422.25885009765625,96748700,MSFT,2024-03-22,-0.018705997971463773,0,0.02958550645848912,0.05543784462294199,0.04484079680658759,0.06338431052598903,0.14225301894784526,0.3577006010586601,0.02958550645848912,0.023508471087183038,0.026274615826140192,410.4205627441406,399.4897969563802,0.02884428420048657,0.05699533083134578,1.0,-0.09842427139704413,0.5068270040765707,1,6.0,False,0.0,-0.0
181.69506181540558,191.08337691916773,180.989740825109,187.404296875,46172100,JPM,2024-03-22,0.01871642166314058,1,0.033210781602316386,0.04462853668218392,0.06864494786085729,0.14128155692019262,0.16303603635510333,0.3675438426539266,0.033210781602316386,0.01151957323828054,0.01339901357307775,181.19704055786133,171.33294677734375,0.03425694094135334,0.09380186589880934,1.0,0.13335387039803037,0.45706861709053287,0,7.0,False,0.0,0.0
173.82643054023092,176.89564514160156,168.37118252152447,170.5691375732422,361583900,AAPL,2024-03-22,-0.004643858849806892,0,-0.0019692913051195804,0.009078932687624164,-0.05610334073527279,-0.10352416159634403,-0.10403633414072311,-0.011801885815857394,-0.0019692913051195804,0.026146145183988292,0.029702439527877503,172.09628295898438,180.25081253051758,-0.008873784834191656,-0.05371224030203037,0.15221560354747052,-0.02033139930933814,0.45014643328939896,0,8.0,False,0.0,-0.0
147.39180580449582,150.9027808454485,144.88255840993227,149.53411865234375,168623000,GOOGL,2024-03-22,0.001061034699651131,1,0.06792765193981865,0.11343321872769918,0.047305055430969745,-0.009330313434925519,0.07931853553004786,0.1575435649750947,0.06792765193981865,0.05226370459792328,0.046705931372145085,139.9681739807129,141.93606821695963,0.06834371271392747,0.053531498588293536,0.9526988538452136,-0.10088748589829599,0.4428225239371134,0,9.0,False,0.0,0.0
170.02000427246094,178.17999267578125,165.89999389648438,170.8300018310547,418091100,TSLA,2024-03-22,0.029034662541205014,1,0.044384631544618136,-0.02572142466653704,-0.11012136925156502,-0.06777625194513126,-0.3124999808098372,-0.3023930152533054,0.044384631544618136,0.09150635551422892,0.06727326994670246,178.09500122070312,194.80000178019205,-0.04079283157782365,-0.12304927992857295,0.07487618756855519,-0.1462346302753258,0.4115316861963214,0,10.0,False,0.0,0.0
146.48815194385955,150.01369618769235,145.88487176462837,149.11817932128906,29005300,JNJ,2024-03-29,-0.0366650297786395,0,0.019068596811636196,6.344665349100609e-05,-0.02424118312270096,0.017758211673225777,-0.010792039781254092,0.031573121700203544,0.019068596811636196,0.017271909807272688,0.015973913465005412,148.7316780090332,149.4547373453776,0.0025986482330440097,-0.0022519060289857284,0.7905704289258394,-0.13883394185370723,0.5806468689847342,1,1.0,True,0.5,-0.01833251488931975
278.2505820558748,279.35176854918734,272.32205642000446,274.38665771484375,28306700,V,2024-03-29,-0.006951205758760182,0,-0.01475689174721695,-0.013991165171549413,-0.01440891294844382,0.00873203563540259,0.07666972623728507,0.21818889436487332,-0.01475689174721695,0.011597717710344358,0.015450386660784184,276.6234359741211,272.4522425333659,-0.008086004178932238,0.0071000156338993925,0.9181792105713397,-0.04772125358176427,0.5796397638709285,1,2.0,True,0.5,-0.003475602879380091
178.00999450683594,181.6999969482422,177.24000549316406,180.3800048828125,130798700,AMZN,2024-03-29,0.026000678093191176,1,0.008441939994663139,0.03417043215477067,0.012119872333714587,0.04988072548744471,0.24194435458970265,0.418974205360946,0.008441939994663139,0.017984083343053233,0.03076016546429923,177.25500106811523,170.58999888102213,0.017629989539738933,0.0573890970514539,1.0,-0.21920034097645102,0.5624983743679782,1,3.0,False,0.0,0.0
148.71088930605433,151.01186861414138,146.60827256557076,149.69277954101562,88743000,GOOGL,2024-03-29,0.010402266360565626,1,0.001061034699651131,0.06906076023524355,0.10055403147476749,0.06005027376325689,0.11198709993919942,0.15337007714790252,0.001061034699651131,0.03715113053613387,0.04541411834531197,143.38740921020508,143.19235229492188,0.04397436543097677,0.04539646944765141,0.9580277087128417,-0.44670887389983804,0.5460474814167019,1,4.0,False,0.0,0.0
410.6700134277344,421.44000244140625,408.6000061035156,420.5199890136719,13042700,BRK.B,2024-03-29,-0.00451820114649204,0,0.02167148391128282,0.030357934929133634,0.032939510561326824,0.07618679210152757,0.1502502618398045,0.2004567618261064,0.02167148391128282,0.013168114696324269,0.019099798566883232,410.8499984741211,398.23666127522785,0.023536547585407686,0.055954988340572775,1.0,-0.24594395759890963,0.5381838823053545,1,5.0,False,0.0,-0.0
168.87611739287553,171.87601096065072,167.76722957196378,169.77703857421875,237622700,AAPL,2024-03-29,-0.011079936310655625,0,-0.004643858849806892,-0.006604005044071326,-0.04553047544840905,-0.07614306092726886,-0.05233009602065797,0.004176265591502748,-0.004643858849806892,0.02649987855750471,0.0251363670916241,170.07159042358398,179.4695587158203,-0.0017319285874355383,-0.0540064856177036,0.12512635058798358,-0.3008982790162936,0.524051250916074,1,6.0,False,0.0,-0.0
418.81180070101897,420.94901086959675,412.67595596490696,414.3600769042969,73362300,MSFT,2024-03-29,0.011409032320595758,1,-0.018705997971463773,0.01032608206322827,0.012563157715756335,0.024993913562394665,0.1461535494058388,0.3376201077405865,-0.018705997971463773,0.027736363204788065,0.025902519759502897,411.7058334350586,403.8929443359375,0.006446941611423451,0.025915611339952793,0.9223870276312941,-0.28185640564051995,0.503603350471998,1,7.0,False,0.0,0.0
187.38522868096646,191.3121473467988,184.9643057766157,190.91183471679688,31935600,JPM,2024-03-29,-0.008478613203525276,0,0.01871642166314058,0.05254879025768844,0.08100833185948475,0.14634038406018912,0.16270979189781198,0.3999600094482434,0.01871642166314058,0.009546821591355422,0.01338713210354889,184.77366638183594,173.55929946899414,0.03321993038919513,0.09998044069602119,1.0,-0.20133096500589898,0.48493288131440904,0,8.0,False,0.0,-0.0
502.38421028695126,506.56584667768334,481.8831749511718,482.3102722167969,44788500,META,2024-03-29,0.0860006012271437,1,-0.04709769948788345,0.003057150803234432,-0.03328689696049214,0.023379876335864136,0.3811483976963881,0.619183797038835,-0.04709769948788345,0.04717187884907504,0.06510416788520468,492.9605941772461,458.3359603881836,-0.021604814028238217,0.05230728963162412,0.8874106885601939,-0.3196408817014257,0.465791170947001,0,9.0,False,0.0,0.0
168.75999450683594,184.25,168.72999572753906,175.7899932861328,346873600,TSLA,2024-03-29,-0.06194891521454704,0,0.029034662541205014,0.0747079868847369,-0.13250101749105714,-0.06449901622997234,-0.25980045803993734,-0.29745826701087874,0.029034662541205014,0.08435129703231536,0.06902453621750343,171.38249969482422,189.6583340962728,0.025717290850331143,-0.07312275981028205,0.12603121945999368,-0.23652253236070775,0.44418190968368215,0,10.0,False,0.0,-0.0
275.6451353438298,276.1662510697067,268.95948700715593,272.4793395996094,24943600,V,2024-04-05,-0.004257776944500691,0,-0.006951205758760182,-0.021605519315082478,-0.010355649370341391,0.002568571597964864,0.05105340151377735,0.18383223493505163,-0.006951205758760182,0.010883476321279248,0.01546816427319223,275.91062927246094,273.55518341064453,-0.012436235899644044,-0.003932821881207693,0.883062589215204,-0.15131698703172236,0.5953914652535589,1,1.0,True,0.5,-0.0021288884722503454
190.6163742122948,191.52184432986456,187.0498380452217,189.2931671142578,39453200,JPM,2024-04-05,-0.07424672425985956,0,-0.008478613203525276,0.010079119159779548,0.05515747218110967,0.13480230975930474,0.17481059158647172,0.37716326625312413,-0.008478613203525276,0.01736588504292958,0.01138300395011,187.24745178222656,175.90651830037436,0.010925197179241009,0.07610092532798984,0.974049131517654,-0.039790693783179454,0.5792666051470133,1,2.0,True,0.5,-0.03712336212992978
421.489990234375,424.5199890136719,414.54998779296875,418.6199951171875,15170700,BRK.B,2024-04-05,-0.03669195339621234,0,-0.00451820114649204,0.017055366641336667,0.038372817697909456,0.05085854631645548,0.15125680858742263,0.20869665514686964,-0.00451820114649204,0.010859538992389915,0.01902970867719879,414.7174987792969,402.8199946085612,0.009410011271232754,0.039223476292381765,0.9786060809738135,-0.05235689578436964,0.5514208337020742,1,3.0,False,0.0,-0.0
169.4898836026774,170.21266810452119,166.55929585931307,167.8959197998047,239070900,AAPL,2024-04-05,0.04110148777263256,1,-0.011079936310655625,-0.01567234150017105,-0.006735696946084446,-0.10203856625211782,-0.08672330752229651,-0.04208630569483307,-0.011079936310655625,0.009305692103595572,0.023280665425188467,169.78694915771484,178.14096450805664,-0.011137660269480376,-0.05751088603648269,0.06079335384165799,-0.20666522149999833,0.5486932599110692,1,4.0,False,0.0,0.0
417.5412631842415,422.1899488258563,411.2577378896696,419.0875244140625,86656000,MSFT,2024-04-05,-0.008507164671665901,0,0.011409032320595758,-0.0075103829863135685,0.047511102191574395,0.013689015865404608,0.09739960279112236,0.3052988289184504,0.011409032320595758,0.021788567229670593,0.021789713878536877,416.4578857421875,406.9926172892253,0.006314296743807901,0.029717755583369865,0.9688387036027494,-0.11507312140299963,0.5328347746132732,1,5.0,False,0.0,-0.0
180.7899932861328,186.27000427246094,178.3800048828125,185.07000732421875,176830900,AMZN,2024-04-05,0.005727549125433162,1,0.026000678093191176,0.03466211425213772,0.055431998188611775,0.06087710267560187,0.19693450503573606,0.4463114148824352,0.026000678093191176,0.01505146194573033,0.02734898883320061,179.68500137329102,173.12749989827475,0.029969145503360828,0.06898099627708554,1.0,0.05847263887893339,0.5104685590467537,1,6.0,False,0.0,0.0
148.67511735946294,149.08045093187417,142.91548932871345,143.6507568359375,32295600,JNJ,2024-04-05,-0.03195735506935404,0,-0.0366650297786395,-0.01829558363693884,-0.044696818485824075,-0.02049610406095337,-0.05445500998546071,-0.018163917876280467,-0.0366650297786395,0.023295085801193303,0.01872048574752009,147.0513916015625,148.76531982421875,-0.023125485101419874,-0.034380075909658414,0.4814848680374167,-0.035547744651114876,0.5082410969527773,1,7.0,False,0.0,-0.0
483.9193631882776,527.1266068959341,478.53584639701245,523.7892456054688,78166800,META,2024-04-05,-0.029279240174775234,0,0.0860006012271437,0.03485247126688695,0.042277216353127756,0.12772568885383473,0.4096495161690379,0.6735875838291716,0.0860006012271437,0.06749123424185804,0.06647104047823846,498.2721252441406,471.0205561319987,0.05121121384991256,0.11203054471083873,1.0,0.18032742327538798,0.49897810974019946,0,8.0,False,0.0,-0.0
149.45476709366227,154.4633742852125,148.37370170217739,151.2499237060547,139205700,GOOGL,2024-04-05,0.03429521761566301,1,0.010402266360565626,0.011474338225780256,0.12620912807119988,0.023489958872747074,0.06905023211630268,0.10844588345987827,0.010402266360565626,0.030648976762461713,0.04354397904743194,147.62488174438477,144.0064582824707,0.02455576538883708,0.050299587323894945,1.0,-0.026786908093330286,0.47107116150775086,0,9.0,False,0.0,0.0
176.1699981689453,177.19000244140625,160.50999450683594,164.89999389648438,547482400,TSLA,2024-04-05,0.03729538740392013,1,-0.06194891521454704,-0.034712918521390024,-0.05954147746922356,-0.14811185794767123,-0.24665359606975867,-0.3670594761865549,-0.06194891521454704,0.05882816428627064,0.06797403972816207,168.77249908447266,185.15916697184244,-0.022945119666978764,-0.10941490722108793,0.014789132442838498,0.206421697161562,0.45175058360417714,0,10.0,False,0.0,0.0
271.6043122448262,273.3248486555536,267.6027437514646,271.3191833496094,35273000,V,2024-04-12,-0.02239469677311523,0,-0.004257776944500691,-0.011179386019644744,-0.025014138554876886,-0.009333600762172156,0.020578157809306497,0.16574746096249515,-0.004257776944500691,0.006485893076966007,0.014081136963699134,274.17039489746094,274.0110727945964,-0.010399414382132321,-0.009824017027971976,0.8617023518118079,0.18444469815514997,0.5952926622977754,1,1.0,True,0.5,-0.011197348386557615
189.45613591686737,190.75995368251904,174.99909726257042,175.23876953125,64703900,JPM,2024-04-12,0.016467051790386433,1,-0.07424672425985956,-0.08209582820675665,-0.033861074406536296,0.02695775186935867,0.07953870790536666,0.24993203133894015,-0.07424672425985956,0.0476115956890246,0.02787015099921357,185.71201705932617,176.98246129353842,-0.056395098679750344,-0.009852342144775483,0.7487256477442552,0.41999771760647153,0.554339226421039,1,2.0,True,0.5,0.008233525895193217
186.89999389648438,189.77000427246094,182.6699981689453,186.1300048828125,190250100,AMZN,2024-04-12,-0.061784772461809134,0,0.005727549125433162,0.03187714737969771,0.067136835436294,0.09804737723182644,0.1982104369176656,0.4340859427619621,0.005727549125433162,0.010839003998320593,0.02731236965844242,182.6125030517578,175.6933339436849,0.019262108411370438,0.05940277132240479,1.0,0.17660180878081544,0.521443651843923,1,3.0,False,0.0,-0.0
418.7428800514856,422.87935502001585,413.35557288951713,415.52227783203125,80206100,MSFT,2024-04-12,-0.053993901512018994,0,-0.008507164671665901,0.0028048091322341318,0.013159853884733286,0.04415184251028936,0.06022561371544999,0.2923384825335231,-0.008507164671665901,0.02144973068756167,0.021449273705296236,417.8071823120117,408.95957946777344,-0.005468801343568419,0.0160473031902042,0.9338067590608491,-0.04792281639098195,0.5198698982010861,1,4.0,False,0.0,-0.0
418.32000732421875,418.57000732421875,401.44000244140625,403.260009765625,14197300,BRK.B,2024-04-12,0.004513159655226806,1,-0.03669195339621234,-0.04104437291680263,-0.01193246038988438,-0.006724255608307028,0.09883108666829421,0.16856476294600542,-0.03669195339621234,0.025021345488716273,0.023680044428881143,413.5,405.84249623616535,-0.0247641843636639,-0.006363272684577481,0.8056527449326937,-0.026186503601908884,0.501224692187843,1,5.0,False,0.0,0.0
167.35140261724945,176.5887144383463,165.45044033625643,174.79669189453125,322249800,AAPL,2024-04-12,-0.06542067741226987,0,0.04110148777263256,0.02956614959518289,0.02276688955005124,-0.03159449140069659,-0.07718051250563795,-0.010298173408598843,0.04110148777263256,0.023808629430631625,0.025005558023004117,170.75969696044922,176.92269643147787,0.02364138029020424,-0.012016573225640537,0.2967951176619466,0.1107013165480899,0.4975431229737462,0,6.0,False,0.0,-0.0
143.2737064557583,144.2634797131762,138.7112674937405,139.06005859375,34354800,JNJ,2024-04-12,0.0026436779086711493,1,-0.03195735506935404,-0.0674506674727291,-0.06739150033836505,-0.05768122811305876,-0.08065262139555907,-0.04475374168969071,-0.03195735506935404,0.025259256764147798,0.020328646564870625,144.53922653198242,147.74869664510092,-0.037907826613559736,-0.05880686766544829,0.221962479771718,0.06324330555927382,0.4951273820111789,0,7.0,False,0.0,0.0
151.52763410967862,158.90666751104175,151.35902944578888,156.43707275390625,127140200,GOOGL,2024-04-12,-0.023077545828919632,0,0.03429521761566301,0.045054231964760216,0.11722647171130518,0.12247388195863884,0.07753799113208304,0.14829625919386547,0.03429521761566301,0.029824623172346628,0.04394065525340452,151.72847366333008,144.94453938802084,0.031033061737799184,0.07928917787733658,1.0,-0.02893021907655713,0.4541051787975115,0,8.0,False,0.0,-0.0
525.7160926076674,527.9111726495528,502.39403584687636,508.4530944824219,57896900,META,2024-04-12,-0.060226669590062176,0,-0.029279240174775234,0.054203328793863914,0.05742618734725835,0.08265691337018,0.33640139259822055,0.628406218421574,-0.029279240174775234,0.06396063417515335,0.0687142369491221,505.17533111572266,481.686284383138,0.006488367829561303,0.05556896878133499,0.9331378477820474,-0.006295515046246591,0.4523478509901866,0,9.0,False,0.0,-0.0
169.33999633789062,179.22000122070312,167.7899932861328,171.0500030517578,451146100,TSLA,2024-04-12,-0.14030984841747052,0,0.03729538740392013,-0.02696393660280616,0.04572962885984744,-0.14453610571429643,-0.19388283574297405,-0.31885151968111614,0.03729538740392013,0.04982334183224769,0.06990931450937658,170.64249801635742,181.73083368937174,0.002388062998007312,-0.05877280382629191,0.08317576266803672,0.02324300184418937,0.44397470039846865,0,10.0,False,0.0,-0.0
273.2166885215366,273.2363413763869,263.77813964015553,265.2430725097656,40582700,V,2024-04-19,0.017570070016803774,1,-0.02239469677311523,-0.026557122094016283,-0.047588860994743465,-0.048730600675975455,0.008744517992451684,0.16058976729677665,-0.02239469677311523,0.008186371018152798,0.01535420635417316,270.85706329345703,274.2026824951172,-0.02072676531093076,-0.032675136157762075,0.7498319291610561,0.2573451272597711,0.5409558619139267,1,1.0,True,0.5,0.008785035008401887
170.24000549316406,170.69000244140625,146.22000122070312,147.0500030517578,462858300,TSLA,2024-04-19,0.1444405970321474,1,-0.14030984841747052,-0.10824737116686522,-0.1392027075127853,-0.2339948840095173,-0.19754432168208558,-0.306335208069516,-0.14030984841747052,0.08394308668881856,0.07053264798306738,164.6974983215332,178.71416727701822,-0.10715096130557367,-0.17717769501831915,0.0,0.023818703395628527,0.5184802753699318,1,2.0,True,0.5,0.0722202985160737
176.87814585813857,179.71587214147985,171.79708073743586,178.1244354248047,63195500,JPM,2024-04-19,0.041388648864104205,1,0.016467051790386433,-0.05900229712312677,-0.049517869146751936,0.0157279271683457,0.08476772612501704,0.3153983313625284,0.016467051790386433,0.04336232608817393,0.02798254638880145,183.39205169677734,178.14240264892578,-0.028723252852213,-0.00010085877283527722,0.794989337689098,0.2684243221625766,0.5044949069550717,1,3.0,False,0.0,0.0
139.86132051745926,140.91710089983115,134.92181821879717,139.4276885986328,50293800,JNJ,2024-04-19,-0.0119667967273005,0,0.0026436779086711493,-0.029398162114299353,-0.0471558892175038,-0.08607268823984082,-0.06562361154215257,-0.018127530025041305,0.0026436779086711493,0.026994183082650194,0.020379187336233277,142.81417083740234,146.93266677856445,-0.023712508492067852,-0.051077669414671734,0.2427454221111943,0.378389100339501,0.5029841407024206,1,4.0,False,0.0,-0.0
187.42999267578125,188.69000244140625,173.44000244140625,174.6300048828125,199027900,AMZN,2024-04-19,0.028574644075189726,1,-0.061784772461809134,-0.0564110986558547,-0.023704312350414924,-0.0020572638382231334,0.09747366919036349,0.39514266547411525,-0.061784772461809134,0.03864654684577767,0.03501337207513308,181.55250549316406,176.98583475748697,-0.03812946889136826,-0.013310838564580707,0.8030484908787653,0.14234885657725638,0.4970875535269114,0,5.0,False,0.0,0.0
513.2405552726893,515.0384255513786,472.52661920207805,477.8306579589844,75578600,META,2024-04-19,-0.07853327036053837,0,-0.060226669590062176,-0.08774251864098326,-0.0559480909839154,-0.006115313070196304,0.22185118759304312,0.5602803203279372,-0.060226669590062176,0.0669792411579754,0.0731143388761927,498.09581756591797,488.91624959309894,-0.04068526354219326,-0.0226738048558226,0.7996309466249671,0.17893170399187608,0.4940655479474384,0,6.0,False,0.0,-0.0
406.989990234375,409.05999755859375,395.6600036621094,405.0799865722656,15569000,BRK.B,2024-04-19,-0.00735652356949601,0,0.004513159655226806,-0.0323443903847247,-0.015840669180190003,-0.029097393732127497,0.05106381159172302,0.2060977914598754,0.004513159655226806,0.02449689718853251,0.01963689546111998,411.8699951171875,407.4824956258138,-0.01648580529152155,-0.005895981003695372,0.8261456720430662,0.07410007295656929,0.49354001856841323,0,7.0,False,0.0,-0.0
420.15122525352587,420.36790078356154,391.7570104509112,393.08660888671875,104490300,MSFT,2024-04-19,0.018039756031172915,1,-0.053993901512018994,-0.06204173117225653,-0.06908615699633247,-0.027343238517765434,-0.010080824898446306,0.22652692850020228,-0.053993901512018994,0.027385229095547924,0.02715418047863272,410.51412200927734,408.62599690755206,-0.042452895499085264,-0.03802838815551168,0.7044076811280497,0.21248441102163618,0.479901631909993,0,8.0,False,0.0,0.0
173.6185038309996,174.8758957155582,162.45051229612085,163.3613739013672,309416500,AAPL,2024-04-19,0.026060869689486843,1,-0.06542067741226987,-0.02700807681237516,-0.042257138509479764,-0.09598971260445766,-0.14140666527016932,-0.04310399995995817,-0.06542067741226987,0.043637398280007476,0.0299060163948886,168.95775604248047,174.68061955769858,-0.03312296678292892,-0.06479966515456825,0.0,0.11666436145876435,0.4713280119798928,0,9.0,False,0.0,0.0
157.55778721582507,157.93467710778722,151.0515686940003,152.82688903808594,122177700,GOOGL,2024-04-19,0.11590625603117832,1,-0.023077545828919632,0.010426222330504942,0.022020194557722528,0.07036691651284621,0.012484425805675547,0.13635685982811574,-0.023077545828919632,0.023730861626023687,0.04344588386267455,152.55166625976562,145.10157521565756,0.001804128300058494,0.05324073023291853,0.8976372553197611,0.023978631649480553,0.45546148962286426,0,10.0,False,0.0,0.0
406.8399963378906,411.3500061035156,400.3500061035156,402.1000061035156,13468400,BRK.B,2024-04-26,-0.0030589678379946417,0,-0.00735652356949601,-0.002876565079645732,-0.04380287118659987,-0.012306205763340516,0.029046720674384297,0.21220348033432712,-0.00735652356949601,0.01785144730474596,0.019655500071955823,407.26499938964844,408.42832946777344,-0.012682143797953072,-0.015494330112958421,0.7367069016584448,-0.0775921404527663,0.5729284834056422,1,1.0,True,0.5,-0.0015294839189973208
266.39344628450857,278.2407690758451,264.8301589081286,269.9034118652344,36614100,V,2024-04-26,-0.021965707449914884,0,0.017570070016803774,-0.005218103146620079,-0.016339153976898446,-0.030512637478037896,-0.0077497924162746035,0.2021522454734237,0.017570070016803774,0.01645608876059148,0.012493929503289359,269.7362518310547,274.0270131429036,0.0006197166048129699,-0.015048156130209045,0.7783752864746103,0.06580872025581197,0.5548262506874414,1,2.0,True,0.5,-0.010982853724957442
139.99326469798586,141.85973678220157,137.58007957960362,137.75918579101562,43811100,JNJ,2024-04-26,0.021417923822127705,1,-0.0119667967273005,-0.009354755174774798,-0.07617443816692149,-0.0985690627847492,-0.059768948290752855,0.019428359533276707,-0.0119667967273005,0.018229233143806253,0.02010704626405075,139.97442245483398,146.2029062906901,-0.015826010387956058,-0.05775343810803679,0.06770950395974713,0.09013139846711127,0.5455668279035011,1,3.0,False,0.0,0.0
486.4224254546389,506.565898674962,411.7089227857851,440.3050537109375,185705100,META,2024-04-26,0.019558195376241372,1,-0.07853327036053837,-0.13403014262476942,-0.08709169371988446,-0.11747957844540813,-0.06574801041307221,0.4955020658115954,-0.07853327036053837,0.0738591485941629,0.04957020362552381,487.5945129394531,486.3340428670247,-0.09698521614493183,-0.09464480192408131,0.6055346646898291,0.8694482460436384,0.540796349908664,1,4.0,False,0.0,0.0
153.04507926507185,173.27786687075127,149.63326920623868,170.5404815673828,192151900,GOOGL,2024-04-26,-0.02739156953837507,0,0.11590625603117832,0.09015387826684074,0.13926992397555793,0.25382810776925213,0.207683394800535,0.4074650088532139,0.11590625603117832,0.05922510414817925,0.04921653018202577,157.76359176635742,147.54553985595703,0.08098756917215444,0.15584979209723882,1.0,0.323643928493625,0.5142362762287631,1,5.0,False,0.0,-0.0
394.0321015888098,406.7568087350332,382.1642385201122,400.17779541015625,121367900,MSFT,2024-04-26,0.0008368777732918886,1,0.018039756031172915,-0.03692818229129413,-0.03422694966198747,-0.022093790512963896,-0.010088501520948867,0.23676546623409678,0.018039756031172915,0.032507428894164775,0.02715369030236838,406.9685516357422,408.28613535563153,-0.01668619405182936,-0.019859454542615396,0.7099783912352831,0.23617648489268306,0.488048018594495,0,6.0,False,0.0,0.0
178.3065818323909,186.8197461895444,178.2969855796847,185.49676513671875,43855000,JPM,2024-04-26,-0.015401445587772233,0,0.041388648864104205,0.058537249678870085,-0.028364242521219163,0.05034634936716387,0.11382530739483854,0.44313320476956153,0.041388648864104205,0.04971258152582839,0.02965358958497378,182.0382843017578,179.72211074829102,0.01899864552243269,0.03213101807220253,0.902342576173352,-0.16944276626409271,0.4794164107744949,0,7.0,False,0.0,-0.0
176.94000244140625,180.82000732421875,166.32000732421875,179.6199951171875,202325700,AMZN,2024-04-26,0.036688630307445624,1,0.028574644075189726,-0.03497560626898233,-0.004213381445015263,0.007855425243492586,0.045457177519196756,0.40613745201989326,0.028574644075189726,0.042198576060902715,0.02792345114896326,181.3625030517578,177.63666788736978,-0.00960787321110712,0.011165077871620799,0.8630336643631341,0.053183706199590786,0.4784846250100729,0,8.0,False,0.0,0.0
163.8762247169617,169.63844783702467,163.13367296874276,167.61871337890625,241302700,AAPL,2024-04-26,0.08316595448727626,1,0.026060869689486843,-0.041064727471822215,-0.012712703752156607,-0.05766436375449513,-0.08788778050307466,0.00903218955849816,0.026060869689486843,0.047431812426986936,0.030924220143390184,168.41817474365234,173.33469263712564,-0.004746882965350641,-0.03297654480621337,0.13305321527744993,-0.13203581993775582,0.4531719020193684,0,9.0,False,0.0,0.0
140.55999755859375,172.1199951171875,138.8000030517578,168.2899932861328,649063900,TSLA,2024-04-26,0.07665345338353169,1,0.1444405970321474,-0.0161356896602326,-0.042664544549997685,-0.1695124664773876,-0.1044117396285954,-0.18818142398138382,0.1444405970321474,0.12338727316235241,0.0839439926130232,162.8224983215332,177.07916641235352,0.03357948085161233,-0.049634145587482026,0.19953020989471937,0.23013183241700852,0.39586638609577224,0,10.0,False,0.0,0.0
267.7404017763637,269.8542392256118,262.0182679236362,263.97479248046875,25548600,V,2024-05-03,0.045625592635127665,1,-0.021965707449914884,-0.004781576450974767,-0.031211713635380556,-0.04124414544306654,-0.02872331155858343,0.10658174869044834,-0.021965707449914884,0.01888433628462637,0.01393927190735079,267.61011505126953,273.37647501627606,-0.013584398968268907,-0.034390971407644244,0.6106324861524925,-0.2595595949525571,0.5949146833051029,1,1.0,True,0.5,0.022812796317563833
402.6600036621094,404.8699951171875,396.3500061035156,400.8699951171875,14830400,BRK.B,2024-05-03,0.02788932275291134,1,-0.0030589678379946417,-0.010392988038492201,-0.04240122356083609,-0.005655460284794911,0.006300858163276191,0.13945026548150574,-0.0030589678379946417,0.01804231595941785,0.018957291406470247,402.82749938964844,408.6374969482422,-0.004859410728976776,-0.01900829436618856,0.7191252673450969,0.02163950462498132,0.5643280627071322,1,2.0,True,0.5,0.01394466137645567
137.75921171075015,143.59422900506243,136.2415388652366,140.70970153808594,44430700,JNJ,2024-05-03,0.0042875650744651495,1,0.021417923822127705,0.009194823154127008,-0.020473649861869614,-0.06425536133607546,-0.040550123864746546,0.0017695313832457593,0.021417923822127705,0.0225947120428424,0.021473385452987524,139.2391586303711,145.70732752482095,0.010561274013573874,-0.03429907110116803,0.25031778080396183,0.027950655444142658,0.5165345826765837,1,3.0,False,0.0,0.0
167.67417460775002,168.1601634153097,161.26713096501757,165.86911010742188,171623000,GOOGL,2024-05-03,0.008430878059846547,1,-0.02739156953837507,0.08533983222079256,0.09665582661567962,0.23506380228704526,0.12241622688044052,0.29542990967835436,-0.02739156953837507,0.06684972580280915,0.049800326353688376,161.41838836669922,149.05308151245117,0.027572581945322083,0.11281906032627687,0.8825148198193186,0.1197195595838021,0.5033998708558642,1,4.0,False,0.0,0.0
399.12396145400385,400.99527857045274,383.2870557136592,400.5126953125,107082100,MSFT,2024-05-03,0.019869094788174335,1,0.0008368777732918886,0.01889173087532292,-0.04432207598527893,0.0010832355248162617,-0.031239785721224433,0.15713993872377974,0.0008368777732918886,0.030757512026656872,0.026172065631879633,402.32484436035156,407.20985158284503,-0.004504193746057816,-0.016446449525503448,0.6419592858058049,0.03674726440796783,0.4888901323268464,0,5.0,False,0.0,0.0
182.75,187.8699951171875,174.8000030517578,186.2100067138672,336824300,AMZN,2024-05-03,0.006820197453853094,1,0.036688630307445624,0.0663116389352767,0.006159827873412738,0.06193327762954559,0.06741192302292842,0.3435064827832206,0.036688630307445624,0.04468982345394898,0.029349285033223753,181.64750289916992,178.61666870117188,0.02511734949216371,0.04251192269966175,1.0,0.4511595944973654,0.4777999519294323,0,6.0,False,0.0,0.0
188.4199981689453,198.8699951171875,176.02000427246094,181.19000244140625,628370700,TSLA,2024-05-03,-0.07020255560080668,0,0.07665345338353169,0.2321659209869722,0.09878719919873302,0.03336378593417044,-0.06395621436370924,-0.17625933392016357,0.07665345338353169,0.12156060232496196,0.08678343501460323,166.89500045776367,176.0474993387858,0.08565266751211187,0.029210884118974212,0.32071395367205024,0.14695540236346982,0.45736530429429356,0,7.0,False,0.0,-0.0
185.4871603065969,186.93478547211615,180.67454593960358,182.6398468017578,36411300,JPM,2024-05-03,0.04335742097508799,1,-0.015401445587772233,0.02534975825290009,-0.03514823283866364,0.01807055166743221,0.09491601395003135,0.3482717836364353,-0.015401445587772233,0.049937542205662225,0.030457457904080807,180.3749542236328,181.04150009155273,0.012556580196366518,0.008828620561566192,0.8415341326299149,-0.3003400656304088,0.4506212731449989,0,8.0,False,0.0,0.0
436.60018048581003,451.11176631211475,424.2340207892744,448.9166259765625,91987400,META,2024-05-03,0.05363321799307963,1,0.019558195376241372,-0.06051104402954355,-0.14294417126177916,-0.1067102365635042,-0.03347612514999576,0.43814212462692637,0.019558195376241372,0.04290638059388188,0.049921388168251014,468.87635803222656,485.038335164388,-0.04256928658000747,-0.07447186452918864,0.6284207975525163,-0.10511129270760367,0.44102949829844534,0,9.0,False,0.0,0.0
171.64824848286057,185.14292911827533,167.43059781958385,181.5588836669922,441926300,AAPL,2024-05-03,-0.0004456810747242024,0,0.08316595448727626,0.11139420127925792,0.08137758132227946,0.07409374965020277,-0.028964636653028952,0.040792250444223965,0.08316595448727626,0.06261686579051932,0.04013293649036844,171.83391571044922,172.8833885192871,0.05659516002027298,0.05018119567188628,0.5687207226797866,0.34436954790240715,0.4319275520230619,0,10.0,False,0.0,-0.0
141.27528014183702,141.49211754537484,139.4276898908648,141.31300354003906,32368200,JNJ,2024-05-10,0.031552120922280213,1,0.0042875650744651495,0.025797319638740213,0.016201236854579637,-0.052282089142752786,-0.0424144984972018,0.034008977626051706,0.0042875650744651495,0.013665143243214639,0.021402255333652684,139.80239486694336,145.18572743733725,0.010805313274736328,-0.02667427415666368,0.23592090015477996,-0.24242293032688567,0.5504372356844189,1,1.0,True,0.5,0.015776060461140107
403.9599914550781,412.3800048828125,399.260009765625,412.04998779296875,14842300,BRK.B,2024-05-10,0.011867527710968995,1,0.02788932275291134,0.024745042373591986,0.021797296569160185,0.009604740801357758,0.014926470367152112,0.1754050395441864,0.02788932275291134,0.01571413072827997,0.019876264149476065,405.0249938964844,409.1424967447917,0.017344593549404097,0.007106304212614267,0.8744068666358353,0.01122634776639786,0.5465494108070716,1,2.0,True,0.5,0.005933763855484497
452.51225464015755,474.2847034264408,450.2873477934908,472.99346923828125,60373000,META,2024-05-10,-0.009008874737483907,0,0.05363321799307963,0.07424038232548624,-0.06974020933088554,-0.01631893631029968,0.007152193598213286,0.4499658161300717,0.05363321799307963,0.06319009269020566,0.05236179285596882,460.0114517211914,485.31824493408203,0.028221074646111566,-0.025395244923204552,0.7479097944780165,-0.4161841060950706,0.5384111180755055,1,3.0,False,0.0,-0.0
265.1153016970393,276.30393031278595,265.03666025547466,276.018798828125,37300700,V,2024-05-10,-0.0004331874191229046,0,0.045625592635127665,0.022657686765160667,0.017321353471936085,-0.008126063818645779,0.007826082111796362,0.14684413791774253,0.045625592635127665,0.03309443594229581,0.01957974102927778,268.78501892089844,273.5550893147786,0.02691288352404575,0.009006264586477464,0.9171135333820906,0.06538347015732682,0.5168178588519182,1,4.0,False,0.0,-0.0
186.27999877929688,191.6999969482422,184.8000030517578,187.47999572753906,172420800,AMZN,2024-05-10,-0.014828242173298256,0,0.006820197453853094,0.04375905146430692,0.007252945840604985,0.07487672110822796,0.10601145538930701,0.30593479322831163,0.006820197453853094,0.044721073619807615,0.02731246291563462,181.98500061035156,180.11416880289713,0.030194769342297922,0.040895321970491505,1.0,-0.242604673167225,0.5063260004566073,1,5.0,False,0.0,-0.0
402.5808944329267,409.1008598045123,400.2270089943109,408.47052001953125,76899100,MSFT,2024-05-10,0.015016479187302645,1,0.019869094788174335,0.02072260056527009,-0.016970829697248058,-0.004034309451633189,0.026431719412979504,0.1262755286647057,0.019869094788174335,0.03453562796069155,0.024347589729432087,400.56190490722656,408.0863978068034,0.019743802432077073,0.0009412766874667966,0.7729813110643825,-0.2494708903048365,0.4764537441064491,0,6.0,False,0.0,0.0
183.80946343667284,191.10508471525102,181.97837830963059,190.5586395263672,40334600,JPM,2024-05-10,0.03028614197229107,1,0.04335742097508799,0.02728820842734181,0.08742283477621204,0.05060152925648809,0.11673730973318386,0.37377782960181904,0.04335742097508799,0.027449004796722586,0.031901479422672865,184.2049217224121,182.7014923095703,0.03449266037272247,0.043005380620995126,0.9923463483216657,-0.12218955322302283,0.46266831928429764,0,7.0,False,0.0,0.0
166.08729275303767,170.35203588113026,164.66900697168114,167.2675323486328,114626700,GOOGL,2024-05-10,0.043937239812462,1,0.008430878059846547,-0.019191626461174338,0.069232052249943,0.1945743531758417,0.20018505240359552,0.271966334454528,0.008430878059846547,0.06689317366205177,0.0450743795622755,164.12600326538086,151.37803268432617,0.019140958901998628,0.10496569008425127,0.917685195454296,-0.23655910218683862,0.45891565896667574,0,8.0,False,0.0,0.0
183.8000030517578,187.55999755859375,167.75,168.47000122070312,377983200,TSLA,2024-05-10,0.053362648709112115,1,-0.07020255560080668,0.0010696294595737843,-0.015083319409670004,0.02995655485159876,-0.1574393408752478,-0.2151408990864062,-0.07020255560080668,0.1308002262387473,0.08810803251959065,166.25,173.42416636149088,0.013353390801221776,-0.02856675193964109,0.201221219192332,-0.2862437526439542,0.44843241109505666,0,9.0,False,0.0,0.0
180.53910014061182,183.50044009541958,178.62825898838415,181.47796630859375,300675100,AAPL,2024-05-10,0.037257490326518816,1,-0.0004456810747242024,0.08268320792057571,0.038223117048999056,0.061860228083163715,0.005420985705389958,-0.015385313343238005,-0.0004456810747242024,0.061659754792582906,0.03877428865166869,173.50423431396484,172.9649289449056,0.04595698788653202,0.0492182861324435,0.5661918393799061,-0.07006785479176625,0.44540982045544275,0,10.0,False,0.0,0.0
141.43554488557442,145.97911314019834,141.12448228398986,145.771728515625,33543500,JNJ,2024-05-17,-0.04191642339984025,0,0.031552120922280213,0.035974967768437116,0.045500574389170545,-0.003800934873561812,-0.04448847060480321,0.04854711631586661,0.031552120922280213,0.019174955854803763,0.021055548073792826,141.3884048461914,144.62013498942056,0.031002002421641084,0.007962885156265864,0.5319142470482411,-0.1296078259656771,0.5398480737830805,1,1.0,True,0.5,-0.020958211699920126
469.56665421428306,479.25104313597546,456.9819652481851,468.7323303222656,65663400,META,2024-05-17,0.013371207156832376,1,-0.009008874737483907,0.0441411683129278,-0.01904090389591473,-0.07392369265624554,-0.02503977587764805,0.4100129935392165,-0.009008874737483907,0.056143250057147584,0.05197045225655187,457.7368698120117,484.3150456746419,0.02402135645042014,-0.03217474966252565,0.7267625365380829,-0.3494307690135633,0.5381966940071122,1,2.0,True,0.5,0.006685603578416188
414.05999755859375,417.3299865722656,408.1700134277344,416.94000244140625,14775700,BRK.B,2024-05-17,-0.02285700274258562,0,0.011867527710968995,0.040087827774490714,0.029278207421449043,0.012973751843306847,-0.0006711058397911307,0.16161928774234546,0.011867527710968995,0.015988531546394034,0.018452440302430536,407.98999786376953,409.1191635131836,0.021936823511602865,0.019116285976593206,0.9469159780150361,0.020477650698933703,0.5176950194135638,1,3.0,False,0.0,-0.0
411.6910695528216,419.7448271840896,404.6097563640546,414.60430908203125,85671300,MSFT,2024-05-17,0.023678700497594685,1,0.015016479187302645,0.03518393782383411,0.0547403541836593,-0.018127603515840418,0.025900337104903137,0.1403175874720255,0.015016479187302645,0.008637418414711795,0.024322353421403736,405.9413299560547,408.9586715698242,0.021340470867833083,0.013804909651470965,0.873971405099449,-0.12361298796686826,0.5176917156175689,1,4.0,False,0.0,0.0
188.0,188.30999755859375,182.72999572753906,184.6999969482422,211066900,AMZN,2024-05-17,-0.021386015232848554,0,-0.014828242173298256,-0.008109176258960682,0.0576647299081694,0.032593514788408884,0.055488834506365325,0.2722138467159023,-0.014828242173298256,0.023161875328317396,0.027007051158634433,184.50249862670898,180.92333475748697,0.0010704371106258215,0.02087437861908481,0.9341856197439529,-0.08494135888875987,0.49031725335237536,0,5.0,False,0.0,-0.0
276.72663295483073,278.14501169904804,269.6575378074606,275.89923095703125,66862200,V,2024-05-17,-0.02002872354757934,0,-0.0004331874191229046,0.04517264078328531,0.04017506789691283,-0.009325678819431138,-0.01051328796987716,0.12654954571248633,-0.0004331874191229046,0.02861810588557827,0.01880950458810711,271.44905853271484,273.31080373128253,0.016394134679896366,0.009470636324693693,0.8998575902519172,0.6079833771830674,0.48648228719348735,0,6.0,False,0.0,-0.0
170.0,180.0,169.0,177.4600067138672,370347300,TSLA,2024-05-17,0.01003042213430616,1,0.053362648709112115,-0.02058610120470239,0.20680042863654924,0.038810541542751764,-0.07558469768489584,-0.24259494493192324,0.053362648709112115,0.08960072598307406,0.08938918077139238,173.85250091552734,172.2150001525879,0.020750381957937325,0.030456153973998035,0.2856740679560117,-0.26872607292918615,0.47710350607192464,0,7.0,False,0.0,0.0
162.91353709798523,174.82509128603235,162.65567379498282,174.61680603027344,135750300,GOOGL,2024-05-17,-0.006077411939001798,0,0.043937239812462,0.05273854738345363,0.14257907838951844,0.167738891993239,0.22297884500787846,0.301160342949949,0.043937239812462,0.06116678803265136,0.04574346012299543,169.57348251342773,154.0311075846354,0.02974122747314789,0.1336463703237789,1.0,-0.11585195779741131,0.4738703528389958,0,8.0,False,0.0,-0.0
190.5874094528372,196.57919405411525,189.85879632323068,196.32992553710938,41773800,JPM,2024-05-17,-0.019922624938620515,0,0.03028614197229107,0.07495669195458277,0.10220658422796869,0.047627662817479655,0.11954200910917745,0.3562016128947254,0.03028614197229107,0.02748192579123622,0.0320421510864528,188.75629425048828,184.44846216837564,0.040123860858226834,0.0644161693139389,1.0,0.02907164724553768,0.4581453774836179,0,9.0,False,0.0,-0.0
183.84742393900163,189.458829238671,183.03445892506747,188.2393798828125,288966500,AAPL,2024-05-17,0.0005793398039113384,1,0.037257490326518816,0.03679520429346428,0.15228817796589977,0.1035957768267588,0.04168036692543908,0.0035853910507019915,0.037257490326518816,0.03489146752613961,0.040152123191426754,179.72373580932617,173.59259160359701,0.04738185546354767,0.08437450091569465,0.7775040498852394,-0.091921834002608,0.4563352591451979,0,10.0,False,0.0,0.0
275.0324349534294,276.0666756887244,268.9352335018416,270.3733215332031,26697200,V,2024-05-24,-0.007395599323806401,0,-0.02002872354757934,-0.020453234775640317,0.0017410290026396158,-0.014626571915211328,-0.028824731862194586,0.08340842742156873,-0.02002872354757934,0.03142699299218085,0.01962244872621319,271.56653594970703,272.64207458496094,-0.004393819777282482,-0.008321360726188387,0.6964282975754137,-0.3172451404557419,0.5465519152121836,1,1.0,True,0.5,-0.0036977996619032005
414.6042935983872,427.81573325240726,414.3872272445279,424.4216003417969,84866100,MSFT,2024-05-24,-0.034940560981465585,0,0.023678700497594685,0.03905075039810191,0.06058258406564576,0.024282077348450448,0.03715029463160158,0.14387516361404562,0.023678700497594685,0.009992206538055068,0.024947475572336366,412.00228118896484,410.2255554199219,0.0301438116240329,0.03460546212764193,1.0,-0.04246378046173038,0.5086422581157989,1,2.0,True,0.5,-0.017470280490732792
417.0400085449219,417.2799987792969,404.8699951171875,407.4100036621094,14144200,BRK.B,2024-05-24,0.017157139421083656,1,-0.02285700274258562,-0.011260731145053882,0.013205663959196201,-0.031175653224741917,0.0007369465779323292,0.12333189558188451,-0.02285700274258562,0.021622210087539912,0.018291186413909907,409.31749725341797,409.1441650390625,-0.004660180920943224,-0.00423850936939929,0.8056052064506846,-0.03440366189587085,0.501970748100391,1,3.0,False,0.0,0.0
145.48666509768884,146.41795041798295,139.461935491968,139.6614990234375,37365500,JNJ,2024-05-24,-0.002041220794908205,0,-0.04191642339984025,-0.011686854537301228,0.013808975579368887,-0.06341735354397171,-0.08612122498625618,-0.021095703437705393,-0.04191642339984025,0.03251048836022628,0.023662992141293644,141.86398315429688,143.5233612060547,-0.015525322790802099,-0.02690755114822574,0.12628544339186878,0.011875465022520793,0.49046362541487964,0,4.0,False,0.0,-0.0
187.70403175639103,191.16406816634918,185.0272019643745,188.3484344482422,208652100,AAPL,2024-05-24,0.011948699257420925,1,0.0005793398039113384,0.037858414877570246,0.1236718779870114,0.10938697028753319,0.058876054074071815,0.002686887627709744,0.0005793398039113384,0.039461910047414825,0.03969458891513893,184.90616607666016,174.46531041463217,0.018616298442718726,0.07957526915015678,0.780912295961846,-0.3270481043685798,0.48078827849747957,0,5.0,False,0.0,0.0
466.7855247891009,476.61887645447604,458.4321759489414,474.9998474121094,57338100,META,2024-05-24,-0.023817531808160708,0,0.013371207156832376,0.004241872888983478,0.07879717347952409,-0.015157099539031771,-0.0479394636889483,0.415390025338225,0.013371207156832376,0.02591877191066749,0.05078665499399797,466.4105682373047,482.32189178466797,0.018415704445261527,-0.015180825289654254,0.7578670846774804,-0.16708738572765514,0.47569285695076957,0,6.0,False,0.0,-0.0
184.33999633789062,186.6699981689453,180.0800018310547,180.75,170641500,AMZN,2024-05-24,-0.02384507639609268,0,-0.021386015232848554,-0.03589714039315228,0.006291086257269152,0.0020511980661486184,0.014195930658555955,0.2317704322862404,-0.021386015232848554,0.02618209573652069,0.02762421283555025,184.7849998474121,181.13416798909506,-0.021836187194545276,-0.002120902938192115,0.8406724127965783,-0.23389267790069856,0.4667190009994423,0,7.0,False,0.0,-0.0
174.74573004665857,177.30458297385175,171.53227742671908,173.5555877685547,95028100,GOOGL,2024-05-24,-0.014229384747276308,0,-0.006077411939001798,0.03759280316765712,0.01767970967046062,0.15941188546773355,0.27599542469127547,0.28019623432864926,-0.006077411939001798,0.029997218902931656,0.04177202239497969,170.3272590637207,157.15942001342773,0.01895368200357317,0.10432825314401173,0.9757921047621136,-0.2648128796094448,0.46343772098511216,0,8.0,False,0.0,-0.0
177.55999755859375,186.8800048828125,173.25999450683594,179.24000549316406,402867400,TSLA,2024-05-24,-0.006471789927241511,0,0.01003042213430616,0.06392832073617516,0.06506632981090932,0.019625759933989295,-0.11547569071735664,-0.23873430530319562,0.01003042213430616,0.06463432366162646,0.08763473324741274,176.59000396728516,170.2650006612142,0.015006520563699777,0.05271197719493692,0.3023955224447548,-0.09446053386197084,0.46259310911278406,0,9.0,False,0.0,-0.0
195.94647638612952,197.37492849755048,187.32785559089572,192.41851806640625,56645000,JPM,2024-05-24,0.009565880063503451,1,-0.019922624938620515,0.009760137586318773,0.03731468268239557,0.007892037451970646,0.08953969010041196,0.3229496302345325,-0.019922624938620515,0.0319590153423845,0.03318855487200621,190.48673248291016,185.76622772216797,0.01014131303695609,0.035810009310128565,0.9180982177261199,0.2935254648910426,0.46092296302312735,0,10.0,False,0.0,0.0
270.11724319447274,270.3437745284573,264.23678133459225,268.3737487792969,25493700,V,2024-05-31,0.022792515548259784,1,-0.007395599323806401,-0.02727619845706053,0.01666430441139033,-0.015067530721211364,-0.02526714602652702,0.06638011014645095,-0.007395599323806401,0.028628661765202294,0.019502952859869933,272.66627502441406,272.06233978271484,-0.015742783902163326,-0.01355788899839605,0.6246546711680823,-0.34779455312246965,0.62750161582771,1,1.0,True,0.5,0.011396257774129892
408.239990234375,415.3999938964844,401.5799865722656,414.3999938964844,14837500,BRK.B,2024-05-31,-0.00164090899082181,0,0.017157139421083656,-0.00609202410430465,0.03375158765709463,-0.010080744517523055,0.027905246608756373,0.16055671267906324,0.017157139421083656,0.021950648826945935,0.01860638566145932,412.6999969482422,410.0816650390625,0.004119207561940952,0.010530411929074113,0.9092527447266224,0.012803819814777295,0.5198454321092573,1,2.0,True,0.5,-0.000820454495410905
189.86531862155948,191.3425280405038,187.47602704829728,190.5989532470703,230395500,AAPL,2024-05-31,0.024135277833573054,1,0.011948699257420925,0.012534961418417145,0.049791392178082816,0.13522087656648374,0.12757437277506356,0.007929426906294612,0.011948699257420925,0.017538729597789227,0.0356877745054907,187.1661834716797,176.2623494466146,0.018340758526553147,0.08133673382583573,0.8512470117641,-0.1041200782510403,0.5146657279875912,1,3.0,False,0.0,0.0
179.92999267578125,184.0800018310547,173.8699951171875,176.44000244140625,150024900,AMZN,2024-05-31,0.044547724447928205,1,-0.02384507639609268,-0.044721140461905895,-0.052467665110359274,-0.046631029022946135,0.006216118049332531,0.20002723190017857,-0.02384507639609268,0.013949190721497383,0.028158678893749536,182.34249877929688,181.2250010172526,-0.03237038198667486,-0.026403633874946486,0.7386364621564604,-0.1477723413099491,0.4968479630531091,0,4.0,False,0.0,0.0
139.49044706008516,140.14613721410345,136.56359918246625,139.3764190673828,41875100,JNJ,2024-05-31,0.002795217476174283,1,-0.002041220794908205,-0.043872083519656435,-0.009475412541773087,-0.0297550661249657,-0.07312192782116844,-0.05936224237862542,-0.002041220794908205,0.030323793576464416,0.023533377072939322,141.5306625366211,142.60707092285156,-0.015221037128126724,-0.022654219279326537,0.10736035364381163,0.15396311322659018,0.48319286523735455,0,5.0,False,0.0,0.0
423.8986091406006,425.19114003957617,399.1137496856911,409.5920715332031,107624900,MSFT,2024-05-31,0.021005604956758628,1,-0.034940560981465585,-0.012089207562568816,0.022669384334044418,-0.022657445826227418,0.02377717614129704,0.1125146021803658,-0.034940560981465585,0.027460755476710633,0.026352440580787517,414.2721252441406,411.0182851155599,-0.011297051927351975,-0.0034699516639649097,0.764233772131558,0.2124652243245817,0.4776605872510368,0,6.0,False,0.0,0.0
173.01996737259077,175.81685807916702,168.05108411296985,171.08599853515625,104531300,GOOGL,2024-05-31,0.011362262060246042,1,-0.014229384747276308,-0.020220318853530372,0.03145183828595788,0.13114766832974944,0.27390882926941784,0.3082058258680114,-0.014229384747276308,0.025716330701920972,0.04189356579297139,171.6314811706543,160.22491709391275,-0.003178220171366264,0.06778646940960797,0.9180858000754731,-0.07070154804101203,0.4673466509691015,0,7.0,False,0.0,0.0
191.6036125630803,194.901490452382,188.75630141642043,194.25917053222656,34277200,JPM,2024-05-31,-0.013226173121621776,0,0.009565880063503451,-0.01054732231583011,0.06361877724897935,0.026234456814657525,0.08283895531770824,0.3075030584821219,0.009565880063503451,0.02759364697161975,0.03309836795695838,193.39156341552734,187.00465647379556,0.004486271796847019,0.03879322683843189,0.9551452608839069,-0.20760374176590735,0.4607227177400104,0,8.0,False,0.0,-0.0
473.37090944104057,477.6220886169313,451.3998233629331,463.6865234375,47041400,META,2024-05-31,0.0559732474753325,1,-0.023817531808160708,-0.010764793803099693,0.03290120393471163,-0.11474600265702983,-0.07731992788388986,0.4387207970285658,-0.023817531808160708,0.03372294797149321,0.05101286769246827,470.10304260253906,479.08384195963544,-0.013649175996642282,-0.03213908959891976,0.6896005043440572,-0.18336538407288738,0.4567641303295542,0,9.0,False,0.0,0.0
176.39999389648438,182.6699981689453,173.16000366210938,178.0800018310547,259452200,TSLA,2024-05-31,-0.003369306476562417,0,-0.006471789927241511,0.003493717422129672,-0.01716430580300521,0.0799272796992585,0.01562681390664511,-0.25436502756874646,-0.006471789927241511,0.051232692878925803,0.0778638212924306,175.81250381469727,170.4933344523112,0.012897251146296806,0.044498322489349595,0.2914983529251221,-0.26430459261300876,0.44860131000730424,0,10.0,False,0.0,-0.0
268.9943300570037,276.125739328634,264.03976866710053,274.49066162109375,23774000,V,2024-06-07,-0.02874375591332934,0,0.022792515548259784,0.01522835191187677,-0.005536351920663263,0.011689104442710097,-0.013617426990279236,0.09371369162159948,0.022792515548259784,0.017973290644051555,0.020502551237170936,272.28424072265625,271.7465515136719,0.008103373491545218,0.010098049421921829,0.8305492288728681,-0.33418797973213765,0.6727021479880695,1,1.0,True,0.5,-0.01437187795666467
414.8900146484375,416.7200012207031,405.7699890136719,413.7200012207031,18073200,BRK.B,2024-06-07,-0.01977180859432892,0,-0.00164090899082181,0.015488077125928923,0.0040529389084060785,0.02593857858892945,0.01369660713746268,0.17174582801233385,-0.00164090899082181,0.017843933844736995,0.018366697713005527,413.1175003051758,410.54749806722003,0.0014584250608657978,0.007727493574844813,0.89383311336532,0.16920747979155948,0.5538869626392982,1,2.0,True,0.5,-0.00988590429716446
139.9275651914542,141.4955083392696,137.46636603871238,139.76600646972656,32224800,JNJ,2024-06-07,-0.010470315364959903,0,0.002795217476174283,0.0007482910252274433,-0.010947308680437029,0.0050765682332905016,-0.06265704965488605,-0.032543394361109534,0.002795217476174283,0.030229197883431463,0.023653438526117322,141.14391326904297,141.8285115559896,-0.009762424516953083,-0.014542245868869763,0.13322319106004002,-0.11109456040284427,0.49870797737093303,0,3.0,False,0.0,-0.0
409.9867358256656,420.59337708963096,403.4649291544174,418.19580078125,77304600,MSFT,2024-06-07,0.044166501258078306,1,0.021005604956758628,-0.014668903645651099,0.023809015057570715,0.006434126620521452,0.019678652671456742,0.1367335476105016,0.021005604956758628,0.02765855248568837,0.026054223783296124,416.7034454345703,411.6908442179362,0.0035813367108672445,0.01580058593644673,0.901019560580743,-0.13010634745457317,0.4795492089202368,0,4.0,False,0.0,0.0
193.95236848520958,194.05782485993137,187.26075158024344,191.6898651123047,36249000,JPM,2024-06-07,-0.030857577344538978,0,-0.013226173121621776,-0.00378681304389894,0.005936364726097709,0.09387817333493076,0.05683828311595085,0.27653570373236636,-0.013226173121621776,0.022871858938635636,0.033577811613849734,193.67436981201172,187.86376953125,-0.010246604657256797,0.020366330296690105,0.8834434603559966,-0.1417561928438249,0.4778712997891254,0,5.0,False,0.0,-0.0
191.24334718637152,195.2486855650071,190.86662095571478,195.19911193847656,245994400,AAPL,2024-06-07,0.07923201352285059,1,0.024135277833573054,0.03637236226732177,0.07560777712568556,0.1167208590895743,0.14214511954670495,0.00867944564837897,0.024135277833573054,0.01578678598301286,0.03590090312775157,190.5964698791504,178.28680038452148,0.02414862175697441,0.09486014397857456,0.9950142419573357,0.010235126284832141,0.4758237940019633,0,6.0,False,0.0,0.0
171.12566288057238,176.4119585188029,169.75698519210337,173.02992248535156,119319600,GOOGL,2024-06-07,0.014518387585409132,1,0.011362262060246042,-0.0030288006854848337,0.034450141374168686,0.10606724761174613,0.23572760852470553,0.2923921375726477,0.011362262060246042,0.02577382401817618,0.04140663564566342,173.07207870483398,162.97551854451498,-0.0002435760857435465,0.06169272557393546,0.9631845417413905,0.04981883041854096,0.46469307080554434,0,7.0,False,0.0,0.0
177.6999969482422,186.2899932861328,175.9199981689453,184.3000030517578,149494100,AMZN,2024-06-07,-0.003472595654101518,0,0.044547724447928205,0.01964040415910273,-0.01696177057952719,-0.00983184754229638,0.05664490876351569,0.2501696197319683,0.044547724447928205,0.03250729830424472,0.030723204289717896,181.54750061035156,182.04833475748697,0.015161334814043137,0.012368519037926795,0.9247160650810623,-0.12220735689727102,0.4535429074698943,0,8.0,False,0.0,-0.0
178.1300048828125,182.63999938964844,172.1300048828125,177.47999572753906,312710900,TSLA,2024-06-07,0.002986245165965018,1,-0.003369306476562417,-0.009819290960087157,0.05348129899418974,0.0375913040693463,0.08503996931264268,-0.27214567588163874,-0.003369306476562417,0.027595074710562193,0.07467197366550658,178.06500244140625,171.6525001525879,-0.0032853548190059367,0.03394937778226881,0.2858618463895009,-0.0702659134110879,0.4488279326291006,0,9.0,False,0.0,0.0
467.68938886665507,499.4342020437463,465.08703582474993,489.64056396484375,54106600,META,2024-06-07,0.02373536122128006,1,0.0559732474753325,0.030822571065022064,0.03519518938257504,-0.036999539823291405,0.018301905018312192,0.4830446050991015,0.0559732474753325,0.034769892628641566,0.05236584000293554,474.2648162841797,479.81719970703125,0.032420173609190694,0.020473139070067647,0.8216565301100358,-0.034455129277558005,0.4325559648154771,0,10.0,False,0.0,0.0
139.24338373876677,140.2221629407793,136.72515190331634,138.3026123046875,28507300,JNJ,2024-06-14,0.0220559809351486,1,-0.010470315364959903,-0.007704364697274757,-0.05123844168546643,-0.00806924582379076,-0.05484462257915901,-0.047238723578660435,-0.010470315364959903,0.020100653917910872,0.023343925641057608,139.2766342163086,141.15973663330078,-0.006993433730659748,-0.02024036312872568,0.03607547750828599,-0.18534685692281427,0.5797748981386803,1,1.0,True,0.5,0.0110279904675743
413.3399963378906,413.94000244140625,403.3299865722656,405.5400085449219,17157000,BRK.B,2024-06-14,0.010060626538191952,1,-0.01977180859432892,-0.02138027384666341,-0.027342048807337593,0.0011356324378029026,-0.014723025920144628,0.13755963126205284,-0.01977180859432892,0.01849913506123153,0.01915402713913278,410.2675018310547,410.0424982706706,-0.011522953353686693,-0.010980544077108356,0.7661204789426288,0.06877385655929813,0.5723961956802429,1,2.0,True,0.5,0.005030313269095976
273.96864476717565,274.38232903646826,265.2316011968135,266.60076904296875,34893500,V,2024-06-14,0.0168476920833327,1,-0.02874375591332934,-0.006606382868639571,-0.033702384315491773,0.00511868800325832,-0.0427137655233476,0.052848614176053355,-0.02874375591332934,0.022531939330564497,0.02199317219617871,269.9596252441406,270.7552490234375,-0.012442068691324693,-0.015344042250161949,0.5150636196976023,0.259029536778449,0.5386644340798477,1,3.0,False,0.0,0.0
195.20899197297106,218.30889945026047,190.49978557066368,210.66513061523438,635503200,AAPL,2024-06-14,-0.023530528061769584,0,0.07923201352285059,0.1052795780161111,0.11913421488310738,0.2895651253669538,0.23507179324732763,0.07835070839514158,0.07923201352285059,0.034858756663529195,0.04044969413530838,196.20290756225586,181.62813313802084,0.07371054401112587,0.15987059369898415,1.0,0.9249722008758201,0.5143637531735983,1,4.0,False,0.0,-0.0
176.05999755859375,191.0800018310547,167.41000366210938,178.00999450683594,406948200,TSLA,2024-06-14,0.028088310512295322,1,0.002986245165965018,-0.00039312288577564303,0.003099221076078962,0.2105405699596008,0.04203004506715402,-0.29779094869098255,0.002986245165965018,0.007308494070813015,0.07386106050428695,178.20249938964844,172.25083287556967,-0.0010802591628727987,0.03343473895087956,0.2934874805305413,0.17787112058962995,0.5116296666289141,1,5.0,False,0.0,0.0
173.73487093954913,179.1364888587314,171.5404648783356,175.5420379638672,112108900,GOOGL,2024-06-14,0.01606439596662934,1,0.014518387585409132,0.026045611370092647,0.00529864194992391,0.14863319582537882,0.17392632227291216,0.33478770521465706,0.014518387585409132,0.01380251117448105,0.03837556092260131,173.30338668823242,165.1428451538086,0.012917527570664555,0.06297089528991173,1.0,0.04048303908299977,0.5100646453247019,1,6.0,False,0.0,0.0
191.0092423122621,192.54313626193007,182.99460463625155,185.7747802734375,43519200,JPM,2024-06-14,0.013004421542749833,1,-0.030857577344538978,-0.043675622806088055,-0.05376228425083773,0.04294944054355976,-0.008695193379954391,0.1869045765623767,-0.030857577344538978,0.017074316946812784,0.033802030947875206,191.03558349609375,187.72797648111978,-0.027538341948550205,-0.010404396000500915,0.7204223197516489,0.019839428579463192,0.4992454586903593,0,7.0,False,0.0,0.0
419.0344147777948,437.48495834500466,418.2352227759558,436.6660461425781,80442800,MSFT,2024-06-14,0.01629116830051247,1,0.044166501258078306,0.06609985029258625,0.05321154791997551,0.11086472108343504,0.034119346560977704,0.19814480508328458,0.044166501258078306,0.033896215537235874,0.027745764591802186,422.21887969970703,412.8914438883464,0.03421724403500459,0.05758075786298167,1.0,-0.08127949419595337,0.481544439002641,0,8.0,False,0.0,0.0
184.07000732421875,188.35000610351562,182.22999572753906,183.66000366210938,160872800,AMZN,2024-06-14,0.029511042474532623,1,-0.003472595654101518,0.040920432559508724,-0.00563071631465295,0.0517093198580425,0.02677927363828503,0.22464494343656383,-0.003472595654101518,0.03171850134736736,0.030100322066357623,181.28750228881836,182.44750213623047,0.013086954938080986,0.006645755692361144,0.9095645608762246,0.01974206432528991,0.4536667333154548,0,9.0,False,0.0,0.0
490.5345592888621,510.5488971678868,490.08760756920253,501.2623596191406,53075700,META,2024-06-14,-0.018605187769038967,0,0.02373536122128006,0.08103715394416766,0.069400011888469,0.04903766903581053,-0.00965398591695954,0.5084079592212691,0.02373536122128006,0.032879171774395935,0.05049517586724757,482.39732360839844,479.4100036621094,0.03910684219727645,0.045581768820228685,0.8709649957889224,0.003502522667135466,0.4494419065658157,0,10.0,False,0.0,-0.0
405.17999267578125,411.0,403.54998779296875,409.6199951171875,21265900,BRK.B,2024-06-21,-0.006884447433802565,0,0.010060626538191952,-0.009910098838389114,0.005424489912405406,0.018701787862534847,-0.02592027532876684,0.14910088847441982,0.010060626538191952,0.016132534314297176,0.018168928178833855,410.8199996948242,409.13416544596356,-0.0029209984385574206,0.0011874580816157998,0.8293141810716422,0.19247591597788416,0.5456423536818,1,1.0,True,0.5,-0.0034422237169012826
137.80845368022406,141.66660370051142,137.54237867215306,141.35301208496094,36745200,JNJ,2024-06-21,-0.017412028505638832,0,0.0220559809351486,0.011354732494114117,0.012111520163760936,0.026087743429300092,-0.052073913936390936,-0.028103927300241582,0.0220559809351486,0.013784131042688587,0.02363155202531665,139.69951248168945,140.51263936360678,0.011836115773762756,0.005980762479163904,0.23857687538998873,0.054741791314681265,0.5287679897423242,1,2.0,True,0.5,-0.008706014252819416
264.965620149861,273.87010023408544,264.965620149861,271.0923767089844,40724800,V,2024-06-21,-0.04632655852565892,0,0.0168476920833327,-0.012380329778942878,0.0026594901142749094,0.004405149366335737,-0.012005981024350465,0.06892952961664078,0.0168476920833327,0.023672613537192883,0.02239963986726586,270.13938903808594,270.48072560628253,0.0035277627386802735,0.0022613482026523357,0.6773443206197399,0.3043831974760982,0.5142758972219629,1,3.0,False,0.0,-0.0
177.9199981689453,188.80999755859375,177.0,183.00999450683594,296598800,TSLA,2024-06-21,0.08125244971482215,1,0.028088310512295322,0.031158434259747958,0.021033189567803534,0.08746807182810712,0.04107174183089679,-0.27532272363893673,0.028088310512295322,0.015688554112597404,0.07383468222579338,179.1449966430664,172.85249964396158,0.021574690536684482,0.05876394546677988,0.35453015924021064,-0.07001190944557079,0.5115631974124911,1,4.0,False,0.0,0.0
174.2214273884837,179.57340412547137,172.8710325397334,178.3620147705078,119407500,GOOGL,2024-06-21,0.014028756452681312,1,0.01606439596662934,0.030816012679007354,0.02769387643319643,0.04586320579864567,0.1915204949590561,0.2710168824003625,0.01606439596662934,0.014240614698442742,0.03815609355383588,174.5049934387207,167.5319480895996,0.022102641625218356,0.06464478449875166,1.0,0.04888954476968377,0.5072664152461535,1,5.0,False,0.0,0.0
185.48716772913508,191.21054490916163,184.68187237530643,188.190673828125,47451600,JPM,2024-06-21,0.030361549059519044,1,0.013004421542749833,-0.01825444074536553,-0.02197212763494083,0.014522672076899612,-0.014253495037164665,0.18675356189244896,0.013004421542749833,0.020591548878170114,0.03355077992479486,189.97862243652344,187.50121307373047,-0.009411314733560827,0.003677100233604458,0.7687934882442766,0.17529365870573455,0.5027120295929189,1,6.0,False,0.0,0.0
436.6857791496651,444.9243949145692,434.8407300488904,443.77984619140625,91967000,MSFT,2024-06-21,-0.006292009133958776,0,0.01629116830051247,0.06117719346383099,0.045610887461947636,0.10895669695156562,0.07100049190768054,0.20514845422972372,0.01629116830051247,0.0333520090381145,0.027069954398281113,427.0584411621094,415.3430913289388,0.039154840222323406,0.06846569849393846,1.0,0.029464153536988613,0.48694931602180747,0,7.0,False,0.0,-0.0
182.52000427246094,189.27999877929688,181.22000122070312,189.0800018310547,187780400,AMZN,2024-06-21,0.022054147073000685,1,0.029511042474532623,0.025935966902585816,0.046085763933912505,0.05266677970732214,0.04823149302991925,0.23243386838553315,0.029511042474532623,0.03103688924956898,0.031069434507889394,183.37000274658203,183.17250188191733,0.031139221240913173,0.03225101960416343,1.0,0.1588303231764645,0.480077522013049,0,8.0,False,0.0,0.0
211.53757201804441,217.06965275202606,205.33132746963062,205.70806884765625,501649200,AAPL,2024-06-21,0.015085061630628172,1,-0.023530528061769584,0.05383711434349103,0.09216765963714169,0.22723808518114597,0.2116365709708743,0.07456910933560179,-0.023530528061769584,0.04262447647312659,0.041777346734719424,200.54281616210938,184.62238566080728,0.02575635858913805,0.1142097861609701,0.8952078627166423,0.24359727042792745,0.45516535145319187,0,9.0,False,0.0,0.0
498.78668605391897,507.81448578396373,489.56003146184884,491.936279296875,58487400,META,2024-06-21,0.019079182777320458,1,-0.018605187769038967,0.004688572599953256,0.03565565752713096,0.11726239603834676,0.01995812163783084,0.40297333668241464,-0.018605187769038967,0.03769279443402543,0.0486987382848716,486.63143157958984,480.21217091878253,0.010901161275312266,0.02441443405247501,0.8175447931747329,0.09984669347297803,0.44838928176234544,0,10.0,False,0.0,0.0
141.59054657000584,142.27474365974027,137.6374149715589,138.8917694091797,34329900,JNJ,2024-06-28,0.0021893100630152595,1,-0.017412028505638832,0.004259913060747245,-0.0034772715603262894,-0.012919735519545505,-0.033128871240080016,-0.052825241036351,-0.017412028505638832,0.017366527340210335,0.021809522864454478,139.57835006713867,140.1160570780436,-0.004918962415222161,-0.008737668575572344,0.07518678941013444,0.04182169107605649,0.5717708403370674,1,1.0,True,0.5,0.0010946550315076298
410.70001220703125,417.0,405.7900085449219,406.79998779296875,22185800,BRK.B,2024-06-28,0.010742442885690595,1,-0.006884447433802565,0.0031069172498361386,-0.01833978333844788,0.014792807513687167,-0.028235649185629264,0.14058202101730677,-0.006884447433802565,0.012370475419005064,0.018211132000092733,408.9199981689453,408.149164835612,-0.005184413541693966,-0.0033055979501677157,0.7588751723653379,0.1278731194849132,0.5507237568118808,1,2.0,True,0.5,0.005371221442845298
443.7995580906483,450.08461670642896,440.45477465939115,440.9875793457031,92002700,MSFT,2024-06-28,0.04611259808719281,1,-0.006292009133958776,0.009896654986804254,0.07665067269241543,0.10105768058518749,0.05225651840211576,0.192916131206335,-0.006292009133958776,0.02068998978376427,0.0272345091309338,434.9073181152344,417.1680959065755,0.013980590753953859,0.05709804674147945,0.9660545778664881,0.07694581277905033,0.509803626841946,1,3.0,False,0.0,0.0
178.8882466857276,184.73666261792098,177.4087592034553,180.8642120361328,109272700,GOOGL,2024-06-28,0.04639041359331886,1,0.014028756452681312,0.030318515917885813,0.05715379157089373,0.09040322166676873,0.19579704640137052,0.30545522469346675,0.014028756452681312,0.0019569340974410275,0.038127736930258144,176.94954681396484,169.99980545043945,0.022123058762527625,0.06390834717078953,1.0,-0.050027091424265646,0.5063402916516073,1,4.0,False,0.0,0.0
189.3300018310547,199.83999633789062,185.3300018310547,193.25,312408400,AMZN,2024-06-28,0.03492884864165591,1,0.022054147073000685,0.05221603041854417,0.09527316552932019,0.03780673987596472,0.044199450759468295,0.2718836178413544,0.022054147073000685,0.02006895246825728,0.03083980175221581,187.57250213623047,183.85416793823242,0.030268284525234224,0.05110480859440836,1.0,0.5416998486347082,0.5040197790159358,1,5.0,False,0.0,0.0
271.19087530752046,276.1848448247858,257.33189563609216,258.5335998535156,79133800,V,2024-06-28,0.030060570405054277,1,-0.04632655852565892,-0.030259362035647053,-0.036665839973318404,-0.020612546280742716,-0.05118090702431277,0.011891923012101291,-0.04632655852565892,0.03396995685059056,0.025983476736166963,267.6793518066406,269.3185806274414,-0.03416681896230633,-0.04004543893258172,0.1536930668627955,0.7730471902987854,0.4971519411537092,0,6.0,False,0.0,0.0
205.93610206103614,214.2143951724623,204.8158016590104,208.81118774414062,334805300,AAPL,2024-06-28,0.07463669147548524,1,0.015085061630628172,-0.008800425897154573,0.09555264699414212,0.1501017384923642,0.24369423624542152,0.09684108101522715,0.015085061630628172,0.04238289838471815,0.04085594350140272,205.09587478637695,188.0319913228353,0.018115005782702642,0.1105088356248336,0.9608077032378644,-0.22045486600004738,0.46622399537509013,0,7.0,False,0.0,0.0
184.97000122070312,203.1999969482422,182.00999450683594,197.8800048828125,388819500,TSLA,2024-06-28,0.2710733680313726,1,0.08125244971482215,0.11162300426459204,0.11118599982126098,0.09211326351631088,0.20000007402687503,-0.2036380864245103,0.08125244971482215,0.03848479621930063,0.07344673366030825,184.09499740600586,175.60083389282227,0.07487985915448303,0.12687394755533044,0.5620300802621732,0.10689845271157306,0.4603354810760335,0,8.0,False,0.0,0.0
189.63827348154393,194.23039958562825,188.17148500476569,193.90443420410156,47628100,JPM,2024-06-28,0.018119141898063296,1,0.030361549059519044,0.043760804984929624,-0.0018260982333708764,0.06167650487886478,0.024360451886043855,0.20337606100269534,0.030361549059519044,0.027190265255474355,0.03458668334112336,189.8899383544922,187.88548533121744,0.021141172009414122,0.03203519879288974,0.9311006207389485,0.08958929446679087,0.4509029765252205,0,9.0,False,0.0,0.0
496.33091377345426,519.8747782877508,491.44912982983715,501.322021484375,60447100,META,2024-06-28,0.07078257439436264,1,0.019079182777320458,0.00011902323022949801,0.08116582247822834,0.11673747969082471,-0.04289363386054823,0.42743845263715574,0.019079182777320458,0.030546290273326795,0.0416127084301324,496.0403060913086,478.3399022420247,0.010647754483270155,0.048045582512834306,0.8713067416048523,0.06930754371192238,0.44632799336485546,0,10.0,False,0.0,0.0
138.80627134717227,141.30547744758792,137.31431194870095,139.1958465576172,18771100,JNJ,2024-07-05,0.02321159079924562,1,0.0021893100630152595,-0.015260838771848584,-0.004079389019624569,-0.014982039369236144,0.0009764699169578783,-0.07661399789821588,0.0021893100630152595,0.017327805936195245,0.019760045154743073,139.43581008911133,140.12737274169922,-0.001720960572042296,-0.006647710335646817,0.09537301156392573,-0.36559206107128217,0.7277714198830645,1,1.0,True,0.5,0.01160579539962281
408.0899963378906,411.3999938964844,403.82000732421875,411.1700134277344,13314500,BRK.B,2024-07-05,0.032273727607337266,1,0.010742442885690595,0.003784039668530914,-0.006163559376981764,-0.00213560099818888,0.01961514524266028,0.12467523057637808,0.010742442885690595,0.014678457783396076,0.014897724709926697,408.2825012207031,408.8083318074544,0.007072338879080098,0.005776989940098121,0.8356770371021921,-0.2795495865979828,0.6588532334558498,1,2.0,True,0.5,0.016136863803668633
210.26855134899324,224.5052198536283,210.10001313722785,224.3961639404297,216231300,AAPL,2024-07-05,0.018556201481202184,1,0.07463669147548524,0.09084765219692725,0.149575741979582,0.2364926084682688,0.2837552101719736,0.25254564999257734,0.07463669147548524,0.049472594897629056,0.04355560918214552,212.39513778686523,192.1652806599935,0.05650329983357372,0.16772480007699064,1.0,-0.48766091948235657,0.552872646446109,1,3.0,False,0.0,0.0
181.7379989393426,189.51273686548802,180.02021516731907,189.25457763671875,64588200,GOOGL,2024-07-05,-0.02901365380664722,0,0.04639041359331886,0.061069969860040096,0.09376791550456098,0.131448374824223,0.20978086782816674,0.4058704072550827,0.04639041359331886,0.015783810135238333,0.038819127023271255,181.00571060180664,172.73459752400717,0.04557241319893346,0.09563793443531532,1.0,-0.3626855771154428,0.5439203623642755,1,4.0,False,0.0,-0.0
259.83382264349837,266.4924202178958,257.38114593291914,266.3052673339844,29657800,V,2024-07-05,-0.017088359762469585,0,0.030060570405054277,-0.01765859089478905,-0.029820301495023127,-0.035191557732229595,-0.01847976967100151,0.04495904306689913,0.030060570405054277,0.036338963743853474,0.02778574477005653,265.6330032348633,268.90075429280597,0.002530800355883045,-0.009652211521859022,0.3828962522590792,-0.35669831175007416,0.5414231975808437,1,5.0,False,0.0,-0.0
193.49000549316406,200.5500030517578,192.82000732421875,200.0,158248800,AMZN,2024-07-05,-0.02754997253417968,0,0.03492884864165591,0.05775332167969016,0.08518717682187504,0.06678048089277744,0.07451778194450731,0.377031068822242,0.03492884864165591,0.016992453608470733,0.03211006830985331,191.49750137329102,185.0100008646647,0.04440004995226987,0.0810226423721847,1.0,-0.22740490051145457,0.5052476488369549,1,6.0,False,0.0,-0.0
194.46049781077463,201.68903471376527,194.28794079062752,197.41781616210938,31662700,JPM,2024-07-05,0.00073249490221583,1,0.018119141898063296,0.0490308161732369,0.029881345299340056,0.03599509658964117,0.12656472474776326,0.2023331517779985,0.018119141898063296,0.026689077330258947,0.024844267745780538,191.32192611694336,189.7337392171224,0.031861952097638646,0.0404992647944058,1.0,-0.25613996344448775,0.5043129300000192,1,7.0,False,0.0,0.0
201.02000427246094,252.3699951171875,200.85000610351562,251.52000427246094,661802000,TSLA,2024-07-05,-0.013080504488851452,0,0.2710733680313726,0.37435119295119135,0.41717382424656724,0.4929661212678371,0.4704472363929384,0.05907616512182323,0.2710733680313726,0.12128704341719704,0.10381169764708646,202.60499954223633,182.30666732788086,0.24143039333058258,0.3796533498146779,1.0,0.5090956199475707,0.5014446963384307,1,8.0,False,0.0,-0.0
442.67479410049566,462.10213204110306,439.71481466960876,461.3226623535156,57575700,MSFT,2024-07-05,-0.02996410375043468,0,0.04611259808719281,0.03953044806487904,0.10312600339768707,0.12939034702298025,0.11022365578193738,0.27605586626038736,0.04611259808719281,0.024954029712835012,0.02932894885157027,445.6890335083008,420.9847946166992,0.035077436665094996,0.09581787335940128,1.0,-0.2847477019344187,0.4876054247342872,0,9.0,False,0.0,-0.0
502.0478255113692,537.7613890905714,490.335531960126,536.806884765625,45427400,META,2024-07-05,-0.07601263848139928,0,0.07078257439436264,0.09121223084600216,0.09632845861228079,0.13491394633864662,0.05576481014844803,0.5372054286937751,0.07078257439436264,0.03664169627011737,0.04566215042902202,507.8318862915039,480.7027180989583,0.05705628034843202,0.11671281345889328,1.0,-0.1643138077315055,0.45498855460987475,0,10.0,False,0.0,-0.0
139.11982350461608,143.37707579962824,137.9604995840531,142.4268035888672,28930600,JNJ,2024-07-12,0.03209227944512594,1,0.02321159079924562,0.025451718231576326,0.029820053399236546,-0.022946321353384258,0.021510182234088848,-0.06251137450640165,0.02321159079924562,0.019214081254342732,0.020847590044401308,140.46685791015625,140.3772989908854,0.013953082655016935,0.014599971738413764,0.30986073856775875,-0.025715459584700007,0.566030819744048,1,1.0,True,0.5,0.01604613972256297
197.65882429121405,202.2089220462034,194.82466361458398,197.5624237060547,52195900,JPM,2024-07-12,0.023616772135302888,1,0.00073249490221583,0.018864908979352002,0.0634512575671855,0.006277688770947698,0.10912589412504126,0.22613209661853317,0.00073249490221583,0.012274917856271408,0.02490214919056956,194.26883697509766,191.35357157389322,0.01695375739228422,0.032447014608054214,1.0,0.16679101120330309,0.5563453436898645,1,2.0,True,0.5,0.011808386067651444
411.2699890136719,427.45001220703125,408.0,424.44000244140625,19240800,BRK.B,2024-07-12,0.023631134486861827,1,0.032273727607337266,0.043362869168557916,0.04660451126461629,0.017988199635639468,0.04779306929715932,0.1672625492022728,0.032273727607337266,0.016043400567441884,0.017327793911816578,413.0074996948242,410.4216664632161,0.02768110205027674,0.034155935525997716,1.0,0.012580420224453048,0.5412640079595841,1,3.0,False,0.0,0.0
247.7100067138672,271.0,233.08999633789062,248.22999572753906,823613000,TSLA,2024-07-12,-0.03637754878426669,0,-0.013080504488851452,0.2544470871351787,0.3944722396921738,0.3987940174474349,0.6880652198298052,0.13403991237471824,-0.013080504488851452,0.1255777135717375,0.08953970612941971,220.1599998474121,190.73833338419595,0.12749816451481477,0.30141640289757676,0.9685076241363163,0.5175978735907543,0.5304095416486798,1,4.0,False,0.0,-0.0
460.326095268591,461.4607780718062,444.6382348256943,447.4995422363281,87801100,MSFT,2024-07-12,-0.03624748655946519,0,-0.02996410375043468,0.0147667716634714,0.024809568294697826,0.07934127174686068,0.13842479524732498,0.17179775414683562,-0.02996410375043468,0.03244629312943117,0.025148179056140044,448.3974075317383,425.5192057291667,-0.002002387347314505,0.05165533355773233,0.8008308753563846,0.06636748834434258,0.5062988972369596,1,5.0,False,0.0,-0.0
200.0399932861328,201.1999969482422,192.86000061035156,194.49000549316406,175514700,AMZN,2024-07-12,-0.05840917419661873,0,-0.02754997253417968,0.006416587286748099,0.05896766642224027,0.05300491990622658,0.1137261642045928,0.2578580496381391,-0.02754997253417968,0.028680491430770248,0.02652894791004201,194.2050018310547,186.66500091552734,0.0014675402766264334,0.041920041460679736,0.8766235097398626,-0.1581547289934928,0.5024737093883023,1,6.0,False,0.0,-0.0
225.1397532025748,231.0783037422216,221.33273465594922,228.5601043701172,287546800,AAPL,2024-07-12,-0.02702338587274178,0,0.018556201481202184,0.09457786644159705,0.08494511503931212,0.21419919951078326,0.39910738329193474,0.24326199469525256,0.018556201481202184,0.04041732956462945,0.03393569106758583,216.86888122558594,197.598508199056,0.053909178110113976,0.15668942267454367,1.0,-0.14180031137878601,0.49309991490811467,0,7.0,False,0.0,-0.0
266.19689780906924,267.36905306637755,254.63298234805293,261.7545471191406,40059300,V,2024-07-12,-0.0010537271429642558,0,-0.017088359762469585,0.0124585248008382,-0.018177824247187502,-0.051267572543881146,-0.013152182854828554,0.009683917744145454,-0.017088359762469585,0.034436062804334124,0.027458058669021384,264.42144775390625,268.6100438435872,-0.010085795450479829,-0.02552211609942101,0.15869035053691657,-0.15475875863836974,0.47161241207895216,0,8.0,False,0.0,-0.0
539.2328502639116,539.6902282867122,491.3894609308073,496.0027770996094,70862800,META,2024-07-12,-0.044260084849467085,0,-0.07601263848139928,-0.010610434325258211,-0.010492673983196088,0.05817914620609721,0.038030458778525844,0.3348690921455286,-0.07601263848139928,0.06189401485846184,0.04790022442187822,506.5169906616211,482.21706136067706,-0.02075786944141378,0.02858819573914073,0.7390082669793981,0.20502311194360123,0.46918029143762896,0,9.0,False,0.0,-0.0
188.55947141301834,190.39645856086898,183.18770320192158,183.76361083984375,100634000,GOOGL,2024-07-12,-0.040038920108157905,0,-0.02901365380664722,0.01603080438672788,0.04683535050258936,0.052382156205425856,0.20242983415076954,0.2988603630945217,-0.02901365380664722,0.03101282135258227,0.039404877172338336,183.06110382080078,175.31265767415366,0.003837554807550214,0.04820503709091861,0.9000816603965958,0.021918119818513437,0.4594569627434574,0,10.0,False,0.0,-0.0
142.61685923320152,149.65836072444452,141.46702344510575,146.9976043701172,44546600,JNJ,2024-07-19,0.038463985816361124,1,0.03209227944512594,0.05604878310266703,0.03993259288853035,0.05252775745625193,0.06706208755557319,-0.028176288681113437,0.03209227944512594,0.02217385457552943,0.022015966560152773,141.8780059814453,141.14716720581055,0.03608451044442651,0.04144920000963226,0.6132942601761736,0.4077179166712752,0.540428966774757,1,1.0,True,0.5,0.019231992908180562
255.97000122070312,265.6000061035156,236.8300018310547,239.1999969482422,587103100,TSLA,2024-07-19,-0.08110365444813161,0,-0.03637754878426669,-0.04898221658295221,0.30703242515701734,0.33452348592661085,0.42135603120231635,0.1272915509499295,-0.03637754878426669,0.13981527861734386,0.08699418060830277,234.20750045776367,196.64750035603842,0.02131655254729492,0.2163897151764489,0.8820713393293494,-0.045879606275872065,0.5319354246968596,1,2.0,True,0.5,-0.040551827224065806
199.7314503097893,209.72812101590785,199.2783684798156,202.22821044921875,54360200,JPM,2024-07-19,0.01172650164925848,1,0.023616772135302888,0.0243665662027146,0.07459209500420982,0.05098102033727869,0.0901980436163845,0.24580411968387406,0.023616772135302888,0.012680230595908844,0.02327276795388619,197.7782211303711,192.74785868326822,0.022499895556823413,0.04918525077639946,1.0,0.16999960720356388,0.5292032144216957,1,3.0,False,0.0,0.0
425.5899963378906,449.25,425.29998779296875,434.4700012207031,22462300,BRK.B,2024-07-19,0.007342284697317458,1,0.023631134486861827,0.05666752689168053,0.06066599872988698,0.0664195707404287,0.08050234923113697,0.1838742548352139,0.023631134486861827,0.017028602613557674,0.01777892811539202,419.2200012207031,413.1191660563151,0.03637708114019933,0.05168202523307164,1.0,0.16379848555892607,0.5280026556560679,1,4.0,False,0.0,0.0
495.764185294849,503.76790669294775,456.4811865614618,474.0496520996094,89108200,META,2024-07-19,-0.023259555266405663,0,-0.044260084849467085,-0.11690839750204773,-0.03635964239683842,-0.0020004118268182047,0.07663913485495755,0.2459765160275209,-0.044260084849467085,0.06552317060258414,0.04332314248202786,502.0453338623047,485.0291112263997,-0.05576325457966247,-0.022636701329181497,0.5693767169772364,0.34075167719596533,0.5122025311583704,1,5.0,False,0.0,-0.0
261.6856442711805,269.51639649720227,260.3459824975949,261.4787292480469,32430500,V,2024-07-19,-0.022602234908763674,0,-0.0010537271429642558,-0.018124080436923262,-0.03546262560993252,-0.0328974479978934,-0.031213694406330927,-0.016437111052235,-0.0010537271429642558,0.031869166872399685,0.02684753767811124,262.0180358886719,267.9079869588216,-0.002058280601928253,-0.023998006867047672,0.1451012939524338,-0.2844163824860134,0.49767933536797293,0,6.0,False,0.0,-0.0
194.55999755859375,196.6199951171875,180.11000061035156,183.1300048828125,216879400,AMZN,2024-07-19,-0.0034402056791056346,0,-0.05840917419661873,-0.08434997558593749,-0.03146814517993601,0.01316738524377592,0.01954130865739634,0.17889796060297258,-0.05840917419661873,0.04346315740788087,0.032094417461479556,192.71750259399414,186.95750172932944,-0.04974897236697806,-0.020472550237958687,0.5873289358563584,0.005175011033527133,0.49080812248254774,0,7.0,False,0.0,-0.0
183.6146365772807,187.34811338839907,175.22432531102865,176.40591430664062,99696400,GOOGL,2024-07-19,-0.060002224732975784,0,-0.040038920108157905,-0.06789089854799502,-0.01096702381605208,0.016423133214742647,0.034393199112319195,0.2150832994990921,-0.040038920108157905,0.039896323122215936,0.02740734264819936,182.57207870483398,175.80144373575845,-0.03377386313359698,0.003438370914579769,0.7661947060406202,0.06572654147758117,0.48884314449982447,0,8.0,False,0.0,-0.0
447.2528536845848,451.1600479833261,426.2369919613048,431.27880859375,95118300,MSFT,2024-07-19,-0.027086902029868964,0,-0.03624748655946519,-0.06512546686193954,-0.028169457682547527,0.016156595815177255,0.07771798820501075,0.10042918013800084,-0.03624748655946519,0.037432462019777846,0.028461110418733334,445.2721481323242,428.1109568277995,-0.03142648736793596,0.007399604507727364,0.5597070429287836,0.14428787197990478,0.48181993172461707,0,9.0,False,0.0,-0.0
234.44910163171727,235.1926606193721,220.36111458394757,222.38363647460938,278397600,AAPL,2024-07-19,-0.028309194906537827,0,-0.02702338587274178,-0.008968635784498469,0.08106423690799769,0.18070339754122045,0.3267232040607879,0.17404941257387785,-0.02702338587274178,0.04172215463434601,0.037600083741179284,221.03777313232422,202.1622517903646,0.00608883867771981,0.10002552160535716,0.9052670527309084,-0.003035503737306211,0.4570349355391128,0,10.0,False,0.0,-0.0
244.2100067138672,255.75999450683594,214.7100067138672,219.8000030517578,576337100,TSLA,2024-07-26,-0.05518655466058464,0,-0.08110365444813161,-0.11453085108612915,0.11077419460307092,0.2342767340056695,0.21309123069766156,0.1994543140614342,-0.08110365444813161,0.159809383958068,0.09156910613513129,239.6875,199.86500040690103,-0.08297260786750327,0.09974233910025032,0.6963721561207651,-0.12968122983845998,0.5700539381820987,1,1.0,True,0.5,-0.02759327733029232
202.883717700245,205.48651931773958,200.5604507994631,204.59963989257812,34771100,JPM,2024-07-26,-0.06172258160073185,0,0.01172650164925848,0.0356202159019563,0.05515709701212357,0.053230276501341045,0.12023549885396068,0.24600022227698615,0.01172650164925848,0.00982904769208899,0.022139115415302713,200.45202255249023,194.57784144083658,0.020691321979561472,0.05150534293900466,1.0,-0.19599699173188723,0.5615609401476628,1,2.0,True,0.5,-0.030861290800365926
435.04998779296875,439.6300048828125,430.7300109863281,437.6600036621094,14584300,BRK.B,2024-07-26,-0.02124941331793906,0,0.007342284697317458,0.031146925701302397,0.07586041493404894,0.05612936802174584,0.09177541096376385,0.13559940475676724,0.007342284697317458,0.011557369789982019,0.017515891531635457,426.9350051879883,416.1850001017253,0.02512091616708423,0.05159965773666775,1.0,-0.1618447197562135,0.5468307283193359,1,3.0,False,0.0,-0.0
179.3152104096892,182.31390434397233,162.90191767605657,165.8211669921875,196227100,GOOGL,2024-07-26,-0.0020360245493434848,0,-0.060002224732975784,-0.09763872055873835,-0.08317314340185789,-0.030773012333250027,-0.0002890418547693008,0.0985720517197195,-0.060002224732975784,0.0465076858802107,0.03195247524502195,178.81131744384766,175.7974484761556,-0.0726472498349523,-0.056748727415809164,0.5735855689058534,0.7020833111964397,0.5028078985050358,1,4.0,False,0.0,-0.0
147.0736198695458,153.54497628383004,144.0327452409806,152.65171813964844,38647200,JNJ,2024-07-26,0.021787686210857915,1,0.038463985816361124,0.07179066224287922,0.09906957618151946,0.09524781280144357,0.0848698879396752,0.022997386823269794,0.038463985816361124,0.015822127946052693,0.023617702914967696,145.3179931640625,142.14233525594076,0.05046673722851547,0.07393562843036539,0.988643730601859,0.1810092783938333,0.4896856999142766,0,5.0,False,0.0,0.0
483.7834299289137,492.3737237074945,440.1058796187656,463.0234680175781,71591200,META,2024-07-26,0.04818547261588235,1,-0.023259555266405663,-0.06649017022622072,-0.07639511496701834,-0.001429964828406849,0.03142419154186582,0.18398801930639053,-0.023259555266405663,0.06315305799792453,0.0439566449190531,492.47069549560547,486.2046813964844,-0.05979488271559519,-0.047677890127106215,0.2354195154469776,0.033846758145432254,0.4834401526469389,0,6.0,False,0.0,0.0
263.2222558317478,264.37469204113626,248.91011358176493,255.5687255859375,42124200,V,2024-07-26,0.027441597539953566,1,-0.022602234908763674,-0.023632145463312937,-0.01146804233282639,-0.047713396901162164,-0.03184420306023428,-0.028047939326898197,-0.022602234908763674,0.023657878604307753,0.026890499187477483,261.27681732177734,267.20748138427734,-0.02184691238338987,-0.04355699824737269,0.0,0.16791223232814723,0.4822782636221654,0,7.0,False,0.0,0.0
435.8964446559175,442.40840302613475,411.7035233681291,419.5968017578125,109249300,MSFT,2024-07-26,-0.03945728917473035,0,-0.027086902029868964,-0.06235255647206883,-0.04850653077265421,0.02442608370606214,0.04764919231941489,0.05668041210492114,-0.027086902029868964,0.03879507101539359,0.030073467126528215,439.92445373535156,429.7012990315755,-0.046207142624009934,-0.023515165759413925,0.3885071237889425,0.24947590297371458,0.4726401016557364,0,8.0,False,0.0,-0.0
225.06043082550624,225.82382229500527,212.77682977395946,216.088134765625,242932200,AAPL,2024-07-26,0.00871726488735125,1,-0.028309194906537827,-0.05456757048157357,0.03484941156697463,0.1337320120825296,0.19018210732097773,0.13571420093458397,-0.028309194906537827,0.048608268907524003,0.0354907185489254,222.8570098876953,205.03968938191733,-0.03037317572142495,0.05388442314272268,0.808708397927011,-0.0520716892338845,0.4673828520336394,0,9.0,False,0.0,0.0
185.0,189.38999938964844,176.8000030517578,182.5,202972200,AMZN,2024-07-26,-0.08000003344392126,0,-0.0034402056791056346,-0.061648440302941365,-0.05562742561448897,0.0343459389862919,-0.019923777348700877,0.1469331674224459,-0.0034402056791056346,0.03941545024614745,0.030195958903115886,190.03000259399414,186.64833450317383,-0.039625335427070696,-0.02222540326553668,0.426041428430587,0.0773255472189982,0.4427156928081749,0,10.0,False,0.0,-0.0
438.010009765625,443.8900146484375,423.489990234375,428.3599853515625,18299000,BRK.B,2024-08-02,0.007727211199373141,1,-0.02124941331793906,-0.014063147862852898,0.041807455219127654,0.03538621310950241,0.03958257017784117,0.09625076225607798,-0.02124941331793906,0.023555030018465307,0.018047668212238376,431.2324981689453,417.5441665649414,-0.0066611696233001005,0.025903412507473966,0.7633584229641174,-0.018641468149689477,0.5294169244064502,1,1.0,True,0.5,0.0038636055996865704
224.89999389648438,234.67999267578125,205.77999877929688,207.6699981689453,464001100,TSLA,2024-08-02,-0.036933588079995805,0,-0.05518655466058464,-0.13181437784934125,-0.1743400340277299,0.17010369150421245,0.23268235688375438,0.10515669268128702,-0.05518655466058464,0.028822329242646043,0.09032324782676766,228.7249984741211,203.13166681925455,-0.09205377831736239,0.022341821050131827,0.5802622227324552,-0.24277303852468712,0.5174810113492475,1,2.0,True,0.5,-0.018466794039997902
183.83999633789062,190.60000610351562,160.5500030517578,167.89999389648438,326330000,AMZN,2024-08-02,-0.005717638415579596,0,-0.08000003344392126,-0.08316502255364444,-0.1605000305175781,-0.08898539817532047,-0.10443781884606995,-0.0227577190947571,-0.08000003344392126,0.03370675007173275,0.03758269164666178,182.00500106811523,185.01666768391928,-0.07749790988628968,-0.09251422588951208,0.0,0.4162148638331302,0.511901212830287,1,3.0,False,0.0,-0.0
256.41586423159106,263.9412478868261,254.70193939930846,262.5819396972656,33940000,V,2024-08-02,-0.023629273088931813,0,0.027441597539953566,0.0042191211973201526,-0.013981426931556573,-0.043384798060150054,-0.04868095647074533,-0.03466583704231585,0.027441597539953566,0.02245576437057236,0.024331000806929313,260.34598541259766,266.0877431233724,0.008588395481207156,-0.013175366083966078,0.3014888874603639,-0.08612356449506575,0.5006160056310689,1,4.0,False,0.0,-0.0
204.9948645941633,208.6002417445629,189.8022189578119,191.97122192382812,53416200,JPM,2024-08-02,0.033443695291624165,1,-0.06172258160073185,-0.05071986990641075,-0.027589172771563808,0.0014677709296659902,0.0074128488793365754,0.1527015315478668,-0.06172258160073185,0.038039613747166225,0.02770974770915532,199.09037399291992,194.695556640625,-0.03575839417201043,-0.013992793486425237,0.6658482610596799,0.09716067399460004,0.48796129444341857,0,5.0,False,0.0,0.0
425.82256779911734,426.3849710384123,398.9460172931046,403.0406494140625,150439100,MSFT,2024-08-02,-0.006046717018368342,0,-0.03945728917473035,-0.06547541547835911,-0.12633676533929106,-0.03623936763323665,-0.013293176225322445,-0.003006719049662654,-0.03945728917473035,0.00566513738162546,0.03209026968348812,425.3539505004883,429.2488098144531,-0.052458196427166315,-0.061055872028438096,0.14587655677049535,0.3595702561048404,0.48253875150692943,0,6.0,False,0.0,-0.0
152.0150429032207,156.65234537564132,149.8674285851847,155.97764587402344,38957700,JNJ,2024-08-02,-0.021444899415005714,0,0.021787686210857915,0.061089713280604974,0.12056250047274064,0.11599129011250908,0.10377418897496837,0.06457529624010094,0.021787686210857915,0.007844381966294361,0.023968151423386222,149.51344299316406,143.3643887837728,0.043234927585440674,0.08798040571479993,1.0,0.031431254926956864,0.47902324101509647,0,7.0,False,0.0,-0.0
215.0967167274064,223.66254232334134,213.89710176005346,217.97183227539062,296061500,AAPL,2024-08-02,-0.016465100949933364,0,0.00871726488735125,-0.019838708769934432,-0.028629418401040607,0.11666405707876182,0.2010925442306366,0.18611321920299173,0.00871726488735125,0.024187936011106224,0.03522159538111586,221.25092697143555,208.0808448791504,-0.014820704893445558,0.04753434849798288,0.8376000265863833,0.07177587595178414,0.475812356807673,0,8.0,False,0.0,-0.0
467.1793714880281,524.1401187856688,454.07517290776104,485.33447265625,114143600,META,2024-08-02,0.06069969767547145,1,0.04818547261588235,0.023805144686129598,-0.09588627413347794,-0.008794392510549698,0.026091276562111965,0.02979671224009972,0.04818547261588235,0.052684500090885794,0.043416250040994926,479.6025924682617,487.23309834798175,0.011951311936178932,-0.003896750237554203,0.46661724915659236,0.32070216930118045,0.44682821204433065,0,9.0,False,0.0,0.0
167.63824201341453,173.01999398241156,163.50759297707282,165.48355102539062,118644100,GOOGL,2024-08-02,-0.01794067936483934,0,-0.0020360245493434848,-0.061916083279747736,-0.12560344329930817,-0.04361310085311865,-0.010665436969105713,0.17187271226877132,-0.0020360245493434848,0.0241738055057298,0.03185745610311551,172.86856079101562,175.6487833658854,-0.04272037513260085,-0.05787248932615763,0.5674420193136139,-0.0788530159844224,0.43157269648995294,0,10.0,False,0.0,-0.0
413.42999267578125,434.75,406.1099853515625,431.6700134277344,23332000,BRK.B,2024-08-09,0.02974493464564021,1,0.007727211199373141,-0.013686400823136435,0.0170342355686095,0.06443261905666708,0.035328850434297676,0.08361790666995561,0.007727211199373141,0.018685562846942765,0.017909900795349546,433.04000091552734,418.77166748046875,-0.0031636511289870883,0.030800426458810426,0.8371843206543153,0.18620801854657487,0.5525411205175865,1,1.0,True,0.5,0.014872467322820104
197.38019703112641,214.9182597959333,194.31673780556494,214.38290405273438,342088200,AAPL,2024-08-09,0.04657647035210033,1,-0.016465100949933364,-0.007891366708959624,-0.06202832448144613,0.017647787399093895,0.13888445757841628,0.14658879217416199,-0.016465100949933364,0.017165657667325494,0.035677033848886736,217.70662689208984,210.25947189331055,-0.015266980554537457,0.01961116006947905,0.782554043376995,0.18014402152000097,0.5205427754447597,1,2.0,True,0.5,0.023288235176050165
185.22000122070312,203.8800048828125,182.0,200.0,368934700,TSLA,2024-08-09,0.08059997558593746,1,-0.036933588079995805,-0.09008190526319226,-0.19429559907206795,0.12353242049181468,0.12701449584906088,0.0332179182336414,-0.036933588079995805,0.021036424805093247,0.09113362356997666,216.66749954223633,205.00999959309897,-0.07692662525505922,-0.024437830364581026,0.5068440349338191,-0.2607911535702693,0.5137224259118607,1,3.0,False,0.0,0.0
257.52891199106324,258.9768668478924,250.69297730342294,256.3773193359375,59578500,V,2024-08-09,0.029334819827991243,1,-0.023629273088931813,0.0031638994487535044,-0.020543015746563587,-0.03834741266400288,-0.0707573977403877,-0.056677679803380454,-0.023629273088931813,0.023978550816037152,0.024946133860017445,259.0016784667969,264.46091715494794,-0.010132595071949746,-0.030566323016547048,0.03476038606908259,0.41791790719757826,0.5081356861923654,1,4.0,False,0.0,0.0
155.64506915975795,157.53611595936755,150.17149581652734,152.63272094726562,35306300,JNJ,2024-08-09,-0.007657950094262289,0,-0.021444899415005714,-0.00012444794342525434,0.0716572800991806,0.10361415741741875,0.047066687769331095,0.040748744445334495,-0.021444899415005714,0.027001917774795648,0.024220871827419246,152.06492233276367,143.93613815307617,0.0037339223654713205,0.06041973131820888,0.8163991406783281,-0.1030917490273584,0.4786035322249437,0,5.0,False,0.0,-0.0
187.06444261471978,199.0373280104516,184.02782989843283,198.39144897460938,47038600,JPM,2024-08-09,0.03969886589392124,1,0.033443695291624165,-0.03034311752077501,0.004196269983952838,0.06791378615871158,0.010500301631858777,0.1893460179520896,0.033443695291624165,0.043247135583905194,0.02802658159120744,199.2976303100586,194.86735026041666,-0.004546874611802587,0.018084603241554698,0.8171959623698477,-0.0075517139705917335,0.4705788182520217,0,6.0,False,0.0,0.0
383.97836487999916,404.6094177317887,380.43623009500715,400.60357666015625,125786300,MSFT,2024-08-09,0.032521270318271345,1,-0.006046717018368342,-0.04526541913114712,-0.10479556100060938,-0.08258592533353726,-0.033768902336962725,-0.03101996189326628,-0.006046717018368342,0.01505071376456575,0.03172988880625233,413.6299591064453,428.0820821126302,-0.03149284078558923,-0.06418980518143769,0.11016123283119235,0.04692577711285839,0.4597889003991449,0,7.0,False,0.0,0.0
154.2100067138672,168.5500030517578,151.61000061035156,166.94000244140625,272525600,AMZN,2024-08-09,0.06062055210966877,1,-0.005717638415579596,-0.08526026059503422,-0.14165253881246942,-0.0910377920467863,-0.09615590038051136,-0.043049553672758645,-0.005717638415579596,0.03834994435488646,0.03753502132001048,175.11750030517578,183.53666814168295,-0.04669720530226096,-0.09042697499261965,0.0,0.07008412230717531,0.4528731274709183,0,8.0,False,0.0,0.0
448.7559059334732,515.3608596163658,448.2090488117456,514.7941284179688,92309900,META,2024-08-09,0.01863763187532186,1,0.06069969767547145,0.11181001391148748,0.037885576827295875,0.026995381837785715,0.09826887354673075,0.10835907372818698,0.06069969767547145,0.051892447490002214,0.04623348285365383,484.30043029785156,491.0715815226237,0.06296442499826638,0.04830771681348489,0.7718928635128007,0.005683463211103579,0.44875586693089753,0,9.0,False,0.0,0.0
154.4023257364845,163.26928160754815,153.83634209310054,162.51466369628906,181955000,GOOGL,2024-08-09,-0.004337893562602058,0,-0.01794067936483934,-0.0199401762505641,-0.11563196351248162,-0.07421227655030205,-0.06930685888210675,0.09971709331893552,-0.01794067936483934,0.02535300418364642,0.028894211103609225,167.55632400512695,174.64027150472006,-0.030089346604928013,-0.0694319111162357,0.5134176000506455,0.22010465320173944,0.42716316912828073,0,10.0,False,0.0,-0.0
434.1600036621094,445.20001220703125,425.8999938964844,444.510009765625,15279600,BRK.B,2024-08-16,0.019954545279788682,1,0.02974493464564021,0.03770199123713169,0.023108634696787034,0.08517654182983891,0.09106307103417377,0.09487923460628345,0.02974493464564021,0.020905263545574024,0.017424855510535145,435.5500030517578,421.8633346557617,0.020571706235994247,0.05368249205241504,1.0,-0.14513622650007207,0.5603914995951256,1,1.0,True,0.5,0.009977272639894341
152.9653128418493,153.65900746811155,148.66055283676513,151.4638671875,34708600,JNJ,2024-08-16,0.02973846543175651,1,-0.007657950094262289,-0.028938625539771445,0.030383235403873998,0.07152910966242354,0.08450695608015679,0.026371243883443807,-0.007657950094262289,0.0272650392738042,0.01994414205191965,153.18148803710938,144.9196688334147,-0.011212979268051426,0.045157420015966565,0.7522414811154431,-0.05951369667212669,0.5214009328226437,1,2.0,True,0.5,0.014869232715878256
198.97953754481946,206.38303995381162,196.32853362766434,206.26736450195312,35255800,JPM,2024-08-16,0.020283123062111885,1,0.03969886589392124,0.07447023795992469,0.01997324727228711,0.09605518863457396,0.0719725241349558,0.20879568773260804,0.03969886589392124,0.04657513188398499,0.029194902158581143,200.3074188232422,196.02142079671225,0.029753993704897175,0.05226951046266848,1.0,-0.17279567249740002,0.48376290692096885,0,3.0,False,0.0,0.0
214.4623401059105,225.1422983120676,213.9958359256548,224.36810302734375,214898200,AAPL,2024-08-16,0.0034945826318324436,1,0.04657647035210033,0.029344483115928188,0.008923617691452446,0.09071124085806659,0.1912395432678773,0.24304015465440054,0.04657647035210033,0.03311698311486681,0.03685290168469951,218.20274353027344,213.261110941569,0.028255187800674708,0.05208165725450953,0.9357042489533952,-0.21568575925785516,0.48044836593883533,0,4.0,False,0.0,0.0
257.1077182730638,264.9442957572884,255.3706092253671,263.8981018066406,59836300,V,2024-08-16,0.00022434455252695606,1,0.029334819827991243,0.005012386270329294,0.00925265533281161,-0.02653809372908611,-0.023949181412735276,-0.0364301592873022,0.029334819827991243,0.02974882474463523,0.026415175908607494,259.6065216064453,263.9213155110677,0.01653109549651921,-8.79569139086156e-05,0.358068972393463,0.22440364438123783,0.47805477339469793,0,5.0,False,0.0,0.0
513.8894234095668,536.667738996692,506.17404327864693,524.388671875,63214200,META,2024-08-16,0.0010997971968846887,1,0.01863763187532186,0.08046862817101208,0.10618934019344706,0.06596869136081862,0.10397650595462382,0.11658878087151292,0.01863763187532186,0.03731378270234693,0.04630552448939282,496.8851852416992,495.18731689453125,0.05535179443903582,0.05897032089512955,0.8713162977851933,-0.2590470167957525,0.45856820939297793,0,6.0,False,0.0,0.0
168.13999938964844,178.33999633789062,166.11000061035156,177.05999755859375,181342200,AMZN,2024-08-16,-0.00011298019166816609,0,0.06062055210966877,0.05455630729657335,-0.033145891783834314,-0.06357099722899817,-0.020414951266424675,0.04454016457096488,0.06062055210966877,0.05749141488841666,0.042020344856800035,173.5999984741211,183.22916793823242,0.019930870477446794,-0.03366915021803918,0.306109977753367,-0.2622142660984367,0.45451227444780506,0,7.0,False,0.0,-0.0
199.02000427246094,219.8000030517578,194.6699981689453,216.1199951171875,389155900,TSLA,2024-08-16,0.019433704895069237,1,0.08059997558593746,0.040689541208392965,-0.09648830320030777,0.18091908422583347,0.2057575791885924,0.0808702096311158,0.08059997558593746,0.07150527134645032,0.09315037687433866,210.89749908447266,208.08333206176758,0.024763195653747516,0.03862232969738444,0.6611466570150847,-0.13445358526286944,0.4537702181116091,0,8.0,False,0.0,0.0
401.6297215819056,416.46852653153576,398.84733381774834,413.6317138671875,97971900,MSFT,2024-08-16,-0.004014568812895303,0,0.032521270318271345,0.026277906381210414,-0.04091806593535985,-0.06793488389108948,-0.02542256677303889,0.03940110842793265,0.032521270318271345,0.0315350586382571,0.032484256489214804,409.2181854248047,427.1829249064128,0.010785269569095979,-0.03172226755597518,0.301088705114897,-0.18938803168747076,0.45348895093720737,0,9.0,False,0.0,-0.0
163.1898806325975,163.89485965448893,156.59674898008666,161.8096923828125,130771000,GOOGL,2024-08-16,0.016322814389553075,1,-0.004337893562602058,-0.022200748169915907,-0.0827422480771024,-0.09280183568789913,-0.06767800182501726,0.16102372890337446,-0.004337893562602058,0.026881009645078446,0.028895858653928793,163.90726852416992,173.66144688924155,-0.012797334494340062,-0.06824631902317335,0.50058933761229,-0.16652910497369966,0.4417553828998947,0,10.0,False,0.0,0.0
263.9376104187846,265.9904577613898,261.7761266772086,263.9573059082031,28121800,V,2024-08-23,0.03339070564006352,1,0.00022434455252695606,0.02956574548754598,0.03282318798214967,0.020978727940045516,-0.016456314714766385,-0.053341881985477735,0.00022434455252695606,0.025123373846988727,0.026357254410883053,261.7036666870117,263.55327860514325,0.008611416300432273,0.0015330004817173393,0.36587141651603766,-0.38015589888723944,0.5989046899568479,1,1.0,True,0.5,0.01669535282003176
151.53042627532875,156.05369117816977,151.21683467852742,155.96817016601562,30348400,JNJ,2024-08-23,0.018210580999126424,1,0.02973846543175651,0.021852779653337873,0.021725612176426656,0.12294753554854854,0.11904274201944709,0.022347654993510657,0.02973846543175651,0.024165446320339797,0.020733959974620488,154.01060104370117,146.30231475830078,0.012710612834755386,0.06606768610382785,0.9994798842512134,-0.12867694030332832,0.5610272551243549,1,2.0,True,0.5,0.009105290499563212
446.010009765625,453.7200012207031,443.8399963378906,453.3800048828125,15628500,BRK.B,2024-08-23,0.049715488778001804,1,0.019954545279788682,0.050293026570659816,0.03591829522726875,0.11450348694098178,0.0940637344605395,0.08666891221972195,0.019954545279788682,0.022113295520222884,0.017584830702536833,439.4800033569336,425.1116689046224,0.0316282912071193,0.0664962597969343,1.0,-0.13820270722961825,0.5383696764503612,1,3.0,False,0.0,0.0
164.11328189947275,167.44957853320707,162.15719125168386,164.4508819580078,100108700,GOOGL,2024-08-23,-0.013524902405048778,0,0.016322814389553075,0.011914114195487047,-0.008263631592004494,-0.09074946277844043,-0.03878234708835626,0.15177888228389103,0.016322814389553075,0.014086610817432605,0.02939237094166393,163.564697265625,173.1085205078125,0.005417945969989235,-0.050012781141029805,0.5486506875883139,-0.2465648676861617,0.5168515266634349,1,4.0,False,0.0,-0.0
177.63999938964844,182.38999938964844,175.24000549316406,177.0399932861328,154181700,AMZN,2024-08-23,0.008246762139826336,1,-0.00011298019166816609,0.0605007229964043,-0.029917845007491395,-0.08388101792428038,0.0034005374995718096,0.011714885014097787,-0.00011298019166816609,0.05758666963201205,0.04139598406488398,172.2349967956543,183.27916717529297,0.02789791029624089,-0.03404191532141154,0.30550488779758334,-0.3399611185819038,0.5113501249427637,1,5.0,False,0.0,0.0
523.8417936399916,541.1020981439891,519.7554305554554,524.9653930664062,58279600,META,2024-08-23,-0.012670571081403792,0,0.0010997971968846887,0.01975792668749965,0.13377707465677857,0.04716204469140428,0.1321558133167655,0.09192463197196621,0.0010997971968846887,0.027196327436770563,0.04523360424415909,512.3706665039062,500.29388936360675,0.024581279503056663,0.049314021672706376,0.8772925697906375,-0.28915895938158354,0.4918965800936983,0,6.0,False,0.0,-0.0
224.04051049270504,226.64103964823346,221.3804434072076,225.1521759033203,188124900,AAPL,2024-08-23,0.009522164947440626,1,0.0034945826318324436,0.050233818308277556,0.04194603811785602,0.07825724443080384,0.18128757827677688,0.24594864982577658,0.0034945826318324436,0.026336642927017123,0.03700322287806807,220.46875381469727,216.1405461629232,0.021243019736753466,0.04169337914786375,0.9477301407206034,-0.27725772321366826,0.48787102852536207,0,7.0,False,0.0,0.0
206.29627759905622,211.299436648114,205.17804304045464,210.45111083984375,29394200,JPM,2024-08-23,0.029728416014821235,1,0.020283123062111885,0.060787205938386046,0.028599615084063057,0.08533418383988756,0.08335225700416049,0.2000659543079344,0.020283123062111885,0.04713205274995612,0.02946968630049871,201.7702865600586,197.37074915568033,0.04302330351898087,0.06627305079460388,1.0,-0.2878656465469205,0.4804756907972452,0,8.0,False,0.0,0.0
414.11607854196563,421.8555179747642,407.32548933843145,411.9711608886719,85544600,MSFT,2024-08-23,0.000839736608938324,1,-0.004014568812895303,0.028376142627800638,-0.018173734492719196,-0.0657987204539483,0.00580843605337189,0.019384853401427815,-0.004014568812895303,0.02941067351560338,0.03078641280952801,407.31177520751953,427.38118235270184,0.011439359146389716,-0.036056855332747495,0.2767532857266166,-0.2557163051703576,0.4521986982472864,0,9.0,False,0.0,0.0
217.07000732421875,228.22000122070312,210.32000732421875,220.32000732421875,381622100,TSLA,2024-08-23,-0.028186304046044497,0,0.019433704895069237,0.10160003662109385,0.002365806484263322,0.1134020713952153,0.23719679390635529,0.1476793557495597,0.019433704895069237,0.06128625369058039,0.09279858801936917,211.0275001525879,211.60333251953125,0.044034579213191316,0.04119346657209633,0.7013497024631106,-0.04815410330696168,0.44686603340371295,0,10.0,False,0.0,-0.0
165.20550875294475,166.36724776645642,159.11880190681103,162.22669982910156,84243300,GOOGL,2024-08-30,-0.0762639877821859,0,-0.013524902405048778,0.0025771475129097166,-0.019680815259936923,-0.14281228039565952,-0.062435574732252364,0.19270447817989234,-0.013524902405048778,0.01522244519999897,0.02917249059116865,162.75048446655273,172.208251953125,-0.0032183292060111723,-0.05796210118165768,0.5081775626329134,-0.3220919050933656,0.6115262568242312,1,1.0,True,0.5,-0.03813199389109295
264.2337061749931,273.38294797615475,264.18431413063774,272.7710266113281,28522600,V,2024-08-30,0.010854917471278425,1,0.03339070564006352,0.033622541215505786,0.03880345664979723,0.024279502024399546,-0.006264821541140053,-0.020212225794810856,0.03339070564006352,0.026754042802950587,0.027386694610199658,264.25093841552734,263.4099756876628,0.032242414149550536,0.03553795143569349,0.750285507404558,-0.3519770622608759,0.5708090085749578,1,2.0,True,0.5,0.005427458735639212
524.5676149591942,524.9653402482775,509.5048053652055,518.3137817382812,42447700,META,2024-08-30,-0.04035985173432144,0,-0.012670571081403792,-0.011584708943077282,0.06795171359152485,-0.03445019717922959,0.058559727039886766,0.038876327450747095,-0.012670571081403792,0.031861633294079844,0.043378151634491845,520.6154937744141,502.6833241780599,-0.004421136258250025,0.031094044318615177,0.8083652628636266,-0.3374053761267255,0.5347465819551144,1,3.0,False,0.0,-0.0
156.00617907623229,158.92333467131888,155.26573396231137,158.80844116210938,31807400,JNJ,2024-08-30,-0.008923130729548534,0,0.018210580999126424,0.0484906011644175,0.018148724275350636,0.14089928032711785,0.1362451083304539,0.039167305849375555,0.018210580999126424,0.02342174710623563,0.020750725437964357,154.71829986572266,147.88918431599936,0.026436053782496804,0.07383404605693489,1.0,-0.03738423114956646,0.5225725906804171,1,4.0,False,0.0,-0.0
411.5560270388973,417.1703435807569,402.6007521142328,412.3171081542969,82881900,MSFT,2024-08-30,-0.03701392522297153,0,0.000839736608938324,-0.003178203384358369,0.02301618646585757,-0.106228369421976,-0.014057273210230425,0.007570797196689405,0.000839736608938324,0.01803051560875749,0.030133562077294722,409.6308898925781,426.89129130045575,0.006557655508897753,-0.03414026812718751,0.2818231461310337,-0.1546646261315141,0.5135666984875856,1,5.0,False,0.0,-0.0
455.30999755859375,476.95001220703125,453.3399963378906,475.9200134277344,24103800,BRK.B,2024-08-30,-0.03466969140709486,0,0.049715488778001804,0.07066208402971808,0.11102817653973562,0.15747743727760977,0.15034325636543255,0.1690207328536797,0.049715488778001804,0.017742819704232332,0.02102761783823023,451.37001037597656,430.2950032552083,0.05438997382947197,0.10603193118063192,1.0,0.23066633139274395,0.5101521536927216,1,6.0,False,0.0,-0.0
211.12593813281453,217.36300281845735,210.2005050400954,216.70748901367188,31787000,JPM,2024-08-30,-0.05489319850484531,0,0.029728416014821235,0.05061452419740342,0.12885403781853721,0.0977098887352843,0.13051093695908333,0.22707217992869722,0.029728416014821235,0.008122631040503203,0.02938515683643551,207.95435333251953,199.45555114746094,0.042091620304558264,0.08649515025759436,1.0,-0.11380053472506824,0.4839127351447053,0,7.0,False,0.0,-0.0
225.07279660900764,231.18696212304621,222.22415556593285,227.29611206054688,209486100,AAPL,2024-08-30,-0.035720409090231664,0,0.009522164947440626,0.013050023571515856,0.04277745288380075,0.012923340886018986,0.16443210116748253,0.2778360008677847,0.009522164947440626,0.026320728550056984,0.036900924667794835,222.79982376098633,218.8152961730957,0.020180843160737982,0.038757874955607896,0.9806132373976799,-0.12220125468600684,0.4635148543491315,0,8.0,False,0.0,-0.0
218.75,219.08999633789062,202.58999633789062,214.11000061035156,311918400,TSLA,2024-08-30,-0.015786300841517442,0,-0.028186304046044497,-0.009300363465888695,0.031010750220005878,-0.14873569905630535,0.20638948481295638,0.0566028486737602,-0.028186304046044497,0.053937740220607884,0.09367435259384232,212.63750076293945,214.65583292643228,0.006924930184604383,-0.002542825455238318,0.6419067366231089,-0.14050229428123995,0.45135027475825457,0,9.0,False,0.0,-0.0
176.6999969482422,178.89999389648438,168.9199981689453,178.5,151090400,AMZN,2024-08-30,-0.03983193619244574,0,0.008246762139826336,0.008132850227390964,0.0631328558001667,-0.10750000000000004,-0.03147044468647664,0.0015710850486985173,0.008246762139826336,0.030453014782741577,0.039198801959920274,174.8849983215332,182.79583358764648,0.0206707362733336,-0.023500719372724244,0.34966722360173913,-0.2038863982778405,0.4480851021038047,0,10.0,False,0.0,-0.0
158.21480765392596,161.67131705958903,157.1424172559987,157.39137268066406,24512900,JNJ,2024-09-06,0.006935082896897482,1,-0.008923130729548534,0.009124954874661695,0.031177140156222194,0.10506848932026847,0.13802169068161252,0.04668073024107211,-0.008923130729548534,0.01922048153786935,0.020610223468819598,155.90796279907227,149.47991434733072,0.009514651175986044,0.05292656453461908,0.9326784507830465,-0.19217514312808082,0.5792142154055978,1,1.0,True,0.5,0.003467541448448741
272.77102587047295,278.4165395967006,272.77102587047295,275.73193359375,27020900,V,2024-09-06,0.028564443181234633,1,0.010854917471278425,0.04460807646537268,0.07549269298838279,0.053398829661008396,0.03425033087323759,0.001457764725285804,0.010854917471278425,0.01561584427314071,0.02598154424073403,269.08959197998047,264.17090606689453,0.02468449844118714,0.043763439732942944,0.8794266958075001,-0.24681257909319476,0.5225412448494792,1,2.0,True,0.5,0.014282221590617317
475.0,484.82000732421875,458.54998779296875,459.4200134277344,23434800,BRK.B,2024-09-06,-0.025706385727642167,0,-0.03466969140709486,0.013322176716820788,0.06428521587507863,0.08241450095448322,0.13285989975720036,0.13957589081769473,-0.03466969140709486,0.03609512713211436,0.023378532278794655,458.30751037597656,434.7850036621094,0.0024274161487014556,0.056660210352539986,0.780146622593412,0.1949412786006295,0.5137565140054791,1,3.0,False,0.0,-0.0
160.57844587255263,160.70753307191137,149.4872614761098,149.85464477539062,114899900,GOOGL,2024-09-06,0.04471872869970639,1,-0.0762639877821859,-0.08875742719546076,-0.07790077912327809,-0.18452492258658293,-0.14633186150979938,0.11581986089396024,-0.0762639877821859,0.0398790086620759,0.034874699496174444,159.58547973632812,170.0676358540853,-0.06097569137878378,-0.11885266104385095,0.19970679940244107,0.0687793603549951,0.5010230829152457,1,4.0,False,0.0,0.0
214.29747880021557,216.03268397578447,203.49103002390277,204.8117218017578,32190500,JPM,2024-09-06,-0.038313013906979276,0,-0.05489319850484531,-0.02679667033156019,0.03236164088891824,0.03669370905516467,0.10247322860670471,0.1416609587337072,-0.05489319850484531,0.043133079064428655,0.033062739871596164,209.55942153930664,201.04196294148764,-0.02265562532419141,0.018751104521235407,0.713138786044345,0.0010456550893083172,0.47294452375552665,0,5.0,False,0.0,-0.0
413.07815685238506,415.0253810540411,396.16601504088436,397.0556335449219,69254400,MSFT,2024-09-06,0.07191923828344926,1,-0.03701392522297153,-0.03620527056208356,-0.008856493855630698,-0.11272393361414079,-0.09071099744888989,-0.007557705499527501,-0.03701392522297153,0.028459257510877474,0.0281785431630301,408.74390411376953,423.5904235839844,-0.028595583814735814,-0.06264256357486209,0.05816609338543328,-0.17469003684759965,0.4713104548569589,0,6.0,False,0.0,0.0
516.6534100228187,522.4697631708141,495.38633511921387,497.39471435546875,44179700,META,2024-09-06,0.04867378423830715,1,-0.04035985173432144,-0.05251904044549072,-0.03379878110881085,0.0028063094001182787,-0.007715810272709289,-0.010244706899411149,-0.04035985173432144,0.024905996742672815,0.044865083269984514,516.2656402587891,502.3610204060872,-0.03655274423039434,-0.009885930334730064,0.5915914757325028,-0.1508851573025718,0.4700864774563359,0,7.0,False,0.0,0.0
215.25999450683594,235.0,209.63999938964844,210.72999572753906,388898000,TSLA,2024-09-06,0.09282018675634407,1,-0.015786300841517442,-0.04352764741228066,0.053649978637695384,-0.15106957517398723,0.18380991084995846,0.20183643280937336,-0.015786300841517442,0.04875786750622507,0.09412867994694572,215.31999969482422,217.38249969482422,-0.021317127873818675,-0.0306027577041591,0.6095529044864374,0.05707931478945549,0.45163517982310325,0,8.0,False,0.0,0.0
226.84948058831634,227.2961293418145,215.86185105944423,219.177001953125,179069200,AAPL,2024-09-06,0.007607917134967668,1,-0.035720409090231664,-0.0265383797701384,0.022362314390569793,-0.041053106984050625,0.04040474715978015,0.2966407542839564,-0.035720409090231664,0.033693328709598354,0.032960518180859995,223.99834823608398,219.52461878458658,-0.021524026051645273,-0.0015834981670219683,0.8560845840167157,-0.09512841684411799,0.44536115495792006,0,9.0,False,0.0,0.0
177.5500030517578,179.8800048828125,171.16000366210938,171.38999938964844,149763700,AMZN,2024-09-06,0.08810319246916132,1,-0.03983193619244574,-0.031913658555967284,0.026656265024340486,-0.11877220140408473,-0.0668082545344757,-0.022583442121635544,-0.03983193619244574,0.041313153896645985,0.04070394089376088,175.99749755859375,181.77333323160806,-0.026179339097769705,-0.057122426361239764,0.1346036683867037,-0.058649419055969876,0.4441769577226513,0,10.0,False,0.0,0.0
157.8317829331834,161.2979098901968,155.7923658242544,158.48289489746094,28252300,JNJ,2024-09-13,-0.008216565323571734,0,0.006935082896897482,-0.002049930483960405,0.046341268318944584,0.07813250138706729,0.1211851276448499,0.06286806094439945,0.006935082896897482,0.01648854021563971,0.020334958168280477,157.6627197265625,150.90740458170572,0.005202086912625248,0.05019959316611011,0.984534072160315,-0.016635775880822434,0.5646018812662557,1,1.0,True,0.5,-0.004108282661785867
463.9700012207031,466.0,445.25,447.6099853515625,21619100,BRK.B,2024-09-13,0.017202503203728847,1,-0.025706385727642167,-0.059484844674367876,0.006973916262475122,0.03024370864257775,0.09274447216256254,0.09673383479875741,-0.025706385727642167,0.03962753698451947,0.025638140107165076,459.08250427246094,437.9508361816406,-0.024990102681172077,0.022055327611969044,0.6227845280592899,0.01993484788798172,0.512053326639394,1,2.0,True,0.5,0.008601251601864424
278.4165353793982,284.979946155398,274.67584926267006,283.6080627441406,31678500,V,2024-09-13,-0.008978648955496715,0,0.028564443181234633,0.039729425325858436,0.07468777078185118,0.08463148631528328,0.046167605991339844,0.01914596658311285,0.028564443181234633,0.015440638040670822,0.026752992558804495,274.01708221435547,265.21387990315753,0.03500139645411737,0.06935603388367051,1.0,0.09857660316375916,0.48534395208801745,0,3.0,False,0.0,-0.0
219.17698492990527,222.37301734416337,215.0975649862482,220.844482421875,237580300,AAPL,2024-09-13,0.025617994669343336,1,0.007607917134967668,-0.028384249867649758,-0.015704641425966503,-0.006921165950580677,0.07358201192111968,0.29220079575189484,0.007607917134967668,0.021445600848011503,0.03181967360343284,223.1174430847168,220.78598658243814,-0.010187283573246941,0.0002649436241055625,0.881659935818224,0.16709726187135443,0.4815744512034516,0,4.0,False,0.0,0.0
207.44346464324533,210.7692495990519,193.3883068457007,196.9647674560547,70281800,JPM,2024-09-13,0.033134228618941775,1,-0.038313013906979276,-0.09110308853410987,-0.04509970381577422,-0.02602724407970647,0.04662342426141208,0.08592025222948219,-0.038313013906979276,0.042070928701835514,0.03566798739990196,207.23377227783203,201.77313741048178,-0.049552757298699346,-0.023830575348814054,0.5239129202919829,0.7178196616632091,0.47799403029346205,0,5.0,False,0.0,0.0
503.25085399381305,524.5478069237411,492.7515459442201,521.6047973632812,54021200,META,2024-09-13,0.0710332223141823,1,0.04867378423830715,0.006349465788779263,-0.005308799867405178,0.10031680237090312,0.06030967691346434,0.08477768778131045,0.04867378423830715,0.03722524267013965,0.0464662378246094,515.5696716308594,504.8333969116211,0.01170574233610644,0.03322165402340893,0.8424684046282113,0.08624518796228986,0.4555403945569556,0,6.0,False,0.0,0.0
151.63437166613713,157.47067000170316,146.37475041538113,156.5559539794922,159199700,GOOGL,2024-09-13,0.03893060570556628,1,0.04471872869970639,-0.03495568766166879,-0.0324686261122783,-0.11252434707287595,-0.12225731369469406,0.11807548563029502,0.04471872869970639,0.05182893430098795,0.03786339987493084,158.27204513549805,168.25046412150064,-0.01084266747508511,-0.06950655502241798,0.17678132394972187,0.3890207821283642,0.44440190782685446,0,7.0,False,0.0,0.0
402.531498215159,426.83722589839596,397.5003522055993,425.611572265625,87426600,MSFT,2024-09-13,0.010868938596516386,1,0.07191923828344926,0.03224329975256102,0.028962620603806277,-0.013140539751080982,-0.040939835555184545,0.03776038343389043,0.07191923828344926,0.04585311171615522,0.03595600431325158,411.7388687133789,422.07640075683594,0.033692965630367055,0.008375667302057188,0.47665364168126517,0.07566389578831623,0.43702309458848215,0,8.0,False,0.0,0.0
174.52999877929688,188.5,173.50999450683594,186.49000549316406,167875500,AMZN,2024-09-13,0.02740093549162803,1,0.08810319246916132,0.04476193553593322,0.05325882788092584,0.018347624751616554,-0.01369788614771017,0.06920082244541481,0.08810319246916132,0.05360782104047994,0.048065391734903866,178.35499954223633,181.55750020345053,0.04561131435511734,0.02716773079705459,0.5913491982904248,0.07800580917379407,0.4351752187728916,0,9.0,False,0.0,0.0
216.1999969482422,232.6699981689453,213.6699981689453,230.2899932861328,361293200,TSLA,2024-09-13,0.034565143714155866,1,0.09282018675634407,0.07556859852252495,0.06556541962376894,-0.037249179664652354,0.25834653952481723,0.40789865485342713,0.09282018675634407,0.05437936941811152,0.09659343130800627,218.86249923706055,221.32249959309897,0.052213120515884226,0.04051776800605711,0.7967836628863664,0.0009981771543841056,0.4168341198028109,0,10.0,False,0.0,0.0
159.2871912046746,161.19258374925977,156.59664352065153,157.1807098388672,31772200,JNJ,2024-09-20,-0.016812938944247624,0,-0.008216565323571734,-0.0013384649883211308,0.007774276453720752,0.02966878954533314,0.13167764013292738,0.07416765782951917,-0.008216565323571734,0.013049022473865175,0.019367964126394285,157.9658546447754,152.43148295084634,-0.0049703450639619895,0.031156469753379712,0.922670360801575,0.09234619854088888,0.5657480728231801,1,1.0,True,0.5,-0.008406469472123812
284.2989476774072,289.2535907436549,279.18641060308414,281.0616455078125,53677600,V,2024-09-20,-0.03371127017790121,0,-0.008978648955496715,0.019329324117804303,0.06479964455144804,0.09974976344788611,0.08713778660514993,0.009211058354527957,-0.008978648955496715,0.019241444401383142,0.022125883853666064,278.2931671142578,267.0912170410156,0.009948064561779324,0.05230583252257048,0.9091841143761434,0.5238538647377282,0.5588068247577163,1,2.0,True,0.5,-0.016855635088950605
448.79998779296875,462.19000244140625,448.3399963378906,455.30999755859375,22514000,BRK.B,2024-09-20,0.004744028625972341,1,0.017202503203728847,-0.008946096706749396,0.004256898528818276,0.04032809429419748,0.11924781519490368,0.10619531294196638,0.017202503203728847,0.03924140053517078,0.025331993776816174,459.56500244140625,441.9933369954427,-0.009258766137995922,0.030128645498763262,0.7253829335009733,-0.017624850417304327,0.5012431981456879,1,3.0,False,0.0,0.0
522.0227173210484,561.790974396656,514.9170282546622,558.6560668945312,69255700,META,2024-09-20,0.010706410484581985,1,0.0710332223141823,0.12316446228916167,0.06417694246725936,0.20653942074772447,0.11436570298746229,0.10373898712976737,0.0710332223141823,0.05193866653164797,0.05008692964167448,523.9923400878906,509.6112340291341,0.06615311743073637,0.09623970114951064,1.0,0.31975762287861653,0.4706702226748879,0,4.0,False,0.0,0.0
214.9288136198369,231.3556905514529,212.32831274384958,226.5020751953125,550232800,AAPL,2024-09-20,-0.0017967480551116521,0,0.025617994669343336,0.03342081138491948,0.005995497430021812,0.04819302291161298,0.08472193296869124,0.32791944907414905,0.025617994669343336,0.026257914849181604,0.032224041586115144,223.45491790771484,222.26022720336914,0.0136365639929934,0.01908505199206001,0.9684345207336343,0.8709540310671384,0.4678985106778704,0,5.0,False,0.0,-0.0
198.42038268062674,204.28152945633747,198.18901708097934,203.4910430908203,56988300,JPM,2024-09-20,-0.002795143277337764,0,0.033134228618941775,-0.006448257449912065,-0.033072135952374015,-0.005418371226556751,0.04943986415817592,0.08583979387916751,0.033134228618941775,0.0455800507359519,0.03585992980490279,205.49375534057617,202.572021484375,-0.009745854546463706,0.004536764750191269,0.6812911976109157,0.19192711437947452,0.45817364691816165,0,6.0,False,0.0,-0.0
156.4068176480649,162.8496272464335,155.7009025392383,162.65077209472656,130256800,GOOGL,2024-09-20,0.0022006699950964936,1,0.03893060570556628,0.0853902615999349,-0.010946185522683338,-0.019119361870190588,-0.1007022878454672,0.0877167937364054,0.03893060570556628,0.05628810424452564,0.039934265152798944,157.82201766967773,166.7326774597168,0.03059620258534168,-0.024481735837154295,0.3275380083171277,0.06636823559244909,0.4519517886637855,0,7.0,False,0.0,0.0
425.6214706998335,436.741413807479,423.2689830915265,430.2375183105469,128480600,MSFT,2024-09-20,-0.016656448921951728,0,0.010868938596516386,0.08356986266477673,0.04433892261407868,0.025359384314078026,-0.024377242214182582,0.018895206603829262,0.010868938596516386,0.045159091015196454,0.03614932840247772,416.30545806884766,421.18056233723956,0.033465956238784456,0.021503736836875786,0.5444469241162293,0.3963632016324157,0.4486520149738147,0,8.0,False,0.0,-0.0
229.3000030517578,244.24000549316406,223.52999877929688,238.25,401668500,TSLA,2024-09-20,0.09322137022068477,1,0.034565143714155866,0.1305936735653077,0.08138159077580198,0.08393993035522218,0.20401250313843078,0.39466134429724753,0.034565143714155866,0.05511984083855871,0.0949696662854464,223.34499740600586,224.6866658528646,0.06673533218610306,0.06036554993440202,0.8729778489766957,0.09762128563065664,0.44581557486000056,0,9.0,False,0.0,0.0
185.2899932861328,191.83999633789062,183.36000061035156,191.60000610351562,226527100,AMZN,2024-09-20,-0.018945745131403124,0,0.02740093549162803,0.11791823785424338,0.08224137691787448,0.04986304714255141,-0.00853813141777171,0.07116906878645568,0.02740093549162803,0.05293700126705329,0.04831349518810346,181.99500274658203,181.4200007120768,0.052776192818371204,0.05611291672077012,0.7459166812823661,0.30327172683125525,0.43784504465357155,0,10.0,False,0.0,-0.0
157.41049521676248,157.5062495407499,153.2167233859188,154.5380401611328,29809000,JNJ,2024-09-27,-0.0068773046084517064,0,-0.016812938944247624,-0.02489135965670275,-0.026890264583715684,-0.009229564305986093,0.11022019681575079,0.03634607708136084,-0.016812938944247624,0.009923330557958902,0.020833453972163588,156.89825439453125,153.70999908447266,-0.015042960436408181,0.005387034555930814,0.7971234171617794,0.04276129375301707,0.5663109909456373,1,1.0,True,0.5,-0.0034386523042258532
225.64846451262724,227.81224676693589,222.35317851779175,226.09510803222656,210673500,AAPL,2024-09-27,-0.004346048208693443,0,-0.0017967480551116521,0.02377521753213374,-0.005283874050605819,0.03726754815995115,0.007571181529858473,0.3317178219797263,-0.0017967480551116521,0.02574706641227214,0.024269333572405183,223.15466690063477,222.40180587768555,0.01317669566328683,0.01660643959236663,0.9621925715398384,-0.2843702183794602,0.5156790078091307,1,2.0,True,0.5,-0.0021730241043467213
457.30999755859375,459.6499938964844,451.2099914550781,457.4700012207031,15328300,BRK.B,2024-09-27,0.009836710577725949,1,0.004744028625972341,0.022028140997337964,-0.03876704422272159,0.0679568980871299,0.11260545827986612,0.08786743358787152,0.004744028625972341,0.024576616294300996,0.025369262445184514,454.95249938964844,445.85166931152344,0.005533548742851391,0.02605873816087878,0.7541637880661457,-0.26036175361476155,0.4960568248551659,0,3.0,False,0.0,0.0
242.61000061035156,261.75,241.9199981689453,260.4599914550781,378582800,TSLA,2024-09-27,-0.03985253000291866,0,0.09322137022068477,0.1310087239937492,0.2164774681827062,0.2542013470967852,0.035543841566306966,0.48165425452362487,0.09322137022068477,0.05247830771185138,0.059281501705196,234.9324951171875,225.43166478474936,0.10865885677141929,0.15538334733842785,1.0,-0.010527216801676675,0.48555566545630724,0,4.0,False,0.0,-0.0
281.1899308726831,285.11811282457444,264.73707251993955,271.5867004394531,47929200,V,2024-09-27,0.0100299426261663,1,-0.03371127017790121,-0.04238723747262674,-0.0043418327327063855,0.03429314579886644,0.019832251755069752,-0.010204422105321465,-0.03371127017790121,0.026759100529486726,0.023738329055462238,277.99708557128906,267.5313364664714,-0.023059181065378742,0.015158463402996425,0.5712679569826936,0.19594126739951423,0.4766835111651549,0,5.0,False,0.0,0.0
429.2589197702658,431.41370770372646,421.1734954974966,423.0712890625,74929200,MSFT,2024-09-27,-0.027942610652663125,0,-0.016656448921951728,-0.005968548246004013,0.026082305816373497,0.04969880749636024,-0.08291674442324115,0.021023290234148506,-0.016656448921951728,0.04734982225788005,0.03304741648289363,418.99400329589844,417.9929478963216,0.009731131554458372,0.012149346518252724,0.4394257676460078,-0.16766326715372903,0.46905657587619004,0,6.0,False,0.0,-0.0
163.40642311261095,164.74866551423864,159.76744095244402,163.0087127685547,107772800,GOOGL,2024-09-27,0.018969124507778323,1,0.0022006699950964936,0.04121694911652973,0.004820494655176644,-0.014955191869530426,-0.1386802115748238,0.08895508032096178,0.0022006699950964936,0.055717808671129895,0.03633099000781966,158.01752090454102,164.54552205403647,0.03158631926031075,-0.00933972110755521,0.3338601626419283,-0.15823741352768017,0.46692415862069003,0,7.0,False,0.0,0.0
203.40428249196864,205.2840801158477,201.10031972421785,202.92225646972656,38363200,JPM,2024-09-27,0.009569572634585022,1,-0.002795143277337764,0.0302464704252301,-0.06361216498187383,0.057045188524369905,0.027882186190820946,0.06291082881659071,-0.002795143277337764,0.039152570338468,0.035652344119482066,202.04744720458984,203.0307248433431,0.0043297219402673726,-0.0005342461033926993,0.6675751574680593,-0.22429555998823192,0.46237226748094484,0,8.0,False,0.0,0.0
191.63999938964844,195.3699951171875,187.33999633789062,187.97000122070312,179200300,AMZN,2024-09-27,-0.007767232560438875,0,-0.018945745131403124,0.007936059220038594,0.05305322812718827,0.1195354857284423,-0.060149993896484344,0.04207781423900947,-0.018945745131403124,0.05672752345344714,0.04730100200044061,184.3625030517578,180.4175008138021,0.019567418044506235,0.041861240582727666,0.6361161625019616,-0.009076172441470187,0.4437503185622453,0,9.0,False,0.0,-0.0
566.7670162500528,574.6291098304922,551.5304953936857,564.6372680664062,66166300,META,2024-09-27,0.0503737048586117,1,0.010706410484581985,0.08250014363490266,0.08937344126326097,0.16339823333819603,0.05184431140992585,0.17069301773569445,0.010706410484581985,0.048754451577812934,0.04634499916683021,535.5732116699219,511.93043263753253,0.05426719590000095,0.10295702710487675,1.0,0.13287353251757428,0.443557836883319,0,10.0,False,0.0,0.0
228.32838978012126,231.26637268066406,221.360617941662,225.11248779296875,221996800,AAPL,2024-10-04,0.0033068591196403485,1,-0.004346048208693443,-0.006134987510138745,0.027080787614355506,0.050048691091501896,-0.015084069840839653,0.34078593488982833,-0.004346048208693443,0.013575771381052022,0.023647008886282333,224.6385383605957,222.1145044962565,0.0021098313576641825,0.013497467459459678,0.9471214155189587,-0.2724299240776237,0.6252925986727291,1,1.0,True,0.5,0.0016534295598201743
271.4188741916644,275.42599487920313,269.6423263359323,274.3106994628906,23789100,V,2024-10-04,-0.00032385419196490073,0,0.0100299426261663,-0.0240194496574746,-0.005154405267230877,0.06994916778677518,0.04796918518490889,0.006721096234203694,0.0100299426261663,0.026642070046611035,0.023047547075978447,277.6417770385742,268.5776824951172,-0.011997753404455413,0.021345842716762764,0.668417151632631,-0.3941953621977865,0.6123357299046687,1,2.0,True,0.5,-0.00016192709598245036
154.7008247129483,155.83066481936012,152.02943817039042,153.47523498535156,25224700,JNJ,2024-10-04,0.007299252656029376,1,-0.0068773046084517064,-0.023574615850216363,-0.024881527040608975,0.005519878259767186,0.07757269782152143,0.06839141237964053,-0.0068773046084517064,0.009826541957483627,0.020771367997069166,155.91921997070312,154.63070170084634,-0.01567468709637454,-0.007472427550191063,0.7466320740218807,-0.12306293684413627,0.5845660245464569,1,3.0,False,0.0,0.0
458.3999938964844,462.17999267578125,450.9200134277344,461.9700012207031,15133100,BRK.B,2024-10-04,-0.0038097923262860878,0,0.009836710577725949,0.014627404840264369,0.005550449955245229,0.07019247770390069,0.08842238847286277,0.10355455212162124,0.009836710577725949,0.01885717387335609,0.02432135559853218,455.5899963378906,448.97916920979816,0.014003830053548327,0.028934153078346014,0.8141238000861242,-0.18851389847776978,0.5503255771393445,1,4.0,False,0.0,-0.0
162.38232355982177,168.18880481054381,162.32265529939457,166.10084533691406,100632700,GOOGL,2024-10-04,-0.02286601960298873,0,0.018969124507778323,0.02121153928601216,0.10841305977451698,0.02206681882766559,-0.0961167742743333,0.09818796113723183,0.018969124507778323,0.01943591987252314,0.036894199572261185,162.07907104492188,163.07362492879233,0.024813655866015694,0.018563519449841248,0.41234081841467884,-0.19148117349787697,0.5024967854219068,1,5.0,False,0.0,-0.0
259.0400085449219,264.8599853515625,237.80999755859375,250.0800018310547,429389600,TSLA,2024-10-04,-0.1290786889913097,0,-0.03985253000291866,0.049653732764133096,0.18673186969733901,0.2504000091552734,0.007452790296730294,0.5165555554116144,-0.03985253000291866,0.06303640928758979,0.06049458459861559,244.7699966430664,225.58583196004233,0.021693856521686206,0.10858026702382162,0.9084737617015791,0.09333574209128193,0.49983215787448804,0,6.0,False,0.0,-0.0
198.8831236365637,205.30059173762103,196.9840194235567,204.8641357421875,40477800,JPM,2024-10-04,0.05240967211620218,1,0.009569572634585022,0.0067476810306306145,0.0002559127962433738,0.032625835443172324,0.03695901224109677,0.08225848225430665,0.009569572634585022,0.029802221210055338,0.03569504519334321,202.06055068969727,203.63920084635416,0.013874974817799535,0.006015221483596234,0.7144027252516287,-0.21444696573838096,0.467421772165043,0,7.0,False,0.0,0.0
423.2590885562286,425.4435585697777,409.50004373541833,411.24957275390625,85338600,MSFT,2024-10-04,0.000624970966529359,1,-0.027942610652663125,-0.04413363490753275,0.03574798594912387,0.026574890275583574,-0.08100560125998513,-0.01870242181776871,-0.027942610652663125,0.044662196065284876,0.032922937215732875,422.54248809814453,414.9721171061198,-0.02672610604218162,-0.008970589104090543,0.26617840488130595,-0.09256489665714096,0.46283090479922423,0,8.0,False,0.0,0.0
564.9756280044119,593.9857454241755,562.0895207658488,593.0801391601562,60326800,META,2024-10-04,-0.01005143035033873,0,0.0503737048586117,0.06161943690503935,0.19237322400717116,0.15207246240894556,0.1957193921941518,0.13228773621457512,0.0503737048586117,0.025139593275873617,0.04015758662948005,559.4945678710938,520.0202128092448,0.06002841353197996,0.14049439723934642,1.0,-0.033882371782039455,0.45032202394245463,0,9.0,False,0.0,-0.0
187.13999938964844,188.49000549316406,180.8800048828125,186.50999450683594,172427500,AMZN,2024-10-04,0.012385463972002464,1,-0.007767232560438875,-0.026565821683375623,0.08821982129081407,0.11722769725188242,-0.04103044249545562,0.007780770117410407,-0.007767232560438875,0.04817083439103576,0.04675235079906688,188.1425018310547,179.75249989827475,-0.00867697255181965,0.037593327560870415,0.5919538266978058,-0.07549343833709721,0.44480084258459984,0,10.0,False,0.0,0.0
273.98502261704004,275.169352889955,269.6817840714627,274.22186279296875,21636200,V,2024-10-11,0.04599774174572002,1,-0.00032385419196490073,0.009702840195236595,-0.03309567386890444,0.03912025480915515,0.04873487637624763,0.01069839370561243,-0.00032385419196490073,0.018670718900612185,0.02303350900660328,275.29522705078125,269.63961029052734,-0.0038989570190205436,0.016993988744844257,0.6652488645429384,-0.41138839749959366,0.7252069446907432,1,1.0,True,0.5,0.02299887087286001
222.8296172342201,228.04055170887608,219.68320530273118,225.85690307617188,164894900,AAPL,2024-10-11,0.03274009749382478,1,0.0033068591196403485,-0.0010535608582062927,0.022696608035340127,0.00663552451859295,0.015618355094031644,0.29211199953629174,0.0033068591196403485,0.013657450597278992,0.022189868175629696,225.89164352416992,222.40394337972006,-0.00015379253280933813,0.015525622630514269,0.9585390501546504,-0.42535219611813224,0.7161425118331836,1,2.0,True,0.5,0.01637004874691239
153.43693353430973,155.74446824529676,152.19219760478884,154.59548950195312,25126900,JNJ,2024-10-11,0.02266825378495141,1,0.007299252656029376,0.00037174886364810256,-0.024528864127721706,0.02067570551712139,0.0516871357488633,0.11171741954739378,0.007299252656029376,0.009989666559173565,0.01915839374706052,154.94736862182617,155.26385879516602,-0.002270958990803318,-0.004304731947275986,0.7998526985452532,-0.10207195746019038,0.5660738897488252,1,3.0,False,0.0,0.0
249.0,249.8300018310547,214.3800048828125,217.8000030517578,416422000,TSLA,2024-10-11,0.013314939650369118,1,-0.1290786889913097,-0.16378710666846485,-0.05423592252597931,0.007773496078691711,-0.08946485856818331,0.2733118922298643,-0.1290786889913097,0.09610980428056404,0.07090189068805895,241.64749908447266,223.8024991353353,-0.09868712121195378,-0.02682050516311585,0.6238427584384503,0.02436873751931734,0.5602377930022014,1,4.0,False,0.0,0.0
462.3399963378906,463.45001220703125,452.3599853515625,460.2099914550781,13280100,BRK.B,2024-10-11,0.009973699882912301,1,-0.0038097923262860878,0.005989442426965086,0.02814951970657953,0.03531974836231733,0.059244574221591684,0.1412239753764637,-0.0038097923262860878,0.008833248539414274,0.023939056034977278,458.73999786376953,451.1241683959961,0.003204415569067365,0.020140404118421218,0.790672643041201,-0.1982492019530454,0.5579934578090266,1,5.0,False,0.0,0.0
411.190264062665,415.51964507918063,403.4508276328713,411.506591796875,83116700,MSFT,2024-10-11,0.004419675461323491,1,0.000624970966529359,-0.027335103006520867,-0.03314050037142091,-0.005137715506492446,-0.045845556060000514,-0.009664189501722764,0.000624970966529359,0.017347079066110153,0.03159058903277138,419.01624298095703,413.3244323730469,-0.017922100419441978,-0.00439809610512254,0.26994502135325377,-0.10594782893043742,0.5182031874668906,1,6.0,False,0.0,0.0
182.9499969482422,189.92999267578125,180.25,188.82000732421875,148616000,AMZN,2024-10-11,0.0009003186227687365,1,0.012385463972002464,0.00452203063252421,0.012493976955457287,0.06641821940460213,0.031070836507907984,0.01445227728382581,0.012385463972002464,0.020661990503050058,0.04340083930541911,188.72500228881836,180.22666676839194,0.0005034046058984831,0.04768073842740517,0.6618271778161375,-0.18204760262140385,0.503339501454906,1,7.0,False,0.0,0.0
166.75704136805373,167.51267238697537,158.8228863013817,162.3027801513672,106206000,GOOGL,2024-10-11,0.0011026002016607528,1,-0.02286601960298873,-0.004330643468056894,0.03670780973700816,0.0030473314749781544,-0.07994705965899995,0.03749563510874676,-0.02286601960298873,0.026182168049632103,0.035846076566525276,163.51577758789062,161.8983637491862,-0.0074182287141768555,0.002497964728090274,0.31594306060847815,-0.045056705546338116,0.4618530086874474,0,8.0,False,0.0,0.0
595.3491375246505,600.0564797527886,578.8188944511467,587.1188354492188,45728800,META,2024-10-11,-0.02284934904679159,0,-0.01005143035033873,0.03981594672239819,0.1256009116808583,0.11962532171017592,0.23851759588645538,0.15471582692770203,-0.01005143035033873,0.03685154898242718,0.03656467960466036,575.8730773925781,529.4426447550455,0.01952818858551053,0.10893756153862144,0.960979869895612,-0.24251690425944272,0.45821985154089745,0,9.0,False,0.0,-0.0
204.67985202405725,217.8705955254054,202.10960030086417,215.6009979248047,46012500,JPM,2024-10-11,0.013855779773945809,1,0.05240967211620218,0.062480782914857924,0.09461707649266748,0.04525017055115943,0.06612721066897809,0.23032704749936617,0.05240967211620218,0.02458571310122762,0.03805115617856733,206.71960830688477,204.75359980265299,0.04296345997683537,0.05297781398034873,0.971321837284894,0.012143522556419928,0.4456347501800172,0,10.0,False,0.0,0.0
226.99834931201846,235.7229623804217,226.89910245149323,233.25148010253906,218141000,AAPL,2024-10-18,-0.015276485867899647,0,0.03274009749382478,0.03615522350344058,0.029798424148681946,0.0359725779541058,0.07942752319802238,0.4278251616772608,0.03274009749382478,0.01714060518373052,0.021723406215526694,227.57899475097656,223.83422215779623,0.024925346725296338,0.042072467087288956,1.0,0.06970377324580834,0.5528213011028621,1,1.0,True,0.5,-0.007638242933949824
461.9200134277344,467.8399963378906,458.1000061035156,464.79998779296875,18222400,BRK.B,2024-10-18,-0.023214239050603935,0,0.009973699882912301,0.006125909831347753,0.020842920834730272,0.025188545562586206,0.062011570405717364,0.1474276765091409,0.009973699882912301,0.006472268979143736,0.02397379579073853,461.1124954223633,453.3858337402344,0.007996947398330345,0.025175365446627573,0.8518318065059963,0.1763236335995637,0.5520870996810974,1,2.0,True,0.5,-0.011607119525301968
154.53802933012832,159.6605893574553,152.2400822059094,158.0998992919922,33200100,JNJ,2024-10-18,-0.02567830958375139,0,0.02266825378495141,0.03013296775262808,0.0058479787632166325,0.013667719020538094,0.035690270759741294,0.1339203918606915,0.02266825378495141,0.017197383970377532,0.01702747140636834,155.17716598510742,155.71787389119467,0.018834815601447952,0.015297058335524971,0.9663388629371562,0.1714853560360865,0.5503745111581538,1,3.0,False,0.0,-0.0
275.4457016062998,287.2499930982016,274.36989961230466,286.83544921875,33413000,V,2024-10-18,-0.03058966548016051,0,0.04599774174572002,0.04565899099226978,0.020542837499245348,0.08667365061872268,0.12234174412822973,0.08140599678881122,0.04599774174572002,0.03282290074259456,0.024252949521113194,276.7386779785156,272.2451705932617,0.03648485753414721,0.05359242404077902,1.0,0.05430808369653106,0.5277159305108241,1,4.0,False,0.0,-0.0
412.9397598241915,419.1372858012014,405.7340930599272,413.3253173828125,83027500,MSFT,2024-10-18,0.023890337189353295,1,0.004419675461323491,0.005047408596697611,-0.03930898679907102,0.0032870176912858096,-0.014946454188227709,0.051486639428936165,0.004419675461323491,0.01513288913616246,0.030745816787610028,414.78819274902344,412.8018086751302,-0.0035268008872568757,0.0012681841423187734,0.2531575543401355,0.017456466061296805,0.5096978437462054,1,5.0,False,0.0,0.0
162.70046513584995,166.71726503003,161.82551522151294,162.4817352294922,96880400,GOOGL,2024-10-18,0.011320570793573514,1,0.0011026002016607528,-0.021788631479153442,-0.0010392626057497134,-0.011974072167143746,-0.020138754438102868,0.06317504892087533,0.0011026002016607528,0.017210976294968153,0.03161762028358433,163.47351837158203,161.62007776896158,-0.006066934583468631,0.005331376351410677,0.3204850754072051,-0.058252179447517705,0.5056229283980326,1,6.0,False,0.0,0.0
189.77999877929688,190.74000549316406,184.5800018310547,188.99000549316406,140707200,AMZN,2024-10-18,-0.006137910092559595,0,0.0009003186227687365,0.013296933458636806,-0.01362213218793662,0.06749894182224447,0.03556167393514564,0.08223100388726445,0.0009003186227687365,0.01327163717120841,0.04335660719025072,188.07250213623047,180.76750055948892,0.004878455630206835,0.04548663287496857,0.6669692885692923,-0.12188482426893787,0.5027703205775296,1,7.0,False,0.0,-0.0
220.1300048828125,224.25999450683594,213.74000549316406,220.6999969482422,299317200,TSLA,2024-10-18,0.21971004152091478,1,0.013314939650369118,-0.11748242429500866,-0.07366213243130249,0.0017247168273022417,0.004094603657819107,0.5008499991024242,0.013314939650369118,0.09335195483034692,0.06686823787306984,237.2599983215332,223.87749862670898,-0.06979685362236665,-0.014193037254560892,0.5686232472961879,-0.21424185521722094,0.4910608023226758,0,8.0,False,0.0,0.0
591.3683608695632,597.2201481215791,571.2753296162662,573.7035522460938,45480100,META,2024-10-18,-0.005585793971823572,0,-0.02284934904679159,-0.03267111075663587,0.02693515070051733,0.0928407087846308,0.23903774187167937,0.2006419904001615,-0.02284934904679159,0.032024691656108197,0.036522166233832504,579.6349487304688,538.6659851074219,-0.01023298629139957,0.06504507079964328,0.8731691960303101,-0.16436045603623306,0.47636411619228436,0,9.0,False,0.0,-0.0
216.48362813038722,219.12177061330635,212.293630063158,218.58831787109375,38137900,JPM,2024-10-18,-0.013577627548933324,0,0.013855779773945809,0.06699162876501497,0.07419134793827431,0.038665545640395926,0.06837098044678958,0.2271663758528566,0.013855779773945809,0.023835826310150146,0.03808512250835085,210.49392700195312,205.9193229675293,0.03845427269293866,0.06152407030573892,1.0,-0.06405123215089881,0.46242133788702955,0,10.0,False,0.0,-0.0
158.0807517413792,158.94248845954036,153.78163614291879,154.0401611328125,30991300,JNJ,2024-10-25,-0.00466183056144831,0,-0.02567830958375139,-0.0035921382372129385,-0.003221724746872545,-0.03002535629972891,-0.012421553937131291,0.11818431742544955,-0.02567830958375139,0.020592289376681255,0.017777893693957977,155.05269622802734,155.5564168294271,-0.006530264354292603,-0.009747304081175967,0.7674670913109155,0.08225906428153618,0.5377392832866198,1,1.0,True,0.5,-0.002330915280724155
232.7055644739604,235.08771628667242,226.0653512199268,229.68821716308594,197299900,AAPL,2024-10-25,-0.0367313904140526,0,-0.015276485867899647,0.016963457989247033,0.015892025095683326,0.010524179586062887,0.053751830066247175,0.37030175529309806,-0.015276485867899647,0.02055616730431767,0.022597894296715867,228.4772720336914,224.81058756510416,0.005300068223923704,0.021696618699371673,0.9311759492771797,-0.01636852347767004,0.5320066228624816,1,2.0,True,0.5,-0.0183656952070263
464.5299987792969,465.7900085449219,453.0299987792969,454.010009765625,16734300,BRK.B,2024-10-25,-0.004118841164213238,0,-0.023214239050603935,-0.01347207102099246,-0.007563318787779605,-0.046037155496584936,0.05987959961528877,0.1290972466405429,-0.023214239050603935,0.0156699488930406,0.024177367161661134,460.24749755859375,455.52333577473956,-0.013552464328553282,-0.0033221701069183762,0.7080613149026995,0.05629328750716045,0.5175774678378924,1,3.0,False,0.0,-0.0
188.0500030517578,191.52000427246094,183.69000244140625,187.8300018310547,137236600,AMZN,2024-10-25,0.053771978631034,1,-0.006137910092559595,-0.0052431175445520894,-0.0007447964501743343,0.05226891782103471,0.11870165967282764,0.04570764356446411,-0.006137910092559595,0.009167301159667648,0.03477636365863612,188.03750228881836,182.42833455403647,-0.0011035057115625913,0.029609804256685912,0.6318814559082812,-0.08354250582608347,0.516200367992639,1,4.0,False,0.0,0.0
162.01445640921125,164.867967838788,160.0855776572324,164.3211212158203,98036500,GOOGL,2024-10-25,0.03642537447247629,1,0.011320570793573514,0.012435653058874063,0.00805115521112687,0.012910460416966751,-0.007024443229357358,-0.03646852814300949,0.011320570793573514,0.018201458203415486,0.03182099884245106,163.80162048339844,161.52320861816406,0.003171523766912543,0.017322046915687617,0.3671700784705865,-0.023919019423749188,0.5104312704359144,1,5.0,False,0.0,0.0
218.89999389648438,269.489990234375,212.11000061035156,269.19000244140625,537640400,TSLA,2024-10-25,-0.07507710736124473,0,0.21971004152091478,0.23595040711471515,0.033517665947684794,0.2572509535941394,0.2962392488799115,0.5995603611660947,0.21971004152091478,0.14795530797604792,0.08882518758628212,239.44250106811523,229.00416564941406,0.12423651290222959,0.1754808113556907,1.0,0.27798963755695083,0.508083141279712,1,6.0,False,0.0,-0.0
411.30886136013186,427.51926858228103,408.9662678666254,423.1997985839844,89823400,MSFT,2024-10-25,-0.041527506468222564,0,0.023890337189353295,0.028415600187715384,0.00030375382307124,0.026393982239550917,0.050017657522210435,0.05752943676005828,0.023890337189353295,0.02137923930650603,0.028892811427577644,414.82032012939453,414.4817377726237,0.02020026032470157,0.021033642780525108,0.40680525494538683,0.05270165030696772,0.4887420473420066,0,7.0,False,0.0,-0.0
285.82878250908414,286.6578402629211,277.12360788077183,278.0612487792969,26443400,V,2024-10-25,0.031980974396013995,1,-0.03058966548016051,0.014001020732715252,0.023839710594691477,0.01939436982618692,0.0589503950647845,0.030225023306247767,-0.03058966548016051,0.03159400889079157,0.026155402375910155,278.35731506347656,273.53511301676434,-0.0010636195571586127,0.016546818112726625,0.7193757637514299,0.004672226987216144,0.4886534631510613,0,8.0,False,0.0,0.0
573.2656610260642,582.192594507908,558.8252690153747,570.4989624023438,49487400,META,2024-10-25,-0.010623453055534582,0,-0.005585793971823572,-0.02830751126244946,0.010381345099679251,0.10068260289944031,0.175475871886837,0.29569024383008613,-0.005585793971823572,0.03243716626374177,0.03585799977324195,581.1003723144531,545.7630259195963,-0.018243681155951097,0.045323584244403525,0.8433641338286815,-0.015289287649031369,0.46330614210701215,0,9.0,False,0.0,-0.0
218.44284085419463,218.90839289110613,214.23344472630617,215.6204071044922,34009200,JPM,2024-10-25,0.0028338607472886412,1,-0.013577627548933324,9.002360784182706e-05,0.06257643126819867,-0.0050163559834847105,0.12319130411144519,0.16239443283860533,-0.013577627548933324,0.027359880513795294,0.03238934011394063,213.66846466064453,207.8900883992513,0.009135379181704595,0.03718464292725132,0.9174398610478544,-0.14246703488584656,0.46133121557835144,0,10.0,False,0.0,0.0
154.27951897268434,155.2753073075725,152.268818869165,153.32205200195312,29750200,JNJ,2024-11-01,-0.02910148113367339,0,-0.00466183056144831,-0.030220432216815807,-0.0009980957736475116,-0.025854788667275308,0.004516273118957637,0.08963383708445583,-0.00466183056144831,0.020397731510217548,0.016638020580602788,155.01440048217773,155.61386108398438,-0.01091736299956969,-0.014727538190151157,0.7324473349356708,-0.000568580271020469,0.5620080400650769,1,1.0,True,0.5,-0.014550740566836695
455.5899963378906,459.239990234375,450.57000732421875,452.1400146484375,17412300,BRK.B,2024-11-01,0.024925882798572552,1,-0.004118841164213238,-0.027237464451419613,-0.021278408871335808,-0.015846063659658127,0.0474204845922892,0.127896874686922,-0.004118841164213238,0.013635999980448276,0.024302968357540436,457.79000091552734,457.22916920979816,-0.012341873469910891,-0.011130424093799496,0.6621199612177892,0.06093152838348126,0.5455558645134096,1,2.0,True,0.5,0.012462941399286276
278.3672007327242,292.4809451037312,277.68622301475125,286.95391845703125,34868700,V,2024-11-01,0.058918593890016524,1,0.031980974396013995,0.000413021607349906,0.04609087074946938,0.04069889445527619,0.11926405658773764,0.08705045569175973,0.031980974396013995,0.03425699103866504,0.02552181764804825,281.5181198120117,276.08316294352215,0.019308876631633387,0.03937493108093992,1.0,0.19863562885598562,0.5417292501917269,1,3.0,False,0.0,0.0
579.2070359341649,598.3148749725009,559.8603921723633,564.4382934570312,92950700,META,2024-11-01,0.039107104566004525,1,-0.010623453055534582,-0.01614990660732063,-0.04829338197647948,0.1347894884416665,0.09643498691724717,0.25733434850884773,-0.010623453055534582,0.007398967928369455,0.03325601620769558,573.9399108886719,549.9000396728516,-0.016555073538845888,0.02643799369941635,0.7797741134576203,0.5913014076791057,0.5204309725061147,1,4.0,False,0.0,0.0
231.5839844241638,232.98348177622344,218.63109301833273,221.25144958496094,248222000,AAPL,2024-11-01,0.01928891405375266,1,-0.0367313904140526,-0.051446749715383655,-0.017151594946428372,0.009464713967935356,0.032038681267873015,0.21862089651735905,-0.0367313904140526,0.029448982009559158,0.02495056677955587,227.51201248168945,225.3829663594564,-0.027517504805300685,-0.018331095917453744,0.7682206665489744,0.19833281395697444,0.49206419095500936,0,5.0,False,0.0,0.0
216.62910356108065,219.92681213014208,214.91236795234585,216.2314453125,35287300,JPM,2024-11-01,0.06297660903888969,1,0.0028338607472886412,-0.010782243907396905,0.05548706477651977,0.05575717742266528,0.08992321206431542,0.18392261655367803,0.0028338607472886412,0.028050399416631823,0.03158884998931104,216.51029205322266,209.3767547607422,-0.0012879144823938482,0.03273854616569438,0.9281737742668108,-0.08014303319258975,0.4689143301603872,0,6.0,False,0.0,0.0
426.66919481416045,433.43009020652653,401.6024459753444,405.6253662109375,140477000,MSFT,2024-11-01,0.029656175074475932,1,-0.041527506468222564,-0.0186292754110281,-0.013675896379190422,0.021583203818328567,0.012535558450695872,0.012765315452605952,-0.041527506468222564,0.02754126126646677,0.031739910966313505,413.41426849365234,414.9002202351888,-0.0188404292650447,-0.022354420585734558,0.13334571124392303,0.417368277938456,0.4676942153986342,0,7.0,False,0.0,0.0
167.78114595500233,180.97496713171114,163.00870143582344,170.30657958984375,219763900,GOOGL,2024-11-01,0.04121640194631193,1,0.03642537447247629,0.048158301296447936,0.025320366337684197,0.13647848450148126,0.0479459251019736,0.02675283830454056,0.03642537447247629,0.024564614765034624,0.03290394935923578,164.85305404663086,162.17253494262695,0.03308113140366986,0.05015673369164775,0.5190855244965946,0.6876135083476871,0.46678691804754824,0,8.0,False,0.0,0.0
270.0,273.5400085449219,246.6300048828125,248.97999572753906,366289100,TSLA,2024-11-01,0.29014381369102815,1,-0.07507710736124473,0.12813773978406084,-0.004398616824462187,0.18151189092916264,0.2448999786376953,0.37413760346989866,-0.07507710736124473,0.1533398322968059,0.09188520643471584,239.16749954223633,233.08583196004233,0.04102771573931974,0.06819017541238392,0.7993446538033501,-0.09539747233492879,0.4643561388111053,0,9.0,False,0.0,0.0
189.57000732421875,200.5,185.22999572753906,197.92999267578125,276163200,AMZN,2024-11-01,0.051785986860465316,1,0.053771978631034,0.04730402096813813,0.06122995284591437,0.15485146963443985,0.18563549647276467,0.062939614088104,0.053771978631034,0.02680486804109035,0.03653872613718313,190.8925018310547,185.01083374023438,0.03686625078105443,0.06982920229247824,0.9373863437058645,0.5719605022178014,0.4626025306859735,0,10.0,False,0.0,0.0
450.3699951171875,469.260009765625,437.8999938964844,463.4100036621094,23573700,BRK.B,2024-11-08,0.014824874437101565,1,0.024925882798572552,0.020704375882234283,0.006953374038911164,0.035298627885026246,0.04251871382255201,0.12464510955148,0.024925882798572552,0.020512817781269153,0.023877452730452685,458.59000396728516,458.8041687011719,0.010510477012421138,0.010038781848857647,0.8222505129623816,0.24165719680759312,0.5341693199095343,1,1.0,True,0.5,0.0074124372185507825
244.55999755859375,328.7099914550781,238.8800048828125,321.2200012207031,625405600,TSLA,2024-11-08,-0.0015565655877588513,0,0.29014381369102815,0.1932835480791011,0.4748392870516567,0.39485001774085227,0.48630394446625314,0.9066896117599641,0.29014381369102815,0.17134103860822175,0.11970458780562641,265.02249908447266,241.84416580200195,0.21204804245060793,0.32821066886387595,1.0,0.3680142474323851,0.5219939851376276,1,2.0,True,0.5,-0.0007782827938794257
152.9103250715491,154.0114404591287,148.80270645164373,148.8601531982422,36566600,JNJ,2024-11-08,-0.009455088764013686,0,-0.02910148113367339,-0.0336276455209894,-0.037098988606898975,-0.06071785668380614,-0.01719033085319699,0.053407326071480465,-0.02910148113367339,0.02383124029423275,0.0186267699990808,153.58056640625,155.3968849182129,-0.03073574553385494,-0.04206475389394748,0.5148556035926094,0.12074490338538113,0.5044600464140704,1,3.0,False,0.0,-0.0
219.34570882983752,227.20835428792034,218.07523400035532,225.51914978027344,208083400,AAPL,2024-11-08,-0.008635944232136317,0,0.01928891405375266,-0.01815098499307144,-0.0014954304752178293,0.021167236360782216,0.0051301710777909015,0.2426806094839633,0.01928891405375266,0.031762357909035636,0.021632544975376904,227.42757415771484,225.47888692220053,-0.008391350013336352,0.00017856597849363887,0.828216628761594,-0.04521120422306357,0.5038357509286815,1,4.0,False,0.0,-0.0
168.95436679599575,180.0403569286527,167.04539198951443,177.3260040283203,120789400,GOOGL,2024-11-08,-0.032856485071253605,0,0.04121640194631193,0.07914309929409091,0.09256294847779034,0.13266854131621764,0.09589234993908158,0.06013403520967109,0.04121640194631193,0.019382526985100335,0.03439613041518313,168.60886001586914,163.46556091308594,0.051700391139769986,0.08479121252092914,0.6972438087551518,-0.09769469897671246,0.49221078673067853,0,5.0,False,0.0,-0.0
215.95016767681818,240.53737273122323,212.57488952061908,229.84896850585938,63771300,JPM,2024-11-08,0.035150672007123074,1,0.06297660903888969,0.06598893672653094,0.06608490089653474,0.1669547375123399,0.11432542448411875,0.20618497842526673,0.06297660903888969,0.032957003130034426,0.03433079369277192,220.07228469848633,211.34188842773438,0.044424875312071954,0.0875693891817062,1.0,0.4899340384111044,0.4808903281559085,0,6.0,False,0.0,0.0
287.75335759022,307.0981257097671,286.97366683628974,303.86083984375,30833700,V,2024-11-08,0.007661411489827463,1,0.058918593890016524,0.09278384232867642,0.10808393156149632,0.07141114714316354,0.15143245731411237,0.10087008976863943,0.058918593890016524,0.03966683957943747,0.028805238139515604,288.92786407470703,279.41339111328125,0.05168409705607968,0.08749562300168057,1.0,-0.01771281662456159,0.46860095334980095,0,7.0,False,0.0,0.0
405.06193022116906,421.9148565188348,400.88085627166146,417.6546630859375,100773300,MSFT,2024-11-08,-0.017844528028801987,0,0.029656175074475932,-0.013102878395974571,0.01494039563793259,-0.01869523692067654,0.009725920629097828,0.02248422497165059,0.029656175074475932,0.032283879854368584,0.031495128765792586,414.95128631591797,415.23546600341797,0.006514925629032442,0.005826084909855922,0.320522512443599,-0.02658287394482317,0.4599767265705614,0,8.0,False,0.0,-0.0
561.3929508469568,591.9456339468819,552.5056314825866,586.5118408203125,64214800,META,2024-11-08,-0.05982968777479569,0,0.039107104566004525,0.028068199020975015,-0.00103385310137738,0.1244372056874039,0.1184677935989451,0.239999870959833,0.039107104566004525,0.027052520771324723,0.03434719961645209,573.7881622314453,555.0769704182943,0.022174871191809054,0.056631552158125986,0.9494966441771905,0.0187448687795726,0.4576957538925459,0,9.0,False,0.0,-0.0
196.4499969482422,212.25,194.30999755859375,208.17999267578125,230303300,AMZN,2024-11-08,-0.026755655016783342,0,0.051785986860465316,0.10834260047034738,0.10253142993644682,0.11630643221474002,0.17575960435043547,0.11041176349462423,0.051785986860465316,0.032122963094810386,0.035610674204595384,195.7324981689453,187.60416666666666,0.06359441903251017,0.10967680715574679,1.0,0.17440222291828644,0.44792627727646905,0,10.0,False,0.0,-0.0
149.0037835023882,150.88046018417558,144.35039932386343,147.45266723632812,40535000,JNJ,2024-11-15,0.007597280393830008,1,-0.009455088764013686,-0.03828141281040398,-0.06734496418621916,-0.061890817343373095,-0.054597697213626506,0.011531308147470831,-0.009455088764013686,0.011982125455418328,0.015933972781324135,150.91875839233398,154.68725967407227,-0.022966602647202294,-0.046769155087416414,0.44621726803931927,0.1762648982792756,0.5356007080048497,1,1.0,True,0.5,0.003798640196915004
223.57158868270503,227.41701609796436,220.0938084143074,223.5715789794922,223817700,AAPL,2024-11-15,0.021644572848720012,1,-0.008635944232136317,0.010486391835549558,-0.04149984865601508,-0.012938054599691218,-0.007020127242771235,0.18769823359318116,-0.008635944232136317,0.023105920801744975,0.0217701307948638,225.00759887695312,225.3471705118815,-0.006382095114246478,-0.007879360226072607,0.7844266244750687,0.02034115814151205,0.5253497825633948,1,2.0,True,0.5,0.010822286424360006
346.29998779296875,358.6400146484375,309.2200012207031,320.7200012207031,726819600,TSLA,2024-11-15,0.09927661579166669,1,-0.0015565655877588513,0.2881356202273766,0.453194407138652,0.3461490082715766,0.4557007559859856,0.8072804524223047,-0.0015565655877588513,0.1743320570391204,0.1201785180219162,290.0275001525879,250.21083196004233,0.1058261752832661,0.28179902807693336,0.996521497280562,0.2885988713451253,0.5248496964064812,1,3.0,False,0.0,0.0
466.010009765625,472.260009765625,464.0,470.2799987792969,20976300,BRK.B,2024-11-15,0.013375028836541736,1,0.014824874437101565,0.04012028031839687,0.011790041158023845,0.03287870088724909,0.03727556070950366,0.12793206702536697,0.014824874437101565,0.02127903981973827,0.023605066871422452,459.9600067138672,460.2125015258789,0.02243671605094466,0.021875757872804824,0.9198633950391377,0.06618583267892131,0.5023412579685174,1,4.0,False,0.0,0.0
306.05194633329836,308.3713502172353,303.24204626074544,306.1888427734375,22859000,V,2024-11-15,0.0009040987537769496,1,0.007661411489827463,0.0670314049720373,0.06747211199801173,0.08940101812976309,0.1599938168785573,0.10978505344628364,0.007661411489827463,0.03800694409240092,0.0286035348523072,293.7662124633789,282.9326858520508,0.04228747140758138,0.08219678419745269,1.0,-0.20493753304209916,0.49014378158267474,0,5.0,False,0.0,0.0
208.5,215.89999389648438,199.61000061035156,202.61000061035156,249823200,AMZN,2024-11-15,-0.02709641911369487,0,-0.026755655016783342,0.023644763844539618,0.07206727721736672,0.05746343505275031,0.14443068399179393,0.0969680777370463,-0.026755655016783342,0.040852271931785124,0.0373679535096225,199.1374969482422,189.73500061035156,0.017437718738685826,0.06785780145246201,0.8649371148301849,0.1183697670678523,0.46699908620146063,0,6.0,False,0.0,-0.0
583.5460928122134,596.78223842264,548.8533847643662,551.4210205078125,66021000,META,2024-11-15,0.009132233591256256,1,-0.05982968777479569,-0.023062349064751575,-0.038839800888531006,-0.012950806078124377,0.0503949932525547,0.17640918886200208,-0.05982968777479569,0.040464082817303515,0.03983259780052376,568.217529296875,557.2816060384115,-0.02955999757671479,-0.010516380707880524,0.6796848767052186,-0.031502465032406834,0.46679336674813077,0,7.0,False,0.0,0.0
177.55470270682915,181.44225527864106,170.23698198164112,171.49969482421875,129281400,GOOGL,2024-11-15,-0.04481438695503781,0,-0.032856485071253605,0.0070056907798186074,0.055501374243630774,0.05440443113506177,0.04286272461591811,-0.017851152342772014,-0.032856485071253605,0.03389364093523856,0.0362232747172319,170.86334991455078,164.05296198527017,0.00372429142929831,0.0453922486301539,0.549367688645815,-0.0893611086457633,0.45382610384488753,0,8.0,False,0.0,-0.0
417.6349296196992,424.3661599826618,408.8575514031372,410.2018127441406,123901200,MSFT,2024-11-15,0.00683064001893241,1,-0.017844528028801987,0.011282446598330331,-0.0075570126176881525,-0.046568940907530054,-0.0042948349605699265,-0.010618549401085864,-0.017844528028801987,0.034081831561628084,0.03195517937537503,414.17041015625,415.08802032470703,-0.009582039940062792,-0.011771497468763603,0.20455557760997425,0.08930140981403589,0.4499259728658582,0,9.0,False,0.0,0.0
232.7780887124302,239.00491351851235,231.57540367214264,237.92831420898438,49041700,JPM,2024-11-15,0.01320776739625229,1,0.035150672007123074,0.10034095117445951,0.08847680665759938,0.16923236814307518,0.13056335630393123,0.21188002062381606,0.035150672007123074,0.0340834081079448,0.035012847398970134,224.90728378295898,213.63165537516275,0.05789510329327974,0.1137315478417924,1.0,0.07719146996724491,0.4412216385929711,0,10.0,False,0.0,0.0
340.7300109863281,361.5299987792969,330.010009765625,352.55999755859375,428431200,TSLA,2024-11-22,-0.02098931798198267,0,0.09927661579166669,0.09756551964009752,0.3097068775254177,0.3536051951357,0.646630220697634,0.9669715842094182,0.09927661579166669,0.15834496649895383,0.1194416430007048,310.86999893188477,261.7483317057292,0.13410750078795397,0.34694267299078585,1.0,-0.20178467501853214,0.563710204948436,1,1.0,True,0.5,-0.010494658990991335
146.102601692419,150.43999882947475,145.35576125610208,148.57290649414062,43212700,JNJ,2024-11-22,0.0069844798238121175,1,0.007597280393830008,-0.0019296413306724158,-0.03549239755701139,-0.038599775568348704,-0.06445208197415941,0.06380718761444526,0.007597280393830008,0.015259206975880993,0.014810647456725756,149.55194473266602,153.83429845174155,-0.006546476144295488,-0.034201683308299646,0.5008475522185926,0.1518433740158398,0.5563843949377962,1,2.0,True,0.5,0.0034922399119060588
470.9800109863281,477.44000244140625,465.010009765625,476.57000732421875,18034800,BRK.B,2024-11-22,0.01353417460252615,1,0.013375028836541736,0.028398186396737524,0.04969052900450355,0.04175138490512942,0.0013657628974308444,0.16975529083833707,0.013375028836541736,0.012062512479777136,0.01899013748132556,465.6000061035156,460.26666768391925,0.02356099887649954,0.03542150841019742,1.0,-0.09822731074001434,0.5428761521769786,1,3.0,False,0.0,0.0
306.0306333878561,308.92796918519366,302.8069250484739,306.4656677246094,27497300,V,2024-11-22,0.01664952744235948,1,0.0009040987537769496,0.008572436916184367,0.1021516628800645,0.12842663955458344,0.12352719983450733,0.13349078225150968,0.0009040987537769496,0.02633358178031514,0.02801043420152156,300.86731719970703,285.7405726114909,0.018607373432941943,0.07253115972892465,1.0,-0.052296811871923476,0.4877958255088519,0,4.0,False,0.0,0.0
223.8199993254601,229.25530023929056,223.74050538640262,228.4106903076172,196291700,AAPL,2024-11-22,0.032453137034146984,1,0.021644572848720012,0.012821707292533846,-0.005562004317190006,0.010241629266302343,0.004903639736580256,0.21270288747944988,0.021644572848720012,0.027443332901654592,0.022538514068704538,224.68821716308594,225.4400520324707,0.016567282394827743,0.013177065248009434,0.8865063771877982,-0.10411508340571152,0.4864508781839464,0,5.0,False,0.0,0.0
204.14999389648438,205.3000030517578,195.75,197.1199951171875,190707600,AMZN,2024-11-22,0.054636792508330645,1,-0.02709641911369487,-0.053127091688482064,0.049459581512908635,0.0486779477419963,0.10431369813550417,0.09056705459024905,-0.02709641911369487,0.04602506681078392,0.03904005044864334,201.4599952697754,191.2866668701172,-0.021542739275736578,0.030495216119956314,0.731813768729391,-0.19447457769942955,0.47238730138819074,0,6.0,False,0.0,0.0
554.3667253091998,567.2646302971915,546.4151549825543,556.4567260742188,53965700,META,2024-11-22,0.027148771847541386,1,0.009132233591256256,-0.051243832867990835,-0.024613955946552135,-0.01448813681782235,0.07359044980053708,0.17148822069291625,0.009132233591256256,0.04156059573945343,0.03945739994672825,564.7069702148438,560.4601847330729,-0.014609779187754968,-0.007143163364514149,0.718404194385476,-0.221139864666418,0.46942200351821073,0,7.0,False,0.0,0.0
240.30458500761375,241.6527523940075,231.4590332309668,241.07081604003906,41640200,JPM,2024-11-22,0.0047072511821613094,1,0.01320776739625229,0.04882270130306732,0.11803339617670461,0.18799593614810695,0.11242494266005787,0.2528462357081569,0.01320776739625229,0.026617437633594542,0.03452401480669429,231.2698860168457,215.66193262736002,0.04237875579909889,0.11781811979113987,1.0,-0.1221652730966768,0.46667983812338854,0,8.0,False,0.0,0.0
410.07336996510656,415.7571129679985,405.8329222910528,413.0037536621094,107647000,MSFT,2024-11-22,0.015491631129035843,1,0.00683064001893241,-0.011135777557142124,-0.02409274521394078,-0.023796309654336656,0.0016653335363312483,-0.02690213379925155,0.00683064001893241,0.030758055965699235,0.03201448219348418,411.62139892578125,415.1452407836914,0.003358316015483309,-0.005158404604469147,0.2481539976694072,-0.08927799051815943,0.4560783484833932,0,9.0,False,0.0,0.0
172.424337422112,177.8430450835762,162.7601278802168,163.8140411376953,160906300,GOOGL,2024-11-22,0.02543099822769168,1,-0.04481438695503781,-0.0761984287903259,-0.003085909312041446,0.004940400764246622,0.009784710594901602,-0.05612925954219483,-0.04481438695503781,0.04514228384642959,0.038653091775753025,170.73657989501953,164.18524042765299,-0.04054514130235398,-0.0022608566335854396,0.35430000379533977,0.020427084968315024,0.449673028010002,0,10.0,False,0.0,0.0
360.1400146484375,361.92999267578125,326.5899963378906,345.1600036621094,253250800,TSLA,2024-11-29,0.12765093606189026,1,-0.02098931798198267,0.0762035493526576,0.38629612653628986,0.3801983410704204,0.6379253578516655,0.9382300096198575,-0.02098931798198267,0.14239969606977057,0.11970527764025829,334.91500091552734,272.95083236694336,0.030589859273475906,0.2645501047532659,0.9577336427970508,-0.5019422715057993,0.5997393198660202,1,1.0,True,0.5,0.06382546803094513
148.5729009047688,151.17419670876055,147.8250517189238,149.61061096191406,27767900,JNJ,2024-11-29,-0.036771685449318525,0,0.0069844798238121175,0.014634823269268571,-0.024206831252113536,-0.02518076628979493,-0.049435757413061054,0.07342843188978354,0.0069844798238121175,0.01731183276165026,0.015177479682548784,148.62408447265625,153.1859016418457,0.0066377296301483035,-0.023339554368983606,0.5514528935090448,-0.24993280758929837,0.5897145226514595,1,2.0,True,0.5,-0.018385842724659263
479.1300048828125,491.6700134277344,472.8500061035156,483.0199890136719,16907600,BRK.B,2024-11-29,-0.02592022959388851,0,0.01353417460252615,0.02709022341465528,0.06829737109033629,0.04556570283210282,0.05136906294059318,0.16558879374483904,0.01353417460252615,0.005545395225603764,0.01574630116073936,473.3199996948242,462.23333231608075,0.020493512475918685,0.044970051366561625,1.0,-0.1492218123996759,0.5876396520337648,1,3.0,False,0.0,-0.0
229.99059491471002,236.30028225823045,228.2815130321861,235.82333374023438,198118800,AAPL,2024-11-29,0.02321649328712061,1,0.032453137034146984,0.054800144171572196,0.06586119179154948,0.04757997236082323,0.07594926310137917,0.2372750727258215,0.032453137034146984,0.01751354470846442,0.021084903677407656,228.3311882019043,226.82724634806314,0.03281262449221378,0.03966052375545259,1.0,-0.04094871716674431,0.5298467525607332,1,4.0,False,0.0,0.0
414.3705063731925,424.92835279721186,410.8743369468268,419.40185546875,85754300,MSFT,2024-11-29,0.047489696542811766,1,0.015491631129035843,0.022428088903516885,0.03396357921720394,0.01982320044797259,0.05627982588817737,0.02395013140470814,0.015491631129035843,0.01994394716793755,0.02992596404908211,415.0655212402344,417.00742594401044,0.01044734868740349,0.005741934977102847,0.3477089627152641,-0.17953347215983317,0.5280361097526122,1,5.0,False,0.0,0.0
242.07952020730173,246.65749066946253,240.8671336131068,242.20559692382812,27474600,JPM,2024-11-29,-0.009450528709233241,0,0.0047072511821613094,0.017977190857103365,0.12012199046160932,0.18227427190395695,0.18257683101880628,0.24681679768444953,0.0047072511821613094,0.026024171689307582,0.028116367060411308,237.76342391967773,218.77808888753256,0.018683163839578132,0.10708342940292792,1.0,-0.39592299802449105,0.5181787644465934,1,6.0,False,0.0,-0.0
308.38405628240383,312.84378286256367,306.040461476619,311.56817626953125,30318400,V,2024-11-29,-0.012917325940455693,0,0.01664952744235948,0.01756867901314796,0.08577773722293935,0.13582217857193313,0.12996769075206438,0.1609487801497167,0.01664952744235948,0.02606725340385854,0.02807433636451019,307.02088165283203,288.72692616780597,0.014811027159517876,0.07911021810432084,1.0,0.08757367157989893,0.48157873029523884,0,7.0,False,0.0,-0.0
199.27999877929688,208.1999969482422,199.0,207.88999938964844,135313400,AMZN,2024-11-29,0.09206791786926849,1,0.054636792508330645,0.02605991196580204,0.050320856274582715,0.11463195277735583,0.21296458445640498,0.1782475431481949,0.054636792508330645,0.046282209586259226,0.03780667248911079,203.9499969482422,194.32833353678384,0.01931847266664155,0.06978738306474264,0.9929681533752864,-0.32859234817449656,0.4806215883736065,0,8.0,False,0.0,0.0
165.13641317917185,168.84501052303654,164.65917328191838,167.97999572753906,87145700,GOOGL,2024-11-29,0.03409301175965962,1,0.02543099822769168,-0.020523063322574808,-0.01366115077824881,0.011313310217135886,0.12095288056847076,-0.018154628866247857,0.02543099822769168,0.04243829291544227,0.030296862707944402,170.15493392944336,165.69568634033203,-0.012782104824572205,0.013786172939439956,0.46003507203787286,-0.3002070975269552,0.47818281916895145,0,9.0,False,0.0,0.0
559.4025063006017,575.6839894711363,553.7199469729902,571.5638427734375,38287100,META,2024-11-29,0.08610185570999929,1,0.027148771847541386,0.03652893436502502,0.012624142264983762,-0.036278902236023924,0.14911523238456237,0.23265140107199644,0.027148771847541386,0.04423005970449381,0.03687455642633448,566.4883575439453,566.6409454345703,0.008959557883055691,0.008687860237653222,0.8345621474262482,-0.3116573163748615,0.46043103482206144,0,10.0,False,0.0,0.0
352.3800048828125,389.489990234375,348.20001220703125,389.2200012207031,349924000,TSLA,2024-12-06,0.12078004629306927,1,0.12765093606189026,0.10398231199220676,0.21169291993520267,0.7870523221627743,0.6901298908680826,1.1930358946944066,0.12765093606189026,0.07337260093450385,0.12130139852083621,351.91500091552734,286.1949996948242,0.10600571219790189,0.3599818362855278,1.0,-0.2040061291191393,0.5823872408802917,1,1.0,True,0.5,0.06039002314653463
484.79998779296875,485.0899963378906,466.5,470.5,20495300,BRK.B,2024-12-06,-0.026780034226388194,0,-0.02592022959388851,-0.012736863904423634,0.01529961865704621,0.02235937666713239,0.05113830208783021,0.13724257616688695,-0.02592022959388851,0.019926373089049206,0.01578342090766171,475.0924987792969,464.1408335367839,-0.00966653607686263,0.013700941618859153,0.8384100132972857,0.0728557594158139,0.5819717296346731,1,2.0,True,0.5,-0.013390017113194097
242.04072865244322,242.7196618094662,234.9409837266818,239.9166259765625,34995900,JPM,2024-12-06,-0.029996802172792547,0,-0.009450528709233241,-0.004787763539510603,0.04380118621435747,0.11278068416101861,0.21806873927384451,0.2515874317925122,-0.009450528709233241,0.01867185923922057,0.024148906864531777,240.28033828735352,222.3574104309082,-0.0015136998448705974,0.07896842975291962,0.9594375718245116,-0.08598494049064853,0.5640929657339823,1,3.0,False,0.0,-0.0
149.3596824013233,149.60097429534807,143.21157780796435,144.1091766357422,42241700,JNJ,2024-12-06,-0.01801629526428472,0,-0.036771685449318525,-0.030044036720614842,-0.03191570383629094,-0.06783065211018624,-0.09069570738860244,0.031074581550388336,-0.036771685449318525,0.020798280813678294,0.017371665912453566,147.43634033203125,151.98809178670248,-0.022566781627895716,-0.0518390293498614,0.283166526524143,0.09891888059949028,0.5537892045636489,1,4.0,False,0.0,-0.0
235.76369091824088,243.0769692456264,235.654388648958,241.29832458496094,208286500,AAPL,2024-12-06,0.021783922284734025,1,0.02321649328712061,0.056423078359366885,0.06996822584716811,0.06836816275472146,0.0926164961822018,0.236165073645489,0.02321649328712061,0.017852197976799343,0.021645385233938486,232.27598190307617,228.53173319498697,0.038843201126363525,0.05586353899955454,1.0,0.008023208782614422,0.522903278055447,1,5.0,False,0.0,0.0
313.36788004609747,313.88210352741316,305.35814674313656,307.5435485839844,26092000,V,2024-12-06,0.011993148756741068,1,-0.012917325940455693,0.0035171341291762026,0.012119721455808863,0.121513600161679,0.08439635181118721,0.12041534224765993,-0.012917325940455693,0.012460206867397251,0.028213684683287228,307.9415588378906,290.72154998779297,-0.0012924863256790209,0.05786292277575478,0.9281309434928801,-0.022466742907666926,0.5127488486595714,1,6.0,False,0.0,0.0
574.7286569743601,626.7676190380172,572.8079260678282,620.7765502929688,67143300,META,2024-12-06,-0.005482949576351093,0,0.08610185570999929,0.11558818719386132,0.05842117257979429,0.05732692056795918,0.19012814573600934,0.26782092003623403,0.08610185570999929,0.06009811345996566,0.04152355193855604,575.0545349121094,574.9052581787109,0.07950900758977131,0.07978930695394437,1.0,0.19144998316454243,0.5019836295112572,1,7.0,False,0.0,-0.0
209.9600067138672,227.14999389648438,209.50999450683594,227.02999877929688,205802000,AMZN,2024-12-06,0.00189405777598739,1,0.09206791786926849,0.15173500610289659,0.09054667483283341,0.20236198481588108,0.21738426774628872,0.2318502171458945,0.09206791786926849,0.05987865113720372,0.03849692213419784,208.6624984741211,197.70666631062826,0.08802492273164164,0.14831736843206422,1.0,0.05317213849437241,0.4781571714703921,0,8.0,False,0.0,0.0
417.52999772728793,441.82487523918803,417.2724796995242,439.3191223144531,105037400,MSFT,2024-12-06,0.008341362980892386,1,0.047489696542811766,0.06371702053311878,0.051871704408716024,0.06758708383292866,0.03220671368463934,0.05051060171752497,0.047489696542811766,0.026988843621949088,0.025455050654835058,420.4816360473633,418.1497217814128,0.04479978351532088,0.05062636522357078,0.6576231942417073,-0.005186107208909219,0.47630585158368727,0,9.0,False,0.0,0.0
167.8010472162495,175.04918185581036,167.60219850791555,173.70693969726562,120471500,GOOGL,2024-12-06,0.08773136960475791,1,0.03409301175965962,0.06039102930898799,-0.020409101027713317,0.07026472088317082,0.10955179462558218,0.003912717535727861,0.03409301175965962,0.04006086977184196,0.029329135735989526,169.2501678466797,167.12493515014648,0.026332451585059813,0.039383737329236945,0.6053892275863885,-0.0319781906526031,0.4664659887626018,0,10.0,False,0.0,0.0
308.3543622795957,313.4173536411645,303.2222414105848,311.2319641113281,22547300,V,2024-12-13,0.00943633683906242,1,0.011993148756741068,-0.0010790965952577336,0.01647062411618383,0.08505404390923998,0.10734413281116661,0.1674083508032418,0.011993148756741068,0.013160324736996156,0.027770859929517708,309.2023391723633,293.2357432047526,0.0065640672201818795,0.061371170887614346,0.9939961525675889,-0.15279507773237522,0.555591792437188,1,1.0,True,0.5,0.00471816841953121
239.69355385728022,240.49858844470623,231.94396449404366,232.7198944091797,40575700,JPM,2024-12-13,-0.009752332405186026,0,-0.029996802172792547,-0.03916384524190675,-0.02189071030541523,0.06464927620889438,0.14363704109234043,0.2526990696296063,-0.029996802172792547,0.018883977763155632,0.026985374086269807,238.97823333740234,224.79314804077148,-0.02618790356269307,0.035262402068280574,0.8243873735070999,0.12175574207389217,0.5274464028133743,1,2.0,True,0.5,-0.004876166202593013
397.6099853515625,436.29998779296875,378.010009765625,436.2300109863281,474962800,TSLA,2024-12-13,-0.03477526315402868,0,0.12078004629306927,0.2638486683218684,0.36015842269262444,0.9765746126794523,0.8309759117999083,1.4505928006732005,0.12078004629306927,0.06950484473280043,0.1227872149623214,380.7925033569336,302.6933339436849,0.14558455626273314,0.441161605056976,1.0,0.2610450979736205,0.5270552778179317,1,3.0,False,0.0,-0.0
144.08985429782848,145.63412823914575,139.98789664468356,141.5128631591797,45756900,JNJ,2024-12-13,-0.014663819049583582,0,-0.01801629526428472,-0.05412549117118304,-0.04028278489956705,-0.1049149063794036,-0.09968046776063866,0.023211787550475593,-0.01801629526428472,0.021440695977375676,0.017623992999121738,145.95138931274414,150.68243789672852,-0.030410989401776778,-0.06085363938585375,0.13160299986439472,0.15126758720637667,0.5247568008482048,1,4.0,False,0.0,-0.0
470.6000061035156,471.70001220703125,457.010009765625,457.8999938964844,17319200,BRK.B,2024-12-13,-0.01026420998493316,0,-0.026780034226388194,-0.05200611918459652,-0.026324753157580982,-0.014845081922759795,0.0056884240446692935,0.12911176270728553,-0.026780034226388194,0.022984046024866967,0.01752080328609434,471.99749755859375,464.3566665649414,-0.029867750856792052,-0.013904554695467142,0.670427778603022,-0.047831889484021395,0.5132024304876068,1,5.0,False,0.0,-0.0
240.29473874492055,249.2077910379196,240.21524480725012,246.55474853515625,192702600,AAPL,2024-12-13,0.025631734501317283,1,0.021783922284734025,0.04550616185734535,0.10280005025939487,0.057034015075784206,0.0885319629965966,0.17036335256389368,0.021783922284734025,0.005168134758917049,0.02138232082490831,238.0217742919922,230.20278930664062,0.035849553128262324,0.07103284576944935,1.0,-0.030914272524150133,0.5033184051689549,1,6.0,False,0.0,0.0
438.35842787251636,451.78843398650577,436.2785468030062,442.983642578125,97826700,MSFT,2024-12-13,-0.02385584479357783,0,0.008341362980892386,0.05622718832041995,0.07991634560238214,0.07175540415261716,0.029625785118948977,0.014467798656101705,0.008341362980892386,0.01901325957014172,0.025393876757890742,428.6770935058594,419.21189880371094,0.03337371949422829,0.056705794473512317,0.7146434164552766,-0.012513330712194404,0.5001981988833986,1,7.0,False,0.0,-0.0
173.15947313956298,194.7098337526011,172.85088694703188,188.9464874267578,208057700,GOOGL,2024-12-13,0.008376298182066533,1,0.08773136960475791,0.12481540798004342,0.1017307501358613,0.16287832081486764,0.1616697848610078,0.07636033863096503,0.08773136960475791,0.05443850466188592,0.03637823344207643,173.61186599731445,169.31624476114908,0.08832703537487796,0.11593833003620357,0.9921804381990881,0.443388719576705,0.49849419374718823,0,8.0,False,0.0,0.0
620.9257943920775,635.3364420595346,603.260976543077,617.3728637695312,49130100,META,2024-12-13,-0.05581976615607043,0,-0.005482949576351093,0.08014681400036006,0.11960342607357011,0.0761182519307555,0.10510365921808762,0.23163619195068108,-0.005482949576351093,0.04019804499618541,0.03792057232542841,591.5424957275391,579.7983245849609,0.04366612412219584,0.06480622242478429,0.9784239618374261,-0.05757453979404026,0.45708961161337386,0,9.0,False,0.0,-0.0
227.2100067138672,231.1999969482422,224.1999969482422,227.4600067138672,170377300,AMZN,2024-12-13,-0.011166835795081487,0,0.00189405777598739,0.09413635760101502,0.12264945475868094,0.2035557442327003,0.18716074878921196,0.23848416736579936,0.00189405777598739,0.05325654505777239,0.03858577971721319,214.875,200.69499969482422,0.058568966673029355,0.13336160372576145,1.0,-0.029466093933597004,0.4465452776704054,0,10.0,False,0.0,-0.0
441.0899963378906,488.5400085449219,417.6400146484375,421.05999755859375,645429900,TSLA,2024-12-20,0.025174574086773926,1,-0.03477526315402868,0.08180462524544341,0.19429317130232748,0.5641739802363002,0.6166014411899208,1.3007486486912385,-0.03477526315402868,0.08803856336316164,0.12500111746098377,397.9175033569336,316.07666778564453,0.05815902544226925,0.3321451422164017,0.936354046405411,0.49789294588114474,0.5836401556092711,1,1.0,True,0.5,0.012587287043386963
459.1700134277344,460.4200134277344,446.0899963378906,453.20001220703125,31522500,BRK.B,2024-12-20,0.007303613127622066,1,-0.01026420998493316,-0.03676936831661792,-0.04903790578094125,-0.0017840962559655393,-0.00933392135501332,0.10639133247725385,-0.01026420998493316,0.01885663282363502,0.017733583708249793,466.1549987792969,464.00083414713544,-0.02779115660282605,-0.023277591644758178,0.6087644144705048,0.4620045776779067,0.5553224614511745,1,2.0,True,0.5,0.003651806563811033
141.61902794834907,142.12091918898983,137.7776549310487,139.437744140625,55631000,JNJ,2024-12-20,0.004014798550960652,1,-0.014663819049583582,-0.03241592662016901,-0.061486058051074655,-0.0947961679915239,-0.09771248557806944,-0.013549537544942813,-0.014663819049583582,0.01793518681493289,0.017543335909195275,143.66759872436523,149.42407989501953,-0.02944195226548929,-0.06683217163800237,0.02741295022673661,0.2982919820884202,0.5551839722879865,1,3.0,False,0.0,0.0
311.23190384522866,318.03526960471095,306.1096908682832,314.1688537597656,58589700,V,2024-12-20,0.002990183769586041,1,0.00943633683906242,0.021542656987233233,0.02513555953053226,0.12985486161406157,0.156790274528946,0.15889962518947387,0.00943633683906242,0.013148720078987364,0.02433541723620635,311.12813568115234,296.7842559814453,0.009773201873743309,0.05857654989423433,1.0,0.7038402761520757,0.5534376959442842,1,4.0,False,0.0,0.0
233.3697476379754,233.42793979570948,222.6231616444076,230.45033264160156,72577200,JPM,2024-12-20,0.015025167861335342,1,-0.009752332405186026,-0.03945659579209693,-0.04405545048088089,0.06877793125547083,0.13565824001164617,0.22455766778364583,-0.009752332405186026,0.01427694120810974,0.027393802833809787,236.32311248779297,227.08715438842773,-0.024850636843633978,0.014810077048308834,0.765991628596423,0.6530189029480127,0.5492222383306973,1,5.0,False,0.0,0.0
246.4156487620838,253.38113119374523,244.13023820234332,252.87437438964844,368202900,AAPL,2024-12-20,0.004322373829942938,1,0.025631734501317283,0.04797401649845101,0.10710393654992356,0.10094621967525486,0.11844248462733153,0.22928758121259074,0.025631734501317283,0.00472908176646713,0.021783295696132694,244.1376953125,232.43439483642578,0.0357858669304032,0.0879387044572606,1.0,0.5225836411626956,0.4893166300149622,0,6.0,False,0.0,0.0
442.9836607244317,450.92679906279125,424.5222720446017,432.4158935546875,158004200,MSFT,2024-12-20,-0.013902843055360714,0,-0.02385584479357783,-0.01571347207332463,0.047002332837051686,0.02177717239360688,0.02208754111604816,-0.025607185036107705,-0.02385584479357783,0.02927266196758999,0.025972027407567995,433.5301284790039,419.99061584472656,-0.0025701441517469448,0.029584655564196316,0.5502084142566938,0.41510259444998976,0.48251708856616193,0,7.0,False,0.0,-0.0
230.22999572753906,233.0,218.72999572753906,224.9199981689453,244979500,AMZN,2024-12-20,-0.005201841447937783,0,-0.011166835795081487,-0.009293928651264993,0.14103086313101199,0.19746577211478455,0.19657390385850837,0.18954937587695864,-0.011166835795081487,0.047847264864238126,0.038023766016707414,221.82500076293945,203.77416610717773,0.013952428244611736,0.10377091692106677,0.958030264943691,0.29537873301887374,0.465659639394174,0,8.0,False,0.0,-0.0
627.4624746323816,629.8428592082433,577.6822346553289,582.9112548828125,104806400,META,2024-12-20,0.02487828281442761,1,-0.05581976615607043,-0.060996658769224,0.04754103521262021,0.02175690631969096,0.03236411737217648,0.1849324382336024,-0.05581976615607043,0.05950307558875417,0.042264515108919966,598.1561279296875,581.3211568196615,-0.025486444650562934,0.0027353177232534165,0.7599711215527659,0.6163419464858468,0.4567928858824306,0,9.0,False,0.0,0.0
191.98243736831273,200.4930951236226,184.36764269628742,190.52915954589844,218333100,GOOGL,2024-12-20,0.007052886396921254,1,0.008376298182066533,0.09684253189855507,0.16308198138978525,0.15949281587274666,0.1688280724995248,0.06821600883487244,0.008376298182066533,0.034257456239294166,0.036252522219170365,180.29064559936523,171.60961532592773,0.05678893606762503,0.11024757665261342,1.0,0.37747851762122875,0.45532567384553296,0,10.0,False,0.0,0.0
453.19000244140625,461.1300048828125,449.82000732421875,456.510009765625,10994500,BRK.B,2024-12-27,-0.00646209753110516,0,0.007303613127622066,-0.003035562676101722,-0.054883814026372546,0.009665136850551592,-0.01181893075448781,0.12219769779824818,0.007303613127622066,0.016053996946313473,0.01761224490520649,459.52750396728516,463.5458348592122,-0.006566514899780551,-0.015178272706784512,0.6310370458464649,-0.45254352277749077,0.7180939403028198,1,1.0,True,0.5,-0.00323104876555258
139.59217804236087,141.49357126864479,138.45327275208308,139.99755859375,22129500,JNJ,2024-12-27,-0.005929014875398875,0,0.004014798550960652,-0.010707892778094696,-0.06425381399325503,-0.08690526401272913,-0.08781662000965784,0.007961517009065,0.004014798550960652,0.016707180696185823,0.01790671027895228,141.26433563232422,148.3009401957194,-0.008967422901922872,-0.055990080649596985,0.04087740823180955,-0.46598406965288786,0.7083634471125765,1,2.0,True,0.5,-0.0029645074376994374
228.96638717805678,236.0660861464205,227.8121932894293,233.9128875732422,22522600,JPM,2024-12-27,0.00874908633330751,1,0.015025167861335342,0.005126305024721889,-0.03423830603383593,0.08177091095695532,0.1417952035665786,0.2063307811054398,0.015025167861335342,0.018421095295674015,0.027413268915783967,234.24993515014648,229.50788370768228,-0.0014388374395418735,0.019193257305140987,0.8349196272356143,-0.4721412023338415,0.6444474459281065,1,3.0,False,0.0,0.0
312.1318178568655,317.9562056119901,309.85746529944595,315.1082763671875,17013900,V,2024-12-27,-0.01176798959621006,0,0.002990183769586041,0.012454736989909065,0.011362200530370625,0.09811456160467835,0.14872761793170985,0.21882910594880856,0.002990183769586041,0.011189319347829926,0.024484205407682876,312.0131607055664,300.1840540568034,0.009919824069670735,0.04971690570732323,1.0,-0.4522375121636729,0.6181866457907176,1,4.0,False,0.0,-0.0
431.0,465.3299865722656,415.4100036621094,431.6600036621094,291283100,TSLA,2024-12-27,-0.049159062782461294,0,0.025174574086773926,-0.010476141505913028,0.2506084108304687,0.7337135957479837,0.7260876539569276,1.1814230493765394,0.025174574086773926,0.0784552567177462,0.12225107047967654,419.5425033569336,331.2083346048991,0.02888265243263466,0.30328847001099724,0.9806544168324014,-0.3385941574244048,0.6176816263330269,1,5.0,False,0.0,-0.0
587.2437814772281,605.5603202398497,583.9071932608068,597.4130859375,29097500,META,2024-12-27,0.008035949266940401,1,0.02487828281442761,-0.0323301832707088,0.045225469544456276,0.05842054457097001,0.0073058369202507745,0.19167533109478607,0.02487828281442761,0.05933353733615147,0.04028680236923793,604.6184387207031,581.6822357177734,-0.011917189952805218,0.027043717778857834,0.8518985238292651,-0.5347699411577309,0.6067478054718828,1,6.0,False,0.0,0.0
432.5545685943141,436.7143034093448,422.2641488688207,426.4040832519531,52628900,MSFT,2024-12-27,-0.01667708123917644,0,-0.013902843055360714,-0.03742702378282037,0.01669574822309028,0.05122637480765957,0.03684991183471786,-0.03307008355062435,-0.013902843055360714,0.03165221074668085,0.024783131020445607,435.2806854248047,421.2534917195638,-0.020392823458703635,0.012226822171525598,0.45666417525601855,-0.49088990203561234,0.5964236257692639,1,7.0,False,0.0,-0.0
253.15260355822258,258.44874034869076,251.45345479939442,253.96739196777344,133685900,AAPL,2024-12-27,-0.04785001592465088,0,0.004322373829942938,0.030064898269684726,0.07693919825391493,0.14786769733795357,0.1281799355411235,0.21625375877351627,0.004322373829942938,0.0097411223915999,0.02141985127365675,248.67370986938477,234.83897018432617,0.02128766286218653,0.08145335405121767,1.0,-0.40773431269056426,0.5748542170040203,1,8.0,False,0.0,-0.0
225.00999450683594,229.13999938964844,220.89999389648438,223.75,86591300,AMZN,2024-12-27,0.00196649135824023,1,-0.005201841447937783,-0.016310589133738063,0.07629034901590015,0.13045020097844984,0.19966761347901474,0.15782664941785263,-0.005201841447937783,0.04873967016209799,0.037886734891341596,225.79000091552734,206.87749989827475,-0.009034947992628606,0.08155792732424616,0.9386978444818883,-0.510610878048622,0.5505619395337988,1,9.0,False,0.0,0.0
191.73358450411797,195.84457662010342,189.2749498878787,191.87294006347656,67016300,GOOGL,2024-12-27,-0.005032134261289789,0,0.007052886396921254,0.015488261658492819,0.1422368433363428,0.12663257359505398,0.15515932308644875,0.06086736509898616,0.007052886396921254,0.03772442577556581,0.03625759848438905,186.2638816833496,173.7572898864746,0.030113505256281536,0.10425836054900439,1.0,-0.5633253871368052,0.5319275099470776,1,10.0,False,0.0,-0.0
139.79485819424823,140.6924609782552,137.97069219491507,139.16751098632812,24010200,JNJ,2025-01-03,-0.014772245589651956,0,-0.005929014875398875,-0.0019380201247686246,-0.03429112402678469,-0.0651124025044233,-0.0997957868326429,-0.0002035662125688953,-0.005929014875398875,0.009860601416549842,0.01731131028208736,140.0289192199707,147.01527531941733,-0.006151645234720338,-0.05338060494760499,0.0,-0.348997746862282,0.6997117195097418,1,1.0,True,0.5,-0.007386122794825978
311.1726103315381,316.11686985010056,308.53241425216015,311.40008544921875,17083100,V,2025-01-03,-0.022863873018685532,0,-0.01176798959621006,-0.008812994278115327,0.012539807396353853,0.024811507824916035,0.13557716470009806,0.16933505884688005,-0.01176798959621006,0.010650361463482753,0.02521523359606761,312.977294921875,303.28223927815753,-0.005039373456946605,0.026766638858848113,0.9377188630194281,-0.4070118194282938,0.6879137281949098,1,2.0,True,0.5,-0.011431936509342766
454.25,456.8900146484375,449.17999267578125,453.55999755859375,12843100,BRK.B,2025-01-03,-0.02403208826871084,0,-0.00646209753110516,0.0007943189361567793,-0.03600425598598567,-0.021255488715555826,-0.01444991204006374,0.10309600103731698,-0.00646209753110516,0.01402338902466772,0.017669349803318746,455.2925033569336,462.9916687011719,-0.0038052587854310316,-0.020371146567359943,0.49709801625277605,-0.29316325281063527,0.6834365003638583,1,3.0,False,0.0,-0.0
421.9769208859116,423.45263204127576,410.87433837182135,419.29290771484375,59964600,MSFT,2025-01-03,-0.010393401744910102,0,-0.01667708123917644,-0.030348065451447304,-0.04558466404582118,0.003922486143939308,0.01892148527674653,-0.09110706685045555,-0.01667708123917644,0.01389148638891181,0.025447379501059856,430.27413177490234,421.90235137939453,-0.02552146003934863,-0.006184946957558557,0.4408317029110449,-0.34896168657667626,0.6515494283910421,1,4.0,False,0.0,-0.0
231.5851232615298,237.51127162055965,229.97507113678503,235.95941162109375,29306800,JPM,2025-01-03,-0.008924629050644395,0,0.00874908633330751,0.023905710685434123,-0.016494123070300848,0.026584600988011964,0.09442634260621308,0.19522855742328749,0.00874908633330751,0.020276580152550207,0.024190588429121467,233.2606315612793,231.20441818237305,0.011569805164938218,0.020566187601873454,0.875659141718507,-0.2894558992085817,0.6355297472852242,1,5.0,False,0.0,-0.0
419.3999938964844,427.92999267578125,373.0400085449219,410.44000244140625,346900100,TSLA,2025-01-03,-0.03825166190830187,0,-0.049159062782461294,-0.02522204716374099,0.05451929796554977,0.277753567279897,0.8844811601947942,0.6318384043791365,-0.049159062782461294,0.07721373347917296,0.11328528885541546,424.8475036621094,347.2616678873698,-0.033912171064942265,0.18193293529456755,0.8908267055602241,-0.2109522256048204,0.550188027380624,1,6.0,False,0.0,-0.0
220.05999755859375,225.36000061035156,218.19000244140625,224.19000244140625,114613100,AMZN,2025-01-03,-0.02341763657089091,0,0.00196649135824023,-0.003245579465951831,-0.012509343933228334,0.076904651402111,0.18732122521558026,0.12095001220703128,0.00196649135824023,0.0063271531789087,0.03809400913398079,225.0800018310547,209.8249994913737,-0.003954146891808175,0.06846182764138709,0.9459682081689984,-0.25643650622192893,0.5449643522755564,1,7.0,False,0.0,-0.0
188.92657901389887,192.32088844513342,186.63714698089748,190.90740966796875,70698600,GOOGL,2025-01-03,0.0013034608371882417,1,-0.005032134261289789,0.0019852610643527058,0.09902005067085917,0.07659003942523501,0.17624238777625534,0.008733379408252251,-0.005032134261289789,0.042562598865645715,0.03501205994602672,190.5639991760254,176.14100901285806,0.001802074334230186,0.08383283789428475,0.9770211906768721,-0.4986854413986599,0.5345814348659367,1,8.0,False,0.0,0.0
586.3972186440706,607.06440151266,581.5168266078615,602.2138671875,37164500,META,2025-01-03,0.01857323320365767,1,0.008035949266940401,0.033114152699913246,-0.02990235874197933,0.026771882977206785,0.025710351681583532,0.12184452971468929,0.008035949266940401,0.03477517296956322,0.04015986355633484,599.9777679443359,582.9401550292969,0.003726970168953958,0.03306293449150788,0.8823307739048563,-0.3248909506649682,0.485766295297994,0,9.0,False,0.0,0.0
250.6287158030117,251.890657464443,240.28481431614935,241.81504821777344,171023000,AAPL,2025-01-03,-0.026750564170920366,0,-0.04785001592465088,-0.04373446775130296,0.002141430669696076,0.07225948862159748,0.07065599910497111,0.07762558847471168,-0.04785001592465088,0.03384303403759008,0.027240636997494308,248.8028907775879,236.16881561279297,-0.02808585759584714,0.02390761282487719,0.6930023756759768,-0.20970353543101872,0.484157602234884,0,10.0,False,0.0,-0.0
138.51119137128023,142.05333494389205,135.77975845725183,137.1116943359375,36329600,JNJ,2025-01-10,0.03498516317832934,1,-0.014772245589651956,-0.02061367560120675,-0.031100839351201337,-0.07013079582898796,-0.13275280408175283,-0.03731818112180918,-0.014772245589651956,0.008922044320148734,0.01427407630241836,138.92862701416016,145.2662582397461,-0.013078173428126227,-0.056135292549150506,0.0,0.05226708414101933,0.5773886712322817,1,1.0,True,0.5,0.01749258158916467
237.58751310559202,239.5276052767369,232.75191424539267,233.8535614013672,37603300,JPM,2025-01-10,0.0804186945343961,1,-0.008924629050644395,-0.00025362506739357027,0.0048713797978707785,-0.017125968471487285,0.06983558718483618,0.18369453570436378,-0.008924629050644395,0.012524157638280744,0.024564043991042124,233.54404830932617,232.47652180989584,0.001325287860177271,0.005923349079514306,0.8337386396772939,-0.07158019355607281,0.5493558192058866,1,2.0,True,0.5,0.04020934726719805
423.8983428352595,430.15778356293015,411.0426680414125,414.9350280761719,73968400,MSFT,2025-01-10,0.024060222154214994,1,-0.010393401744910102,-0.026897151378835193,-0.06331749483730986,0.011538747964976892,0.0038945368833249727,-0.07276993848400115,-0.010393401744910102,0.005710600277906201,0.025670195336025204,423.26197814941406,422.0364939371745,-0.019673276842983367,-0.01682666300905189,0.38929173956407076,-0.14131541088923139,0.5412494932258964,1,3.0,False,0.0,0.0
311.4989471510207,311.87471654640086,302.57944325231966,304.2802734375,23347600,V,2025-01-10,0.03870537705844024,1,-0.022863873018685532,-0.03436280079508258,-0.022336043451313015,-0.006233307911058472,0.0608182296374602,0.162464135910515,-0.022863873018685532,0.014559746072232135,0.024331276004062007,311.23937225341797,304.73597462972003,-0.022359313879645404,-0.0014953967701836213,0.8181376448493894,-0.1951483311400164,0.5408458370831777,1,4.0,False,0.0,0.0
453.8500061035156,456.5199890136719,440.1000061035156,442.6600036621094,16985300,BRK.B,2025-01-10,0.05713190334726104,1,-0.02403208826871084,-0.03033888810154739,-0.03328235518129363,-0.058730958554224166,-0.04763335781480482,0.042927153698757214,-0.02403208826871084,0.012886570810091301,0.018447204956695558,451.48250579833984,461.1466700236003,-0.01954118271012506,-0.04008847415193262,0.26161758786086087,-0.06087740201864944,0.5331992641726343,1,5.0,False,0.0,0.0
226.77999877929688,228.83999633789062,216.5,218.94000244140625,121778800,AMZN,2025-01-10,0.031972229478134606,1,-0.02341763657089091,-0.02149719579259779,-0.037457152998235266,0.08059820236839954,0.15847397257907114,0.1257133850464185,-0.02341763657089091,0.010745936042795555,0.03953504446883567,222.95000076293945,212.3208325703939,-0.01798608794712231,0.031175319872663865,0.8592200318740247,-0.14234649564135105,0.5214828171421884,1,6.0,False,0.0,0.0
423.20001220703125,426.42999267578125,377.2900085449219,394.739990234375,296542100,TSLA,2025-01-10,0.08045804973235082,1,-0.03825166190830187,-0.0855303088414795,-0.09511042272892467,0.23079318013202155,0.7885817657122491,0.5902187367704244,-0.03825166190830187,0.03351655113744583,0.11614023684779673,414.4749984741211,361.7650006612142,-0.04761447207286329,0.09115030340937058,0.8243660042230859,-0.2493342426111056,0.512368312543191,1,7.0,False,0.0,0.0
193.0873348986171,200.0750314967655,189.4342154897214,191.15625,107580800,GOOGL,2025-01-10,0.02062076296080595,1,0.0013034608371882417,-0.0037352326140385195,0.011695176784372707,0.11461568602747985,0.1764783883555121,0.04022906997947051,0.0013034608371882417,0.006129205299740382,0.0350052918999206,191.11643981933594,178.5305519104004,0.00020830327679655092,0.07072009778996313,0.9829433807687153,-0.07183677976864244,0.5112428253292977,1,8.0,False,0.0,0.0
242.75900387005615,245.7598357483754,231.52079498772144,235.3463592529297,185241400,AAPL,2025-01-10,-0.029005698323594897,0,-0.026750564170920366,-0.07332056517399932,-0.045460042237346565,0.05266671339525475,0.00898120410412706,0.029691336121474787,-0.026750564170920366,0.032570736232971,0.027354637254177177,246.00079345703125,236.34338887532553,-0.04331056845132719,-0.004218563621095406,0.5295876315285314,-0.13655790131645495,0.4801797352051229,0,9.0,False,0.0,-0.0
609.384995443752,629.5740132949604,594.9529755373284,613.39892578125,55974700,META,2025-01-10,-0.0050173493780254486,0,0.01857323320365767,0.026758436030345667,-0.006436852381261682,0.11239670409437963,0.06919143759829582,0.23668445843815222,0.01857323320365767,0.037146666580201534,0.03952519057864991,598.9842834472656,586.2481028238932,0.024065142829834185,0.04631285427888687,0.9532330880303208,-0.013848912387119494,0.45012689729982897,0,10.0,False,0.0,-0.0
411.2606004893305,430.31623990051855,406.7838883687819,424.91845703125,95676000,MSFT,2025-01-17,0.035032571736534956,1,0.024060222154214994,0.013416752854384262,-0.01733848509083369,0.028848898499088227,0.004061104123906034,-0.014747656123515251,0.024060222154214994,0.01903346091197634,0.025684235651234583,421.3876190185547,422.1797154744466,0.00837907392941184,0.006487146247009079,0.6066629943872598,0.35596246995885394,0.5366962829570315,1,1.0,True,0.5,0.017516285868267478
301.6005321584484,317.01674587752916,300.45345766075025,316.05755615234375,30310500,V,2025-01-17,0.033101873264266723,1,0.03870537705844024,0.014956549213550163,0.006011742952795496,0.03129841100620001,0.13664725861605165,0.20873142171546077,0.03870537705844024,0.026806813329521763,0.023264748372712897,311.7115478515625,307.90233357747394,0.013942403901092693,0.026486394176086447,1.0,0.38159491585104455,0.5291523963022845,1,2.0,True,0.5,0.016550936632133362
137.99963932323428,143.21155128747964,137.35297889223335,141.9085693359375,46229800,JNJ,2025-01-17,-0.001428153615222194,0,0.03498516317832934,0.019696108166213255,0.017719916587438655,-0.044855669283591415,-0.07875603159370381,-0.03461985013964097,0.03498516317832934,0.02167750054921269,0.01887571722366945,139.54633331298828,144.2552922566732,0.016927969133025966,-0.0162678462885103,0.22108729195354443,0.4368336686115133,0.5252294799463915,1,3.0,False,0.0,-0.0
189.19530482652294,196.3223731934333,186.4977695681724,195.09803771972656,106325100,GOOGL,2025-01-17,0.02147960123401127,1,0.02062076296080595,0.021951102154946556,0.02397994188772712,0.19097261971417456,0.1872973862166123,0.10596086580517938,0.02062076296080595,0.010933739660272975,0.03503898989990119,192.25865936279297,181.09529495239258,0.014768533008314044,0.07732251006860835,1.0,0.20954278017682682,0.5064773801459163,1,4.0,False,0.0,0.0
442.0400085449219,470.17999267578125,441.1499938964844,467.95001220703125,22356900,BRK.B,2025-01-17,-0.010172047529553363,0,0.05713190334726104,0.03172681613434958,0.03254633628134562,-0.018087573671675017,0.030704174228675107,0.0770594307829342,0.05713190334726104,0.03487450660992356,0.024416025095118893,455.17000579833984,462.30833689371747,0.0280774353447919,0.012203274012362764,0.7242960886025842,0.415446076119266,0.49996776953798133,0,5.0,False,0.0,-0.0
604.6739217603003,622.4724872092602,586.198070906463,610.3212890625,65543200,META,2025-01-17,0.05666081037619475,1,-0.0050173493780254486,0.013462695425570104,0.047022653877557996,0.09679919473396192,0.06980262767256629,0.2874627928938056,-0.0050173493780254486,0.013086587341391178,0.039509984439335094,605.8367919921875,589.5666300455729,0.007402153731149275,0.035203245840631725,0.9337238862172155,0.39617072966808475,0.49702445915712945,0,6.0,False,0.0,0.0
233.65858101637204,254.08313151072235,233.00538778135987,252.65975952148438,73831600,JPM,2025-01-17,0.02191685020995493,1,0.0804186945343961,0.07077635846629526,0.09637402830059316,0.04807277658827247,0.17178036584933487,0.24937939647608864,0.0804186945343961,0.03907302748977816,0.031726631557617,239.09640502929688,235.56313451131186,0.05672755510701033,0.07257767666252346,1.0,0.8088853472559525,0.49420148379803813,0,7.0,False,0.0,0.0
218.05999755859375,226.50999450683594,216.1999969482422,225.94000244140625,150393100,AMZN,2025-01-17,0.03943526407821496,1,0.031972229478134606,0.0078058788569637105,0.004534964790879892,0.14620539792061837,0.20289623722960903,0.23376834170887761,0.031972229478134606,0.023054007728537076,0.03938581606017037,223.2050018310547,215.49666595458984,0.012253312371654168,0.048461707936665155,0.9748842669339896,0.2708122480994506,0.48048914792695346,0,8.0,False,0.0,0.0
383.2099914550781,439.739990234375,380.07000732421875,426.5,396847600,TSLA,2025-01-17,-0.04670577591496927,0,0.08045804973235082,0.03912873370788561,0.01291977977710701,0.20972317606485635,0.584382763594034,0.7830267786010281,0.08045804973235082,0.06028833673168702,0.10459655032646553,415.83499908447266,374.87416712443036,0.02564719405294902,0.13771509856648434,0.958811283351753,0.19211678158965229,0.47388090705430674,0,9.0,False,0.0,-0.0
232.04743903723335,237.4429702030776,226.58237745891398,228.5199737548828,269145400,AAPL,2025-01-17,-0.03130709651959751,0,-0.029005698323594897,-0.05498034370018767,-0.0963102753829792,0.00047845154321990435,-0.005086213923518934,0.027593474850718502,-0.029005698323594897,0.02160946344079022,0.02836973080451955,239.91219329833984,236.24603525797525,-0.04748495433614908,-0.03270345466181368,0.3571366069580362,0.4182422585189194,0.4693760340991513,0,10.0,False,0.0,-0.0
142.4201176828794,143.67483841127958,137.15995185697216,141.70590209960938,48340100,JNJ,2025-01-24,0.036302991394918216,1,-0.001428153615222194,0.03350704537583504,0.012202666410895846,-0.05283521544014658,-0.07576307354793144,-0.071704506005138,-0.001428153615222194,0.021894109948405828,0.018929672836312132,139.97341918945312,143.2872797648112,0.012377227906473776,-0.011036413475065343,0.21174638762572806,0.24821363671868202,0.5298710815689803,1,1.0,True,0.5,0.018151495697459108
316.73988501127695,327.39971782402483,316.433342624804,326.5196533203125,20304100,V,2025-01-24,0.03513011388680254,1,0.033101873264266723,0.07308847080874115,0.036214145450840673,0.04798781836385957,0.13788184206031628,0.27761975794067584,0.033101873264266723,0.031142576068699374,0.023358818318787566,314.56439208984375,311.19947814941406,0.03800576775725517,0.0492294372150035,1.0,-0.10795614930150155,0.5247120780975567,1,2.0,True,0.5,0.01756505694340127
198.15390588987137,201.3590737795005,194.30170322912596,199.28866577148438,107000800,GOOGL,2025-01-24,0.019030009535562886,1,0.02147960123401127,0.04254328996035639,0.03864914826214938,0.18638332444493866,0.17017596296889614,0.20182887013980344,0.02147960123401127,0.013484730333291325,0.034467686860055226,194.11259078979492,183.51046880086264,0.026665323257133,0.08597981942786892,1.0,0.0929453712705115,0.49439754605703173,0,3.0,False,0.0,0.0
426.07727516253885,442.98364251820686,421.52135231106814,439.804443359375,87828300,MSFT,2025-01-24,-0.06530654104857281,0,0.035032571736534956,0.05993568534936444,0.031426434768693,0.04864687083423069,0.084262671902682,0.04815966546195494,0.035032571736534956,0.02540318951184464,0.02368912795131966,424.73770904541016,425.0279719034831,0.03547303192793283,0.03476587997188907,0.9307786406231623,0.10671682250321557,0.4903651036782016,0,4.0,False,0.0,-0.0
471.0,473.1700134277344,455.2799987792969,463.19000244140625,18243500,BRK.B,2025-01-24,0.011831021735019709,1,-0.010172047529553363,0.04637870738140548,0.01463274086631916,-0.04105417378845644,0.024439305159842384,0.05833294924296317,-0.010172047529553363,0.03614344260395591,0.024633370855398885,456.84000396728516,463.22916920979816,0.013899830179004757,-8.455160209086543e-05,0.6372121250695801,0.03613862510791033,0.4750981420901399,0,5.0,False,0.0,0.0
222.57792910461188,225.58869773276695,217.98726416864307,221.3656768798828,277129600,AAPL,2025-01-24,0.05934107792143073,1,-0.03130709651959751,-0.059404710646157266,-0.1283696888615824,-0.06130715154878208,0.0005162781764194158,0.02442309995401626,-0.03130709651959751,0.009596472456703472,0.02776904260916142,231.7617645263672,236.25555419921875,-0.04485678501684698,-0.06302445404851853,0.17640174712214782,0.22822161558819487,0.46960803434692694,0,6.0,False,0.0,0.0
228.89999389648438,236.39999389648438,226.94000244140625,234.85000610351562,133694800,AMZN,2025-01-24,0.012050187348167318,1,0.03943526407821496,0.07266832686898916,0.049608965825768125,0.1296840001588342,0.1865306663665225,0.2868493485124144,0.03943526407821496,0.02890044472893205,0.038346387054666815,225.9800033569336,218.57333374023438,0.03925127274457085,0.0744677865536214,1.0,0.027473496569895728,0.4668528513971335,0,7.0,False,0.0,0.0
253.5468991230429,260.4005897068569,252.99118879327418,258.197265625,41150000,JPM,2025-01-24,0.00928869414585809,1,0.02191685020995493,0.10409806922654163,0.1038180422793249,0.06602518234209565,0.19407824912722815,0.26196344118964476,0.02191685020995493,0.03870634644586289,0.031608017968749194,245.16749954223633,239.06028620402017,0.053146384031701466,0.08005085129299916,1.0,-0.09506591009925136,0.4586424435534285,0,8.0,False,0.0,0.0
432.6400146484375,433.20001220703125,405.7799987792969,406.5799865722656,255401900,TSLA,2025-01-24,-0.004869842427421278,0,-0.04670577591496927,0.029994418176026993,-0.058101322515568654,0.17794640821212493,0.6329825429718039,0.8497724336997641,-0.04670577591496927,0.0627559373696146,0.10195648584185767,409.5649948120117,388.0074996948242,-0.007288240639599097,0.04786630900703992,0.8744866315238053,-0.21153496622691959,0.45811371468761997,0,9.0,False,0.0,-0.0
615.3610413311562,649.394575431947,606.5762805693779,644.902587890625,52923500,META,2025-01-24,0.06438686272037963,1,0.05666081037619475,0.051359173916469825,0.07949190111663085,0.12831242921406827,0.1425564058398161,0.3928075625448473,0.05666081037619475,0.026547401926014274,0.04160113130489211,617.7091674804688,596.2719879150391,0.04402301575201428,0.08155774707047803,1.0,0.0004163399980814386,0.4530785839412259,0,10.0,False,0.0,0.0
143.27910722431753,148.77093298890944,142.8447848105536,146.85025024414062,49998100,JNJ,2025-01-31,0.006375222387249746,1,0.036302991394918216,0.03482299153129209,0.05520497710537664,0.019020812361775663,-0.013501954088579349,-0.058517331626190994,0.036302991394918216,0.025842229595902776,0.021085772925431463,141.89410400390625,143.1197878519694,0.034928486106074796,0.026065315273033463,0.44884866778534344,0.10555585038165227,0.5191151708588391,1,1.0,True,0.5,0.003187611193624873
624.1059156551349,707.949485012391,622.601940216737,686.4258422851562,119353900,META,2025-01-31,0.03676847375440384,1,0.06438686272037963,0.1246958849158919,0.13983732306090646,0.10575349851924187,0.17035291448694556,0.4143356405909664,0.06438686272037963,0.03264314591585443,0.04368865391043103,638.7621612548828,604.598154703776,0.07461882359567995,0.13534227146537003,1.0,0.624994000925134,0.4986669590186375,0,2.0,True,0.5,0.01838423687720192
326.3218428551842,347.33500942669986,324.3935653491583,337.9903259277344,34428800,V,2025-01-31,0.018197845704306825,1,0.03513011388680254,0.06939485972870951,0.0853893165769597,0.09899988955689487,0.11231946209828902,0.2871803990686037,0.03513011388680254,0.02934640146991634,0.019642505581553928,321.21195220947266,314.0436019897461,0.052234587171650526,0.07625286357137817,1.0,0.2705409120683451,0.49382177279172607,0,3.0,False,0.0,0.0
191.5245520643281,204.5344037474068,189.80251062684363,203.0811309814453,140460900,GOOGL,2025-01-31,-0.09155966301315821,0,0.019030009535562886,0.04091836778587732,0.0637676732121053,0.16910200211559,0.14524168124271108,0.22719829084575283,0.019030009535562886,0.009590507157826481,0.03343816398408679,197.15602111816406,185.6567293802897,0.030052898357743274,0.0938527876652635,1.0,0.21777862164573336,0.4927561235614931,0,4.0,False,0.0,-0.0
257.5441210920563,264.02731160822725,255.68202399762154,260.5955810546875,38529900,JPM,2025-01-31,0.03179936378085246,1,0.00928869414585809,0.031409123274053874,0.10440850510830568,0.08619225530516217,0.13376876454437658,0.3574721171389361,0.00928869414585809,0.03862918210830295,0.027824842074598927,251.32654190063477,241.62250391642252,0.03688046269986622,0.07852363430861464,1.0,-0.1935757984206351,0.4859615971283918,0,5.0,False,0.0,0.0
464.29998779296875,474.92999267578125,464.29998779296875,468.6700134277344,18313100,BRK.B,2025-01-31,0.00868409902497036,1,0.011831021735019709,0.0015386284900544833,0.0333142604076071,-0.003889450738077893,0.011350660805890422,0.09410315961956339,0.011831021735019709,0.035510542635257006,0.0238158801256657,460.6175079345703,463.6675033569336,0.017481978766443085,0.010789002969979089,0.7205456200865784,-0.034867481435806646,0.4838798781760019,0,6.0,False,0.0,0.0
226.2100067138672,241.77000427246094,225.86000061035156,237.67999267578125,185238100,AMZN,2025-01-31,-0.03588858567045072,0,0.012050187348167318,0.051960653746649266,0.06017213117208797,0.04691007335483266,0.14170429934611062,0.4156045343415464,0.012050187348167318,0.028105482843017015,0.03655582430956734,229.35250091552734,221.03166707356772,0.0363087026608051,0.07532099731516007,1.0,0.2535042855344771,0.4795348356178148,0,7.0,False,0.0,-0.0
394.79998779296875,419.989990234375,384.4100036621094,404.6000061035156,356446300,TSLA,2025-01-31,-0.10622839925348848,0,-0.004869842427421278,-0.05134816857323421,-0.014228623679838126,0.03951493971167075,0.25957289261550054,0.9482833807046229,-0.004869842427421278,0.058080078783352314,0.0674721762538446,408.10499572753906,394.9558334350586,-0.008588450670090397,0.02441835732511799,0.8661050526529286,0.09235657346450021,0.4744069330190923,0,8.0,False,0.0,-0.0
419.94659323490635,444.08302154903276,409.20055129765046,411.08233642578125,171469100,MSFT,2025-01-31,-0.012793361061401054,0,-0.06530654104857281,-0.032561825396187016,-0.019581946505630943,-0.06427397409862967,-0.01573627027553126,0.019952545787651266,-0.06530654104857281,0.04513015668588017,0.030361430667672586,422.68506622314453,424.4802780151367,-0.027450058505823716,-0.03156316626064237,0.3054062907608064,0.5989964139657176,0.46248486046934123,0,9.0,False,0.0,-0.0
222.5978054024586,245.62071750771995,222.5580508531902,234.5017547607422,372675200,AAPL,2025-01-31,-0.0354661707369589,0,0.05934107792143073,0.026176184547769932,-0.030243334775613584,-0.0281666681105599,0.039830785940886404,0.07583513113963858,0.05934107792143073,0.044220243564914975,0.03228558617529908,229.93344116210938,237.0041046142578,0.01986798255853528,-0.010558255341562073,0.5082508772423502,0.35003816366652307,0.4576743703656304,0,10.0,False,0.0,-0.0
146.70546306261699,149.44654698401197,145.52795750985246,147.7864532470703,38902500,JNJ,2025-02-07,0.01978837485505136,1,0.006375222387249746,0.04290965342563324,0.07785447450586225,0.04433229565028185,0.0022636824209305573,-0.03175117150581164,0.006375222387249746,0.019421633903488503,0.020998899828681764,144.56279373168945,143.1476033528646,0.022299372004141116,0.03240606049666628,0.49199813210044463,-0.15185275016964583,0.5570712633381816,1,1.0,True,0.5,0.00989418742752568
386.67999267578125,394.0,360.3399963378906,361.6199951171875,356244100,TSLA,2025-02-07,-0.015983626064216327,0,-0.10622839925348848,-0.11058092611522807,-0.08390331847939358,-0.17103366111938356,0.12752554795713866,0.8080999755859375,-0.10622839925348848,0.07845915233969994,0.07682949757037628,399.8249969482422,398.3641662597656,-0.09555431031742212,-0.09223764147154234,0.6691352070042371,0.043984720499415486,0.5512269654295129,1,2.0,True,0.5,-0.007991813032108164
199.76644678798675,206.09719755510824,182.39676404459453,184.48709106445312,220681000,GOOGL,2025-02-07,-0.0005935215828962725,0,-0.09155966301315821,-0.07427203473780875,-0.034888521487248636,-0.02360137212941471,0.0757283927154857,0.13520273720792741,-0.09155966301315821,0.055977426631041334,0.04338940272709333,195.48873138427734,186.73901240030924,-0.05627761887818483,-0.012059190561791722,0.6506618933098565,0.5365943922357355,0.5462659165356893,1,3.0,False,0.0,-0.0
461.29998779296875,478.25,454.6000061035156,472.739990234375,18291000,BRK.B,2025-02-07,0.014490007710410868,1,0.00868409902497036,0.020617862524303643,0.06795279971855384,0.03240881532146389,0.005230908100415821,0.09514206576574291,0.00868409902497036,0.028546415222429414,0.023561059782074404,468.1375045776367,463.87250264485675,0.009831482442088868,0.019116217363518206,0.7452923064824925,-0.05233503228438752,0.48104092071174465,0,4.0,False,0.0,0.0
255.262756728444,271.56337905921515,255.13604238526239,268.8823547363281,33834100,JPM,2025-02-07,0.0028644595792610694,1,0.03179936378085246,0.041383432490903704,0.1497894371377153,0.15539049817359318,0.1300981794884457,0.35531221797135193,0.03179936378085246,0.03110418877877894,0.02757458576571433,260.083740234375,244.20200729370117,0.03382992913753169,0.10106529309951151,1.0,-0.277611003407606,0.47999008147700367,0,5.0,False,0.0,0.0
673.2089204422564,722.1127432544886,672.5515846641146,711.6646728515625,82528000,META,2025-02-07,0.030999714063071115,1,0.03676847375440384,0.10352274314684617,0.16019875963290486,0.152730731484225,0.29060127631003074,0.38242577676362255,0.03676847375440384,0.031071647596989146,0.03726233163696143,663.3285980224609,617.9517923990885,0.07286897470303977,0.15165079477907217,1.0,0.030477423656604108,0.4724678434608673,0,6.0,False,0.0,0.0
234.05999755859375,242.52000427246094,228.05999755859375,229.14999389648438,244163400,AMZN,2025-02-07,-0.002051063640505446,0,-0.03588858567045072,-0.02427086250327304,0.0466337413959359,0.007429821211353049,0.13099053949056083,0.3726487992409908,-0.03588858567045072,0.033886361080948946,0.037511783484120244,231.90499877929688,223.24333318074545,-0.011879885717489103,0.026458396905213233,0.871322980189813,0.3688410787882763,0.4628916763071492,0,7.0,False,0.0,-0.0
336.21043732565704,346.84060451060725,335.4588984560319,344.1410217285156,27031900,V,2025-02-07,0.018347559722769136,1,0.018197845704306825,0.05396725198319596,0.131000106713139,0.10573803918615465,0.12395023480055611,0.34232241221611015,0.018197845704306825,0.009026286183020784,0.01980787079692295,331.17713928222656,317.20628356933594,0.03914485907567844,0.08491237265573348,1.0,-0.035223639820727626,0.4599947389668956,0,8.0,False,0.0,0.0
228.52992572925916,232.51443012315357,224.2671520837408,226.18487548828125,227383400,AAPL,2025-02-07,0.07573243711973587,1,-0.0354661707369589,0.021770306383195104,-0.038927663014334035,-0.0826180520468478,0.011688858309797823,0.05505089824067211,-0.0354661707369589,0.045711952153639344,0.034098467325996695,227.64307022094727,237.22187932332358,-0.006405618810406577,-0.04652607873491865,0.20143130135090742,-0.20657162975943477,0.4529231770276274,0,9.0,False,0.0,0.0
407.6555317858933,414.63791357819275,404.1890302854019,405.8232116699219,101724500,MSFT,2025-02-07,-0.00322145824019604,0,-0.012793361061401054,-0.07726441195066835,-0.02195962208468283,-0.0838866886640165,-0.01067426066434729,0.013029426879514805,-0.012793361061401054,0.04525657308740768,0.030139274505521164,420.40711212158203,424.11539459228516,-0.034689947032681245,-0.0431302026655932,0.19089828428359654,-0.1090434179793689,0.4397054729046162,0,10.0,False,0.0,-0.0
148.25938663555067,152.6219504290928,146.98535841170133,150.71090698242188,39353200,JNJ,2025-02-14,0.047705120689602865,1,0.01978837485505136,0.026289752532684618,0.06202823189378193,0.08084728357644488,0.014390244754117099,-0.004971219994970966,0.01978837485505136,0.016540328587782586,0.021663671214582576,146.76337814331055,143.32577006022134,0.026897233417839894,0.051526930007754324,0.6267857921483517,-0.10861700205952751,0.5531213211703986,1,1.0,True,0.5,0.023852560344801432
715.6885408700438,737.9491204423847,707.2025763439763,733.72607421875,67389100,META,2025-02-14,-0.07210826588122088,0,0.030999714063071115,0.06890799999039698,0.20219642894287548,0.2587268955138926,0.3185680751765907,0.39920275469575817,0.030999714063071115,0.015876199424527965,0.03710413051529758,694.1797943115234,632.7242380777994,0.05696835348895157,0.15963010433706737,1.0,-0.1633736764594057,0.5390980116227715,1,2.0,True,0.5,-0.03605413294061044
473.9599914550781,484.54998779296875,466.7200012207031,479.5899963378906,14628000,BRK.B,2025-02-14,-0.0017723599533063794,0,0.014490007710410868,0.023299939397210867,0.024874417837838614,0.05823032528693717,0.0063369263009815935,0.07891832760023143,0.014490007710410868,0.011175077155700566,0.023617780338261774,471.04750061035156,464.1241683959961,0.01813510466878654,0.03332260846347235,0.9150150168315544,-0.15780504234580195,0.5388794267836263,1,3.0,False,0.0,-0.0
269.2236076160228,272.22635509125433,262.8281477293246,269.6525573730469,36595000,JPM,2025-02-14,-0.044650873276576686,0,0.0028644595792610694,0.034754911352310014,0.06725565592140748,0.17011138270914516,0.11856159863108728,0.307296275511842,0.0028644595792610694,0.01292722484765016,0.027646623866568493,264.3319396972656,246.5838190714518,0.0201285462584464,0.09355333366343266,1.0,-0.024841948184319396,0.5205645607169853,1,4.0,False,0.0,-0.0
230.5500030517578,233.9199981689453,227.22999572753906,228.67999267578125,149796400,AMZN,2025-02-14,-0.052912328285237176,0,-0.002051063640505446,-0.03786603953777834,0.012127070039691601,0.01671703066621788,0.16010551106107407,0.2915395675418164,-0.002051063640505446,0.031340454808386764,0.03586377943415249,232.58999633789062,225.87333297729492,-0.0168107129441164,0.012425812562691707,0.8642329022247358,-0.1595010020442067,0.47694270419910817,0,5.0,False,0.0,-0.0
356.2099914550781,362.70001220703125,325.1000061035156,355.8399963378906,459159800,TSLA,2025-02-14,-0.050696966981170544,0,-0.015983626064216327,-0.12051411030663683,-0.16567410002839245,-0.1548947931384227,0.009303377586822759,0.6464927095012298,-0.015983626064216327,0.0454406488619107,0.07207943886732653,382.15999603271484,398.6374994913737,-0.06887167670100958,-0.10735945115070444,0.6435032851054132,0.2868358715324364,0.4641704365875191,0,6.0,False,0.0,-0.0
344.8134468428343,352.7036801065258,342.9668837247386,350.4551696777344,27981400,V,2025-02-14,-0.014923132453217414,0,0.018347559722769136,0.03687929148796143,0.10883338447637225,0.11549940576132256,0.1435381074811095,0.32799427990775976,0.018347559722769136,0.009184732848463849,0.01972248489145548,339.7765426635742,320.872075398763,0.03142838210798282,0.09219591403274041,1.0,0.01985854635513573,0.46167470481057954,0,7.0,False,0.0,-0.0
186.48786325604434,187.3339426329122,180.9932377687485,184.37759399414062,108268600,GOOGL,2025-02-14,-0.030070667371768,0,-0.0005935215828962725,-0.09209884195993345,-0.054949008462026105,-0.0322867406040066,0.1255298551554591,0.13947187760506052,-0.0005935215828962725,0.05335501854451129,0.04036327964012423,192.80862045288086,188.45264180501303,-0.043727435209779064,-0.021623723455618915,0.6486047018978852,-0.2486712179306686,0.44818927141249115,0,8.0,False,0.0,-0.0
409.7452423090315,411.4784713555885,400.4947666868975,404.515869140625,104730400,MSFT,2025-02-14,0.0014653898220589046,1,-0.00322145824019604,-0.015973606023186093,-0.04801530164909862,-0.06452127414815756,-0.020551591713688255,-0.022038553672143024,-0.00322145824019604,0.041354605865270705,0.030057389621075296,415.3064651489258,423.40807088216144,-0.025982249046933026,-0.04461937086408141,0.16243324613330906,-0.10054851044213842,0.44413445663075857,0,9.0,False,0.0,0.0
228.36338248973718,244.2594111862318,226.00582893863492,243.3144073486328,226587600,AAPL,2025-02-14,0.003883768400473775,1,0.07573243711973587,0.03758032683756252,0.06474022095599818,-0.037805202935608184,0.0652496475578428,0.08444294917883255,0.07573243711973587,0.058675713767403485,0.040057340266652225,231.34167861938477,238.4638557434082,0.05175344451851327,0.020340825195932055,0.6937951941712869,-0.17886367865648078,0.42781870896285545,0,10.0,False,0.0,0.0
350.33638093664786,353.7635025118308,344.1852488221624,345.22528076171875,22595400,V,2025-02-21,0.040685032330175286,1,-0.014923132453217414,0.0031506242056156264,0.05728790671922046,0.09557668475656511,0.10802484674516766,0.30788302893869623,-0.014923132453217414,0.020971496261821692,0.021023986111450683,344.4529495239258,323.6768341064453,0.0022421966159977824,0.0665739539709751,0.9336884693398216,-0.19329153185317416,0.5660597202123476,1,1.0,True,0.5,0.020342516165087643
480.3999938964844,484.7200012207031,477.6300048828125,478.739990234375,12523600,BRK.B,2025-02-21,0.07329662775463963,1,-0.0017723599533063794,0.012691966247715403,0.03357150998727754,0.0486954940597315,-0.008860914406537579,0.05593538550099364,-0.0017723599533063794,0.007127037921281353,0.023277136467484166,474.93499755859375,463.7675018310547,0.008011607262764064,0.0322844708700063,0.8939544020639448,-0.21427574318845222,0.563834803585359,1,2.0,True,0.5,0.036648313877319816
355.010009765625,367.3399963378906,334.4200134277344,337.79998779296875,238750100,TSLA,2025-02-21,-0.13268199652544077,0,-0.050696966981170544,-0.06587027168256987,-0.1691672021516777,-0.21743968649597534,-0.021323489949738317,0.5332242944957273,-0.050696966981170544,0.04557966804514585,0.07347830957239591,364.9649963378906,398.024164835612,-0.07443181898949036,-0.15130784098879135,0.5635032526255096,-0.3229829881646842,0.5359101307449522,1,3.0,False,0.0,-0.0
149.96177679957768,159.07778159453383,149.08617874352478,157.9005889892578,37416300,JNJ,2025-02-21,0.01675909361005079,1,0.047705120689602865,0.06843750235536561,0.11428378528838334,0.1278810186073278,0.05541036143120959,0.01238982813727496,0.047705120689602865,0.01817927006346834,0.025471524621827033,150.81204986572266,144.0166015625,0.047002471817381375,0.09640546489865942,0.9581572214431493,-0.09660705220797239,0.518367095796813,1,4.0,False,0.0,0.0
733.058823348987,734.0548271850589,679.6331124665386,680.818359375,67722000,META,2025-02-21,-0.02245626170824977,0,-0.07210826588122088,-0.04334388744205142,0.05569177757814536,0.13961072397102736,0.19115015406051494,0.29688236285106684,-0.07210826588122088,0.059879793327104525,0.04625727975663888,703.1587371826172,641.8287811279297,-0.03177145732004916,0.06074763144549422,0.7761290974064663,-0.1961613445976622,0.4853410655296773,0,5.0,False,0.0,-0.0
228.82000732421875,229.3000030517578,214.74000549316406,216.5800018310547,156867400,AMZN,2025-02-21,-0.019854109407165255,0,-0.052912328285237176,-0.05485486537306228,-0.07779435298123005,-0.03204468455394549,0.04180096429322977,0.22333941507226074,-0.052912328285237176,0.029914814649823318,0.037900050512150625,228.0224952697754,226.5974998474121,-0.05018142365814826,-0.04420833426274817,0.6817017199918699,-0.1475354156757559,0.47864780621548214,0,6.0,False,0.0,-0.0
184.74589678490392,185.10424071494356,178.255903940123,178.83323669433594,105106800,GOOGL,2025-02-21,-0.05220974546534285,0,-0.030070667371768,-0.03064634136456701,-0.10264220997195994,-0.06796009570097139,0.06461031815002949,0.08745684161183531,-0.030070667371768,0.04826202157347632,0.04167554410157951,187.69476318359375,189.3570785522461,-0.047212433309020474,-0.05557670163889061,0.5444393193035708,-0.2682079373414865,0.47068602095642975,0,7.0,False,0.0,-0.0
242.86674847770814,247.38287960480025,240.56889220053384,244.25938415527344,166541000,AAPL,2025-02-21,-0.015108900464230413,0,0.003883768400473775,0.07991033276638615,0.10342031157708864,-0.0382254105036125,0.03577275531322788,0.08486352918995421,0.003883768400473775,0.05116019247582515,0.039182176021731255,237.06510543823242,239.16685994466147,0.03034726980903346,0.02129276694852411,0.7209572008703421,-0.32926642630915903,0.4567344470852727,0,8.0,False,0.0,-0.0
269.81832331528267,273.2207676026046,256.24745588977726,257.6123352050781,41609300,JPM,2025-02-21,0.001551512354348139,1,-0.044650873276576686,-0.04191431431899506,-0.002265440025114085,0.10131740870590233,0.0636101662262385,0.22409586804758996,-0.044650873276576686,0.032141681472551184,0.03181735207796523,264.18570709228516,247.86771392822266,-0.02488163330089177,0.039313798164440694,0.8343570194977945,0.10539336633275398,0.45457637773848825,0,9.0,False,0.0,0.0
404.08996621044764,416.1243081620841,402.6043413346739,405.108642578125,96570800,MSFT,2025-02-21,-0.027485799948774314,0,0.0014653898220589046,-0.001760789110254457,-0.07888915472574975,-0.04994192483200288,-0.03407999441168419,-0.016657763848672347,0.0014653898220589046,0.03080527846681249,0.029614019352274677,406.6325149536133,422.2169698079427,-0.0037475418699907115,-0.040520226455132535,0.1753398242754502,-0.18590635766714414,0.44877801200332446,0,10.0,False,0.0,-0.0
338.1400146484375,342.3999938964844,273.6000061035156,292.9800109863281,527844600,TSLA,2025-02-28,-0.10345414848116774,0,-0.13268199652544077,-0.1766523887097653,-0.2758773935575025,-0.28618066162263633,-0.24726373242006938,0.36836210429753957,-0.13268199652544077,0.05281470963197779,0.07094968558102094,337.05999755859375,390.00416564941406,-0.13077786415340742,-0.2487772265240462,0.36474505407193447,0.3346272240696042,0.598997293844464,1,1.0,True,0.5,-0.05172707424058387
405.40640963245147,406.25986136038705,383.63308910279267,393.9739074707031,129423200,MSFT,2025-02-28,-0.009269824784191916,0,-0.027485799948774314,-0.026060687538211447,-0.0416180104059688,-0.06038499525815921,-0.10321702958172874,-0.044488090163674165,-0.027485799948774314,0.012779206004581769,0.025773050005435866,402.35540771484375,418.4382019042969,-0.020831086356569495,-0.0584657288035787,0.0,0.1971190122116162,0.5400376913215105,1,2.0,True,0.5,-0.004634912392095958
345.4530873760571,360.54855918004796,342.7192740753132,359.2707824707031,40363800,V,2025-02-28,-0.04794452535275817,0,0.040685032330175286,0.0251547517506312,0.06296173266071148,0.15372730856007055,0.16819482679732767,0.3171148964535322,0.040685032330175286,0.022914451047461357,0.021677772929894264,349.77306365966797,327.98743693033856,0.02715394579462682,0.09537970671422036,1.0,0.36858335629066086,0.515371764207907,1,3.0,False,0.0,-0.0
158.27028004687892,161.91862500823018,157.3460376371317,160.54685974121094,54303800,JNJ,2025-02-28,0.010119944696618921,1,0.01675909361005079,0.0652637088829695,0.09326922817155237,0.1536231308827758,0.11406409702150677,0.010946638392646868,0.01675909361005079,0.017658982061167627,0.021977031193654635,154.23620223999023,145.38640848795572,0.04091553999366093,0.10427695003217008,1.0,0.27791838602906993,0.5132180406661138,1,4.0,False,0.0,0.0
483.5,515.3699951171875,483.239990234375,513.8300170898438,31521400,BRK.B,2025-02-28,-0.03543977846174018,0,0.07329662775463963,0.07139435979358844,0.09635778344729262,0.1328821321449627,0.09209355385726625,0.07965625019437383,0.07329662775463963,0.03375877794172247,0.03005884628636352,486.2249984741211,467.3783365885417,0.05677416566888405,0.09938774835042463,1.0,0.6382412556519932,0.4812278378170177,0,5.0,False,0.0,-0.0
181.15252162389993,182.2773112476267,166.00255682205264,169.49639892578125,195320500,GOOGL,2025-02-28,0.02102417727722683,1,-0.05220974546534285,-0.08071043094765784,-0.16537593568322484,-0.11215390109491352,-0.02423933539340717,0.044811976723547975,-0.05220974546534285,0.038326912817335745,0.043786717347553517,179.29858016967773,189.0062001546224,-0.054669597687947546,-0.10322307529001984,0.36902218332339043,0.24135792082613783,0.469755251879387,0,6.0,False,0.0,0.0
683.5375779038759,685.8980050768483,639.2949835590877,665.5297241210938,80779600,META,2025-02-28,-0.06366356539994034,0,-0.02245626170824977,-0.09294524549951388,-0.03044191648510486,0.10513849046568091,0.07209224286420657,0.2840286088652533,-0.02245626170824977,0.051111895798116695,0.041611674650466,697.9347076416016,645.5582122802734,-0.04642982096421,0.03093681012944738,0.7114375758802888,0.08276860665903318,0.463999536313667,0,7.0,False,0.0,-0.0
258.830952916328,260.3030885181435,246.9954873361863,258.01202392578125,44596300,JPM,2025-02-28,-0.08452673581927239,0,0.001551512354348139,-0.04316863730374976,-0.009914048114131546,0.09345934605100581,0.07542369302486973,0.19060040379824406,0.001551512354348139,0.03161077225147749,0.0315009491657502,263.5398178100586,249.37566375732422,-0.02097517532724935,0.034631928546409174,0.8398557245920002,0.13886131234011367,0.46083876629408554,0,8.0,False,0.0,-0.0
217.4499969482422,219.97000122070312,204.16000366210938,212.27999877929688,232786500,AMZN,2025-02-28,-0.06138118925110747,0,-0.019854109407165255,-0.07171591053763948,-0.10686635257151178,-0.053124597584239486,-0.06496938765497218,0.18924369064031854,-0.019854109407165255,0.02177259870801123,0.02625692015264733,221.6724967956543,225.36833318074545,-0.04237105708704936,-0.05807530373378467,0.616835171684988,0.1882717211299394,0.4523106465594061,0,9.0,False,0.0,-0.0
243.64263125957103,248.68602637934882,228.9900734891547,240.5688934326172,241760300,AAPL,2025-02-28,-0.011453880625955093,0,-0.015108900464230413,-0.011283811533945531,0.025872465978197923,-0.005153338447465017,-0.003022943294771707,0.05839422967575758,-0.015108900464230413,0.04839341194291692,0.0390018736179781,238.58189010620117,239.10607401529947,0.008328391251873901,0.006117868077345934,0.6148793235857708,0.12150326526782784,0.4457081286592853,0,10.0,False,0.0,-0.0
300.3399963378906,303.94000244140625,250.72999572753906,262.6700134277344,537122100,TSLA,2025-03-07,-0.048311634566107764,0,-0.10345414848116774,-0.22240964203728786,-0.27362973017403847,-0.33457460625720925,-0.39786349675064725,0.2464766229452715,-0.10345414848116774,0.052308181616513426,0.05865487146065928,312.32250213623047,375.54083251953125,-0.15897826243348423,-0.3005553839100217,0.20542054088748266,0.2187400978605083,0.6033878800807508,1,1.0,True,0.5,-0.024155817283053882
395.7899873220531,399.09471206990673,378.10536303990614,390.32183837890625,121122400,MSFT,2025-03-07,-0.012076950971167788,0,-0.009269824784191916,-0.03650083618338784,-0.038197355018775414,-0.05931817762261138,-0.11887979405454296,-0.016959324077324256,-0.009269824784191916,0.012690368835412075,0.025207922871126498,398.48006439208984,414.0497182210286,-0.020473360507079708,-0.05730683731429553,0.0,0.07224306999629082,0.530477100299529,1,2.0,True,0.5,-0.006038475485583894
257.37835755426585,259.64017450358887,233.414843927151,236.20310974121094,60867200,JPM,2025-03-07,-0.040614072255552025,0,-0.08452673581927239,-0.08310636773982072,-0.12153733563945901,0.010047092401604063,0.01496741540242752,0.1532694889887094,-0.08452673581927239,0.041863728712089474,0.04002736939859648,255.3700065612793,249.66593170166016,-0.07505539541688122,-0.053923344161095677,0.5398202687131574,0.32559327220122425,0.5144159790188888,1,3.0,False,0.0,-0.0
670.9878686638693,678.5276251290609,598.2098452417057,623.1597290039062,80931200,META,2025-03-07,-0.02800149150100062,0,-0.06366356539994034,-0.08469018142228879,-0.12436326717332569,0.015912651314516912,0.009373371545749132,0.252847509269184,-0.06366356539994034,0.04715630897584043,0.04627767584238842,675.8084716796875,646.0404510498047,-0.07790482789439657,-0.03541685665149552,0.4787588173430646,0.09063650626857389,0.502783612838602,1,4.0,False,0.0,-0.0
160.48850051821015,165.382134055129,159.0777802901347,162.1715850830078,47611500,JNJ,2025-03-07,-0.02327674140862923,0,0.010119944696618921,0.02704863940716873,0.09733728308567202,0.18276990061599752,0.14598476394750293,0.03037150207745154,0.010119944696618921,0.01657402618885799,0.020234209687728266,157.8324851989746,147.10796864827475,0.027491804862370683,0.10239837157121756,1.0,0.06582093160694136,0.5026434443970242,1,5.0,False,0.0,-0.0
359.55805576496454,363.06449816111734,335.9243207684384,342.04571533203125,41269400,V,2025-03-07,-0.03915203163696712,0,-0.04794452535275817,-0.009210117586614719,-0.006088511000404084,0.12411400012195783,0.09900574097100456,0.24050091287570896,-0.04794452535275817,0.03877114590634391,0.02798265997133672,349.2492370605469,330.5552495320638,-0.020625733614034525,0.03476110518962705,0.8035553690060531,0.24860146736252942,0.49181730573046395,0,6.0,False,0.0,-0.0
213.35000610351562,214.00999450683594,192.52999877929688,199.25,252078200,AMZN,2025-03-07,-0.0065244820665385506,0,-0.06138118925110747,-0.08001662981133928,-0.13048219372849434,-0.08993332521166741,-0.12402183188780924,0.16255324528599213,-0.06138118925110747,0.02785819192298727,0.03067109102276903,214.1974983215332,223.0174992879232,-0.06978372034530211,-0.10657235133480958,0.24926739015025395,0.2738805993719746,0.4836949688715394,0,7.0,False,0.0,-0.0
516.219970703125,518.77001953125,490.1099853515625,495.6199951171875,23786600,BRK.B,2025-03-07,0.03829542927190066,1,-0.03543977846174018,0.03525923304328216,0.04839870828670323,0.11964033573610022,0.08237606840682843,0.07879496023554777,-0.03543977846174018,0.045468048059071335,0.031051318666803256,491.9449996948242,470.5216700236003,0.007470337994375464,0.053341486041075026,0.7441335037663496,0.15385473613745404,0.4596348259507782,0,8.0,False,0.0,0.0
240.51913191748446,242.7473638198223,228.02515316620742,237.81344604492188,239653700,AAPL,2025-03-07,-0.10699797283883794,0,-0.011453880625955093,-0.026389725547878773,0.05141179546836283,0.010482791405074465,-0.035453798972312045,0.0850291952427682,-0.011453880625955093,0.04245110710286539,0.03852512902132119,241.48903274536133,238.37763214111328,-0.015220511915815194,-0.0023667744793162138,0.5123029303791374,0.09613276700300255,0.4441872613039229,0,9.0,False,0.0,-0.0
171.13879690224084,174.1648138078256,165.03700479811678,173.05992126464844,172801200,GOOGL,2025-03-07,-0.04704595581509052,0,0.02102417727722683,-0.032283235132378296,-0.06194021345272582,-0.09466773247200422,-0.08407971155466731,0.15485190014656536,0.02102417727722683,0.03222898664834605,0.03478534837638897,176.44178771972656,187.68231964111328,-0.019167038028713113,-0.07791036686047914,0.3547319612446271,0.18866422549656736,0.44023022020882413,0,10.0,False,0.0,-0.0
252.5399932861328,253.3699951171875,217.02000427246094,249.97999572753906,721244800,TSLA,2025-03-14,-0.005080362570515695,0,-0.048311634566107764,-0.1467677440315055,-0.29749326017256184,-0.4138804320573527,-0.40630789631648057,0.08550090327607784,-0.048311634566107764,0.04135605255909684,0.05868035501829844,285.8575019836426,361.2841657002767,-0.12550835995955956,-0.30807929198058503,0.14732404663658033,0.4247081031067452,0.5739497144261803,1,1.0,True,0.5,-0.0025401812852578476
382.90859827837613,387.2652662935844,374.0464567305875,385.6079406738281,127899700,MSFT,2025-03-14,0.006948779088545187,1,-0.012076950971167788,-0.02123482453592973,-0.046742117946981576,-0.09251308270313807,-0.10824753108881646,-0.09399093962330174,-0.012076950971167788,0.01195110019827295,0.024854503850518413,393.7530822753906,410.14905548095703,-0.020685911979390625,-0.05983462470333134,0.0,0.07701360017060477,0.5488644876860508,1,2.0,True,0.5,0.0034743895442725936
234.30198127309518,234.91873283818802,207.3245545879158,212.36788940429688,332232000,AAPL,2025-03-14,0.02238983881149692,1,-0.10699797283883794,-0.11722631145667783,-0.12718736338532655,-0.07068128043770538,-0.16018422223730755,-0.03838263435255518,-0.10699797283883794,0.05039540309491845,0.04770373775021267,233.75240325927734,235.00209172566733,-0.09148361067869248,-0.09631489726394771,0.0,0.35579027267245933,0.5346005888290383,1,3.0,False,0.0,0.0
162.9401676061837,165.294567637911,156.73311976951868,158.39675903320312,46982500,JNJ,2025-03-14,0.005036563080103473,1,-0.02327674140862923,-0.013392356047783216,0.050997318008826564,0.11618882337002101,0.1359675962159692,-0.0005435025925891734,-0.02327674140862923,0.0291133013988946,0.021371508637485614,159.75394821166992,148.6878865559896,-0.008495496941762992,0.06529699696523417,0.8493678169668001,0.008672988249413205,0.5312977812062875,1,4.0,False,0.0,0.0
490.0,515.8400268554688,488.75,514.5999755859375,26371200,BRK.B,2025-03-14,0.014205203858143278,1,0.03829542927190066,0.001498469280666992,0.07299981132921896,0.09969005697614408,0.1354809393757419,0.1496615187924364,0.03829542927190066,0.04731089242933227,0.0317462424936188,500.69749450683594,475.6383336385091,0.027766228574390706,0.0819144278161561,1.0,0.11976289452118194,0.4746421290854399,0,5.0,False,0.0,0.0
230.28539026110542,231.55277177640727,218.6058507740928,226.6099395751953,81514200,JPM,2025-03-14,0.039537047367977696,1,-0.040614072255552025,-0.12170783311873457,-0.15962250911755638,-0.10310236974667097,-0.016664732145901806,0.15051002522953683,-0.040614072255552025,0.03518612885947916,0.04180183367098468,244.6093521118164,249.3458989461263,-0.07358431875651739,-0.09118240751913598,0.35497641678235137,0.42640132640963824,0.4734428759494753,0,6.0,False,0.0,0.0
605.6400777825496,630.7990981033598,584.1662233882897,605.7103271484375,83993200,META,2025-03-14,-0.018680046811967554,0,-0.02800149150100062,-0.08988238211547117,-0.17447348754318148,-0.007554974726746488,0.03911242418918204,0.16124378113527849,-0.02800149150100062,0.02497101152103819,0.04375877816229444,643.8045349121094,647.9403737386068,-0.059170455779520736,-0.06517582219256157,0.29779375577106054,0.07193659747436398,0.4669971774489742,0,7.0,False,0.0,-0.0
336.7167505303687,341.7386849279551,323.2853388825994,328.6539306640625,40001700,V,2025-03-14,0.011633497787977953,1,-0.03915203163696712,-0.08521943141629473,-0.06220835330727037,0.0398546855359696,0.04610602461367197,0.158831407979259,-0.03915203163696712,0.03987081551603816,0.03113445763683933,343.7989273071289,331.76233927408856,-0.04405190196983011,-0.009369383567849776,0.6508277090050507,0.10938408919623677,0.46051577194736054,0,8.0,False,0.0,0.0
167.6785699397653,167.87789100205225,160.81237268027317,164.91815185546875,175315900,GOOGL,2025-03-14,-0.009063962910697554,0,-0.04704595581509052,-0.02701088105309668,-0.10554125215068311,-0.1546908734551885,-0.13442040972347857,0.05341347718447009,-0.04704595581509052,0.03343201749981452,0.03624801997233485,171.5769271850586,185.54806900024414,-0.0388092702138666,-0.11118368008857182,0.06413627944395592,0.0812884977497299,0.43782698141386944,0,9.0,False,0.0,-0.0
195.60000610351562,201.52000427246094,190.85000610351562,197.9499969482422,239400600,AMZN,2025-03-14,-0.008790049311442782,0,-0.0065244820665385506,-0.0675051908491543,-0.13437990515902953,-0.1238824696411287,-0.11990930748827866,0.061450968510471826,-0.0065244820665385506,0.026184975601156655,0.03069170144683423,206.51499938964844,220.7699991861979,-0.0414739968850687,-0.10336550401809474,0.22356855287810234,0.08678567938745219,0.42645360362563506,0,10.0,False,0.0,-0.0
158.00762730156043,160.39119501744185,157.34605204224803,159.1945343017578,44488000,JNJ,2025-03-21,0.0004889306240896119,1,0.005036563080103473,-0.018357413104929554,0.008194683254715507,0.1234149879646873,0.1371236463038208,0.012812160378681936,0.005036563080103473,0.017623816103279386,0.021343656840786953,160.07743453979492,150.2876345316569,-0.005515457194671725,0.05926568608161009,0.881202563439027,-0.07980834166727857,0.5618222503350996,1,1.0,True,0.5,0.0002444653120448059
383.7620820869245,389.7264008785539,378.20460404859546,388.2874450683594,119293100,MSFT,2025-03-21,-0.03184588274064726,0,0.006948779088545187,-0.005212091946984465,-0.04152268241604262,-0.11713614782404513,-0.08939088456400035,-0.09750445151068343,0.006948779088545187,0.014106429044954995,0.02522306194442095,389.5477828979492,406.97266896565753,-0.0032353869921011302,-0.04591272417577241,0.046701030324660504,-0.04131889361962027,0.5531365909172427,1,2.0,True,0.5,-0.01592294137032363
245.05999755859375,249.52000427246094,222.27999877929688,248.7100067138672,567129000,TSLA,2025-03-21,0.05966780860640841,1,-0.005080362570515695,-0.05314655651665334,-0.26373589194355784,-0.38828763114816667,-0.4238289287775895,0.043903490929138256,-0.005080362570515695,0.05689306016557062,0.056180385649547894,263.5850067138672,346.03833262125653,-0.05643340714044276,-0.28126457889830503,0.1415098774861022,-0.0360442953325284,0.5242613271819954,1,3.0,False,0.0,0.0
514.6199951171875,530.6099853515625,513.2100219726562,521.9099731445312,26610900,BRK.B,2025-03-21,0.008430619533005279,1,0.014205203858143278,0.053044627509686304,0.09017417343602663,0.12677296658740622,0.1432607434226536,0.1462739143507754,0.014205203858143278,0.04566392668156068,0.03173380184886249,511.489990234375,481.0883305867513,0.02037182175428609,0.08485269744122159,1.0,-0.017051420212928048,0.46092414926297154,0,4.0,False,0.0,0.0
326.90067683118593,338.9949243838332,326.63324783493476,332.4773254394531,42255000,V,2025-03-21,0.021420395044635443,1,0.011633497787977953,-0.027974008922432736,-0.03692648259750275,0.018245983231202967,0.055120891372671954,0.1829338180908482,0.011633497787977953,0.042110139043638514,0.03120360310402414,340.6119384765625,333.20976003011066,-0.02388234855622684,-0.0021981186583230894,0.6944319150002506,0.03130211196663124,0.4582210678218382,0,5.0,False,0.0,0.0
605.5708348514025,611.1932483347241,572.8727029614505,594.3956298828125,105661500,META,2025-03-21,-0.03272120426616698,0,-0.018680046811967554,-0.046158469140924585,-0.12693948143749334,-0.07831718922545006,-0.005050870370461147,0.06397417857994636,-0.018680046811967554,0.020666480591275977,0.043683965853768145,622.1988525390625,647.6889190673828,-0.044685429011626865,-0.08228223089150288,0.23572911721438314,0.20286709992870677,0.4546506989218189,0,6.0,False,0.0,-0.0
164.45973844695973,165.72535422603255,156.17845929337233,163.42333984375,172299000,GOOGL,2025-03-21,-0.05890610667750251,0,-0.009063962910697554,-0.05568349592718169,-0.08616908766754994,-0.17996671205004489,-0.14827312392416925,0.0047498560201946205,-0.009063962910697554,0.034439441657583066,0.03580065673321332,167.7244529724121,183.1772689819336,-0.02564392402203619,-0.10784050470875772,0.027479279312989952,-0.03708151853628838,0.44419623047754164,0,7.0,False,0.0,-0.0
198.77000427246094,199.32000732421875,189.3800048828125,196.2100067138672,226177600,AMZN,2025-03-21,-0.017787092267182558,0,-0.008790049311442782,-0.015257180858884833,-0.09405298247747418,-0.1645305445409142,-0.12308376887657124,0.02406054521658474,-0.008790049311442782,0.02550295713153508,0.03065656380357281,201.42250061035156,218.47499974568686,-0.02587840921788498,-0.10191094201962225,0.18956444311381887,-0.04811704101319503,0.43643794678759085,0,8.0,False,0.0,-0.0
212.18883784213668,217.68976839110027,208.8663965620962,217.12277221679688,287881900,AAPL,2025-03-21,-0.0016952275710541143,0,0.02238983881149692,-0.08700380139235953,-0.11109752049987187,-0.01916694910832184,-0.1450761826764433,-0.041409346781603906,0.02238983881149692,0.05543644480014958,0.04859042195417939,226.9682502746582,231.93170674641928,-0.04337821719974999,-0.06385040983557133,0.11430143438000341,0.04539122431669673,0.4355791925637338,0,9.0,False,0.0,-0.0
225.38152145062264,236.25186202365677,224.67959422222768,235.56942749023438,57706900,JPM,2025-03-21,0.005049073478272659,1,0.039537047367977696,-0.002682785386148523,-0.08556619657710096,-0.08763779151569251,0.007081866818789528,0.1576402769978289,0.039537047367977696,0.05352152876904188,0.04320952676443233,239.09862518310547,249.48394393920898,-0.014760426540170957,-0.05577319417543403,0.4892405785462805,-0.056632088819647874,0.4192380080874069,0,10.0,False,0.0,0.0
158.4259400015963,160.0604105860502,156.20775123106108,159.27236938476562,35238900,JNJ,2025-03-28,-0.06395461461568486,0,0.0004889306240896119,0.005527956234123055,-0.007938432171764043,0.08459038455823564,0.14446517190648467,0.030635364721181002,0.0004889306240896119,0.014779115847286795,0.02095858257372927,159.7588119506836,151.96303939819336,-0.0030448559298759115,0.048099393217711395,0.8843085260225595,-0.19140160474160017,0.5704262293672433,1,1.0,True,0.5,-0.03197730730784243
392.3959786933822,393.34864070852024,374.0663006272135,375.9220886230469,88286700,MSFT,2025-03-28,-0.050052787680682664,0,-0.03184588274064726,-0.025118393656146654,-0.04581983351016372,-0.08553091360830667,-0.10343799833908196,-0.11144504876219052,-0.03184588274064726,0.015912302148328488,0.026091228949157136,385.03482818603516,403.3584340413411,-0.02366731239851716,-0.06801976381999297,0.0,-0.22657614871948628,0.552129064640143,1,2.0,True,0.5,-0.025026393840341332
166.49269314529027,170.04040750974747,153.09912907789933,153.7967071533203,157132700,GOOGL,2025-03-28,-0.05656707001463701,0,-0.05890610667750251,-0.06743614682206156,-0.09262551813466835,-0.2426834220882289,-0.1943911060298411,-0.05651235114232145,-0.05890610667750251,0.03650938663663206,0.03806147374939731,163.79953002929688,180.08471043904623,-0.061067469938329344,-0.1459757645256824,0.0,-0.07234608045944435,0.517154362871475,1,3.0,False,0.0,-0.0
523.0999755859375,537.6300048828125,521.47998046875,526.3099975585938,24304100,BRK.B,2025-03-28,-0.06226366431510477,0,0.008430619533005279,0.022755582060265178,0.024288149881613208,0.12298628561553371,0.16039774316870115,0.1504798044772322,0.008430619533005279,0.030729611933003973,0.031247653487215084,514.6099853515625,487.1508305867513,0.02273568826892891,0.08038407103745882,1.0,-0.03815467662912275,0.487823612400982,0,4.0,False,0.0,-0.0
335.4389306199321,348.2859535511646,334.44841257278733,339.59912109375,28735800,V,2025-03-28,-0.08668515339346283,0,0.021420395044635443,0.03330308695098272,-0.05475441459968222,0.00475988524701032,0.09055564517219694,0.25042618266743655,0.021420395044635443,0.03509785510993937,0.031059607241885195,335.6940231323242,335.55967966715497,0.011632908816748389,0.012037922525738987,0.7687018077185156,-0.245095457235198,0.4738672620196373,0,5.0,False,0.0,-0.0
613.0573552722462,631.9085855563646,572.1350521556752,574.9462890625,71702900,META,2025-03-28,-0.12485689899701913,0,-0.03272120426616698,-0.050790017450698555,-0.13610727181001459,-0.1624058220936636,-0.04527889444384081,0.01825777641528492,-0.03272120426616698,0.019491556492899367,0.044615730099206365,599.5529937744141,645.4166208902994,-0.04104175105023744,-0.10918580269995426,0.12904342515917916,-0.16207716992200738,0.4669004217348593,0,6.0,False,0.0,-0.0
219.8384246082871,223.83729303324841,216.5358548246797,216.75469970703125,190172600,AAPL,2025-03-28,-0.13547483477219247,0,-0.0016952275710541143,0.02065665536837802,-0.09899115960416649,-0.07567983903496978,-0.10363436310288421,-0.041311855026354594,-0.0016952275710541143,0.05684721233185563,0.04729399431533672,221.01470184326172,229.84334437052408,-0.01927474552915287,-0.056945937239727074,0.1054534317096834,-0.2754916899076728,0.46026791727246597,0,7.0,False,0.0,-0.0
258.0799865722656,291.8500061035156,256.3299865722656,263.54998779296875,759452700,TSLA,2025-03-28,-0.09151962145463999,0,0.05966780860640841,0.05428431193438388,-0.10045061809603362,-0.34861595695196224,-0.35788425537154434,0.01186361222170107,0.05966780860640841,0.06894907551731455,0.06347831358515806,256.22750091552734,333.79749806722003,0.02857806773776206,-0.2104494811405233,0.20944917401145327,0.17519195546093247,0.4534155410460562,0,8.0,False,0.0,-0.0
200.0,206.2100067138672,191.8800048828125,192.72000122070312,185517800,AMZN,2025-03-28,-0.1127023717472343,0,-0.017787092267182558,-0.026420792160489648,-0.09214244239246427,-0.1891618682284627,-0.14037200980417508,0.02526998972789718,-0.017787092267182558,0.025639256327864096,0.03045896818593734,196.53250122070312,215.85249964396158,-0.019398827045500333,-0.10716808219230456,0.1213603075255921,-0.17837422725316998,0.4449187553816128,0,9.0,False,0.0,-0.0
239.322859868715,248.28235866743117,235.06247221658606,236.7588348388672,51490600,JPM,2025-03-28,-0.12878233864456867,0,0.005049073478272659,0.044785746303525276,-0.08237286295241675,-0.0914702625399394,0.0033879691947069634,0.1667465114857356,0.005049073478272659,0.05403911787579935,0.04316589232042381,233.78532791137695,249.5505625406901,0.012718962965107217,-0.051259061777258697,0.4922901082295841,-0.1813208500394906,0.4383876687086791,0,10.0,False,0.0,-0.0
561.7474544327795,590.8167826006645,492.6630283031205,503.1602783203125,120799400,META,2025-04-04,0.07695209647809542,1,-0.12485689899701913,-0.15349263516706446,-0.19256611924427092,-0.29298123468149084,-0.17971770544027776,-0.1516150262040079,-0.12485689899701913,0.04953937765977411,0.05607078136544751,569.5531311035156,636.2300669352213,-0.11657007776353756,-0.20915356807313146,0.0,0.26439552330586635,0.5946079120781872,1,1.0,True,0.5,0.03847604823904771
188.19000244140625,198.33999633789062,166.0,171.0,377207100,AMZN,2025-04-04,0.08111108255665211,1,-0.1127023717472343,-0.12848481652941846,-0.14178168130489333,-0.25376389022621093,-0.21896410846271086,-0.08315905293894299,-0.1127023717472343,0.05106642019243375,0.042140923625742954,189.47000122070312,211.85749944051108,-0.0974824568623317,-0.19285368489862564,0.0,0.4672992817001136,0.5768526181126611,1,2.0,True,0.5,0.04055554127832606
233.4051183081998,241.0484528611315,204.94422641328694,206.2684783935547,73775700,JPM,2025-04-04,0.12326421394390041,1,-0.12878233864456867,-0.12438349665681625,-0.12673258781585583,-0.23286718239348192,-0.11795878943433202,0.00685499512288712,-0.12878233864456867,0.07286668819078085,0.05726984396375942,226.3016700744629,247.2518056233724,-0.08852427679529029,-0.16575542138707688,0.0,0.11575371832457804,0.5636709105054234,1,3.0,False,0.0,0.0
215.86937928840504,224.4341253115235,186.35535024633944,187.389892578125,366947800,AAPL,2025-04-04,0.05186313837943901,1,-0.13547483477219247,-0.1369404016681568,-0.21202986755119013,-0.17151890826655314,-0.20376974101930023,-0.16757220172315113,-0.13547483477219247,0.07748071508521394,0.05993114702364741,208.4088134765625,225.8469721476237,-0.10085428033398058,-0.1702793675018207,0.0,0.24681314501284923,0.5604820513719577,1,4.0,False,0.0,0.0
152.58092477046202,157.86260591341835,144.87763705619835,145.0968780517578,219461000,GOOGL,2025-04-04,0.07925823232537277,1,-0.05656707001463701,-0.11214103083142357,-0.1615801221250338,-0.2135120283236175,-0.2409514308229116,-0.1264531028879018,-0.05656707001463701,0.023130431166500792,0.03915897379487999,156.80876922607422,176.24642944335938,-0.07468900643835263,-0.17673862381201966,0.0,0.21214246834406558,0.5297512846889669,1,5.0,False,0.0,0.0
159.91446542617436,162.11321376385112,148.78455700558925,149.08616638183594,75992400,JNJ,2025-04-04,-0.00985373231758302,0,-0.06395461461568486,-0.06349695336123273,-0.08068872666240567,0.00879453499430527,0.08733370340067248,-0.028597894663165313,-0.06395461461568486,0.03156286561605454,0.029594482381088884,156.48745727539062,152.9609120686849,-0.047296384147450965,-0.0253316068428584,0.47783416802399037,0.49959003817430325,0.5043164834428009,1,6.0,False,0.0,-0.0
369.7096411618319,382.1543604865691,356.74888974568233,357.10614013671875,150374700,MSFT,2025-04-04,0.07950747817359827,1,-0.050052787680682664,-0.0803046952140084,-0.08509823170576292,-0.12004505935660326,-0.1393685373046818,-0.13165589997971183,-0.050052787680682664,0.024631702183505234,0.028700924269868214,376.7309036254883,398.5393600463867,-0.05209225816069152,-0.103962679883978,0.0,0.2380232588295006,0.5013573991927831,1,7.0,False,0.0,0.0
336.13229182152975,348.5236515376191,309.1604862944522,310.1609191894531,45101200,V,2025-04-04,0.06473345951872389,1,-0.08668515339346283,-0.06712158857902029,-0.0932179375836556,-0.09873889014564663,0.019326411421675793,0.13069202111604983,-0.08668515339346283,0.04996393421604243,0.040727487186882225,327.7228240966797,336.0497334798177,-0.053587677195304884,-0.07703863955577095,0.4225692287763785,0.15574683667566336,0.5007393197348772,1,8.0,False,0.0,0.0
249.30999755859375,284.989990234375,236.0,239.42999267578125,810687300,TSLA,2025-04-04,0.05379445047326903,1,-0.09151962145463999,-0.03731258810491811,-0.08847610904907077,-0.3378961453771633,-0.39344885595801726,-0.0425864086584109,-0.09151962145463999,0.06449621649938103,0.06560327812403505,250.41749572753906,320.8549982706706,-0.04387673880307674,-0.253775088540774,0.09902480812298739,0.13441789226275547,0.4962196311629433,0,9.0,False,0.0,0.0
521.4000244140625,539.0,492.9800109863281,493.5400085449219,34364800,BRK.B,2025-04-04,0.06194022019971279,1,-0.06226366431510477,-0.05435796604667098,-0.004196736598114481,0.043998855058220654,0.11494150016239124,0.06833778652466305,-0.06226366431510477,0.04326554876273676,0.036810712722848464,514.0899887084961,491.39083099365234,-0.039973507780612816,0.00437366229834546,0.6082487578633389,0.23115063904488098,0.48311878197382824,0,10.0,False,0.0,0.0
467.4200134277344,526.5800170898438,462.1000061035156,524.1099853515625,46080400,BRK.B,2025-04-11,-0.011257109278215105,0,0.06194022019971279,-0.004180069193510438,0.018480392959204117,0.09282926948773507,0.12001276136239292,0.1388496449076373,0.06194022019971279,0.05119165741752051,0.03739517310350948,516.4674911499023,496.0708287556966,0.014797628761965775,0.056522486246967985,0.9736997923783027,0.40317691355524743,0.47818520041984686,0,1.0,True,0.5,-0.0056285546391075525
223.77999877929688,274.69000244140625,214.25,252.30999755859375,885161400,TSLA,2025-04-11,-0.04335936961382458,0,0.05379445047326903,-0.04264841872504488,0.009320753143760463,-0.29094536826880235,-0.40841735625183173,0.15844809009775362,0.05379445047326903,0.07020127586840777,0.06152202498632088,250.99999618530273,306.3391647338867,0.005219129056575289,-0.176370420093779,0.14666171090568303,0.1714564543818775,0.45543789542585184,0,2.0,True,0.5,-0.02167968480691229
348.2142236601539,390.24245792204835,342.17049555544185,385.4987487792969,198357200,MSFT,2025-04-11,-0.05321142939654244,0,0.07950747817359827,0.025475119568866056,-0.0002831681690487198,-0.0470120502360738,-0.09277005411194472,-0.06320152225025821,0.07950747817359827,0.057399110094821355,0.03799915679768152,376.70360565185547,395.25438435872394,0.023347647846964747,-0.024681916167116014,0.3306175405130144,0.4262306545053789,0.4479736901137601,0,3.0,False,0.0,-0.0
299.2058018042098,333.78478000715387,296.16490406290654,330.23870849609375,48608800,V,2025-04-11,-0.011367805344700055,0,0.06473345951872389,-0.027563123742809115,0.004822026101526156,-0.057686297509124906,0.04486889197141841,0.20427563700643536,0.06473345951872389,0.0639481391163614,0.043440830521855045,328.1190185546875,337.2314961751302,0.006460125203175293,-0.020735867670571784,0.6425041167588725,0.1805358565350017,0.44587189442306,0,4.0,False,0.0,-0.0
147.17931414233325,149.42668937844223,137.6644001851633,147.6171112060547,72649500,JNJ,2025-04-11,0.03783027805299333,1,-0.00985373231758302,-0.07317815528037064,-0.06805472468593132,-0.02052801511391633,0.04022690029806064,-0.04513959830509984,-0.00985373231758302,0.03187087375000639,0.028610447724999186,153.79254531860352,153.43662389119467,-0.040154313720184076,-0.03792779414428937,0.4192123970590474,0.27249431621132136,0.440252814758807,0,5.0,False,0.0,0.0
141.06087632952463,158.99868434001036,140.04439668677543,156.5970001220703,281058700,GOOGL,2025-04-11,-0.0380552330025673,0,0.07925823232537277,0.018207756333549874,-0.050456251417921205,-0.1506722876151272,-0.19734200326999685,-0.03515515891949317,0.07925823232537277,0.0646045425850513,0.0476888599693625,154.7284812927246,173.0380096435547,0.012076114324490295,-0.0950138617252454,0.19833181405747705,0.35457907535308686,0.42678892149365644,0,6.0,False,0.0,-0.0
201.84452086077627,234.02860167946685,198.30338839066803,231.69400024414062,105603400,JPM,2025-04-11,-0.017950780470720518,0,0.12326421394390041,-0.021392378443548132,0.022435294226175406,-0.1407683928485538,-0.08298020752117818,0.07464252241053493,0.12326421394390041,0.10485871663470314,0.06425100196226093,227.57268524169922,245.5046590169271,0.01810988431262861,-0.05625416164437946,0.4011342005744427,0.46378327279481435,0.42185222979107484,0,7.0,False,0.0,-0.0
176.26863687444822,199.55558397169528,168.32064359895526,197.1085205078125,675037600,AAPL,2025-04-11,-0.005904687086807359,0,0.05186313837943901,-0.09063784649547535,-0.07185346588548636,-0.18990197639474038,-0.13745605135051853,-0.12728582645385766,0.05186313837943901,0.08278034137930813,0.06294142371614611,204.5939712524414,223.22935104370117,-0.036586858834627534,-0.11701342325174369,0.1459746613913614,0.7763681071792918,0.41950383052925994,0,8.0,False,0.0,-0.0
162.0,192.64999389648438,161.3800048828125,184.8699951171875,432738100,AMZN,2025-04-11,-0.06631684335288934,0,0.08111108255665211,-0.04073270056970257,-0.06607730251430466,-0.19157774602829747,-0.18177395273273744,-0.020919457969561295,0.08111108255665211,0.07922244283165529,0.04936870883150042,186.20000076293945,208.43499883015951,-0.0071428874344917626,-0.11305684671590899,0.208008347940704,0.41690804971609485,0.4192042429805735,0,9.0,False,0.0,-0.0
483.591294981514,586.0617052580021,480.40123514295635,541.8795166015625,149672700,META,2025-04-11,-0.07743253834074071,0,0.07695209647809542,-0.05751280265649816,-0.10538174385663457,-0.26146891102576675,-0.11214056217188373,-0.07705308723921722,0.07695209647809542,0.08259352005816595,0.062056403501324846,553.5954284667969,630.5265858968099,-0.02116331035767771,-0.14059211979010056,0.16793140600223952,0.3368512838949036,0.4150075025353354,0,10.0,False,0.0,-0.0
258.3599853515625,261.79998779296875,233.88999938964844,241.3699951171875,375513000,TSLA,2025-04-18,0.18055275291647255,1,-0.04335936961382458,0.008102587398201466,-0.02951232921288982,-0.2854647606881543,-0.4063406879613187,0.09365654034781334,-0.04335936961382458,0.07437584112208062,0.0615014203764158,249.1649932861328,292.57166544596356,-0.03128448369147019,-0.1750055674418436,0.009857735065577897,-0.46939227100158876,0.5772457579474577,1,1.0,True,0.5,0.09027637645823627
554.4402405149555,556.0353008675298,494.08858497853294,499.92041015625,63018200,META,2025-04-18,0.09130970066524258,1,-0.07743253834074071,-0.006439038023585808,-0.15894332827646906,-0.26570662604459816,-0.22481252278516806,-0.1286084804616897,-0.07743253834074071,0.08627807689909953,0.06141240715864769,529.9766235351562,618.4447377522787,-0.056712337948831126,-0.19164901948523694,0.0,-0.3778947919165475,0.5675728141307984,1,2.0,True,0.5,0.04565485033262129
333.2202097617123,336.38984966000794,325.325730023792,326.484619140625,20904500,V,2025-04-18,0.01686864989482384,1,-0.011367805344700055,0.05262977680692593,-0.018024405997934534,-0.05428531068102427,-0.00010729577632229148,0.13822967150631804,-0.011367805344700055,0.06392026218212027,0.04267331104370216,326.62084197998047,337.22857666015625,-0.0004170671979463192,-0.031859570223666256,0.5962769167636827,-0.41668765255461626,0.553892755801213,1,3.0,False,0.0,0.0
159.44711904636745,161.16117679260088,147.98685287180376,150.63766479492188,119118500,GOOGL,2025-04-18,0.07144757141019364,1,-0.0380552330025673,0.03818680882429182,-0.07823653011285037,-0.1576640473583012,-0.2441232710762813,-0.07289478056005205,-0.0380552330025673,0.06588074112249225,0.04638928754652257,151.53206253051758,168.98375956217447,-0.005902366275886806,-0.10856720678239196,0.09555674969000456,-0.3865964855274573,0.5444157408275164,1,4.0,False,0.0,0.0
232.57685007270544,235.20571653709092,223.58176271607732,227.534912109375,42810900,JPM,2025-04-18,0.049965436601311364,1,-0.017950780470720518,0.10310074462877705,-0.034106783152887954,-0.11675459201811633,-0.11875553151735663,0.040928967867154054,-0.017950780470720518,0.10334708236257134,0.06374588151191447,225.56405639648438,242.949462890625,0.008737454647589571,-0.06344756064840351,0.3355169635375002,-0.37429397626284067,0.5292714211022226,1,5.0,False,0.0,0.0
186.83999633789062,187.44000244140625,171.41000366210938,172.61000061035156,188246300,AMZN,2025-04-18,0.09489603629507304,1,-0.06631684335288934,0.009415208247669948,-0.12027931958603666,-0.20301967332608273,-0.26502024217844955,-0.0866712757643947,-0.06631684335288934,0.08296342650746735,0.04810490745627066,180.29999923706055,203.24833170572916,-0.04265112955767725,-0.15074333372505588,0.024145182771388166,-0.36387658692890223,0.5237809429712464,1,6.0,False,0.0,0.0
390.23251818413166,391.6516465120973,364.10258680355696,364.9858093261719,79539100,MSFT,2025-04-18,0.06544678008220006,1,-0.05321142939654244,0.022065342215724426,-0.06001130357971052,-0.09904215569584018,-0.170117958476529,-0.1169526908313474,-0.05321142939654244,0.06297995507211773,0.03757193530126093,370.8781967163086,389.01949818929035,-0.01588766188551094,-0.061780165197334314,0.09175475491767335,-0.38408352058250217,0.5154878948548379,1,7.0,False,0.0,0.0
210.32866545443895,211.82078139531484,191.35889396287376,195.9446563720703,264593900,AAPL,2025-04-18,0.06244289478998022,1,-0.005904687086807359,0.045652215689161224,-0.09753981873251061,-0.1978009072211936,-0.11483722709915156,-0.15994249517331416,-0.005904687086807359,0.07958447421370639,0.0625990383410421,199.29944229125977,221.11093266805014,-0.016832891655997217,-0.11381742183576926,0.12849331789826007,-0.29288508001893965,0.4662477463265957,0,8.0,False,0.0,0.0
147.480878160093,155.11810853732888,147.07226479326096,153.20150756835938,40501000,JNJ,2025-04-18,-0.018352596866959225,0,0.03783027805299333,0.027603776301976524,-0.03764593275569672,-0.02975974599574238,0.0811229828710267,-0.03098288958796902,0.03783027805299333,0.04204675186982405,0.030175972497133073,152.2942886352539,154.39459101359049,0.005957012184995669,-0.007727495098102777,0.6420544045788744,-0.2779984829429125,0.45904706132129963,0,9.0,False,0.0,-0.0
531.0,536.52001953125,512.8900146484375,518.2100219726562,21052800,BRK.B,2025-04-18,0.024603924006457722,1,-0.011257109278215105,0.04998584309399279,-0.007089251714395561,0.08244565430800566,0.11878498940229187,0.11490971510842085,-0.011257109278215105,0.05134417236166593,0.03744999043691322,515.5425033569336,500.6558303833008,0.005174197274430803,0.03506239321315019,0.9031682465397296,-0.3306057689021089,0.45797980369832747,0,10.0,False,0.0,0.0
517.530029296875,533.1300048828125,498.0799865722656,530.9600219726562,19887600,BRK.B,2025-04-25,0.016649023381213768,1,0.024603924006457722,0.013069845667029067,0.008835143614281948,0.03333788278822425,0.13290803072581592,0.16948968205955506,0.024603924006457722,0.052924563649973416,0.037686395708200454,516.7050094604492,505.84666442871094,0.02758829941883545,0.049646185909533846,1.0,-0.34464714101178395,0.540350227262786,1,1.0,True,0.5,0.008324511690606884
192.25418258208256,208.64753879478604,188.8123615658979,208.1800079345703,238181400,AAPL,2025-04-25,-0.01877861526751068,0,0.06244289478998022,0.05616950194864345,-0.03955942724218031,-0.13463455327036677,-0.11224541519114628,-0.09364089065676418,0.06244289478998022,0.09091012589550027,0.0629091041716056,197.15576934814453,218.91745376586914,0.05591638846215452,-0.04904792033065786,0.3122693935194236,-0.3832536003796575,0.5142880566162222,1,2.0,True,0.5,-0.00938930763375534
153.67822968223672,154.41761509411143,148.31759438866158,150.38986206054688,39475100,JNJ,2025-04-25,0.009962408494361252,1,-0.018352596866959225,0.01878339734356249,-0.05576929230430827,-0.06326500373184718,0.024103546371365248,-0.023697060853619556,-0.018352596866959225,0.04170244281582254,0.029457911371286755,150.07366180419922,154.68955866495767,0.0021069670223692327,-0.027795648533224693,0.5298573668427382,-0.30932647473077357,0.461549875484178,0,3.0,False,0.0,0.0
360.0635031391147,389.1805976978566,352.9678309109542,388.8729553222656,102043300,MSFT,2025-04-25,0.11083320665839569,1,0.06544678008220006,0.008752833968082463,0.03445093302885205,-0.012947436496963505,-0.054026600356070986,-0.08111261720013918,0.06544678008220006,0.07189562573229798,0.0404367880069291,374.1159133911133,387.16871643066406,0.03944510619018993,0.004401799058852296,0.36990846592471877,-0.23031832254947682,0.4536554195603895,0,4.0,False,0.0,0.0
325.88042353173125,338.0142619732918,313.64752012859105,331.9919738769531,33211800,V,2025-04-25,0.03708554495370908,1,0.01686864989482384,0.005309085021691473,-0.02240037368853154,-0.07592826894008409,-0.017747111649768832,0.19395268249141107,0.01686864989482384,0.06337943235483756,0.04165270634950103,324.71905517578125,336.7287139892578,0.022397572871831528,-0.014066932564758328,0.6227877277892913,-0.10132905984929608,0.4533999354342693,0,5.0,False,0.0,0.0
226.23026455156602,242.08195672838127,222.02209671781299,238.90379333496094,51188200,JPM,2025-04-25,0.036789192988937236,1,0.049965436601311364,0.03111773754703706,0.009059676685575724,-0.07405945777285527,-0.0832392768593202,0.10798322173274322,0.049965436601311364,0.10711709483206598,0.06583086658541404,226.1002960205078,241.1418139139811,0.056627512390748036,-0.00928093117777784,0.5148818988434832,-0.2510273313673146,0.453091081741691,0,6.0,False,0.0,0.0
148.3655391927389,165.52605388757996,145.5951469015095,161.40036010742188,186077700,GOOGL,2025-04-25,0.012780861777423658,1,0.07144757141019364,0.03067338443014389,0.04943963427332321,-0.04776525560230016,-0.20524196744714618,-0.017774715062723434,0.07144757141019364,0.07129356506135129,0.05265520903647523,153.43297576904297,165.5103619893392,0.05192745756539274,-0.024832293474060907,0.2811708564294842,-0.07621185085214277,0.441502571637926,0,7.0,False,0.0,0.0
230.25999450683594,286.8500061035156,222.7899932861328,284.95001220703125,631033300,TSLA,2025-04-25,0.007931142836396399,1,0.18055275291647255,0.12936472975414914,0.08119910986629697,-0.0274080090046539,-0.2957241524753519,0.058546044142391285,0.18055275291647255,0.12010486281627533,0.08863640123203363,254.51499938964844,282.60083262125653,0.11958042901349208,0.008312712896083818,0.23130089073172866,-0.06596437604421268,0.43870602190766633,0,8.0,False,0.0,0.0
169.60000610351562,189.94000244140625,165.2899932861328,188.99000549316406,248380900,AMZN,2025-04-25,0.005238320575692068,1,0.09489603629507304,0.022285987368393156,-0.019354481651686295,-0.10971355483352407,-0.2048552199723226,0.006175816700213499,0.09489603629507304,0.10437392002925334,0.058590777763373174,179.36750030517578,199.1908327738444,0.053646871209202196,-0.05121132904877235,0.26979615280759006,-0.2029956703678022,0.4156423391861567,0,9.0,False,0.0,0.0
489.80188733411177,548.1499041120835,478.30774832896276,545.5679931640625,82748200,META,2025-04-25,0.09090576518478422,1,0.09130970066524258,0.006806820426858984,-0.05109746154956729,-0.18024999727165314,-0.20520475839337404,-0.04370028848658747,0.09130970066524258,0.10886483934171483,0.06512463721172705,522.6320495605469,606.7065836588541,0.04388545176822056,-0.10077126594882857,0.1952372847375082,-0.2048001326162765,0.41219191638637687,0,10.0,False,0.0,0.0
239.89454195509384,248.78169626532693,233.88145363718232,247.69287109375,43457400,JPM,2025-05-02,0.002257281553398105,1,0.036789192988937236,0.08859281768015093,0.20082754778051304,0.048643565129720345,-0.07880577981160941,0.14549884608957586,0.036789192988937236,0.058148520537265304,0.06610107646600495,236.45639419555664,239.37602361043295,0.047520292003186304,0.034743861803185894,0.6535457068579967,-0.2848281431861035,0.49381777359933476,0,1.0,True,0.5,0.0011286407766990525
151.28492037829616,153.9117200490407,149.20291326594125,151.8881072998047,33960400,JNJ,2025-05-02,-0.012170113356865908,0,0.009962408494361252,-0.008573024439518906,0.018794104013597712,-0.06341109497042596,0.027753924413337128,-0.009352501374884858,0.009962408494361252,0.024955874553813706,0.029520177194620703,150.7741470336914,155.0313631693522,0.007388271053288431,-0.020274967627769036,0.589643949888116,-0.2719625266633081,0.4913168773589733,0,2.0,True,0.5,-0.006085056678432954
388.9820812843996,436.1013902925972,381.51921680100196,431.9729919433594,157710000,MSFT,2025-05-02,0.007925882297504128,1,0.11083320665839569,0.1835336632425728,0.2096487385458501,0.10670976991049153,0.06443638392647322,0.06495556719872475,0.11083320665839569,0.07178884194577577,0.05204291534400145,392.83262634277344,389.3478647867839,0.09963623939533295,0.10947826098884095,0.8717865526855753,0.17332924640881342,0.47797481333339875,0,3.0,False,0.0,0.0
533.6300048828125,542.0700073242188,524.0,539.7999877929688,22306700,BRK.B,2025-05-02,-0.048277136250304276,0,0.016649023381213768,0.04166257869372458,0.09373096090919297,0.08914086015705447,0.14185387093092494,0.19387793671102393,0.016649023381213768,0.030181654137337522,0.037710089682320085,528.2700042724609,511.43499755859375,0.021825928838013375,0.05546157453005618,1.0,-0.18385767533328756,0.47483615263305795,0,4.0,False,0.0,-0.0
553.9119485027396,602.460510920923,527.8531889368276,595.1632690429688,112156300,META,2025-05-02,-0.007587819083995639,0,0.09090576518478422,0.19051604405779443,0.18285026598241738,-0.044926619384870414,-0.16370266538844114,0.054434605061530084,0.09090576518478422,0.08218239468756505,0.07081395623184095,545.6327972412109,596.9981333414713,0.09077619976693163,-0.003073484146813965,0.4073590743347381,0.10066305949478327,0.4664122869342748,0,5.0,False,0.0,-0.0
288.9800109863281,294.8599853515625,270.7799987792969,287.2099914550781,603713200,TSLA,2025-05-02,0.038473655650225425,1,0.007931142836396399,0.1899158854257541,0.1995572828839247,0.09342512191287944,-0.20576849916165696,0.15354645507093068,0.007931142836396399,0.09581907888187825,0.08521828159280577,266.45999908447266,276.3999989827474,0.0778728230950243,0.03910995843746545,0.24278452405375744,-0.03228637701960424,0.4634953968001189,0,6.0,False,0.0,0.0
161.86872639451175,164.39995007912242,154.86300612354924,163.46319580078125,147454100,GOOGL,2025-05-02,-0.06876794361546135,0,0.012780861777423658,0.08514159472214367,0.1265796893470854,-0.05545319444119923,-0.11395862519360167,-0.04018273284299234,0.012780861777423658,0.05496942475293757,0.047733978301410435,158.02455520629883,163.75837071736655,0.03441642716464122,-0.0018025027685133477,0.31674664794413554,-0.1961167165729193,0.4543843342064783,0,7.0,False,0.0,-0.0
208.8962283982374,213.43227966302132,201.09744003856807,204.2706756591797,286233500,AAPL,2025-05-02,-0.033211492003149656,0,-0.01877861526751068,0.042491688425018825,0.09008374383915552,-0.14104656798676607,-0.09688622982325334,-0.07674875783925927,-0.01877861526751068,0.04069538664921226,0.062428945705693496,201.3759651184082,217.09127044677734,0.01437465756685219,-0.059056242847594254,0.2535508728295574,-0.21796604260629993,0.44969157320109404,0,8.0,False,0.0,-0.0
333.586664366473,346.7704573978665,330.08023760503346,344.3040771484375,32432700,V,2025-05-02,0.01421182263390075,1,0.03708554495370908,0.05457977792251589,0.11008207625967525,0.006602514562165984,0.0004738040792198195,0.19985842674594423,0.03708554495370908,0.03214627648136401,0.042772808346823926,333.25484466552734,336.74230194091797,0.03315550444285287,0.02245567356383482,0.7298913405662804,-0.040153065527849696,0.432414396357361,0,9.0,False,0.0,0.0
190.11000061035156,192.8800048828125,178.85000610351562,189.97999572753906,282238000,AMZN,2025-05-02,0.016212242869359184,1,0.005238320575692068,0.10063145273024121,0.11099412706163192,-0.04652448819302857,-0.1709360646400011,-0.040165701219747274,0.005238320575692068,0.07462681283975117,0.05861064102565692,184.11249923706055,195.92666625976562,0.03186908284224432,-0.030351511847510726,0.2846430385771887,-0.01966936009995801,0.4321547473849789,0,10.0,False,0.0,0.0
343.7097643991248,351.9608018178934,342.4815297766243,349.197265625,20000800,V,2025-05-09,0.03740381469217913,1,0.01421182263390075,0.05182442077477356,0.057408646052558465,0.06250749814380319,-0.003589343692350422,0.14920127846866582,0.01421182263390075,0.0198711069076807,0.04263581347017083,337.9944839477539,336.6374766031901,0.03314486540253059,0.03730953888005373,0.816813537048352,-0.24914734706212494,0.4991959080467901,0,1.0,True,0.5,0.018701907346089564
284.57000732421875,307.0400085449219,271.0,298.260009765625,472854500,TSLA,2025-05-09,0.1734057517846428,1,0.038473655650225425,0.046709938545022256,0.1821172868758809,0.19313551029382303,-0.16181426249113973,-0.07147746518842335,0.038473655650225425,0.09590860864337993,0.08664347686530169,277.94750213623047,271.6016667683919,0.07308037479480123,0.09815235419731794,0.2989329858547627,-0.09202376826232261,0.48082991798744024,0,2.0,True,0.5,0.0867028758923214
246.38821912384302,250.9985800051324,244.08308599577276,248.25198364257812,33952400,JPM,2025-05-09,0.057215115306351594,1,0.002257281553398105,0.039129518109033645,0.07146487773092969,0.09550350751583592,-0.07936351110092543,0.08006568511639678,0.002257281553398105,0.03117100330931275,0.0660949150144164,240.59589004516602,237.5926424662272,0.031821381470709564,0.04486393629746388,0.6623667319139737,-0.20768641534949472,0.4692803591885166,0,3.0,False,0.0,0.0
520.0800170898438,521.260009765625,502.79998779296875,513.739990234375,36682600,BRK.B,2025-05-09,0.0011095249251644734,1,-0.048277136250304276,-0.032431880039299976,-0.019785914039076147,-0.001671172546371169,0.07120664350226424,0.10860789835034113,-0.048277136250304276,0.032946400837659644,0.04146396355620943,525.6775054931641,514.2808303833008,-0.02270881887477738,-0.001051643609820463,0.7317273850540498,0.46833624037698507,0.46809917621252983,0,4.0,False,0.0,0.0
162.4367677423953,164.81850869798296,147.32914212449143,152.22216796875,260043100,GOOGL,2025-05-09,0.08798688697069146,1,-0.06876794361546135,-0.05686599542010451,-0.027936883528484224,-0.07698354452725908,-0.17439985699353744,-0.14156883643281692,-0.06876794361546135,0.06142123983470148,0.05061267263794267,156.93084716796875,161.07875188191733,-0.03000480328879429,-0.05498294349623378,0.122883189089845,0.4594949244654152,0.4651600325044381,0,5.0,False,0.0,0.0
429.58131540385136,440.29924790125443,427.83464541633373,435.3967590332031,97351100,MSFT,2025-05-09,0.03732129929030337,1,0.007925882297504128,0.11963753990652926,0.12943754139776353,0.12911772063711102,0.07634036696306401,0.04248030134794645,0.007925882297504128,0.07111415880042504,0.05195459097299386,405.30712890625,391.92127227783203,0.07423908434118132,0.11092913253392234,0.9116545855522712,-0.10818688472403692,0.464788539185254,0,6.0,False,0.0,0.0
589.3812975732367,609.3989163042328,584.7556882888333,590.6472778320312,62677600,META,2025-05-09,0.08076094600019745,1,-0.007587819083995639,0.08262816960087416,0.08999742514040654,-0.024868404320131154,-0.19500301463194536,0.007050901147937383,-0.007587819083995639,0.08224550706330011,0.06952448238943056,557.8247375488281,585.0749003092448,0.05884023793464355,0.009524212233068319,0.3880439254522444,-0.21799698877387197,0.4596788614022479,0,7.0,False,0.0,0.0
186.50999450683594,194.69000244140625,183.85000610351562,193.05999755859375,179186900,AMZN,2025-05-09,0.06490209747098974,1,0.016212242869359184,0.02153548837045194,0.04430141536064136,-0.0247032051782603,-0.1557634959683113,-0.07262943437958191,0.016212242869359184,0.06599927804422,0.05918128399980396,186.1599998474121,192.95833333333334,0.03706487815232751,0.0005268713898185506,0.3308338329588049,-0.2018863938963007,0.4535911405282901,0,8.0,False,0.0,0.0
202.03251395918386,203.02725796650907,192.23427392267118,197.48654174804688,275704500,AAPL,2025-05-09,0.06551666535573797,1,-0.033211492003149656,-0.05136644143987312,0.0019178330762184004,-0.07007343576278391,-0.188348343610091,-0.1243025617094563,-0.033211492003149656,0.042365271655764036,0.0570592681357914,201.4704704284668,213.27228164672852,-0.019774256107842003,-0.07401683789752711,0.1516525742553154,0.0357886954168789,0.44897360595083646,0,9.0,False,0.0,0.0
152.42319194810284,153.65878398665114,149.5239812889191,150.03961181640625,36087900,JNJ,2025-05-09,-0.018739558116366517,0,-0.012170113356865908,-0.0023289485031884327,0.016410703275246075,-0.05276084730398456,-0.004454191003534502,0.007923266185231759,-0.012170113356865908,0.02543453014376045,0.029277764264939183,151.3797721862793,154.97542190551758,-0.008852968600216449,-0.031848986300037296,0.5158808396632822,-0.037812515830758175,0.44585234726481665,0,10.0,False,0.0,-0.0
147.8992476319424,151.148707779188,142.1591699321315,147.22793579101562,45786400,JNJ,2025-05-16,0.010639016741063267,1,-0.018739558116366517,-0.03068160892669869,-0.03899159918304529,-0.07516965681786003,-0.0675909650911325,-0.0015240921003640828,-0.018739558116366517,0.01353058690904679,0.025476921131905146,149.88637924194336,154.0860341389974,-0.017736391154239084,-0.04450824103757034,0.4036825841413849,0.17922758254791393,0.5129034886038819,1,1.0,True,0.5,0.005319508370531634
628.9577416253547,660.6090293889421,619.0985470240091,638.3485107421875,85744900,META,2025-05-16,-0.02073909362748838,0,0.08076094600019745,0.07256032746889973,0.276900278071607,0.07394549799775696,-0.062380586610208844,0.15764268499289713,0.08076094600019745,0.04787271891145984,0.0722017881197054,592.4317626953125,581.5357462565104,0.07750554736966375,0.09769436333259818,0.5920647865439798,-0.001011863325634188,0.4763837580735879,0,2.0,True,0.5,-0.01036954681374419
321.989990234375,351.6199951171875,311.5,349.9800109863281,580594900,TSLA,2025-05-16,-0.030401778142846947,0,0.1734057517846428,0.21855096061679924,0.4499731452387419,0.40718106042660684,0.03605690832891417,0.09123225758997733,0.1734057517846428,0.08970188201044682,0.100418549269193,305.1000061035156,272.6166687011719,0.14709932476233845,0.2837806750912868,0.5617378456545717,0.014939149222319648,0.47249311283567896,0,3.0,False,0.0,-0.0
210.7100067138672,214.83999633789062,202.6699981689453,205.58999633789062,277556600,AMZN,2025-05-16,-0.022374584983047563,0,0.06490209747098974,0.08216654890727937,0.1910665408198906,0.04780586770837969,-0.05074339920699111,0.014708038687932357,0.06490209747098974,0.04201207850835666,0.06157372434609971,194.40499877929688,192.04249954223633,0.05753451623582895,0.07054426404544256,0.518746252808963,0.12443657971986788,0.4710480827658031,0,4.0,False,0.0,-0.0
355.7346735038058,363.32019719165777,347.80061410492146,362.2585754394531,31263400,V,2025-05-16,-0.031715542636870264,0,0.03740381469217913,0.052147213706316364,0.10957317497220109,0.08957377758208485,0.04933965044550459,0.18312141016681016,0.03740381469217913,0.012578591383087914,0.043575271557217514,346.93797302246094,338.05691782633465,0.04415948558043925,0.07159048177073912,1.0,0.06966889547142352,0.46256056713477034,0,5.0,False,0.0,-0.0
520.2999877929688,520.2999877929688,501.6199951171875,514.3099975585938,27294400,BRK.B,2025-05-16,-0.021096237979079002,0,0.0011095249251644734,-0.04722117601112519,-0.007525953278974429,-0.014561851616184507,0.0742992188866547,0.0936250720710754,0.0011095249251644734,0.032688989857853006,0.041419800688694074,524.7024993896484,517.244997660319,-0.019806465269640583,-0.005674293835612243,0.7375952810529917,0.028315561738435857,0.46143873145336134,0,6.0,False,0.0,-0.0
442.551987565255,453.55526390744575,436.43878433354007,451.6463317871094,112185600,MSFT,2025-05-16,-0.009003451254285033,0,0.03732129929030337,0.04554298581317218,0.23743532007704116,0.1631752134236415,0.114877058442439,0.10103446097840463,0.03732129929030337,0.04379653005783532,0.05261237177737298,426.9722595214844,395.7994130452474,0.05778846685093231,0.14109904386209293,1.0,-0.04378444032474593,0.4578114764586888,0,7.0,False,0.0,-0.0
156.94581087118723,168.76480673115492,155.62040930962155,165.61572265625,211270400,GOOGL,2025-05-16,0.01371935264652202,1,0.08798688697069146,0.013168266073129375,0.09943102796846492,0.013415359241808034,-0.07390971769234089,-0.03430893666603674,0.08798688697069146,0.07086016348574944,0.058247537744836736,160.67536163330078,159.9772923787435,0.030747471004448634,0.03524519132476378,0.35386925876881814,0.049992588637841395,0.44842792531435344,0,8.0,False,0.0,0.0
257.8846409478204,264.3783574631619,253.7647824650602,262.45574951171875,44983500,JPM,2025-05-16,-0.02560176275995185,0,0.057215115306351594,0.05960154748410629,0.15347463419397145,0.11413332497316087,0.01880117387540814,0.10308750088982976,0.057215115306351594,0.024379420959525253,0.0670519819544616,249.32609939575195,237.99626032511392,0.05266055237613254,0.10277257782618943,0.8864571675222,0.03659664192324641,0.4452843470599723,0,9.0,False,0.0,-0.0
210.13632786154514,213.09460539099953,205.9330024837247,210.42520141601562,264778300,AAPL,2025-05-16,-0.07568881483429157,0,0.06551666535573797,0.030129267145053262,0.0739011990020737,-0.030846929285214375,-0.13851743242646408,-0.05880164922341247,0.06551666535573797,0.05229515177972952,0.06157463750067199,205.09060668945312,210.45276641845703,0.02601091689508772,-0.00013097952053808815,0.34599240057177916,-0.0054319771748967405,0.4407292225544089,0,10.0,False,0.0,-0.0
626.2961199602966,644.5989922480402,620.7134837844421,625.1097412109375,44483000,META,2025-05-23,0.03258070506760635,1,-0.02073909362748838,0.05834694355216641,0.14579621430056156,0.08724893629669883,-0.06073355020098514,0.12337529931763647,-0.02073909362748838,0.05813002405244461,0.07216131712373365,612.3171997070312,578.1674143473307,0.02089201725841927,0.08119158170924945,0.5354418232623415,-0.41673457640386313,0.5662780067640127,1,1.0,True,0.5,0.016290352533803176
147.7727644229513,150.2439182443103,146.95553760450343,148.79429626464844,41286200,JNJ,2025-05-23,0.023542609289369576,1,0.010639016741063267,-0.008299911847823416,-0.010609530283737234,-0.06578713659244029,-0.07320332204259072,0.001490108632400844,0.010639016741063267,0.015112422843651574,0.025048198639250906,149.48748779296875,153.10665384928384,-0.004637120728661515,-0.028165709825259677,0.4661872650054039,0.05106831745490248,0.513237417072869,1,2.0,True,0.5,0.011771304644684788
336.29998779296875,354.989990234375,331.3900146484375,339.3399963378906,504708400,TSLA,2025-05-23,0.02098189189021471,1,-0.030401778142846947,0.13773213044734556,0.19087552834123822,0.2875735612041028,0.15823600113703962,-0.03749716732541675,-0.030401778142846947,0.08863413061988544,0.09137655938642965,318.69750213623047,276.48000081380206,0.06477143392493967,0.22735820073446167,0.5076727356013412,-0.06616370727023024,0.48863847933854637,0,3.0,False,0.0,0.0
513.6199951171875,513.7899780273438,500.25,503.4599914550781,17405900,BRK.B,2025-05-23,0.0009931275741592582,1,-0.021096237979079002,-0.020010119855779607,-0.0517930340883449,-0.043415489368452964,-0.02018182139980429,0.05642399588223701,-0.021096237979079002,0.028214249371210802,0.036282558664245644,517.8274917602539,516.3808288574219,-0.027745727165501166,-0.025021915377713033,0.6259007383722008,-0.3285382526309293,0.48009630495812355,0,4.0,False,0.0,0.0
201.64999389648438,206.6199951171875,197.85000610351562,200.99000549316406,178578500,AMZN,2025-05-23,0.02000093986667717,1,-0.022374584983047563,0.04107535499249937,0.06349542119270457,0.04291201857657789,-0.05318444201552297,0.019632764163147742,-0.022374584983047563,0.03642289838633712,0.061642255942387605,197.40499877929688,191.10166676839194,0.01816066835204766,0.05174386436281808,0.44976017977363536,-0.22150704041152625,0.466218962812235,0,5.0,False,0.0,0.0
448.27591363294266,457.5917944035942,446.3173019248347,447.5799560546875,90904300,MSFT,2025-05-23,0.022613133510156036,1,-0.009003451254285033,0.027981827537111537,0.1509670444522695,0.19061893301911037,0.13606497173412602,0.08371885748250585,-0.009003451254285033,0.05295549853367466,0.05166650993704491,441.64900970458984,400.2665837605794,0.013429094642518846,0.1182046521335609,0.9569878623955056,-0.2063376485045324,0.46460428109493634,0,6.0,False,0.0,0.0
260.4840447921333,263.20122018216097,251.11628086099114,255.73641967773438,41231200,JPM,2025-05-23,0.012619375413112977,1,-0.02560176275995185,0.03014854473804318,0.07045776087436528,0.08015576209345232,-0.008819760464734983,0.06083525114570287,-0.02560176275995185,0.0366940364167987,0.0675851432776751,253.5342559814453,237.8066266377767,0.008685862538631461,0.07539652403071195,0.780447425925128,0.007946853924687414,0.4538711101926354,0,7.0,False,0.0,0.0
360.1750240780259,366.25698849619533,349.4596855958203,350.76934814453125,26770900,V,2025-05-23,0.03295238128381661,1,-0.031715542636870264,0.0045019897756573,0.0565597235628883,0.032892390930828075,-0.02366302727905556,0.14456327440805938,-0.031715542636870264,0.03250842846601943,0.043181724837186485,351.63231658935547,337.3484649658203,-0.0024541784247663623,0.039783442263686464,0.801835740299279,-0.030635171516043558,0.4491727402453809,0,8.0,False,0.0,0.0
163.94152401470697,176.15916224613377,162.337090725838,167.8878631591797,260525600,GOOGL,2025-05-23,0.019409873886398143,1,0.01371935264652202,0.10291336274783403,0.04019509651304354,0.09162196165755265,-0.009490088148161213,0.024868576546866805,0.01371935264652202,0.06403054756831943,0.056455363853747886,162.29723739624023,159.8432477315267,0.03444683256862979,0.05032815299877269,0.3930547339302368,0.1851591710250915,0.4412369778365709,0,9.0,False,0.0,0.0
207.0884445111699,208.65223273202483,192.69552221161257,194.4983673095703,273024200,AAPL,2025-05-23,0.028575911543782695,1,-0.07568881483429157,-0.015131028231224364,-0.06572024259553322,-0.10267981468241705,-0.1915065803632302,-0.14847082223855068,-0.07568881483429157,0.05919130899537277,0.06440224276623392,201.67019653320312,206.61355590820312,-0.03556216707733528,-0.05863694928136998,0.10676992672618384,-0.006950457858012848,0.43189548795439947,0,10.0,False,0.0,0.0
453.8435898996704,459.84867709346275,452.68035209769624,457.7011413574219,86805900,MSFT,2025-05-30,0.021765639853070562,1,0.022613133510156036,0.013406086010605556,0.0595596250087691,0.28169496380597137,0.1726249887999014,0.09131882796719193,0.022613133510156036,0.01985012449304697,0.05129866349549748,448.08104705810547,405.88152567545575,0.021469540750445715,0.1276717771170528,1.0,-0.10335344195137519,0.5436543439214994,1,1.0,True,0.5,0.010882819926535281
149.65778796891962,152.78791913823414,148.71579473504596,152.29730224609375,37790300,JNJ,2025-05-30,-0.0011596083581573158,0,0.023542609289369576,0.03443209624479082,0.002694055206582835,0.021538791573951555,-0.060887872754403216,0.01795789260471392,0.023542609289369576,0.0196981336275638,0.026111715342710368,149.58978652954102,152.28379694620767,0.01809960278282796,8.86850745576151e-05,0.6059726302650206,-0.06082355601836087,0.5100818816757193,1,2.0,True,0.5,-0.0005798041790786579
257.04106526626447,261.63180170795323,256.99200115618,258.9636535644531,29100900,JPM,2025-05-30,0.006553126127997855,1,0.012619375413112977,-0.013305465602344135,0.045503055541865844,0.2554688703833723,0.0963600515174381,0.06918938642815631,0.012619375413112977,0.034414306064177766,0.061941689490609825,256.3519515991211,239.70333862304688,0.010187954291122958,0.08035063279487598,0.8313629545354422,-0.2201704317067288,0.5020250925865193,1,3.0,False,0.0,0.0
347.3500061035156,367.7099914550781,345.2900085449219,346.4599914550781,423113400,TSLA,2025-05-30,-0.14812670459034738,0,0.02098189189021471,-0.010057773074895748,0.20629505157471928,0.44702001442329387,0.3189933138309904,0.0037663338138138602,0.02098189189021471,0.08692299351206163,0.08329457392041052,333.51000213623047,283.4624989827474,0.03882938813198744,0.22224277531739745,0.5438515692127908,-0.14577388496839805,0.50140280787162,1,4.0,False,0.0,-0.0
633.4337833907804,651.2881222551338,630.7820830337338,645.4762573242188,43651100,META,2025-05-30,0.07756118562149839,1,0.03258070506760635,0.011165917147271331,0.08453644722086762,0.28284422506282914,0.03581189104755622,0.12931611312593017,0.03258070506760635,0.04569697769014904,0.07010238787809829,624.8954467773438,580.0271250406901,0.032934806379231185,0.11283805439088268,0.6225505603194427,-0.26189165721861063,0.5000992119104262,1,5.0,False,0.0,0.0
169.57202886061165,174.66436785084326,166.86140133176752,171.14654541015625,154736900,GOOGL,2025-05-30,0.0112961896389705,1,0.019409873886398143,0.03339551743759239,0.0470035445699899,0.17953292798695641,-0.011056146567674618,0.01885075463243413,0.019409873886398143,0.06416282274172574,0.05640430407406556,164.21807479858398,159.68379974365234,0.04219067005912813,0.0717840237075118,0.4492541688859322,-0.3018674089982134,0.4965104764858485,0,6.0,False,0.0,0.0
352.6246629695719,364.16354117987345,351.70195862674956,362.3280334472656,22932300,V,2025-05-30,0.013773623919954625,1,0.03295238128381661,0.00019173599335298164,0.05234894819748992,0.1681937053647551,0.05929709745244405,0.16291733573528733,0.03295238128381661,0.03159330244956819,0.04148956271403217,356.1383056640625,339.03865814208984,0.017380123633883304,0.06869238874646344,1.0,-0.09149685938233532,0.48918269554677196,0,7.0,False,0.0,0.0
506.42999267578125,509.75,500.19000244140625,503.9599914550781,21351300,BRK.B,2025-05-30,-0.020696072808610966,0,0.0009931275741592582,-0.020124061660567794,-0.0663949558139606,0.021112742087266545,0.016827400871747944,0.043352248183694764,0.0009931275741592582,0.023427995993523874,0.034633936471170836,508.86749267578125,517.0758285522461,-0.009643966830928719,-0.02536540362733808,0.6310479494251328,-0.168678005961014,0.4746067941832411,0,8.0,False,0.0,-0.0
197.51639769762102,203.0046291598645,196.00241099917397,200.05633544921875,223844900,AAPL,2025-05-30,0.015285001203579451,1,0.028575911543782695,-0.04927578016806733,-0.020631156167478792,0.06759405588437994,-0.15876777038322287,-0.15166861448245794,0.028575911543782695,0.06294441684404371,0.06565996796823838,200.6166114807129,203.46713002522787,-0.0027927698875923612,-0.016763368980464932,0.1902511056620301,-0.13686030748100042,0.4611334985231656,0,9.0,False,0.0,0.0
203.08999633789062,208.80999755859375,201.6999969482422,205.00999450683594,149771200,AMZN,2025-05-30,0.0417541244170776,1,0.02000093986667717,-0.0028211578451582398,0.07911358625806186,0.19888885676512236,0.028908378955261993,-0.01385350373403249,0.02000093986667717,0.035710663452317874,0.05903198136221292,201.1624984741211,191.58166631062826,0.019126308640523337,0.0700919271389735,0.510047964045273,-0.23692524658218928,0.4562122616397376,0,10.0,False,0.0,0.0
343.5,355.3999938964844,273.2099914550781,295.1400146484375,732357900,TSLA,2025-06-06,0.10222261100750396,1,-0.14812670459034738,-0.13025279120190103,-0.010460655183506584,0.16975156555141013,0.1806545311334422,-0.24171416236885157,-0.14812670459034738,0.1333075454477219,0.09551499964002048,332.7300033569336,287.22583389282227,-0.11297444873996443,0.027553861184256734,0.28307935360426056,0.30732988494246594,0.5399205446567639,1,1.0,True,0.5,0.05111130550375198
151.58100078655963,153.1019309647165,149.4419181827181,152.12069702148438,32549900,JNJ,2025-06-06,0.013352282017079942,1,-0.0011596083581573158,0.022355700724707495,0.013870238531572765,0.03050856217571729,-0.03962241430964608,0.055593408919353715,-0.0011596083581573158,0.017971845542106256,0.025469653385913116,150.11005783081055,151.76079177856445,0.013394433522502691,0.002371529818090634,0.5989253040658822,-0.17287793622881997,0.5341788384437,1,2.0,True,0.5,0.006676141008539971
642.3859148545713,700.6242759213419,642.256314296396,695.5401611328125,66194300,META,2025-06-06,-0.021269808954757607,0,0.07756118562149839,0.11266888880253245,0.17758971764974563,0.28356976011004087,0.14830494042800257,0.12043562342127756,0.07756118562149839,0.047577149269544844,0.07214970925199982,651.1186676025391,587.5129445393881,0.06822334505296279,0.18387206204982953,0.8366766979788403,0.10290148883695105,0.4988354969239651,0,3.0,False,0.0,-0.0
454.4997588416313,470.6061954238558,454.25120274050374,467.6632995605469,81950300,MSFT,2025-06-06,0.00973683065121489,1,0.021765639853070562,0.044870962683158044,0.07410836175949376,0.21313830730042205,0.212794785147141,0.0645184236387637,0.021765639853070562,0.019475101282150947,0.05062859692296535,456.1476821899414,412.71947224934894,0.025245370787196686,0.1331263267316911,1.0,-0.11844927242749081,0.4924954677098399,0,4.0,False,0.0,0.0
359.92699717591853,368.09249047225325,357.139021284952,367.318603515625,25159700,V,2025-06-06,-0.046918088421886606,0,0.013773623919954625,0.0471798789108413,0.05189427201897212,0.11228209796602284,0.11764555127467524,0.1943628965941946,0.013773623919954625,0.03158944460465904,0.039038665234764,360.66864013671875,342.2607142130534,0.01843787520973672,0.07321287037043156,1.0,-0.05170725823853273,0.48607827452101604,0,5.0,False,0.0,-0.0
501.70001220703125,503.2300109863281,485.6000061035156,493.5299987792969,25237900,BRK.B,2025-06-06,-0.012137033714649026,0,-0.020696072808610966,-0.01972349907503479,-0.03933894935034754,-0.05834650631919025,-0.04094437972456133,0.048947925141969995,-0.020696072808610966,0.012672526592929967,0.03316049161008422,503.8149948120117,515.3199971516927,-0.020414231689456774,-0.04228440288138413,0.5236772022595704,0.1058402116344157,0.47763760828244817,0,6.0,False,0.0,-0.0
167.2600172613062,173.897023068816,164.70887469424017,173.07984924316406,182708900,GOOGL,2025-06-06,0.006917682252455926,1,0.0112961896389705,0.030925321141658024,0.13702131268223683,0.10525648070042881,0.049489381828921264,-0.003610048367638341,0.0112961896389705,0.03674690696551916,0.05441112789544822,169.4324951171875,160.36394119262695,0.021526886701714876,0.0792940604725032,0.48259604595300704,-0.0968884701704732,0.4627995538556657,0,7.0,False,0.0,0.0
258.00235590026796,262.0241445637471,255.34403090689912,260.6606750488281,34837200,JPM,2025-06-06,-0.0029353745769540307,0,0.006553126127997855,0.01925519789984964,0.04998425883321622,0.12502125551013288,0.15026143838820394,0.08646357453481412,0.006553126127997855,0.03409013068300463,0.05993811432893917,259.4541244506836,242.54089991251627,0.004650342717422706,0.07470812198209709,0.858136578317592,-0.07195337016692327,0.46208337098490576,0,8.0,False,0.0,-0.0
204.97999572753906,213.8699951171875,202.67999267578125,213.57000732421875,183864700,AMZN,2025-06-06,-0.006882994663532149,0,0.0417541244170776,0.06259018601540633,0.10623645511753521,0.15524429580278043,0.07890886899109528,-0.05928728153746332,0.0417541244170776,0.037137738470673816,0.059889277241870514,206.29000091552734,192.88333384195963,0.03529015646120648,0.1072496678184176,0.6384224955033707,-0.06876955471902613,0.4495474547431356,0,9.0,False,0.0,-0.0
199.4885975362889,205.42505409163678,199.3292261245183,203.11419677734375,227142700,AAPL,2025-06-06,-0.036631981328333896,0,0.015285001203579451,0.04429769558970231,0.028496397675931817,0.030468882086166493,-0.04357387857886719,-0.1582444796220398,0.015285001203579451,0.05996585395056505,0.058742658618985984,202.0235252380371,202.69598897298178,0.005398735310759184,0.0020632268377926977,0.2361804565111616,-0.08112874511991974,0.4494359326300879,0,10.0,False,0.0,-0.0
174.14745263351276,180.70268325607967,172.00228964381978,174.27716064453125,170953800,GOOGL,2025-06-13,-0.04597236002363281,0,0.006917682252455926,0.018292015342012302,0.05229840409692765,0.15692951614586015,0.06641536521746927,-0.07763746752853984,0.006917682252455926,0.005208762824254328,0.054220750871620614,171.5978546142578,161.26842625935873,0.015613866713522606,0.08066510405608662,0.503244952179652,-0.11068696929168143,0.5299445012423312,1,1.0,True,0.5,-0.022986180011816404
696.2877682898165,706.6653705943312,678.8919543003105,680.7461547851562,49802900,META,2025-06-13,7.3520544734417825e-06,1,-0.021269808954757607,0.05464166506626689,0.06641770651845702,0.3617090659939033,0.1452744949005902,0.10264994581829012,-0.021269808954757607,0.04760682240353138,0.07226015112333228,661.7180786132812,594.7088216145834,0.028755563414182284,0.14467135855995705,0.7734018991967989,-0.024100664621251155,0.5139308469787226,1,2.0,True,0.5,3.6760272367208913e-06
466.98725027602023,477.6453141185156,464.26301435042564,472.21685791015625,84010100,MSFT,2025-06-13,0.005137265389144607,1,0.00973683065121489,0.031714398853549985,0.045545650822961026,0.29379511708126893,0.2161527855401577,0.06599163608366343,0.00973683065121489,0.014744358348382131,0.050582882180539177,461.2903137207031,419.71358998616535,0.02368691443208748,0.12509308532449848,1.0,-0.022202073729903016,0.5130748015116399,1,3.0,False,0.0,0.0
151.9440663702561,154.71115101983074,151.5515638501274,154.15185546875,31789600,JNJ,2025-06-13,-0.04653107509272958,0,0.013352282017079942,0.012177190241095204,0.04702857267225835,0.0062032542334256036,-0.031676205814009095,0.08931338132388311,0.013352282017079942,0.010155906952063863,0.025820703790118704,151.84103775024414,151.34056854248047,0.015218663891818363,0.018575897747340697,0.6799774709634208,-0.11335973670999056,0.5129900971067828,1,4.0,False,0.0,-0.0
260.9255242470256,264.4764428071077,257.69825064418626,259.8955383300781,36973500,JPM,2025-06-13,0.03793168759467913,1,-0.0029353745769540307,0.003598515671208169,-0.009754829857618774,0.14222268539233007,0.1032651439493446,0.1167740471432015,-0.0029353745769540307,0.01677631939464499,0.05950747900076341,258.81407165527344,244.56807581583658,0.004178546660496663,0.06267155867793361,0.8460651444327901,0.04046071978320387,0.5101075868946648,1,5.0,False,0.0,0.0
493.70001220703125,494.5299987792969,483.7799987792969,487.5400085449219,20071100,BRK.B,2025-06-13,-0.005517500911227047,0,-0.012137033714649026,-0.032581917589820986,-0.05205029873179168,-0.059184523894354024,-0.06585420162126576,0.06473032330971829,-0.012137033714649026,0.010345881800206166,0.032789881251844136,497.12249755859375,512.4558334350586,-0.019275910989207334,-0.04862043373205971,0.4620137143769107,-0.04498597533848325,0.46935106447316843,0,6.0,False,0.0,-0.0
214.75,218.39999389648438,209.6199951171875,212.10000610351562,165709600,AMZN,2025-06-13,-0.011362581766891422,0,-0.006882994663532149,0.03458373633800216,0.03166501231375918,0.22878167750145884,0.08098465341179462,-0.06752835732425544,-0.006882994663532149,0.028445389451562633,0.0598431508791749,207.9175033569336,194.20750045776367,0.020116164724245822,0.09213086829076,0.6163768838931427,-0.022252641889061286,0.4660094459788576,0,7.0,False,0.0,-0.0
285.9599914550781,335.5,281.8500061035156,325.30999755859375,648868600,TSLA,2025-06-13,-0.009683052842287765,0,0.10222261100750396,-0.06104599208600592,-0.07048977842536874,0.34776485950812797,0.3079891792727598,-0.2542695610898965,0.10222261100750396,0.1048654773655563,0.09814173506893166,326.5625,293.6091664632161,-0.003835414174641172,0.10796948704715992,0.44675648948966923,0.12404508818633198,0.46252621426772306,0,8.0,False,0.0,-0.0
366.891974141727,372.56717031581684,342.2962312759288,350.084716796875,33727600,V,2025-06-13,-0.04047028934821162,0,-0.046918088421886606,-0.03379069660689826,-0.03360543950632533,0.07228548076283148,0.05295817191187169,0.12483535486621533,-0.046918088421886606,0.037542112652114,0.04233907707238749,357.6251754760742,343.7279968261719,-0.021084809449338326,0.018493460030600373,0.7266125752793323,0.2423775560477206,0.4590509840718943,0,9.0,False,0.0,-0.0
203.58233063284266,205.18596915505242,194.92668495173118,195.67372131347656,283877000,AAPL,2025-06-13,0.023161148915759266,1,-0.036631981328333896,-0.021906900003447527,-0.07010320058278108,-0.0013827121576578394,-0.09878766139695128,-0.20636806844717726,-0.036631981328333896,0.048129075827759715,0.05898013532740453,198.33565521240234,200.90856806437174,-0.013421358333553512,-0.026055866115266446,0.12442384906753563,0.12662031763821568,0.45703849176326633,0,10.0,False,0.0,0.0
472.4653860858625,480.667759158903,471.3419021646973,474.64276123046875,86142900,MSFT,2025-06-20,0.038835295408103265,1,0.005137265389144607,0.014924116723463943,0.06046473889119963,0.22055996626745156,0.26260939592302934,0.09765336636600952,0.005137265389144607,0.008728661963727116,0.04837576330135871,468.05601501464844,427.9403127034505,0.01407255970338106,0.10913308968716295,1.0,0.016707719943866994,0.5228462262170701,1,1.0,True,0.5,0.019417647704051633
261.90644458682067,272.42192244365935,261.75931212188453,269.7538146972656,38861400,JPM,2025-06-20,0.04403632733975438,1,0.03793168759467913,0.03488496930629892,0.054811884193871396,0.12913156769784173,0.13936113463666144,0.17055077163541865,0.03793168759467913,0.017474327148481638,0.060020176952325956,262.31842041015625,247.31765747070312,0.028344918650712758,0.09071797564320794,1.0,0.11212895194350847,0.49416469412780534,0,2.0,True,0.5,0.02201816366987719
697.6914734952734,705.4931583928874,677.0797895921414,680.7511596679688,56393300,META,2025-06-20,0.07515214830383532,1,7.3520544734417825e-06,-0.021262613277078346,0.0890106405144877,0.24778426923453,0.18402566051516356,0.16784699894810884,7.3520544734417825e-06,0.043030052471437964,0.07095089367247434,675.6284332275391,603.5258941650391,0.007582165267909113,0.12795683871985086,0.7734233053626101,0.04411928073111837,0.49263303674439896,0,3.0,False,0.0,0.0
489.7300109863281,491.8500061035156,482.75,484.8500061035156,20407900,BRK.B,2025-06-20,0.0017118419342423419,1,-0.005517500911227047,-0.01758756853129584,-0.036964179214671544,-0.08684272630890322,-0.07877485065341627,0.06983670133271302,-0.005517500911227047,0.009276651881562558,0.03251008505200034,492.4700012207031,509.00083414713544,-0.015473013784188971,-0.04744752154303655,0.43432169377927,-0.06244070739948682,0.48748170085174,0,4.0,False,0.0,0.0
353.6962169826412,357.3969962788581,332.2952975478082,335.91668701171875,47135000,V,2025-06-20,0.029653999275754517,1,-0.04047028934821162,-0.08548958915599947,-0.042343098709675786,0.011821710895397297,-0.010843473534828951,0.06922339051656268,-0.04047028934821162,0.03958689325847479,0.04391673073807576,353.9120101928711,343.42112731933594,-0.05084688471393062,-0.02185200533873699,0.5018599562363238,0.46206494378641794,0.47938185518324994,0,5.0,False,0.0,0.0
212.30999755859375,217.9600067138672,208.27000427246094,209.69000244140625,185081700,AMZN,2025-06-20,0.06490533860408831,1,-0.011362581766891422,-0.01816736784075823,0.0432857192420848,0.10952958540969471,0.08805521540687966,-0.06771294616541512,-0.011362581766891422,0.024810343931647754,0.05961812539361739,210.09250259399414,195.6216672261556,-0.0019158234949760988,0.07191603780263467,0.5802340535567994,0.08167355125570697,0.47395783969687927,0,6.0,False,0.0,0.0
153.48460660529443,153.56310711488956,146.24307855829224,146.97900390625,44361800,JNJ,2025-06-20,0.017491250377890566,1,-0.04653107509272958,-0.03380008911284571,-0.012200013064813442,-0.022680106940477618,-0.07718454573132938,0.054083346027310464,-0.04653107509272958,0.03092941558903981,0.02874935802827286,151.38721466064453,150.31612141927084,-0.02911877838743615,-0.022200662720086806,0.39374910568858174,0.2113131401390933,0.46323430832523177,0,7.0,False,0.0,0.0
174.33701609632743,176.96110799729416,165.08788938336605,166.26522827148438,156729600,GOOGL,2025-06-20,0.07135136345556936,1,-0.04597236002363281,-0.03937269995021586,-0.009664992198732292,0.030141619020085386,0.08107144391416754,-0.12735022467030244,-0.04597236002363281,0.029711021964794984,0.05291056337764185,171.19219589233398,162.3074696858724,-0.028780328420743406,0.024384328048929316,0.365070672642719,-0.05744868816464532,0.46168142441972754,0,8.0,False,0.0,0.0
331.2900085449219,332.3599853515625,314.739990234375,322.1600036621094,376034300,TSLA,2025-06-20,0.004562953824165383,1,-0.009683052842287765,0.09154973122115395,-0.0506276680060862,0.13058427745580548,0.22238671441404745,-0.23488337640699686,-0.009683052842287765,0.10428423211471953,0.09808303763931711,322.2675018310547,298.4933344523112,-0.00033356813310225775,0.07928709447808213,0.4303699019827455,-0.3101472215182146,0.452241468595119,0,9.0,False,0.0,0.0
196.52035592822918,200.90298042554332,194.2991796996429,200.20574951171875,224085100,AAPL,2025-06-20,0.0003979975434207361,1,0.023161148915759266,-0.014319271187199556,0.029344113686385676,-0.038304631179367776,-0.07634874915136924,-0.20827980298538984,0.023161148915759266,0.029987028372282277,0.05961547488770593,199.76250076293945,199.52948888142905,0.0022188786538335226,0.0033892766131005114,0.19249531825441882,-0.06528945157394594,0.44457425165437237,0,10.0,False,0.0,0.0
475.4480376949825,496.41623250794254,469.78097686904323,493.0756530761719,120782800,MSFT,2025-06-27,0.005847521056218996,1,0.038835295408103265,0.04417206801622542,0.07728735745302817,0.1414501884896182,0.38075378061938947,0.1563577189874703,0.038835295408103265,0.015044384633092649,0.043077624185671785,476.89964294433594,439.27110544840497,0.03391910724018721,0.12248597041875442,1.0,0.29565355211685285,0.5220638272571616,1,1.0,True,0.5,0.002923760528109498
485.4200134277344,497.739990234375,481.7200012207031,485.67999267578125,23855500,BRK.B,2025-06-27,-0.00140008377128098,0,0.0017118419342423419,-0.00381510406641683,-0.036272718249949265,-0.1002593485384522,-0.015925792707897957,0.06389779476058433,0.0017118419342423419,0.009546525578407888,0.027337733251477665,487.9000015258789,508.34583282470703,-0.004550130852950862,-0.044587441630000835,0.4428659258963715,0.06530583081395602,0.5113867925440688,1,2.0,True,0.5,-0.00070004188564049
682.0881746874048,733.7068421056694,677.1597462532054,731.9110717773438,66964200,META,2025-06-27,-0.019928231614198322,0,0.07515214830383532,0.07516005288099659,0.1339085883831499,0.2297651919182908,0.4546280843564685,0.22513398016513264,0.07515214830383532,0.05097762407519298,0.05680317087879437,697.2371368408203,622.5884602864584,0.04973047633927097,0.17559370027607812,0.9922371322838395,0.1190789234554408,0.5038718126274316,1,3.0,False,0.0,-0.0
146.92996485325,150.45258378377332,146.92996485325,149.5498504638672,41263500,JNJ,2025-06-27,0.023620588274606336,1,0.017491250377890566,-0.029853711399638216,-0.018040055481659323,-0.015394601180473755,0.0031101750972901687,0.0682318460840905,0.017491250377890566,0.029324371496532938,0.022920258891600553,150.7003517150879,150.3547617594401,-0.00763436341141277,-0.005353414059880102,0.496337204877232,0.1006182784226699,0.4914275639843686,0,4.0,False,0.0,0.0
334.85507146661934,351.78129779334546,332.99973117444733,345.8779602050781,39993000,V,2025-06-27,0.029402502918500995,1,0.029653999275754517,-0.01201639600347848,-0.04540105021871488,0.004571200752763849,0.11515648428230318,0.09764797101690692,0.029653999275754517,0.03840610517586724,0.03497413253402269,349.7994918823242,346.3975474039714,-0.011210798666812627,-0.001499973665481269,0.6598792626014214,0.0955838189559588,0.4783903142789254,0,5.0,False,0.0,0.0
165.8960542954959,178.27813555923768,161.63565348702906,178.12847900390625,273611200,GOOGL,2025-06-27,0.005601247508529417,1,0.07135136345556936,0.02209881286297999,0.04079506002892219,0.08971611702121707,0.22765204459027477,-0.07163313938392402,0.07135136345556936,0.04797516192947218,0.051636825229660184,172.93767929077148,165.06010309855142,0.03001543523899808,0.0791734384023266,0.5696650259890906,0.39596927819837546,0.47558030616512087,0,6.0,False,0.0,0.0
269.81264124435313,283.88892888521605,266.9189068142398,281.6327819824219,51000100,JPM,2025-06-27,0.03593059056017833,1,0.04403632733975438,0.08363838714590233,0.08753787686396941,0.13702417327879357,0.3653699497655387,0.2040071195061357,0.04403632733975438,0.023082028211606046,0.040601670440165674,267.98570251464844,253.59801610310873,0.050924655083147474,0.11054804887714376,1.0,0.2618149564365426,0.4696538614805597,0,7.0,False,0.0,0.0
209.7899932861328,223.3000030517578,207.30999755859375,223.3000030517578,277144100,AMZN,2025-06-27,0.0004926135640315188,1,0.06490533860408831,0.052805264620199965,0.08921520430708574,0.1753869253266267,0.3058479710629112,-0.0020111595452164677,0.06490533860408831,0.03731996753113766,0.04756535378176621,214.6650047302246,199.9800008138021,0.04022545888364548,0.11661167188247279,0.7843432632942329,0.36557805302068824,0.4637304086505607,0,8.0,False,0.0,0.0
327.5400085449219,357.5400085449219,317.5,323.6300048828125,594806000,TSLA,2025-06-27,-0.02558476857637193,0,0.004562953824165383,-0.005164282341118764,-0.06589501568819889,0.12680622022660648,0.35166860787173304,-0.25026640842976855,0.004562953824165383,0.1030448087262533,0.09176398360452893,316.5600051879883,305.51000213623047,0.02233383743668349,0.05931066943759866,0.45009894109375176,0.011546100646461221,0.4489459793273512,0,9.0,False,0.0,-0.0
200.83325703321927,202.8651820841085,198.17380945321412,200.28543090820312,273391700,AAPL,2025-06-27,0.062015147754372224,1,0.0003979975434207361,0.023568364539551245,0.0011451547308909404,-0.019509627302676802,0.06881661626814695,-0.21137343910033202,0.0003979975434207361,0.026526132517466498,0.04320660356044011,199.81977462768555,200.6041170756022,0.002330381371839829,-0.0015886322376872375,0.22675670157142516,0.08435358972490237,0.44856765466601756,0,10.0,False,0.0,0.0
494.16931223084276,497.86782827206525,485.87748154577724,495.95892333984375,78618800,MSFT,2025-07-04,0.008980910289225985,1,0.005847521056218996,0.04490990667194583,0.06050426408462162,0.13909649773489052,0.2865383478164978,0.18284596332151581,0.005847521056218996,0.016091556605602547,0.040237034077158076,483.97354888916016,448.4761199951172,0.02476452376001337,0.10587587884332295,1.0,-0.1490426583784913,0.5564664436747278,1,1.0,True,0.5,0.0044904551446129926
485.8999938964844,491.0899963378906,478.6199951171875,485.0,21310800,BRK.B,2025-07-04,-0.018845391027706215,0,-0.00140008377128098,0.00030936144085003114,-0.017283648005987584,-0.055942676802838376,-0.07462171384757788,0.0693182877913403,-0.00140008377128098,0.005984648895568548,0.018890845936016275,485.7675018310547,505.08666737874347,-0.0015799777221853217,-0.039768753911061605,0.4358657942629834,-0.004694945315154464,0.5349527132539748,1,2.0,True,0.5,-0.009422695513853108
346.61220525704334,356.1865553080315,346.3244694633048,356.0476379394531,22567700,V,2025-07-04,-0.030457525000709307,0,0.029402502918500995,0.059928403994506274,-0.030684439797758367,0.019617485555599057,0.07815234489286005,0.14337681515349243,0.029402502918500995,0.042356992333417644,0.031202365526341033,346.98175048828125,348.5482915242513,0.026127850927070817,0.021515946563404942,0.8212045661393079,-0.3705987799750807,0.513865547170313,1,3.0,False,0.0,-0.0
149.3045442573842,154.78963243463514,148.67655520049212,153.08230590820312,28962500,JNJ,2025-07-04,0.005704615903549426,1,0.023620588274606336,0.041524992276081196,0.006321354723893613,0.020279271953329348,0.037022772343239474,0.09998594372534253,0.023620588274606336,0.03261680094439222,0.023573180050927883,150.94075393676758,150.8101946512858,0.014188030174625332,0.015066032254457795,0.6372977333962523,-0.20855268641197344,0.4871355211838274,0,4.0,False,0.0,0.0
284.8600066595423,292.1462676228288,281.12273972582574,291.75201416015625,36727800,JPM,2025-07-04,-0.030878450397641033,0,0.03593059056017833,0.08154916914735155,0.11927897871630977,0.17522530889504395,0.25921264190152216,0.23644999856439242,0.03593059056017833,0.021397030132768793,0.027490337937886442,275.75853729248047,258.60285059611004,0.057998120474190396,0.12818560772873733,1.0,-0.1018055450261306,0.4841529208974005,0,5.0,False,0.0,-0.0
180.3734186271616,180.82240351749414,173.139716841545,179.126220703125,150102000,GOOGL,2025-07-04,0.003676395425384449,1,0.005601247508529417,0.0773522676108842,0.03493400003755642,0.17674201526218036,0.14386751063872705,-0.06171153327853496,0.005601247508529417,0.048043868562787584,0.04800092589461018,174.44927215576172,166.93753814697266,0.02680979111903281,0.07301343179879272,0.5868721408316088,-0.2009439489079402,0.46961044743034086,0,6.0,False,0.0,0.0
742.8054817668852,746.1476691378697,711.1299169276585,717.3253784179688,46771700,META,2025-07-04,-0.0020862512900272634,0,-0.019928231614198322,0.053726267271933636,0.03132129315103116,0.21447335040789328,0.32377282484624614,0.19114722775825532,-0.019928231614198322,0.04549373381474054,0.056901507119730445,702.6834411621094,637.2089487711588,0.02083717417852382,0.1257302330755279,0.9298532998909852,-0.14934291083475304,0.4685567454125732,0,7.0,False,0.0,-0.0
223.52000427246094,224.00999450683594,217.92999267578125,223.41000366210938,158671200,AMZN,2025-07-04,0.007206483970997768,1,0.0004926135640315188,0.06542992541829418,0.0460738680546684,0.15720504758788456,0.2084708690585062,-0.0034791862741547774,0.0004926135640315188,0.03574722783170334,0.04426870517024384,217.12500381469727,203.19166819254556,0.028946458201451364,0.09950376238067404,0.7859929426948654,-0.19313567925822128,0.4671503543654283,0,8.0,False,0.0,0.0
201.211736268348,213.80180573654258,198.4726031076903,212.70616149902344,273599300,AAPL,2025-07-04,-0.011191750076453122,0,0.062015147754372224,0.06243782717425406,0.04722449180740673,0.07706661738192633,0.07913225136603219,-0.12037665535411657,0.062015147754372224,0.04133416799106164,0.044263766463422685,202.21776580810547,201.90392049153647,0.05186683597756159,0.05350188832979974,0.44516432658017885,0.03738943465828015,0.4559812587381278,0,9.0,False,0.0,-0.0
319.8999938964844,325.5799865722656,293.2099914550781,315.3500061035156,399306800,TSLA,2025-07-04,-0.005834775019115224,0,-0.02558476857637193,-0.021138556869822578,0.06847594515149602,0.05729898671739497,0.24985140959498509,-0.23167818870546253,-0.02558476857637193,0.05756135201829927,0.09268603235270842,321.6125030517578,310.7633361816406,-0.01947218123927963,0.014759366333981339,0.4058374429640892,-0.2089079842222128,0.4557418461868727,0,10.0,False,0.0,-0.0
494.50739577153047,503.8530929514779,491.2562567966873,500.4130859375,77439300,MSFT,2025-07-11,0.013371094291239949,1,0.008980910289225985,0.014880947407465372,0.059710337644719,0.10797553465656762,0.3710480603652804,0.20600347542998088,0.008980910289225985,0.01617645148560033,0.033039118316941014,491.0226058959961,459.76172637939453,0.019124333439533903,0.08841832024216822,1.0,-0.1466362961652834,0.5912461085115158,1,1.0,True,0.5,0.006685547145619974
484.4200134277344,486.0799865722656,471.3999938964844,475.8599853515625,21147900,BRK.B,2025-07-11,-0.0043289993317505715,0,-0.018845391027706215,-0.020219089672845914,-0.023957055808032535,-0.074760382628282,-0.08172369276047764,0.07500108754979196,-0.018845391027706215,0.009052954539624902,0.01919725858709037,482.84749603271484,501.55749766031903,-0.014471465086936863,-0.05123542650370316,0.1653829178012999,-0.02456697889004067,0.5359775128949192,1,2.0,True,0.5,-0.0021644996658752857
291.3699951171875,314.0899963378906,288.7699890136719,313.510009765625,493613100,TSLA,2025-07-11,0.05148155921058262,1,-0.005834775019115224,-0.03127026222692786,-0.03627305610502607,-0.10420595484274053,0.2988773091428072,-0.2057809760306274,-0.005834775019115224,0.01250893909697661,0.09087437376731321,318.6625061035156,316.77500406901044,-0.01616913266920983,-0.010306982121209729,0.39600157261688995,0.05939186811693897,0.5221749929487962,1,3.0,False,0.0,0.0
153.09211130943166,156.25168944402995,151.31607305131817,153.95558166503906,33461400,JNJ,2025-07-11,0.04333983208308956,1,0.005704615903549426,0.02945995056167816,-0.0012732496998761889,0.04569544385634172,0.004922106241958657,0.12284792636164443,0.005704615903549426,0.03194547052793385,0.02097502206887731,150.89168548583984,150.87303415934244,0.020305268440299562,0.020431401296278295,0.5985473133423648,-0.09593837724216003,0.4944982687288944,0,4.0,False,0.0,0.0
715.9186273791692,735.8020424329438,708.0371589748221,715.828857421875,49433300,META,2025-07-11,-0.01843872941489444,0,-0.0020862512900272634,-0.021972907605312453,0.05153566037811985,0.12137624726280571,0.4318856419527717,0.16698746498482375,-0.0020862512900272634,0.04220282016011059,0.04802193444135129,711.4541168212891,655.2013193766276,0.006149012982217039,0.0925326861413065,0.9234525952626589,-0.09942180472530604,0.48453289493011487,0,5.0,False,0.0,-0.0
223.0,226.67999267578125,218.42999267578125,225.02000427246094,201340100,AMZN,2025-07-11,0.004932897472562203,1,0.007206483970997768,0.007702647546782293,0.06091465250896633,0.09450852804451038,0.30363248639584506,0.02777017339570853,0.007206483970997768,0.033942825168858756,0.03604506178477148,220.3550033569336,207.55916849772134,0.021170387985113726,0.08412461806008475,0.8101381254662535,-0.02052534481842283,0.4719509573896037,0,6.0,False,0.0,0.0
291.012803517784,291.7914744795477,276.28721745930295,282.7431640625,51336000,JPM,2025-07-11,0.01537335206490531,1,-0.030878450397641033,0.003942659204166921,0.0879108040069716,0.07729841921361835,0.24263640002017195,0.2090607573738108,-0.030878450397641033,0.03525795531054829,0.02929545520948344,281.47044372558594,263.2035382588704,0.00452168376923745,0.07423770186710654,0.8946130384422399,0.15410231147565856,0.4660039620783064,0,7.0,False,0.0,0.0
178.65727862884938,181.02196104807066,172.38143114455036,179.78475952148438,181179000,GOOGL,2025-07-11,0.027026896277439594,1,0.003676395425384449,0.0092982353346307,0.03160252816022657,0.08555369404536228,0.19349141375925716,-0.05948793449607648,0.003676395425384449,0.04812862635949267,0.04546503565060368,175.826171875,169.36646270751953,0.02251421164591272,0.061513340052193666,0.5982293418833827,-0.04845685877163708,0.46184733116791815,0,8.0,False,0.0,0.0
356.1071929110492,356.8413839154133,341.6910724506413,345.20330810546875,33103400,V,2025-07-11,0.003218990167811464,1,-0.030457525000709307,-0.0019505495499319014,-0.013943506977594056,-0.04708036880367772,0.05733406067984226,0.13449125112730798,-0.030457525000709307,0.03774537493498308,0.03266198909376921,345.7613983154297,350.1081822713216,-0.0016140905626828017,-0.014009595931270602,0.6130827259558886,-0.07272804940647382,0.45390616493267416,0,9.0,False,0.0,0.0
211.8396001551979,215.37557557805084,206.40115605631001,210.3256072998047,226036700,AAPL,2025-07-11,9.460313079778793e-05,1,-0.011191750076453122,0.0501293396432978,0.0748791707336891,-0.0004732993745081293,0.07339292223630256,-0.10631459110967123,-0.011191750076453122,0.032272487373592576,0.04443276029020163,205.8807373046875,203.10233306884766,0.021589537968960792,0.03556470337791984,0.40330437437734756,-0.09323518863663172,0.4496725650513716,0,10.0,False,0.0,0.0
498.6234399223271,511.66767331118785,498.1362796464767,507.1041564941406,80853200,MSFT,2025-07-18,0.007175814773840994,1,0.013371094291239949,0.0224720891787642,0.06839121527845204,0.13299121114391488,0.3040355456807089,0.1934152261520765,0.013371094291239949,0.015037727842321921,0.030897955260228094,499.13795471191406,469.6143264770508,0.015959919911969767,0.07983110374491931,1.0,-0.09583971331928598,0.5633619028726206,1,1.0,True,0.5,0.003587907386920497
474.32000732421875,478.6400146484375,467.6499938964844,473.79998779296875,20629700,BRK.B,2025-07-18,0.0216758543601685,1,-0.0043289993317505715,-0.0230928086742912,-0.022790591258005866,-0.058912334973008185,-0.10765412048787204,0.012501283114294104,-0.0043289993317505715,0.009094039216941643,0.01650824447408699,480.0849914550781,496.7941614786784,-0.013091439586687126,-0.04628511256506895,0.1384935045069305,-0.05089603755985184,0.5546543622926029,1,2.0,True,0.5,0.01083792718008425
153.92615542940482,163.00254801406427,151.8950049026972,160.62799072265625,60281900,JNJ,2025-07-18,0.028100157729006314,1,0.04333983208308956,0.04929168508199733,0.0928635142003833,0.07953056504908074,0.06807725282697263,0.1319118462987574,0.04333983208308956,0.015734470785279512,0.02333189997554962,154.3039321899414,151.72621154785156,0.04098442886685616,0.05867001544421502,0.9245764550538719,0.4705655265955273,0.5063706617063019,1,3.0,False,0.0,0.0
282.95018101073435,288.30223294760714,278.9484690013939,287.0898742675781,52312300,JPM,2025-07-18,0.025234388262553198,1,0.01537335206490531,-0.01597980362191731,0.06426622581692909,0.1226006629378551,0.20169659200453416,0.13627067013481442,0.01537335206490531,0.03357177669198639,0.02758672065195411,285.80445861816406,267.2190450032552,0.004497535327576463,0.07436157577795721,0.9454615458898739,0.0933919682802773,0.4895961816745035,0,4.0,False,0.0,0.0
225.07000732421875,227.27000427246094,222.17999267578125,226.1300048828125,179835400,AMZN,2025-07-18,0.023482056533566054,1,0.004932897472562203,0.012174930290126618,0.07840146048927665,0.12508084333826974,0.19651832536187652,0.0008409420171424653,0.004932897472562203,0.03047514293229626,0.0282190635005246,224.46500396728516,210.65416844685873,0.007417641441202161,0.07346560739840191,0.8267848071140564,-0.11952301054063275,0.4750036491392889,0,5.0,False,0.0,0.0
344.66753080938963,349.2116241812169,342.30617794464644,346.31451416015625,25709500,V,2025-07-18,0.02289083730274344,1,0.003218990167811464,-0.027336577306410925,0.030953589239449686,-0.012700180354810908,0.0431412245180105,0.0957324304350069,0.003218990167811464,0.02845343456735416,0.03245376581965088,348.36085510253906,351.3017272949219,-0.005874198872833913,-0.014196380909276884,0.6325237874297296,-0.1527152527402994,0.4600414931973557,0,6.0,False,0.0,0.0
180.60289104600895,186.00072543502688,179.27588047712075,184.64378356933594,165096200,GOOGL,2025-07-18,0.04387770575783523,1,0.027026896277439594,0.030802653260660673,0.11053757594968894,0.09980423894173596,0.14401097647145344,-0.053584619674181266,0.027026896277439594,0.031458500184520025,0.04221330065001238,180.4208106994629,171.30341466267905,0.023406240408194945,0.07787567418271246,0.68202837010823,-0.142344482072717,0.45821355760082294,0,7.0,False,0.0,0.0
715.9186673172987,726.294324886829,690.0294703606638,702.6298828125,58119600,META,2025-07-18,0.011926974967094939,1,-0.01843872941489444,-0.020486512881893404,0.03213909052347774,0.12401045207101324,0.2878869208172299,0.15124590179672914,-0.01843872941489444,0.04504928766441543,0.04597996419604054,716.9237976074219,668.2898101806641,-0.019937843941887134,0.051385001100873406,0.8669998371042992,0.05056559572829711,0.4530552683600495,0,8.0,False,0.0,0.0
317.7300109863281,330.8999938964844,310.5,329.6499938964844,421062400,TSLA,2025-07-18,-0.041225531895984546,0,0.05148155921058262,0.04534640087584041,0.023249286532262214,-0.028555438633757868,0.15686955527124602,-0.22708090528374125,0.05148155921058262,0.03270167778067481,0.0775411016081927,320.5350036621094,320.50000254313153,0.028436801379681853,0.02854911476052635,0.5397547383494143,-0.11763415565780655,0.4525650156487101,0,9.0,False,0.0,-0.0
209.10044482334126,211.5606828488181,206.71988962428105,210.3455047607422,225669600,AAPL,2025-07-18,0.012785375739479576,1,9.460313079778793e-05,-0.011098205720251775,0.05064667360329689,0.08147696903773505,0.01040204027109315,-0.0795312055025662,9.460313079778793e-05,0.03323135191777078,0.04083770057582078,208.41567611694336,203.2827911376953,0.009259517708811726,0.03474329323952907,0.40365425373068253,-0.09614414698027118,0.45075345424640345,0,10.0,False,0.0,0.0
503.7834776665751,515.2965460849812,497.80817995491657,510.7430419921875,79564700,MSFT,2025-07-25,0.020244827506263663,1,0.007175814773840994,0.020642857561038452,0.03583099024620928,0.11588763025029225,0.1823494790599236,0.1612957752108175,0.007175814773840994,0.003279992634626249,0.013804870010295522,503.55480194091797,476.1784973144531,0.014274990574139945,0.07258736980495994,1.0,0.0056332865683337285,0.57263239908851,1,1.0,True,0.5,0.010122413753131831
473.0400085449219,486.1700134277344,472.0,484.07000732421875,21963700,BRK.B,2025-07-25,-0.02319914643835086,0,0.0216758543601685,0.017253020269377695,-0.003314909767422214,-0.03946738722935372,-0.10324190761212892,0.045078703712854384,0.0216758543601685,0.016768933536629536,0.017273169710855896,479.6824951171875,492.1499964396159,0.009146700685751297,-0.016417736815707795,0.21650498308082206,0.03295274308335716,0.5491956807776152,1,2.0,True,0.5,-0.01159957321917543
705.1439122135475,721.9245248031309,699.7665722015134,711.0101318359375,46289600,META,2025-07-25,0.052379865037826656,1,0.011926974967094939,-0.0067316727119560715,-0.028556665894739375,0.10152793966951679,0.1946471982036999,0.10250779759085771,0.011926974967094939,0.015058660627134478,0.040595339705722794,711.6985626220703,677.9437154134115,-0.0009673066973698852,0.04877457474823266,0.9028426343993952,-0.07704240278105934,0.512077524461925,1,3.0,False,0.0,0.0
225.83999633789062,236.0,225.64999389648438,231.44000244140625,177690600,AMZN,2025-07-25,-0.07211373256717657,0,0.023482056533566054,0.02853078858345315,0.03645319873892561,0.1289205826191513,0.21823353851069305,-0.014519921539224212,0.023482056533566054,0.01003095801654026,0.02811196916844378,226.50000381469727,214.10916900634766,0.021810148094966397,0.08094391060172113,0.9064188524327565,-0.009441878491891598,0.5109409809671974,1,4.0,False,0.0,-0.0
286.8237577094983,295.2905090775473,285.02987956960806,294.33441162109375,34618800,JPM,2025-07-25,-0.030975815858368505,0,0.025234388262553198,0.04099567746236121,0.04509996865160626,0.1365858010179688,0.18830392784978556,0.1399594449949697,0.025234388262553198,0.029418781812924517,0.026981539047554366,288.97986602783203,271.1058400472005,0.018529130305382724,0.0856808232897126,1.0,-0.20869008182524174,0.5089270921399972,1,5.0,False,0.0,-0.0
185.83110772544197,197.50479208340965,185.73132654425748,192.7455291748047,263812800,GOOGL,2025-07-25,-0.02096491457927796,0,0.04387770575783523,0.07209048023768383,0.08205902982295088,0.12620169289941563,0.17913716436641147,-0.03283245723659178,0.04387770575783523,0.019090119083472572,0.043202761170561925,184.0750732421875,173.7436091105143,0.04710282484152262,0.10936759148478203,0.8217515741873278,0.38814138570620504,0.4950401263147371,0,6.0,False,0.0,-0.0
160.6966798409886,166.79994431442555,159.7252528908425,165.14166259765625,41051400,JNJ,2025-07-25,-0.005763521272463379,0,0.028100157729006314,0.07265784592957947,0.10425829304026091,0.08433741216773227,0.0872586770186754,0.1653830937936034,0.028100157729006314,0.015492241740708658,0.02420061139931873,158.20188522338867,152.8306744893392,0.04386659087196265,0.08055312292151018,1.0,0.0027382002134868078,0.47928309285896514,0,7.0,False,0.0,-0.0
334.3999938964844,338.0,300.4100036621094,316.05999755859375,550886000,TSLA,2025-07-25,-0.04249190906638378,0,-0.041225531895984546,0.008133672653307222,-0.02339093165035755,-0.08774460153049457,0.10044917294608813,-0.2226375916257325,-0.041225531895984546,0.04052384810679132,0.07922588038547236,318.6425018310547,322.9041697184245,-0.008104707493886698,-0.021195675998234798,0.46394622905531135,0.181608374167763,0.46273854019760613,0,8.0,False,0.0,-0.0
211.2618775331451,214.92732845073886,210.7937335563828,213.03485107421875,231062200,AAPL,2025-07-25,-0.05376840460433485,0,0.012785375739479576,0.012881188406850708,0.06365625351880477,0.06487430450956344,0.04290471643449134,-0.03763377377688293,0.012785375739479576,0.03224943698429534,0.040418141533925395,211.60303115844727,204.01313908894858,0.006766537832340047,0.04422123018918289,0.45094404371989366,-0.03358435949014593,0.4474634461724559,0,9.0,False,0.0,-0.0
346.32445627290593,354.8471483537365,345.6696249802432,354.241943359375,24018700,V,2025-07-25,-0.04954642567928458,0,0.02289083730274344,0.026183512850765256,0.024181891061626715,-0.022317042407560495,0.0288636320930149,0.08490236271281115,0.02289083730274344,0.026892282157405065,0.03137959650296392,350.4518508911133,352.1298828125,0.0108148735942597,0.0059979588497451886,0.7712178106861768,-0.0884683294860592,0.44652886774367206,0,10.0,False,0.0,-0.0
484.3500061035156,486.8999938964844,470.6199951171875,472.8399963378906,23225100,BRK.B,2025-08-01,-0.015734714700593178,0,-0.02319914643835086,-0.002026153397660324,-0.025072172499194578,-0.041922481900960706,-0.07961224485916552,0.00889748179034977,-0.02319914643835086,0.020243831788679945,0.013085446901902298,476.64249420166016,488.7416636149089,-0.007977672805145941,-0.032535935568504204,0.0014912929787723977,0.06823324870294734,0.5782890789937613,1,1.0,True,0.5,-0.007867357350296589
511.110930710653,552.2420017670738,506.4977462813353,521.0829467773438,137752500,MSFT,2025-08-01,-0.003949552458628269,0,0.020244827506263663,0.02756591541241815,0.05065746830062445,0.11422672522516564,0.1968002424602482,0.26758778133835603,0.020244827506263663,0.0058154729448954496,0.013758535101723625,509.83580780029297,483.31901295979816,0.02206031589969526,0.07813459186362848,1.0,0.4669748944183283,0.5308274215916856,1,2.0,True,0.5,-0.0019747762293141347
164.70991567403397,165.61264030634692,161.1480291773554,164.1898651123047,41831200,JNJ,2025-08-01,0.035857300884441834,1,-0.005763521272463379,0.022174680599712282,0.07255939305462444,0.07933942144056672,0.09431011667247713,0.11807684930285589,-0.005763521272463379,0.022059812067644853,0.023800216204089876,160.97877502441406,154.0098622639974,0.019947288624873938,0.06609968153115497,0.9475959163510621,-0.0526598873664621,0.5009679089312844,1,3.0,False,0.0,0.0
233.35000610351562,236.52999877929688,212.8000030517578,214.75,319625700,AMZN,2025-08-01,0.03697323604845759,1,-0.07211373256717657,-0.0503250547785995,-0.03876282852224899,0.005525086085659492,0.11234850676315444,-0.09647422325134447,-0.07211373256717657,0.04279852957522084,0.03810614133250942,224.33500289916992,215.9166692097982,-0.04272629226513536,-0.005403330896442182,0.7238583426996644,0.4553383423726891,0.4902037640879107,0,4.0,False,0.0,0.0
713.5243091595448,782.9113054874113,689.5805015781577,748.2527465820312,106919800,META,2025-08-01,0.025719586148492235,1,0.052379865037826656,0.06493157334400745,0.043114838948360434,0.07578654460925272,0.2668351733178054,0.09007077019572751,0.052379865037826656,0.03028216955672214,0.04116023506439532,719.4304046630859,691.0775044759115,0.04006272424980839,0.0827334730704039,1.0,0.6401113197728352,0.4854688235188745,0,5.0,False,0.0,0.0
293.3882007039174,296.9661066035344,280.1607803787386,285.2171630859375,48294600,JPM,2025-08-01,-0.0021080685247457653,0,-0.030975815858368505,-0.006523083359934789,-0.02239864939075098,0.09420864130160544,0.14890184924596683,0.09448196293889954,-0.030975815858368505,0.029850965678069094,0.029931525326136636,287.34615325927734,274.18627166748047,-0.007409147988206466,0.04023137756450024,0.8964724701026027,0.03546655074433813,0.46683198661723185,0,6.0,False,0.0,-0.0
193.21445136708732,197.155598285003,187.39758435603645,188.7046356201172,198135500,GOOGL,2025-08-01,0.06498176146465262,1,-0.02096491457927796,0.021992898825409668,0.0534729917227863,0.09027501725519471,0.23966593130414982,-0.07079188150986637,-0.02096491457927796,0.028225748444266653,0.03649175492191021,186.46967697143555,176.78381474812826,0.011985641231222921,0.06743163048593015,0.9151939570282402,-0.019402430144632055,0.46255750809459606,0,7.0,False,0.0,0.0
213.18425263148458,214.00101967144602,200.7037794341265,201.58030700683594,319915100,AAPL,2025-08-01,0.13326417762117826,1,-0.05376840460433485,-0.04167047812063418,-0.05230621630224186,-0.007551858978076642,0.020729337921223445,-0.14038891857118674,-0.05376840460433485,0.028877241372794196,0.04253107263493233,208.8215675354004,204.35428619384766,-0.03467678465413726,-0.013574362635977999,0.24952595908933703,0.2762354944271552,0.46179012931272223,0,8.0,False,0.0,0.0
353.5870761194498,355.5118748778622,335.4503174860552,336.6905212402344,40753400,V,2025-08-01,-0.007573231333289576,0,-0.04954642567928458,-0.027789747545698185,-0.054366648270000595,-0.08338287792191224,-0.03581569965154452,-0.0038456860678843796,-0.04954642567928458,0.03261245839529378,0.03451786261374853,345.6125717163086,351.08765411376953,-0.025815179209967454,-0.04100723196854361,0.46414760086131823,0.31904033661042996,0.4508906891655471,0,9.0,False,0.0,-0.0
318.45001220703125,330.489990234375,297.82000732421875,302.6300048828125,458356900,TSLA,2025-08-01,0.08928390634674455,1,-0.04249190906638378,-0.08196568940983084,-0.0403361375440332,0.025377752465374437,0.014651629363995111,-0.2520266922453146,-0.04249190906638378,0.04407251081171849,0.08010284190519089,315.4625015258789,323.2683359781901,-0.040678358223231514,-0.06384272382547862,0.5172273585749173,-0.04703463514876727,0.4435943018335645,0,10.0,False,0.0,0.0
468.04998779296875,472.70001220703125,455.19000244140625,465.3999938964844,31298400,BRK.B,2025-08-08,0.025354573410612202,1,-0.015734714700593178,-0.03856882918843929,-0.02198123771081606,-0.04541168778028093,-0.09509829459719421,-0.015526497629810398,-0.015734714700593178,0.01964573602108664,0.01306201066076382,474.0274963378906,484.6658299763997,-0.01820042615261397,-0.03975076204743688,0.0,0.2891021027236249,0.58101095773103,1,1.0,True,0.5,0.012677286705306101
525.218957545317,535.141297909759,514.5608717763297,519.02490234375,97486400,MSFT,2025-08-08,-0.003582086112122407,0,-0.003949552458628269,0.016215317039383503,0.037192905080372984,0.09912404364542926,0.1491843635484249,0.27894336109562223,-0.003949552458628269,0.010269596763370817,0.012845629158631088,514.4887619018555,488.93389383951825,0.008816792081378644,0.06154412464215153,0.9874491736010922,-0.014434732323569288,0.5718659157518213,1,2.0,True,0.5,-0.0017910430560612034
286.0944227268155,291.5450573497094,280.6240107941869,284.61590576171875,34853200,JPM,2025-08-08,0.005991125735474334,1,-0.0021080685247457653,-0.033018585240675025,0.006623472950896048,0.09511655179029943,0.08443387615332298,0.058514628231440824,-0.0021080685247457653,0.02465026925901325,0.026493889735124312,287.81433868408203,276.03295135498047,-0.011112833839296732,0.031093948619563605,0.8896451158444554,-0.18030514073174275,0.4963337383652376,0,3.0,False,0.0,0.0
203.70185234439666,230.08721487155407,200.88303355505576,228.44374084472656,431826300,AAPL,2025-08-08,0.010912687611601024,1,0.13326417762117826,0.07233037079524385,0.0861432603358454,0.16747276696777913,0.08562918941010245,0.009986809911887162,0.13326417762117826,0.07891036532910556,0.05447041406941872,213.35110092163086,205.85583114624023,0.0707408579468245,0.10972683927733806,0.7218958202027959,0.4293285113811378,0.4804740752253196,0,4.0,False,0.0,0.0
163.89548837392292,170.69545264445026,163.51280777223997,170.0772705078125,46573400,JNJ,2025-08-08,0.019096490781060238,1,0.035857300884441834,0.029887115295557765,0.10471649464356148,0.1033099146983083,0.15519700520172086,0.15083126207431374,0.035857300884441834,0.021676773516029292,0.023481998537037693,165.00919723510742,155.91397349039713,0.03071388357513194,0.09084045964801035,1.0,-0.01815293623466896,0.46890779918586784,0,5.0,False,0.0,0.0
189.86201672672937,202.15432130991044,189.69240089649873,200.9669952392578,150196200,GOOGL,2025-08-08,0.012312524291843596,1,0.06498176146465262,0.042654509807057206,0.11781997414103484,0.15314591135189048,0.21345360220649146,0.08932822388666328,0.06498176146465262,0.0365883783726596,0.0329511201685669,191.7652359008789,179.72975413004556,0.04798450196225956,0.11816207734778184,1.0,-0.22702864119184696,0.46726228855059454,0,6.0,False,0.0,0.0
758.2193240496142,781.2950989411861,756.6330226185955,767.4974975585938,53516400,META,2025-08-08,0.020707168747607696,1,0.025719586148492235,0.07944663963760568,0.0721801581495447,0.12743567064409822,0.20231736213537777,0.078453837652662,0.025719586148492235,0.029474210570431873,0.0366763595695223,732.3475646972656,701.8399200439453,0.04799624461898522,0.09355064543854574,1.0,-0.19173374353490757,0.4649782140750823,0,7.0,False,0.0,0.0
217.39999389648438,226.22000122070312,211.4199981689453,222.69000244140625,257792200,AMZN,2025-08-08,0.03745114844158759,1,0.03697323604845759,-0.037806774575260604,-0.010354643084236392,0.04992925993939945,0.08317528288395648,-0.02819110463514285,0.03697323604845759,0.04875736810870561,0.03515889967933548,223.75250244140625,217.34166971842447,-0.004748550243715122,0.024607948995288176,0.8552283314600672,0.10292050678120912,0.46006993930948503,0,8.0,False,0.0,0.0
339.0221117082902,341.68110130105504,326.1240097312719,334.14068603515625,35446000,V,2025-08-08,0.02463366469019168,1,-0.007573231333289576,-0.05674443046916733,-0.03204668614280071,-0.0455433499285538,-0.07761828514393976,-0.029058830717508588,-0.007573231333289576,0.030584048557405787,0.03215384603317535,342.84691619873047,348.74449666341144,-0.025393928754277262,-0.04187538661678136,0.4195370601240935,0.12591679663552702,0.45463226058349554,0,9.0,False,0.0,0.0
309.0799865722656,335.1499938964844,303.0,329.6499938964844,373027800,TSLA,2025-08-08,0.0027605147245812756,1,0.08928390634674455,0.0429981536507833,0.05148155921058262,0.013341109619936953,-0.058089080666489656,-0.08840772538128827,0.08928390634674455,0.06661695082072548,0.06645898322053177,319.49749755859375,321.5741678873698,0.031776450255385,0.025113416485440743,0.775019314341531,-0.17258148258910122,0.44341227376080095,0,10.0,False,0.0,0.0
519.2833770884752,529.6234217995657,516.0820397908819,517.1657104492188,103963000,MSFT,2025-08-15,-0.023273379507704473,0,-0.003582086112122407,-0.007517490933739657,0.019841197959485468,0.08958937687896706,0.15547111405057845,0.2784806478616353,-0.003582086112122407,0.01141464770703689,0.01212529664992193,517.004150390625,494.7327067057292,0.0003124927691038337,0.045343684457136435,0.9761110341860109,-0.006959962900575212,0.56401080995629,1,1.0,True,0.5,-0.011636689753852236
466.4599914550781,482.4800109863281,463.5,477.20001220703125,21525700,BRK.B,2025-08-15,0.02472755132254556,1,0.025354573410612202,0.009220911731047776,0.007176075351754019,-0.015778062906430246,-0.05215901897616815,-0.004983390289849843,0.025354573410612202,0.025047222729932355,0.015544414770989837,474.87750244140625,482.4774983723958,0.004890755518390799,-0.010938305274686977,0.15860240965832206,-0.1215156372273446,0.5471898327011946,1,2.0,True,0.5,0.01236377566127278
285.246742053437,291.2591849519308,283.0389031406188,286.3210754394531,36164300,JPM,2025-08-15,0.019794250135549696,1,0.005991125735474334,0.0038704275071377303,-0.002677902974064672,0.061416224125617314,0.1195944472838868,0.061814796895645285,0.005991125735474334,0.023350586533947164,0.024439061796510505,287.6221389770508,278.58167266845703,-0.004523516660521976,0.027781449859434426,0.9090075368765322,-0.06024586356605466,0.5224157809534101,1,3.0,False,0.0,0.0
768.2757194135389,794.3843975355859,762.8783609453131,783.3901977539062,52478500,META,2025-08-15,-0.038765756153163244,0,0.020707168747607696,0.046959334706595524,0.11494005153629017,0.15077321078086592,0.2532042713593843,0.06768755436153362,0.020707168747607696,0.01742320944901133,0.0347980875800778,752.5376434326172,715.0299580891927,0.0409980212824419,0.09560472102091455,1.0,-0.19016003978329066,0.5060258774516636,1,4.0,False,0.0,-0.0
170.1459587804455,173.94333166305356,168.58579954394824,173.3251495361328,38771500,JNJ,2025-08-15,0.015002240066653627,1,0.019096490781060238,0.05563854028127535,0.07904698774075891,0.17925108300970383,0.16486420439029015,0.15005047084182532,0.019096490781060238,0.018072137476415895,0.02355280909359953,168.18348693847656,157.95821126302084,0.030571744534807488,0.09728483343942163,1.0,-0.07811743026556295,0.4934644646254478,0,5.0,False,0.0,0.0
221.77999877929688,234.0800018310547,219.0500030517578,231.02999877929688,206535300,AMZN,2025-08-15,-0.009479299021675325,0,0.03745114844158759,0.07580907464166176,0.021668924029005776,0.10176925980938778,0.1494601346590565,0.01027639574419359,0.03745114844158759,0.05277338393207001,0.03481604436281778,224.97750091552734,219.8450024922689,0.026902680664241396,0.05087673661092795,0.9932163526547363,-0.14090726732704983,0.4815219556451582,0,6.0,False,0.0,-0.0
200.48808049350347,205.97570210941166,197.06579421729333,203.44140625,144735000,GOOGL,2025-08-15,0.010740631180276905,1,0.012312524291843596,0.07809437527305652,0.10180479579267998,0.22359562708934488,0.21176958489912345,0.10339549314471053,0.012312524291843596,0.037543946322529394,0.032965357137116555,196.46464157104492,182.69254938761392,0.03551155374913684,0.11357253994175642,1.0,-0.23509620752048377,0.4636583486640251,0,7.0,False,0.0,0.0
334.091121044159,346.2380854537843,331.88851755665985,342.3717956542969,28262600,V,2025-08-15,0.016169765873278008,1,0.02463366469019168,0.01687387691561648,-0.011384791409683848,0.019216397672893626,-0.023940382860289877,-0.023065358205075603,0.02463366469019168,0.034737075529118935,0.032208536818928976,341.8612365722656,348.0447006225586,0.0014934687744958541,-0.016299357404708115,0.5635441121272777,-0.12009819373649111,0.4635227493345427,0,8.0,False,0.0,0.0
335.0,348.9800109863281,327.0199890136719,330.55999755859375,403001700,TSLA,2025-08-15,0.028587888059129707,1,0.0027605147245812756,0.09229089060946416,0.0027605147245812756,0.026073981254651768,-0.02587375161799188,-0.07104316276827982,0.0027605147245812756,0.06182504492748816,0.06589861082003907,319.7249984741211,320.8425013224284,0.03388849522615489,0.03028743447676785,0.8243327886823006,-0.09705275228586963,0.4522533712828061,0,9.0,False,0.0,0.0
227.27701087414155,234.4567012802976,224.12592192869855,230.93667602539062,295265800,AAPL,2025-08-15,-0.016537926902384203,0,0.010912687611601024,0.14563113557297624,0.0978921384037652,0.15349672318912644,0.18734506217126157,-0.05087134567213181,0.010912687611601024,0.07803993206124242,0.04765767396843786,218.49889373779297,208.8923568725586,0.056923776934648895,0.10552956308631667,0.7657318931397621,-0.07590057316136356,0.4369260446862867,0,10.0,False,0.0,-0.0
518.5775833311014,519.8004600468895,500.32946944945456,505.1295166015625,115732100,MSFT,2025-08-22,-0.0010646393529660791,0,-0.023273379507704473,-0.026772098370310138,-0.010990899393810816,0.024446276043421866,0.10362302157141334,0.24689888960872652,-0.023273379507704473,0.017814358757061444,0.015344546511405033,515.6007690429688,498.68507130940753,-0.02030883790348581,0.012922875904894493,0.9027092275876238,0.01757265889117976,0.5654015785481008,1,1.0,True,0.5,-0.0005323196764830396
231.04634466466607,232.46233685580373,223.14868274098328,227.11746215820312,192241700,AAPL,2025-08-22,0.01923077698283504,1,-0.016537926902384203,-0.005805712520812301,0.06610472893507069,0.1339689618377582,0.13526753175909012,-0.0701791747176983,-0.016537926902384203,0.08099127156601126,0.048299600684441765,222.01954650878906,211.14745076497397,0.022961562301958116,0.07563440304569546,0.7470537043142326,-0.3794896247234918,0.5504983100544946,1,2.0,True,0.5,0.00961538849141752
477.9700012207031,493.1400146484375,474.6600036621094,489.0,20704800,BRK.B,2025-08-22,0.028588979522143454,1,0.02472755132254556,0.05070908124842988,0.010184462167017294,0.006835791826481641,-0.029684879174404877,0.021431277885522126,0.02472755132254556,0.02587802725691453,0.01765226255951505,476.11000061035156,481.23083241780597,0.027073574117586263,0.016144367855983166,0.31720440913410874,-0.14402298612977238,0.5295012596059043,1,3.0,False,0.0,0.0
285.8381195988006,292.89539654295805,283.1472843493455,291.98858642578125,33969400,JPM,2025-08-22,0.017485792571438452,1,0.019794250135549696,0.025903965712425592,-0.007969931828196719,0.0367705931478024,0.12752728966695925,0.13344179032939985,0.019794250135549696,0.021434660329928787,0.024603364938995925,287.03568267822266,281.33375040690106,0.017255358990021286,0.0378725837318481,0.9733628531562653,-0.11354207781108616,0.5051627522853115,1,4.0,False,0.0,0.0
173.18776755907857,177.76033256843067,172.6775261392796,175.9254150390625,45971800,JNJ,2025-08-22,-0.004571164204912548,0,0.015002240066653627,0.034385220986841825,0.06530001134649654,0.17636637210525286,0.15514465748571582,0.11415300072776136,0.015002240066653627,0.017112741564545078,0.023335095873915763,170.87942504882812,159.9272206624349,0.029529535160786713,0.10003421750444641,1.0,0.06202385359568319,0.5031347440580006,1,5.0,False,0.0,-0.0
203.74075053383524,208.07098221204853,196.15783565803162,205.62649536132812,134323900,GOOGL,2025-08-22,0.03309231609703156,1,0.010740631180276905,0.02318539975443734,0.06682887142270078,0.1543718135987613,0.20146448103021863,0.14982258981750451,0.010740631180276905,0.03561142173935587,0.0329937880271228,199.68488311767578,185.56587855021158,0.029754942642057136,0.10810509436242288,1.0,-0.14360272531976093,0.48578559955520473,0,6.0,False,0.0,0.0
230.22999572753906,231.91000366210938,220.5,228.83999633789062,161200000,AMZN,2025-08-22,0.0006991944794174643,1,-0.009479299021675325,0.02761683878512944,-0.011234039388561934,0.024809642679891608,0.11623824432744967,0.056607232446139966,-0.009479299021675325,0.05179127617303449,0.03525568891104469,224.32749938964844,221.8308359781901,0.020115665535967775,0.03159687123204846,0.9569820317920038,-0.3177825563093899,0.4675902117877134,0,7.0,False,0.0,0.0
341.74561904560153,349.060805354294,337.65073800912535,347.9078674316406,25338000,V,2025-08-22,0.004970945799849025,1,0.016169765873278008,0.04120175115411073,-0.017880649218628863,0.005868853931481954,-0.039798648419302474,0.007770539469192039,0.016169765873278008,0.03323615543100219,0.03091313561740713,340.27771759033203,346.84302012125653,0.02242330145900029,0.00307011313075245,0.6604002364193678,-0.21916795069337447,0.4632312278187091,0,8.0,False,0.0,0.0
773.2739649293972,773.9922487170201,729.2872227778392,753.021484375,60187600,META,2025-08-22,-0.02131711568239414,0,-0.038765756153163244,-0.018861316459847566,0.05908685496588184,0.028842865495110726,0.16661376128163607,0.10605343408524326,-0.038765756153163244,0.038451232012398924,0.03828515717030512,763.0404815673828,723.9920603434244,-0.013130361277559621,0.040096329257817365,0.892867900892457,-0.1184607379725473,0.46190805588132555,0,9.0,False,0.0,-0.0
329.6199951171875,340.54998779296875,314.6000061035156,340.010009765625,360155100,TSLA,2025-08-22,-0.018058334966873257,0,0.028587888059129707,0.03142732006964288,0.07577679045761299,0.05061336908097802,-0.018616815356844563,0.006542398024036444,0.028587888059129707,0.055001774284480213,0.06615628771848342,325.7125015258789,320.3050028483073,0.043896099083596596,0.061519510285793944,0.909814567441352,-0.09653000564739145,0.4530029396651741,0,10.0,False,0.0,-0.0
504.5319946732823,508.9735181763212,496.4456179190968,504.59173583984375,108729400,MSFT,2025-08-29,-0.023071267755793934,0,-0.0010646393529660791,-0.02431324110497013,-0.03164795746913329,0.01740630542921906,0.07896372521426787,0.280774503771843,-0.0010646393529660791,0.010284214278861304,0.014941005903749858,511.47796630859375,501.76244099934894,-0.013463396123295168,0.005638713879938528,0.8994296127888227,0.021146911243642652,0.5780351385285314,1,1.0,True,0.5,-0.011535633877896967
176.1511056012645,176.8772090706108,172.61063267008686,175.12123107910156,34692200,JNJ,2025-08-29,0.007111772545264294,1,-0.004571164204912548,0.010362498158954958,0.0665775927114618,0.14396781548426785,0.15119924183866162,0.090779547861499,-0.004571164204912548,0.016609129123120868,0.023534479970876595,173.61226654052734,161.84393183390299,0.00869157789735997,0.0820376710745312,0.9722181808214094,-0.1640881904524396,0.5684382190958938,1,2.0,True,0.5,0.003555886272632147
227.35000610351562,232.7100067138672,226.02000427246094,229.0,129872400,AMZN,2025-08-29,0.014541492712029314,1,0.0006991944794174643,-0.008786732415802523,0.06635622817229336,0.025021244556018507,0.07224793813092445,0.07876390294352009,0.0006991944794174643,0.02437664055255439,0.033834157314133965,227.88999938964844,223.11666870117188,0.004870773677319917,0.02636885595808125,0.9596293457504123,-0.31229855868395007,0.5486143121766456,1,3.0,False,0.0,0.0
489.010009765625,506.7200012207031,481.8299865722656,502.9800109863281,25732500,BRK.B,2025-08-29,-0.006382007043105986,0,0.028588979522143454,0.05402346630308208,0.06374252364831579,0.03707218760067654,0.019147796953386864,-0.02111594446149001,0.028588979522143454,0.021047326841544124,0.01870197758436655,483.64500427246094,482.0183334350586,0.03997768310034022,0.043487303484678774,0.5051077980211974,0.036958979019034555,0.5254471860498833,1,4.0,False,0.0,-0.0
291.9885819039242,298.60227955806266,289.2878798394283,297.09423828125,31834400,JPM,2025-08-29,-0.023356004365197358,0,0.017485792571438452,0.03762616085896564,0.04164221769407983,0.018310838869345814,0.1397739157454303,0.1514743916225818,0.017485792571438452,0.010235601627886367,0.024653203718542124,290.0049514770508,284.36988067626953,0.02444539918402122,0.04474579929041789,1.0,-0.06931450000840511,0.520230216926983,1,5.0,False,0.0,-0.0
347.4804481116551,351.27719882331735,345.3336330532158,349.6372985839844,28086100,V,2025-08-29,-0.02433342658123938,0,0.004970945799849025,0.021221090702879364,0.03845304969103136,-0.01800416200643029,-0.04813615417899331,-0.02681399199920831,0.004970945799849025,0.013970337970579656,0.03058327960095302,343.51441192626953,345.3695780436198,0.01782424971162211,0.012356967178578593,0.6906574305785067,-0.04087927623968368,0.4970346293317986,0,6.0,False,0.0,-0.0
225.84107546750252,232.7515235304584,224.05612439304167,231.485107421875,194310800,AAPL,2025-08-29,0.03252348224936008,1,0.01923077698283504,0.0023748128964327098,0.14835179516828956,0.08828585777914943,0.13967960435395743,-0.037759603418080934,0.01923077698283504,0.06615405071624404,0.048340019523174946,229.49574661254883,213.5116933186849,0.008668399474456301,0.08417999887417493,0.8744963774277831,-0.3020724924271172,0.4876275671632982,0,7.0,False,0.0,0.0
753.0514312038815,757.1019160115399,733.6270507950396,736.96923828125,39316900,META,2025-08-29,0.018613766660725783,1,-0.02131711568239414,-0.059256497727124824,-0.015079808730838029,0.027384866692720333,0.05956388928133616,0.10734233434051355,-0.02131711568239414,0.0316273343690161,0.03361932603585201,760.2196044921875,727.4444834391276,-0.030583749844846908,0.013093445697865969,0.836240186772412,-0.23470530814201895,0.4588439285368569,0,8.0,False,0.0,0.0
338.8999938964844,355.3900146484375,331.70001220703125,333.8699951171875,377889500,TSLA,2025-08-29,0.05082817105127013,1,-0.018058334966873257,0.010013303433689114,0.10322833073499127,0.058728361043990596,0.131225786225172,0.13956578127361552,-0.018058334966873257,0.04651971673605426,0.04766256719682641,333.52249908447266,323.5325012207031,0.0010418968245582416,0.03195194874542917,0.8542739647144529,-0.001661807701485718,0.4541639734198094,0,9.0,False,0.0,0.0
205.96570803332725,214.167229203444,204.8183006045268,212.43115234375,153483600,GOOGL,2025-08-29,0.10375280996370617,1,0.03309231609703156,0.044188379639407804,0.12573361881473244,0.18592996329567502,0.22735924067798519,0.2533077616402277,0.03309231609703156,0.02527672496386371,0.033315459171509056,205.61651229858398,188.84515380859375,0.03314247464362308,0.1248959693138969,1.0,0.05353291277891792,0.4494028930875588,0,10.0,False,0.0,0.0
175.41777231103694,177.4341662848054,174.48863278118253,176.3666534423828,33749300,JNJ,2025-09-05,-0.0020735631726459536,0,0.007111772545264294,0.002508099260259522,0.03697956179442219,0.14556842652255053,0.1441098318672931,0.08753116862062638,0.007111772545264294,0.01041802482971926,0.023572204375687758,175.18461227416992,163.6951649983724,0.006747402941777558,0.07740905752553173,1.0,-0.118729795645521,0.5830197380487983,1,1.0,True,0.5,-0.0010367815863229768
498.3974910813857,509.8498918622262,490.3310509759443,492.9501647949219,81977400,MSFT,2025-09-05,0.030100988727103317,1,-0.023071267755793934,-0.024111344529184398,-0.05023793161191881,-0.014913521153422038,0.043906325107754496,0.2629325759538692,-0.023071267755793934,0.012081230128444444,0.0171276017543735,504.9592819213867,503.4902165730794,-0.02378234752071451,-0.020933975340964084,0.828434383137621,-0.20100369905694881,0.5666025276034371,1,2.0,True,0.5,0.015050494363551659
504.239990234375,507.6600036621094,496.5899963378906,499.7699890136719,15383600,BRK.B,2025-09-05,-0.012065547975774749,0,-0.006382007043105986,0.022024517410371924,0.07385044170162192,0.050245879876713806,0.025085080720351094,0.008373338318408807,-0.006382007043105986,0.016390419532158418,0.01838483378674659,492.2375030517578,483.0374984741211,0.01530254382328522,0.034640148212938815,0.46196233785997104,-0.2617047366059323,0.5638890696478563,1,3.0,False,0.0,-0.0
295.95091721841663,300.770730899917,290.08630131868694,290.1553039550781,29982300,JPM,2025-09-05,0.04256395979347083,1,-0.023356004365197358,-0.006278610041386412,0.01946271477180539,0.026215098487543553,0.1164304928796771,0.228414411109906,-0.023356004365197358,0.01983102256322442,0.02636591536326922,291.3898010253906,286.8915278116862,-0.004236582975685299,0.011376342021275132,0.9236016925732109,-0.09110392996156136,0.5559213934267148,1,4.0,False,0.0,0.0
223.52000427246094,236.0,221.8300018310547,232.3300018310547,164180600,AMZN,2025-09-05,-0.017991683818820436,0,0.014541492712029314,0.015250854522873558,0.043288873698696495,0.03248598977779138,0.09537951506548192,0.1660225938823321,0.014541492712029314,0.02031057756156638,0.03363658350536678,230.29999923706055,224.8025016784668,0.008814600958398477,0.03348494832746307,1.0,-0.00765486485632938,0.5390265402371539,1,5.0,False,0.0,-0.0
207.9712205067108,235.22976659054154,205.73625278986853,234.4714813232422,249132200,GOOGL,2025-09-05,0.025597275288304244,1,0.10375280996370617,0.14027854684401198,0.1667163607839992,0.3041788522414923,0.34539420114542585,0.35485720558419387,0.10375280996370617,0.04372200537993218,0.041244979878104014,213.99263381958008,193.86134719848633,0.09569884317106014,0.20948030492729885,1.0,0.4618832120364742,0.5249199945405595,1,6.0,False,0.0,0.0
347.18230266311,350.4821064829821,338.1278309918862,341.1294250488281,18889000,V,2025-09-05,-0.011042545671104742,0,-0.02433342658123938,-0.019483440926050255,0.020915558343399532,-0.01180140213313352,-0.025580356177738794,-0.0026788532705742663,-0.02433342658123938,0.021371134222790838,0.02828864911656432,345.2615966796875,344.62330373128253,-0.01196823414650705,-0.010138254275394942,0.5418082664555195,-0.24876486069696757,0.5032686854245226,1,7.0,False,0.0,-0.0
228.60325464814514,240.63921565449175,226.3296880547272,239.01380920410156,212923200,AAPL,2025-09-05,-0.023446934944942877,0,0.03252348224936008,0.05237971106603778,0.04626989700085282,0.13639899711975545,0.22149161164667874,0.005047499118081555,0.03252348224936008,0.02072211248832332,0.04608788726534378,232.13826370239258,217.1233673095703,0.029618320530404363,0.10082029477426202,1.0,-0.04811300247054595,0.49635781855640027,0,8.0,False,0.0,-0.0
724.3388778368966,759.3765729399474,720.0389785344453,750.68701171875,38152700,META,2025-09-05,0.004173016644258842,1,0.018613766660725783,-0.0031001408388601215,-0.02190298456127593,0.048696212698688734,0.10274146455614885,0.20464621954741946,0.018613766660725783,0.029578696821264714,0.03270856808516987,756.0169830322266,733.2728881835938,-0.007050068230080142,0.023748489567496645,0.8846325518062841,-0.19735851815308747,0.48126474174753037,0,9.0,False,0.0,0.0
328.2300109863281,355.8699951171875,325.6000061035156,350.8399963378906,316826100,TSLA,2025-09-05,0.12854864489304196,1,0.05082817105127013,0.03185196394579948,0.0642803058812138,0.11907111546509452,0.07847898610831505,0.33566824686067,0.05082817105127013,0.03003723844681232,0.04052829487078162,338.8199996948242,325.66000111897785,0.03547605411101129,0.07731988924766187,1.0,-0.13071651538227902,0.475106731255108,0,10.0,False,0.0,0.0
175.30904455833596,177.37487259095406,172.31409366624945,176.00094604492188,34292500,JNJ,2025-09-12,-0.010501978516780808,0,-0.0020735631726459536,0.0050234626629763746,0.015438016444527802,0.09570533288191907,0.1974563806214349,0.11113981825870911,-0.0020735631726459536,0.008963165842431892,0.015842032355982357,175.8535614013672,166.11366017659506,0.0008381100864844893,0.059521208898868805,0.9875557452455906,-0.07757464739102304,0.5823019729018667,1,1.0,True,0.5,-0.005250989258390404
235.15054099905157,241.9213539288796,232.91357479962468,240.4733123779297,163047700,GOOGL,2025-09-12,0.057807342151248386,1,0.025597275288304244,0.13200587449058632,0.18202737982661632,0.3023634358512215,0.4463235330557238,0.4581373224984724,0.025597275288304244,0.04136116508414612,0.03455696877925286,223.2506103515625,200.04535420735678,0.07714515091020724,0.20209396179562034,1.0,-0.0682820862204091,0.5748308742143391,1,2.0,True,0.5,0.028903671075624193
499.0,499.6499938964844,486.2699890136719,493.739990234375,21077300,BRK.B,2025-09-12,-0.0018025360482486485,0,-0.012065547975774749,-0.01837055260672038,0.034660472766643524,0.04208527428269848,0.01833553474053451,-0.04053631236148181,-0.012065547975774749,0.020905562557968726,0.01872934034932724,496.37249755859375,483.77833048502606,-0.005303491505203706,0.020591372373710115,0.3809139605215717,0.017020876207203495,0.5497640205989155,1,3.0,False,0.0,-0.0
496.04724781279185,510.42747218178897,492.9800158612091,507.7884521484375,95299800,MSFT,2025-09-12,0.01574822173069257,1,0.030100988727103317,0.00633525300067217,-0.01813201863796421,0.0013494183503202084,0.06983292198966962,0.31685164797463927,0.030100988727103317,0.025207421360342437,0.018754075157680877,502.6149673461914,506.25235748291016,0.010293137169316902,0.003034246937959617,0.9189245424321334,-0.05112651581737082,0.5182127865905358,1,4.0,False,0.0,0.0
290.65798581164114,303.13626220753474,287.2574854579185,302.5054626464844,38613200,JPM,2025-09-12,0.02564267597908465,1,0.04256395979347083,0.018213831397537072,0.05652530880652429,0.05369603653989685,0.1214131039665729,0.3349170085547146,0.04256395979347083,0.027428910600283636,0.02684890099993992,295.43589782714844,289.6208318074544,0.023929268146933635,0.04448792843601779,1.0,0.1492083664126227,0.5135517096741722,1,5.0,False,0.0,0.0
234.94000244140625,238.85000610351562,226.2899932861328,228.14999389648438,197870400,AMZN,2025-09-12,0.014595669165634817,1,-0.017991683818820436,-0.0037118170459197186,-0.012465934718563387,0.008932865918075183,0.08803467614168392,0.1525637656672385,-0.017991683818820436,0.014001269548116094,0.03403811144757976,229.57999801635742,226.3408342997233,-0.006228783570993657,0.007993076469645644,0.9318439946229751,0.2118408251794377,0.5125498817947721,1,6.0,False,0.0,0.0
340.25479170697463,344.2105390887196,334.39069573479895,337.36248779296875,24591600,V,2025-09-12,0.0064224301459634425,1,-0.011042545671104742,-0.03510726927798624,-0.014631193120785535,-0.025849411448714332,0.0043040457266700916,0.02649765092208134,-0.011042545671104742,0.017791050500041882,0.025796067217391905,344.00926971435547,344.74378712972003,-0.019321519815166055,-0.021410971313527538,0.4759039650432501,0.015083891699783303,0.5097229799421574,1,7.0,False,0.0,0.0
354.6400146484375,396.69000244140625,343.82000732421875,395.94000244140625,473058400,TSLA,2025-09-12,0.07609740035618495,1,0.12854864489304196,0.18591070845534463,0.1977855922243692,0.20109209698859587,0.22901663130311922,0.5838867477738239,0.12854864489304196,0.06119782303194656,0.053049675143195314,355.16500091552734,331.80833435058594,0.11480579849019779,0.1932792562801009,1.0,0.23843023868057744,0.49221867734375174,0,8.0,False,0.0,0.0
754.2286352813065,764.71401930554,742.0173423532742,753.8196411132812,52737000,META,2025-09-12,0.030161900885472548,1,0.004173016644258842,0.0228644588630722,-0.03774690661870428,0.07285451352549632,0.10733508185421403,0.24452169184915928,0.004173016644258842,0.02564722267898409,0.03263035128367572,748.6243438720703,739.3619283040365,0.006939792011490864,0.019554310623496773,0.8956835686397873,0.10795391876433214,0.47779875076032263,0,9.0,False,0.0,0.0
238.62491556233425,239.47250850410185,225.31256565050364,233.40966796875,304787000,AAPL,2025-09-12,0.04883146313043518,1,-0.023446934944942877,0.008313971331933345,0.010708528354705704,0.10964894749827048,0.16584897555645717,0.0990817332294276,-0.023446934944942877,0.02717984416700624,0.04753088215245699,232.75651168823242,219.8903605143229,0.0028061783353776626,0.06148203778831185,0.8914429279755263,0.34822325414948563,0.4620361027422931,0,10.0,False,0.0,0.0
244.32807821701437,255.65269769422878,244.32807821701437,254.3744354248047,213412400,GOOGL,2025-09-19,-0.03211374123063826,0,0.057807342151248386,0.0848843278902831,0.23707032490057456,0.31974233858419376,0.4280391145046851,0.556536757038582,0.057807342151248386,0.03525700351618848,0.03334606321485029,235.43759536743164,206.3991839090983,0.08043252407424384,0.2324391531355836,1.0,0.09572071219248346,0.5924622434860586,1,1.0,True,0.5,-0.01605687061531913
175.7044094043786,176.92019676144542,171.32565957029007,174.152587890625,53264200,JNJ,2025-09-19,0.019978421597888207,1,-0.010501978516780808,-0.012553765173534459,-0.010077152002420209,0.054564821203977765,0.1645119493630125,0.0939608489353898,-0.010501978516780808,0.007323230072666698,0.017459348710211674,175.4103546142578,168.16388829549155,-0.007170424610330128,0.035612280709222954,0.9246599987850146,0.3657644767696038,0.5879444497510528,1,2.0,True,0.5,0.009989210798944104
493.6000061035156,495.989990234375,487.20001220703125,492.8500061035156,24175700,BRK.B,2025-09-19,0.014568312035839082,1,-0.0018025360482486485,-0.013846335438855162,0.007873223115573813,0.018137869825544106,0.014762834656276924,-0.05568003781557962,-0.0018025360482486485,0.018161333312016234,0.0187561734217112,497.33499908447266,484.3758316040039,-0.009018052196634652,0.017495039897943654,0.36895180724374155,0.11964579924996332,0.5744126908414124,1,3.0,False,0.0,0.0
423.1300048828125,432.2200012207031,402.42999267578125,426.07000732421875,557828400,TSLA,2025-09-19,0.03363293901455311,1,0.07609740035618495,0.2144282629448977,0.2531101881909783,0.3480668563418263,0.3165343166450223,0.7131196808433948,0.07609740035618495,0.06091961835524065,0.05530370938427357,376.6800003051758,340.3450012207031,0.13111927094358222,0.25187678912882183,1.0,0.29306357014802487,0.5384240344532232,1,4.0,False,0.0,0.0
338.5352670540036,344.09124755859375,331.4388219565332,339.5291748046875,36859600,V,2025-09-19,-0.012411632462951516,0,0.0064224301459634425,-0.004691035503347707,-0.02408307891628647,-0.041533107048708606,-0.01835556505718461,0.02121001591887084,0.0064224301459634425,0.014562739483665292,0.024248050721652672,341.9145965576172,344.2147216796875,-0.00697665960139171,-0.013612279138253025,0.5138111517542179,0.35980292604285125,0.5293384359773301,1,5.0,False,0.0,-0.0
506.68306017742736,517.1495391803752,503.8348693472275,515.7852172851562,124060100,MSFT,2025-09-19,-0.012492152947267243,0,0.01574822173069257,0.04632324750258321,0.02109498719315339,0.009872234917388978,0.0460569571166316,0.3283592447712298,0.01574822173069257,0.022873754809518167,0.01604580674625021,505.27889251708984,508.1448211669922,0.020793120242423413,0.015035863399369687,0.9676922023259172,0.21014556900133563,0.5281350886288252,1,6.0,False,0.0,-0.0
230.6300048828125,235.89999389648438,228.7100067138672,231.47999572753906,250137300,AMZN,2025-09-19,-0.050544311232896044,0,0.014595669165634817,-0.0036586153179378744,0.011536442194966634,0.00017280196038260698,0.036632299883512465,0.17975632132313235,0.014595669165634817,0.015422970545677053,0.029073259145317904,230.23999786376953,227.02250035603842,0.005385675274820034,0.019634597295466127,0.9861404520114457,0.3483387544981158,0.5238636095550389,1,7.0,False,0.0,-0.0
302.7617353660041,311.2678631029987,302.72231251567524,310.26251220703125,57924700,JPM,2025-09-19,0.004066223375531974,1,0.02564267597908465,0.06929808960192618,0.06258438387931631,0.05411565877809177,0.1016562419441509,0.3170746115596572,0.02564267597908465,0.027982351270106728,0.025198739024268977,300.00437927246094,292.0066426595052,0.034193277309642056,0.06251867896311292,1.0,0.46316431603502517,0.5117205757409369,1,8.0,False,0.0,0.0
755.6952236302711,788.9471575257752,750.2280827190908,776.5562744140625,66369000,META,2025-09-19,-0.043844981780380876,0,0.030161900885472548,0.03446078364414884,0.031253809522574505,0.0921873537988478,0.060998124441954626,0.3064636336023596,0.030161900885472548,0.022195397658709606,0.02631315542056205,754.5080413818359,743.0823618570963,0.029221998736880916,0.045047378696096096,0.9758918811145282,0.3505033178075001,0.482387454513016,0,9.0,False,0.0,-0.0
236.33139853346725,245.60514967420656,234.36695488957946,244.80740356445312,360619500,AAPL,2025-09-19,0.0405703223782945,1,0.04883146313043518,0.02423958004620652,0.07788895331142665,0.1491425103921855,0.22229261736294625,0.12750680670203107,0.04883146313043518,0.030953040236739365,0.04833374105627975,237.17899703979492,223.60052490234375,0.03216307775927674,0.09484270518314464,1.0,0.344791661325486,0.45982169167461445,0,10.0,False,0.0,0.0
431.1099853515625,444.9800109863281,419.0799865722656,440.3999938964844,472039700,TSLA,2025-09-26,-0.024000925228675696,0,0.03363293901455311,0.11228971859608361,0.31907628818787725,0.4552423315296201,0.39654347668514167,0.671030219293502,0.03363293901455311,0.04137031621179035,0.05302000051777778,403.3125,350.7658335367839,0.09195721406225776,0.2555384583952096,1.0,0.03759093406433389,0.5740181304920424,1,1.0,True,0.5,-0.012000462614337848
174.05373018239203,177.82956594360434,172.10650962439226,177.6318817138672,39330500,JNJ,2025-09-26,0.04969108645498954,1,0.019978421597888207,0.009266630126687048,0.014336643360116419,0.08186873527405769,0.1603684740703173,0.11527116975794582,0.019978421597888207,0.013059314317289718,0.017287040726535724,176.03801727294922,170.20968627929688,0.009054092210358577,0.043606187149603404,1.0,-0.020633542189975485,0.5648476351477895,1,2.0,True,0.5,0.02484554322749477
336.9450628699698,343.15700297065035,332.4724678359285,335.3150634765625,35989800,V,2025-09-26,0.03696228950369895,1,-0.012411632462951516,-0.006068915159478827,-0.040963121398736035,-0.004085228650349992,-0.05822977673121443,-0.01261504329984664,-0.012411632462951516,0.012669915504458479,0.02237135204768109,338.3340377807617,342.4870071411133,-0.008923058182385701,-0.0209407758980934,0.44008333408971867,0.23750709189375052,0.5516876924256083,1,3.0,False,0.0,0.0
490.57000732421875,502.1000061035156,489.2300109863281,500.0299987792969,18091300,BRK.B,2025-09-26,-0.002559843974204945,0,0.014568312035839082,0.012739516079983915,-0.005865068477068025,0.057503600905149055,0.0309896882047358,-0.0499325471703036,0.014568312035839082,0.011456026949349659,0.019104050236319777,496.59749603271484,485.6283315022786,0.006912041993775819,0.029655739467396858,0.46545709306098304,-0.08081887107366004,0.5490442260752162,1,4.0,False,0.0,-0.0
254.08482475081846,255.4329993925613,240.41339128252798,246.2055206298828,136643100,GOOGL,2025-09-26,-0.004826800823658606,0,-0.03211374123063826,0.023837190893533977,0.15898971461342026,0.3047136856008197,0.37448062971155816,0.6008504030222177,-0.03211374123063826,0.05710578226552175,0.037444502201586176,243.88118743896484,211.98912556966147,0.009530596497934862,0.16140636916291973,0.9252461805397498,-0.282934904361566,0.5388760474146236,1,5.0,False,0.0,-0.0
513.4549348866175,515.5959951267806,502.94857891661616,509.3419494628906,85342200,MSFT,2025-09-26,0.011515976790336557,1,-0.012492152947267243,0.0030593395889180197,0.009413974279900872,-0.02253191624685813,0.02698414222073886,0.3549135974652171,-0.012492152947267243,0.02460327839554492,0.01670111113691664,506.46644592285156,509.2600733439128,0.005677579557712864,0.0001607746675293953,0.9283984268568851,-0.11717895569845316,0.529562473249694,1,6.0,False,0.0,0.0
305.35395817376326,313.2489940185383,305.11741210895696,311.52410888671875,37756400,JPM,2025-09-26,-0.019078622675382184,0,0.004066223375531974,0.029813168203093987,0.04857001161970853,0.09223479231106024,0.06777020814570522,0.3157866277671757,0.004066223375531974,0.02847841256491639,0.02366515441161922,303.6118469238281,293.65431722005206,0.02606045199835605,0.06085315494706589,1.0,-0.08066273589786976,0.5141599498470784,1,7.0,False,0.0,-0.0
247.5995237986898,256.87328100426123,247.42002368458668,254.73931884765625,309374700,AAPL,2025-09-26,0.010021087063142975,1,0.0405703223782945,0.0913828937101353,0.10045661980060383,0.2637113348528515,0.1976113764284435,0.17524242469466889,0.0405703223782945,0.03272869789069111,0.04693013919781269,242.99254989624023,227.10328801472983,0.04834209508247045,0.12168925899097482,1.0,0.041924909935502574,0.47689305153606887,0,8.0,False,0.0,0.0
230.55999755859375,230.57000732421875,216.47000122070312,219.77999877929688,260256100,AMZN,2025-09-26,-0.0012285206750414224,0,-0.050544311232896044,-0.036686370112221534,-0.04026201406420582,0.023422578716167042,-0.016248175208405602,0.14041094534658405,-0.050544311232896044,0.03117076429103471,0.03300438787359274,227.93499755859375,226.71999994913736,-0.03577773868271594,-0.030610449767984327,0.7953692698994334,0.19322721310378066,0.4611102845960123,0,9.0,False,0.0,-0.0
780.5445827585347,784.4181095052566,736.1188402620083,742.5081787109375,51695100,META,2025-09-26,-0.04462520881191634,0,-0.043844981780380876,-0.015005528889693531,0.007515836675361598,-0.007677309434993118,0.03510652355352106,0.2914392054284962,-0.043844981780380876,0.032533519740760575,0.029147731382075808,755.8927764892578,745.1809285481771,-0.01770700580112039,-0.003586712615481047,0.8557799778613628,-0.010401342306289751,0.45800718243751226,0,10.0,False,0.0,-0.0
509.3817950243417,519.4399047558908,506.77264973451184,515.20751953125,96313500,MSFT,2025-10-03,-0.012351264518146832,0,0.011515976790336557,-0.0011200355003327944,0.045151328320556905,-0.007354912635717303,0.02956444187712104,0.4427293782571251,0.011515976790336557,0.01769510586650153,0.01680831395636577,512.0307846069336,510.4929428100586,0.006204187364935665,0.009235341619493465,0.9623604420809343,-0.03930420661939338,0.5572198565740585,1,1.0,True,0.5,-0.006175632259073416
500.0,503.7799987792969,493.2200012207031,498.75,21656700,BRK.B,2025-10-03,-0.01928821076127818,0,-0.002559843974204945,0.01197117545585491,-0.0020409168939593547,0.07165880219356735,0.04810241531766213,0.010556371043633161,-0.002559843974204945,0.011056680605330958,0.01797864046750072,496.3424987792969,487.53583272298175,0.004850483741819733,0.023001729358814504,0.4482528069816349,0.019126833801955234,0.5442428094219838,1,2.0,True,0.5,-0.00964410538063909
444.3500061035156,470.75,416.5799865722656,429.8299865722656,522169000,TSLA,2025-10-03,-0.03801502186526362,0,-0.024000925228675696,0.008824792131368442,0.22514533992384522,0.3038980571230936,0.3710247621554399,0.7952219843831774,-0.024000925228675696,0.06466327086642282,0.05436195825538257,423.05999755859375,360.4591649373372,0.016002432403773303,0.1924512632297417,0.9468923911518496,0.031396297112901594,0.5314374149759498,1,3.0,False,0.0,-0.0
177.75048125277442,187.58541956236877,177.72082937376246,186.45860290527344,49633100,JNJ,2025-10-03,0.01102632942357018,1,0.04969108645498954,0.0706622575277327,0.05722141496656308,0.0963169996117057,0.21111947282919008,0.2506767558012064,0.04969108645498954,0.026882474903676363,0.02012153272328822,178.56100463867188,172.91827138264975,0.04422913212536406,0.07830480500617765,1.0,0.12470010531366649,0.5081675297078585,1,4.0,False,0.0,0.0
335.32497778101134,351.0088606603595,333.5061075720199,347.7090759277344,34160900,V,2025-10-03,-0.01769376510644316,0,0.03696228950369895,0.02409189468843831,0.019287843251764247,0.04060681760601437,0.007258817524135708,0.12106024458660447,0.03696228950369895,0.022979253457213283,0.02375281239444726,339.9789505004883,342.69582112630206,0.022737070680012517,0.014628876374843891,0.5197743279762759,0.03831023716222948,0.49592433595497654,0,5.0,False,0.0,-0.0
312.50978831201064,313.4461666504931,301.74652271909054,305.5806579589844,41150800,JPM,2025-10-03,-0.02476254752819429,0,-0.019078622675382184,-0.015089977241345753,0.05316240576561859,0.07365980527742311,0.08077116195614265,0.48147046188969655,-0.019078622675382184,0.026723016433524864,0.02220560245192762,307.4681854248047,295.5574417114258,-0.006138935848639004,0.0339129212565894,0.9292355308089143,-0.06179653920229178,0.4939839171008558,0,6.0,False,0.0,-0.0
747.4698773667765,749.5264964028529,708.9942257916973,709.3735961914062,73462800,META,2025-10-03,-0.007402616521560046,0,-0.04462520881191634,-0.08651359912499301,-0.05503414190256717,-0.07573171450340799,-0.009017883483655509,0.40983624255772044,-0.04462520881191634,0.037005806185776334,0.032277042992209196,745.5644226074219,744.6429901123047,-0.04854151474858126,-0.04736416563268686,0.7388906867649836,0.20300707554411446,0.4808908748594557,0,7.0,False,0.0,-0.0
253.8418726304012,258.5086431914624,252.29624220529692,257.2920837402344,218331700,AAPL,2025-10-03,-0.04941473359991466,0,0.010021087063142975,0.05099796817417035,0.07647371755212862,0.12628204558739053,0.22330365305201383,0.37303074461695607,0.010021087063142975,0.032850966596659356,0.04620231449432281,247.56211853027344,231.01716105143228,0.039303126293011914,0.1137358046009076,1.0,-0.2680266888405951,0.4791905528875949,0,8.0,False,0.0,-0.0
247.51375020937843,250.80926093832198,238.2862890899911,245.0171356201172,154621200,GOOGL,2025-10-03,-0.035785585538120834,0,-0.004826800823658606,-0.036785535421674065,0.04497627701825602,0.21919091902835208,0.36283596158125686,0.6886451239337941,-0.004826800823658606,0.03878045949291434,0.03801211396649903,246.5176010131836,217.4251569112142,-0.0060866460930153465,0.1269033404454214,0.9097976566277262,-0.07374240030767187,0.47387431699904314,0,9.0,False,0.0,-0.0
220.0800018310547,224.1999969482422,216.61000061035156,219.50999450683594,221487000,AMZN,2025-10-03,-0.01430458506776855,0,-0.0012285206750414224,-0.051710737176582144,-0.05518016279938387,-0.014279976198783517,-0.024486755226230117,0.28368417840254945,-0.0012285206750414224,0.02788111964732139,0.03290679286473686,224.72999572753906,226.2608324686686,-0.023227879321600753,-0.029836529319618332,0.785331428965637,-0.04711240904552061,0.46100887822561043,0,10.0,False,0.0,-0.0
499.5,504.9700012207031,489.05999755859375,489.1300048828125,17457500,BRK.B,2025-10-10,0.006726245603579484,1,-0.01928821076127818,-0.02179867992539264,-0.009336868478840854,0.024999984012166188,0.032355461132984153,-0.06674167912539608,-0.01928821076127818,0.013825710114480652,0.019097756811767667,495.19000244140625,488.81333414713544,-0.012237721942520041,0.0006478357146897373,0.3189517867346148,-0.1419394159830526,0.5895678321178841,1,1.0,True,0.5,0.003363122801789742
516.4623876768178,528.8309994124726,507.5195762105422,508.84405517578125,91844600,MSFT,2025-10-10,0.005127624761287253,1,-0.012351264518146832,-0.000977524603332669,0.0020788244058673744,-0.016090887514969232,0.003431047959987943,0.319962922803418,-0.012351264518146832,0.015141188684511888,0.016943916821584207,512.2946853637695,510.637934366862,-0.006735635341479362,-0.003513015916659201,0.9215943879471147,-0.07591802402855008,0.5601362218107587,1,2.0,True,0.5,0.0025638123806436264
440.75,453.54998779296875,411.45001220703125,413.489990234375,440260900,TSLA,2025-10-10,0.06244409280520524,1,-0.03801502186526362,-0.06110355139658463,0.044324866607955205,0.25087727882464494,0.2543303439714846,0.6388173050429782,-0.03801502186526362,0.05283310016580206,0.056919631278019606,427.44749450683594,367.4458312988281,-0.03265314325579172,0.12530869862584204,0.8647942328937573,-0.11607420175094285,0.5024269619412848,1,3.0,False,0.0,0.0
185.8260079631804,189.87860099777504,180.82451166041724,188.51455688476562,37416900,JNJ,2025-10-10,0.01310818981601014,1,0.01102632942357018,0.06126532616722735,0.07109967941109718,0.0876353338755742,0.17360963077885305,0.27705084691451054,0.01102632942357018,0.024956084341844792,0.01824452450684811,181.6894073486328,175.24215189615884,0.037564928169072864,0.0757375143194512,1.0,-0.16686882496394273,0.49700813187138826,0,4.0,False,0.0,0.0
347.8780607479444,352.83766108671625,341.15923571248493,341.5567932128906,24438700,V,2025-10-10,-0.0051215438558495086,0,-0.01769376510644316,0.018614522328980865,0.012432637212753228,-0.002380460224092662,-0.013738150590666187,0.03427243513741751,-0.01769376510644316,0.0247014932048284,0.02432457485511646,341.02752685546875,342.2993443806966,0.0015519754733646085,-0.002169303505823006,0.36910858205385755,-0.2563290705901148,0.49225808497126755,0,5.0,False,0.0,-0.0
307.21486689804453,308.7698659390142,297.9344502139145,298.0137023925781,37816300,JPM,2025-10-10,-0.011067131181560663,0,-0.02476254752819429,-0.043368734902804906,-0.014848526088123704,0.040837465195947775,0.038050203452381526,0.28623832329950316,-0.02476254752819429,0.023103595227775182,0.023752437005238283,306.3452453613281,296.46776072184247,-0.027196579985836244,0.005214535526465225,0.8391411394258614,-0.13388629255841167,0.4860457732750157,0,6.0,False,0.0,-0.0
257.2621712100349,258.3391414491699,243.3116425485481,244.57806396484375,213437900,AAPL,2025-10-10,0.028621529873848583,1,-0.04941473359991466,-0.039888835884378415,0.04784890057591373,0.05906982023917795,0.16274442966128255,0.24082948486820888,-0.04941473359991466,0.04452526414353898,0.04998957576223702,250.35421752929688,233.86987431844076,-0.023071924337672467,0.045786956005383406,0.797527197017726,-0.22510469122329124,0.469149467724955,0,7.0,False,0.0,0.0
244.44791178946252,250.97904766602093,235.52003337107624,236.24905395507812,134455500,GOOGL,2025-10-10,0.07071903835593751,1,-0.035785585538120834,-0.04043965646802905,-0.017566433385392433,0.16126337459918205,0.27948555531177033,0.5086435485412717,-0.035785585538120834,0.04328681393202558,0.04208102442093177,245.4615364074707,221.72559611002603,-0.03753126696436748,0.06550194519646335,0.825275248499925,-0.15851212002775017,0.4641321987432921,0,8.0,False,0.0,0.0
221.0,228.25,216.0,216.3699951171875,240351200,AMZN,2025-10-10,-0.015390312456452837,0,-0.01430458506776855,-0.015515532264306242,-0.05163269381739133,-0.06345497874548356,-0.04316105583017582,0.1703900082868095,-0.01430458506776855,0.027756673576010613,0.033030256326936146,221.78499603271484,225.4474983215332,-0.02441554213490882,-0.04026437761309454,0.7327527396577759,-0.011136029727896068,0.44308798826981827,0,9.0,False,0.0,-0.0
704.0125981338592,734.0423674154782,689.3571155710283,704.1223754882812,74205500,META,2025-10-10,0.016475241153152353,1,-0.007402616521560046,-0.05169748202544722,-0.06592726285508355,-0.10118561923917024,0.0021241520070383046,0.2994076246030424,-0.007402616521560046,0.035584874529686006,0.031867099372903634,733.1401062011719,744.7673645019531,-0.03958006180189555,-0.05457407366507305,0.7203658882401462,0.11699589511854791,0.4401649937198427,0,10.0,False,0.0,0.0
488.1499938964844,497.05999755859375,485.79998779296875,492.4200134277344,17854300,BRK.B,2025-10-17,-0.0006498666087740856,0,0.006726245603579484,-0.012691702400532634,-0.0008724615409478886,0.006993892490254394,0.0172495836907387,-0.0497674831658943,0.006726245603579484,0.014560098228585344,0.018223777028785113,495.08250427246094,489.50916798909503,-0.005377873024697499,0.005946457449606202,0.3631723353209412,-0.048529305966709235,0.5551686372795019,1,1.0,True,0.5,-0.0003249333043870428
423.5299987792969,441.4599914550781,417.8599853515625,439.30999755859375,390301900,TSLA,2025-10-17,-0.012724491518418146,0,0.06244409280520524,0.022055257386595306,0.03107468257980428,0.29205018952653194,0.3899576059990031,0.8200688007857166,0.06244409280520524,0.047474857342582964,0.05451675415581472,430.7574920654297,377.71666463216144,0.019854571657374587,0.16306755484673907,0.9929881217994085,-0.1444366596036819,0.5516572440948077,1,2.0,True,0.5,-0.006362245759209073
514.2714771071726,515.0482722356254,503.9045484424133,511.4532165527344,79090600,MSFT,2025-10-17,0.019529516121169488,1,0.005127624761287253,-0.007286972406636005,-0.008398846239183522,0.012518967400117154,0.0013904732950973386,0.4012961695605841,0.005127624761287253,0.012257088185049978,0.016879835873373494,511.21168518066406,510.6971155802409,0.00047246840999926043,0.0014805272037505812,0.927163370040143,-0.10274939029906893,0.5514851566267913,1,3.0,False,0.0,0.0
187.63484024575644,192.15198752359413,183.73052212206747,190.9856414794922,49442000,JNJ,2025-10-17,-0.014594810742835307,0,0.01310818981601014,0.024279054458638205,0.09665692478505705,0.08560574625949124,0.15649581380805788,0.24663030090792892,0.01310818981601014,0.017906675657966168,0.01766385898819033,185.8976707458496,177.39581680297852,0.0273697390248564,0.0766073570472463,1.0,0.12481622090460553,0.5241613420988016,1,4.0,False,0.0,-0.0
302.6786918104351,309.13634876005415,291.3876792596173,294.7155456542969,59025200,JPM,2025-10-17,0.009678646246613631,1,-0.011067131181560663,-0.03555562834787085,-0.0501090719666456,0.00933926651687389,0.0012949013712122426,0.29525417845604474,-0.011067131181560663,0.012516175458469333,0.023015549119853006,302.45850372314453,296.49952189127606,-0.025600067359769718,-0.006016792963441486,0.7685418590553754,0.3433999796300058,0.5199051033352434,1,5.0,False,0.0,0.0
341.62634788123336,347.9476255421836,332.13456706821194,339.8074951171875,26048500,V,2025-10-17,0.01605792715674048,1,-0.0051215438558495086,-0.022724689568324852,0.0008197242922058923,-0.023283096108899448,-0.04074742845328139,0.04080705551039765,-0.0051215438558495086,0.024891806835594738,0.02315191491397285,341.09710693359375,341.09647369384766,-0.003780776178372358,-0.003778926714490427,0.22123597184823895,-0.13630790986912078,0.48850704324958055,0,6.0,False,0.0,0.0
217.6999969482422,220.67999267578125,211.02999877929688,213.0399932861328,217786300,AMZN,2025-10-17,0.05243153295039771,1,-0.015390312456452837,-0.029474745490468468,-0.07966132184964636,-0.06904388788937288,-0.07950228552184613,0.23422740590244007,-0.015390312456452837,0.02112243513279409,0.03207213472234073,217.17499542236328,223.9141642252604,-0.01903995498279487,-0.04856401548670253,0.554914393750022,-0.07313205528446909,0.47483120122619454,0,7.0,False,0.0,0.0
248.6764678182016,252.66519891282977,244.00966795095763,251.57826232910156,196438500,AAPL,2025-10-17,0.04173766771334253,1,0.028621529873848583,-0.022207529000004333,0.027657900316996775,0.10770109853490606,0.18092537939463593,0.2839250989901514,0.028621529873848583,0.039939111352624755,0.050170566655711867,252.04693222045898,237.08182525634766,-0.0018594548532234745,0.06114529047968764,0.9090064781013251,-0.1619364177755821,0.4723244564737708,0,8.0,False,0.0,0.0
239.8841293059291,256.6113736152233,239.38480762364867,252.95635986328125,131783100,GOOGL,2025-10-17,0.02613515418378909,1,0.07071903835593751,0.03240273062155663,-0.0055747565951557165,0.23017395894816373,0.3123850962782653,0.6792371297554038,0.07071903835593751,0.04944820117561941,0.04404392870386551,245.10701751708984,226.74316533406576,0.03202414368101114,0.11560742962459303,0.9861180216862686,-0.05447594981120274,0.4672144428675412,0,9.0,False,0.0,0.0
711.8194939498104,724.2786798244232,698.1624113283383,715.7229614257812,49577800,META,2025-10-17,0.029905670152105435,1,0.016475241153152353,0.008950664739235448,-0.07833728860691003,-0.04953181778097093,0.006628357851490074,0.4316738162422338,0.016475241153152353,0.02979950011397122,0.03204007729900493,717.9317779541016,745.1601003011068,-0.0030766384719935758,-0.039504448592229346,0.7154713268055596,-0.20338136073900182,0.4667503069482927,0,10.0,False,0.0,0.0
492.3599853515625,495.70001220703125,488.1099853515625,492.1000061035156,16925600,BRK.B,2025-10-24,-0.029587476890888254,0,-0.0006498666087740856,0.006072007832385262,-0.015859033848249937,-0.02163108800581781,0.04073261550374818,-0.07318821429298095,-0.0006498666087740856,0.010985841541962929,0.01651957311960248,493.1000061035156,491.11416880289715,-0.002027986184591657,0.002007348521468,0.3588711612554703,-0.08379153410082807,0.5867275651374381,1,1.0,True,0.5,-0.014793738445444127
295.6465484229892,301.1434582480101,287.76267234049385,297.5679931640625,34988800,JPM,2025-10-24,0.0355478802154674,1,0.009678646246613631,-0.0014955997826183731,-0.0447994724149301,0.0015946283090284563,0.04330324986229406,0.24555574865590346,0.009678646246613631,0.015076524389982245,0.02087818241975314,298.96947479248047,297.5287577311198,-0.004687708099265886,0.00013187106094170176,0.7813591557174289,-0.1909220140234974,0.57497904297915,1,2.0,True,0.5,0.0177739401077337
512.4788764440519,523.1744351060786,510.91543308707116,521.441650390625,78770400,MSFT,2025-10-24,-0.011076984303489246,0,0.019529516121169488,0.02475728091289553,0.023755555458359057,0.03339316392634961,0.0006883810255156053,0.34090489774095367,0.019529516121169488,0.013552316165167777,0.016803884448149654,514.2366104125977,510.72700754801434,0.014011137737249824,0.020979197661880722,1.0,-0.08940980425647027,0.5703779291619159,1,3.0,False,0.0,-0.0
339.8174432876053,347.5202328604371,336.8754814672657,345.26409912109375,24655100,V,2025-10-24,-0.019114581777317174,0,0.01605792715674048,0.010854141922723715,0.029670708918887234,-0.012507817331279814,0.025464268638385468,0.03997724730857399,0.01605792715674048,0.024050525238702738,0.018493551473087774,343.58436584472656,341.8109385172526,0.00488885247219395,0.010102545631864857,0.33526556006674185,-0.09773547343536149,0.5304643477408025,1,4.0,False,0.0,-0.0
443.8699951171875,451.67999267578125,413.8999938964844,433.7200012207031,423592300,TSLA,2025-10-24,0.05266069416583874,1,-0.012724491518418146,0.04892503195751208,-0.015168012643867912,0.29906852237041703,0.43316919744508686,0.5220915340954,-0.012724491518418146,0.04488713134022581,0.05155827745904106,429.0874938964844,388.64083099365234,0.010796183505959567,0.11599185322806971,0.9563940690037114,-0.04613735747885195,0.5292874893732009,1,5.0,False,0.0,0.0
191.26240123179355,192.2310644671735,187.2295789564792,188.1982421875,36879700,JNJ,2025-10-24,-0.008035667955270775,0,-0.014594810742835307,-0.0016779324763709358,0.059484594610405006,0.07467404738887207,0.14622325841350658,0.25140245232575253,-0.014594810742835307,0.026448348321791652,0.018643068501701995,188.5392608642578,179.39651489257812,-0.0018087409232145912,0.04906297817542504,0.9366595712441561,-0.14911833938295582,0.5206559057005998,1,6.0,False,0.0,-0.0
254.3444728441902,261.32500504033385,243.81875668908756,259.5674133300781,153248200,GOOGL,2025-10-24,0.08183276595569566,1,0.02613515418378909,0.09870244551088825,0.05427129605384451,0.2218895885385661,0.37552218829756456,0.6082207818949106,0.02613515418378909,0.045450887846689256,0.04173235848200952,248.44749069213867,232.64839680989584,0.04475763714481862,0.11570686447574641,1.0,0.06773081023082761,0.48911015338787256,0,7.0,False,0.0,0.0
255.16807648712648,264.5415968076956,254.70938662410154,262.07855224609375,253202800,AAPL,2025-10-24,0.02872683193231329,1,0.04173766771334253,0.07155379349051327,0.02881076008068728,0.1321616114528832,0.300119818932542,0.2589035558518349,0.04173766771334253,0.04026473487301511,0.045627724134334004,253.88174057006836,242.12334569295248,0.03228594406836893,0.08241752358092458,1.0,0.14907950423576555,0.48162805066452113,0,8.0,False,0.0,0.0
719.9858621042338,741.170406509876,718.9775387090459,737.1271362304688,44289300,META,2025-10-24,-0.12190526675670488,0,0.029905670152105435,0.04687361443286053,-0.00724711543219736,0.0002142531072084619,-0.014868786519506294,0.3511187339921549,0.029905670152105435,0.0326803649595233,0.02930531770311082,716.5865173339844,744.2329661051432,0.028664534427614408,-0.00954785691886506,0.7599753000411666,-0.2665373274476537,0.4743495316099272,0,9.0,False,0.0,-0.0
213.8800048828125,225.39999389648438,213.58999633789062,224.2100067138672,203911000,AMZN,2025-10-24,0.08924666119997204,1,0.05243153295039771,0.03623428281926744,0.020156556370804823,-0.020917001249488254,0.044051253615214,0.18635906765967603,0.05243153295039771,0.03202295027012622,0.028864724568447256,218.28249740600586,224.70249811808267,0.0271552203145089,-0.0021917486825476784,0.8082646057396098,-0.07684071551171401,0.45193340144740923,0,10.0,False,0.0,0.0
187.79299820332676,188.59362910846755,182.5246310788101,186.68594360351562,41870800,JNJ,2025-10-31,-0.012177626658711138,0,-0.008035667955270775,-0.022513199645106563,0.001219255613309933,0.058510438111272656,0.09765369026744941,0.22910178369018164,-0.008035667955270775,0.01378912018499349,0.017733603620494788,188.59609603881836,180.78057098388672,-0.01012827134507377,0.032665969509274584,0.9022943330123692,0.011314575138850813,0.5721168008791503,1,1.0,True,0.5,-0.006088813329355569
346.87419066826493,348.8421615073119,336.1101973568976,338.6645202636719,34920800,V,2025-10-31,-0.013852214747671066,0,-0.019114581777317174,-0.003363595182388379,-0.02601184809435997,-0.007225717291328482,0.013538711140491433,-0.016379582058606568,-0.019114581777317174,0.01628070607901662,0.019332153593864306,341.32322692871094,342.1879247029622,-0.007789410316322742,-0.010296694257545314,0.13635075894015125,0.26911925977007733,0.5706305479040645,1,2.0,True,0.5,-0.006926107373835533
491.9200134277344,492.29998779296875,473.7200012207031,477.5400085449219,29618100,BRK.B,2025-10-31,0.045064263995898246,1,-0.029587476890888254,-0.03021811558639309,-0.042526298656798245,-0.04448042290939136,0.026085119913296984,-0.11533897861428932,-0.029587476890888254,0.01668505683021172,0.0183637012313183,487.7975082397461,492.1258366902669,-0.021028192070597473,-0.02963841167828185,0.24821128070866166,0.44733585403546483,0.5656330728706489,1,3.0,False,0.0,0.0
529.577902779321,551.4269140414981,512.9668501497666,515.6656494140625,159773900,MSFT,2025-10-31,-0.04053604438854608,0,-0.011076984303489246,0.008236203674151232,0.0008892142786063317,0.04608069180500385,-0.006472238450444645,0.19374511608743572,-0.011076984303489246,0.015083880006508916,0.017086947789625974,514.3511428833008,510.4470698038737,0.0025556597840785678,0.010223547002030875,0.9328722381370723,0.5607511487144046,0.5646967935303392,1,4.0,False,0.0,-0.0
439.9800109863281,467.0,438.69000244140625,456.55999755859375,409620400,TSLA,2025-10-31,-0.05922553156105537,0,0.05266069416583874,0.03926612209115321,0.06218740390704247,0.30133394802252034,0.3849840922550154,0.5896382825874054,0.05266069416583874,0.049138396043277056,0.04884697046841952,435.7699966430664,399.21666463216144,0.04770865611602937,0.14363962731683189,1.0,-0.015202712144757546,0.5599552249065418,1,5.0,False,0.0,-0.0
264.4607188078389,291.1944142933695,263.92144290721717,280.80853271484375,222698000,GOOGL,2025-10-31,-0.008393057070701482,0,0.08183276595569566,0.1101066320950228,0.14607711825600123,0.1976234002109678,0.3972868150838995,0.717870076742386,0.08183276595569566,0.053404861789273984,0.043352901793067285,257.3953399658203,239.30185826619467,0.0909619915890183,0.17344902688752994,1.0,0.3871271945396404,0.5458370794871378,1,6.0,False,0.0,-0.0
748.4781993498117,757.8924628078227,644.4921293755289,647.2674560546875,195726800,META,2025-10-31,-0.04108891891713495,0,-0.12190526675670488,-0.09564525530202994,-0.08755067917690162,-0.137766544577981,-0.15665203064030497,0.08754603941789463,-0.12190526675670488,0.0691911718900051,0.044291573065972166,701.0599822998047,734.2137959798177,-0.07673027644318331,-0.11842101088430135,0.29376009373317713,1.1520299373775766,0.5296339778101467,1,7.0,False,0.0,-0.0
227.66000366210938,250.5,222.75,244.22000122070312,405996900,AMZN,2025-10-31,0.0007779970537078462,1,0.08924666119997204,0.1463575334077889,0.11256893686951308,0.05117720180751606,0.09668147893151069,0.2855037725706273,0.08924666119997204,0.05170573911899446,0.037073749965088026,224.45999908447266,226.49666468302408,0.08803351250480063,0.07824987870122668,1.0,0.520523003984662,0.5063471448993567,1,8.0,False,0.0,0.0
299.27155593587753,309.8791757592273,298.13255521259686,308.1459045410156,34734400,JPM,2025-10-31,0.009931838382938096,1,0.0355478802154674,0.045570581819503575,0.008394662800862207,0.06200334903656568,0.08267281730556642,0.24406448671824954,0.0355478802154674,0.026273674700075387,0.022672464365411923,299.6107864379883,299.48959096272785,0.028487352556627377,0.028903554044938717,0.9466083313517912,-0.16586407564147743,0.5006383626705696,1,9.0,False,0.0,0.0
264.13273028939324,276.53764389728985,263.9033682058253,269.60723876953125,293563300,AAPL,2025-10-31,-0.00702734396665794,0,0.02872683193231329,0.07166349061130384,0.04786449256530734,0.1279985858026511,0.18019096418484737,0.3198528760895858,0.02872683193231329,0.0416791804082248,0.029954786324574302,256.9605293273926,245.5536371866862,0.04921654495047201,0.09795660882252744,1.0,0.22747337694070668,0.4746278855005928,0,10.0,False,0.0,-0.0
338.92293292319545,340.02614882560056,331.67732783944683,333.9732666015625,30269100,V,2025-11-07,-0.015910708287446673,0,-0.013852214747671066,-0.03270201723339683,-0.02220282764688375,-0.010046230135361545,-0.024530434922900635,-0.04359713125527853,-0.013852214747671066,0.015491971568846083,0.018270962527543108,339.4273452758789,341.48804728190106,-0.01606847164857461,-0.022005984514401056,0.0,0.044721231130304906,0.5847311292639339,1,1.0,True,0.5,-0.007955354143723337
186.81444554993618,186.8440974299442,183.22640324069272,184.4125518798828,33528000,JNJ,2025-11-07,0.050168790933321716,1,-0.012177626658711138,-0.020115439249669187,-0.021759619377246686,0.047792958072020664,0.06396880298919716,0.22909243530659418,-0.012177626658711138,0.012648822182038753,0.01823535798986182,187.57059478759766,181.70452117919922,-0.016836556451137574,0.014903485522041127,0.8506341324381012,-0.17071737967666434,0.5780324388429046,1,2.0,True,0.5,0.025084395466660858
308.02707397940236,311.83035912038315,302.1834697809128,311.20635986328125,36228800,JPM,2025-11-07,-0.03373535563725227,0,0.009931838382938096,0.04583277439956146,0.044268627129514515,0.02876277717657283,0.08691391084513622,0.2535906271401318,0.009931838382938096,0.019082641027414967,0.022687024458230926,302.90895080566406,301.56336466471356,0.027392419522592748,0.031976679956761345,0.9943043164550661,-0.12160468234398447,0.5417204522398136,1,3.0,False,0.0,-0.0
479.510009765625,500.1600036621094,473.1499938964844,499.05999755859375,31565000,BRK.B,2025-11-07,0.019797228652157273,1,0.045064263995898246,0.01414344923542643,0.02030133620234631,0.010774916817439362,0.04580885329499673,-0.028574751732065917,0.045064263995898246,0.030744845869175995,0.021265161218248407,490.2800064086914,493.94750213623047,0.017908115842242722,0.01035028095142243,0.6882028448545345,0.31571543198941265,0.5340780693614925,1,4.0,False,0.0,0.0
654.90470367213,658.2291607688485,600.1961723842201,620.6719360351562,134155700,META,2025-11-07,-0.019703633235976237,0,-0.04108891891713495,-0.15798523005250187,-0.11851695437920917,-0.17663071883015058,-0.2077103621991786,0.05083348274003807,-0.04108891891713495,0.06907800436068087,0.043583748481176084,680.1973724365234,720.6539408365885,-0.08751200579934926,-0.13873788671073628,0.0,0.2663676850668413,0.5199557027134567,1,5.0,False,0.0,-0.0
517.657371934483,522.7860691817526,491.2073803526309,494.7626037597656,117784000,MSFT,2025-11-07,0.026891053201870907,1,-0.04053604438854608,-0.05116401156461792,-0.027673412458658175,-0.025652116218003562,-0.043319010206599784,0.13634884388754775,-0.04053604438854608,0.025767615590432263,0.020666238462278705,510.8307800292969,508.58014424641925,-0.03145498841829719,-0.027168855573643236,0.6387972565384457,0.0820292826057849,0.4897477280292911,0,6.0,False,0.0,0.0
455.989990234375,474.07000732421875,421.8800048828125,429.5199890136719,471019200,TSLA,2025-11-07,-0.058600259717726644,0,-0.05922553156105537,-0.009683694999562675,0.03876756187062891,0.08481079548721526,0.29937074112404316,0.44008574716802284,-0.05922553156105537,0.057377133359758775,0.054745043933892776,439.7774963378906,407.4633305867513,-0.02332431152033687,0.05413164025130501,0.8324866100377925,0.11185554398501818,0.4771446637920618,0,7.0,False,0.0,-0.0
269.6571458353552,272.6287059365568,265.4988962118729,267.7126159667969,242583900,AAPL,2025-11-07,0.01565944215766546,1,-0.00702734396665794,0.02149761463659461,0.0945896440053533,0.14696455505279027,0.15924685751241552,0.355599290954947,-0.00702734396665794,0.020953431844072987,0.030581143597667778,262.74416732788086,248.61829884847006,0.018909834191355612,0.0768017366652669,0.9747749797606218,-0.01567567485317589,0.47340026376175076,0,8.0,False,0.0,0.0
281.797163766903,287.9588308357049,274.816645004158,278.4516906738281,162527900,GOOGL,2025-11-07,-0.008679017196378203,0,-0.008393057070701482,0.07275288181007467,0.17863621467358204,0.15793178012290743,0.36870706807664977,0.829245335219454,-0.008393057070701482,0.04163840553118227,0.04447943159952426,267.9459991455078,245.55271530151367,0.03920824181672211,0.1339792774513524,0.9795400247652888,-0.030056521586041884,0.45557399126056636,0,9.0,False,0.0,-0.0
255.36000061035156,258.6000061035156,238.49000549316406,244.41000366210938,280533300,AMZN,2025-11-07,-0.03976924460972875,0,0.0007779970537078462,0.09009409189314677,0.12959286951841542,0.07126894674826278,0.05791457799207467,0.2659795232201372,0.0007779970537078462,0.04801064046756565,0.03594998612869098,231.47000122070312,227.61166508992514,0.05590358306979115,0.07380262591351605,1.0,0.012547694403901799,0.45401677119505945,0,10.0,False,0.0,-0.0
334.5994181371036,342.84082799232743,327.673606279917,328.6595153808594,27522700,V,2025-11-14,-0.0061813368568593985,0,-0.015910708287446673,-0.02954252448713246,-0.032806750576480304,-0.032013918774670413,-0.05532600395868681,-0.09274883284083746,-0.015910708287446673,0.01631949328606969,0.01772295084374674,336.6403503417969,339.88401794433594,-0.023707303514966083,-0.03302450827598147,0.0,-0.062000874175774046,0.5814419235675945,1,1.0,True,0.5,-0.0030906684284296992
248.33999633789062,251.75,232.88999938964844,234.69000244140625,171589100,AMZN,2025-11-14,-0.059653158866429745,0,-0.03976924460972875,-0.039022187911155415,0.10162415432578165,0.013867318010690965,0.02556373971828707,0.14154388161809806,-0.03976924460972875,0.05674527301575467,0.03808068731041927,236.88250350952148,228.09916559855142,-0.009255647992706728,0.02889461180429964,0.776139990082841,-0.3537318097233195,0.5454837832742105,1,2.0,True,0.5,-0.029826579433214873
497.0799865722656,516.5499877929688,494.20001220703125,508.94000244140625,26303400,BRK.B,2025-11-14,-0.00962784193220989,0,0.019797228652157273,0.06575364018642338,0.03354857350065088,0.03264684211957003,0.040777101107170255,-0.010441164166900552,0.019797228652157273,0.03161672205818361,0.020871099691996728,494.4100036621094,495.60916900634766,0.02938856146047364,0.026897874915804643,1.0,0.007676313377472432,0.5397884385924003,1,3.0,False,0.0,-0.0
183.84914248376896,194.8998519494097,182.97931375749687,193.664306640625,39048800,JNJ,2025-11-14,0.04067772225366806,1,0.050168790933321716,0.03738022746870562,0.014025479299816679,0.11203806378263037,0.10083188718141578,0.3154046180170862,0.050168790933321716,0.031004273735039497,0.02230307748958338,188.24026107788086,183.1827621459961,0.028814481725033536,0.05721905473985123,1.0,0.03216802255772744,0.5325828966935588,1,4.0,False,0.0,0.0
439.6000061035156,449.6700134277344,382.7799987792969,404.3500061035156,420017300,TSLA,2025-11-14,-0.03279339573505624,0,-0.058600259717726644,-0.11435515974738375,-0.07957932132062462,-0.050977540890774886,0.18922971233182606,0.15535171555643923,-0.058600259717726644,0.05278894586879019,0.05956700570487054,431.0374984741211,412.8249969482422,-0.06191454911714078,-0.020529257935873235,0.6765580660224865,-0.025622746410437602,0.5186551938160621,1,5.0,False,0.0,-0.0
268.46119877683986,276.1868626363035,266.9639805623884,271.90484619140625,232952800,AAPL,2025-11-14,-0.003377412995026363,0,0.01565944215766546,0.00852205390463956,0.0807962646459277,0.11068881999648705,0.19719920964071713,0.2921686393154208,0.01565944215766546,0.02079901859542136,0.029150199438700695,267.82581329345703,252.35058085123697,0.015230170862880366,0.07748848952203002,1.0,-0.08851741382298861,0.5165978934739147,1,6.0,False,0.0,-0.0
497.96929153220975,511.3735209246628,495.3800584752997,508.0672912597656,124435200,MSFT,2025-11-14,-0.07286914756532314,0,0.026891053201870907,-0.014735048112921034,-0.006620205296176129,-0.014963449449005295,0.005815883969656044,0.12492287770700017,0.026891053201870907,0.03089585090584241,0.021361907472668026,509.9842987060547,508.82495880126953,-0.003758953856330405,-0.0014890534129632371,0.8189269925215882,0.03531320493340284,0.502957445481153,1,7.0,False,0.0,-0.0
630.0362749426478,633.9397194755629,594.2062431482154,608.4424438476562,98738400,META,2025-11-14,-0.024956561629119745,0,-0.019703633235976237,-0.05998295116470509,-0.14989112178881758,-0.21648634632854358,-0.19199855983835956,-0.04684912143017361,-0.019703633235976237,0.06323347059442237,0.04311494307254765,653.3772430419922,708.6056874593099,-0.0687731317135084,-0.141352582097932,0.0,-0.16484440386356647,0.4978361990030254,0,8.0,False,0.0,-0.0
311.9888313123107,319.16951418656384,298.3504790333013,300.70770263671875,40702900,JPM,2025-11-14,-0.01841186816175633,0,-0.03373535563725227,-0.024138571354294314,0.020332001724302273,-0.030795887979972236,0.02986115422410096,0.1457462951227595,-0.03373535563725227,0.028747795763257894,0.025118689432364737,304.40699005126953,302.2899576822917,-0.0121524391208222,-0.005234229604265894,0.80611481845966,0.1101681566725694,0.4705987145762389,0,9.0,False,0.0,-0.0
284.03413439651047,291.613842224268,270.3327588398133,276.0350036621094,135370500,GOOGL,2025-11-14,0.08411413232446474,1,-0.008679017196378203,-0.01699923078043286,0.09123567326515047,0.0851522999987464,0.3424097083260549,0.6667197970994838,-0.008679017196378203,0.042661078730861,0.04548183396422237,273.71566009521484,251.42009099324545,0.008473550859631862,0.09790352303040573,0.9583255514066749,-0.19642896893438044,0.44909628817115305,0,10.0,False,0.0,0.0
329.79483658587384,331.9857491168007,316.6890735893815,326.6279602050781,38172200,V,2025-11-21,0.019696261169238838,1,-0.0061813368568593985,-0.021993695696750137,-0.05397647471444578,-0.0259072860652787,-0.06580916415981086,-0.06882410925342852,-0.0061813368568593985,0.005499746721211819,0.01746662676836646,331.98131561279297,337.96657307942706,-0.016125471994811735,-0.03354950985547378,0.0,0.16658924489321913,0.5830861522842001,1,1.0,True,0.5,0.009848130584619419
268.3214829895084,274.91922505965954,264.8279672087311,270.98651123046875,235974500,AAPL,2025-11-21,0.027109742394044067,1,-0.003377412995026363,0.012229140759201007,0.03398965275117338,0.0637796805625006,0.17064339148437568,0.3932585397961581,-0.003377412995026363,0.01675861576161349,0.02961425610160101,270.0528030395508,255.64236450195312,0.003457502312172789,0.060021924607094546,0.9879532807313542,-0.06086762722564343,0.5207257847116591,1,2.0,True,0.5,0.013554871197022034
510.7300109863281,511.260009765625,495.54998779296875,504.0400085449219,27069300,BRK.B,2025-11-21,0.019383360146104645,1,-0.00962784193220989,0.009978782131788488,0.024263365765727407,0.008019538378526203,0.0021074347597136445,0.0011520619308147406,-0.00962784193220989,0.03279431212305616,0.019575987769781287,497.39500427246094,495.69750213623047,0.013359612009333555,0.016829833462422172,0.8874599693422461,-0.0548082244635365,0.5176932739551614,1,3.0,False,0.0,0.0
285.392279437324,306.0042898345543,277.8225797399186,299.2534484863281,306190700,GOOGL,2025-11-21,0.0684775967865181,1,0.08411413232446474,0.07470508712718393,0.15289297931163404,0.2154619755102547,0.40870792812009404,0.7824602854263305,0.08411413232446474,0.05284136410336403,0.04851327703199482,283.63716888427734,258.65528233846027,0.055057239724537466,0.1569585812469263,1.0,0.4813520917295395,0.5166198540428538,1,4.0,False,0.0,0.0
194.68239675983705,204.54698392676534,193.6346417392758,201.54212951660156,64218100,JNJ,2025-11-21,0.021254494818206737,1,0.04067772225366806,0.09288726533037783,0.07090335793788749,0.13460561005174432,0.15087204603744353,0.3545017152951535,0.04067772225366806,0.032337740234843475,0.02371664988470389,191.57623291015625,185.38450368245444,0.052020527051072296,0.08715737029360104,1.0,0.43772643546019196,0.49603829036151853,0,5.0,False,0.0,0.0
233.25,234.60000610351562,215.17999267578125,220.69000244140625,297662500,AMZN,2025-11-21,0.05677646762736166,1,-0.059653158866429745,-0.09705004240945647,-0.015699585955381123,0.004140520826115823,-0.036288198945824246,0.09801480874586188,-0.059653158866429745,0.06603934330006993,0.04214540135490875,236.00250244140625,227.40666580200195,-0.06488278658740798,-0.029535912401282727,0.39796965205708956,0.03016849720249959,0.48961098616518484,0,6.0,False,0.0,0.0
506.34447416817187,509.9992593431845,467.20362215472323,471.04486083984375,134724900,MSFT,2025-11-21,0.042129164782984896,1,-0.07286914756532314,-0.047937622487406406,-0.09664895298069831,-0.07518934708486469,-0.06648320338454317,0.05242617429072083,-0.07286914756532314,0.042496686381900364,0.030148639570657557,497.3851013183594,506.02938588460285,-0.052957437624686965,-0.06913536253156871,0.20934441354195943,0.00406470436989248,0.48658291331224235,0,7.0,False,0.0,0.0
398.739990234375,428.94000244140625,383.760009765625,391.0899963378906,468960000,TSLA,2025-11-21,0.09992589290389242,1,-0.03279339573505624,-0.08947195394568241,-0.09828922983222022,-0.11196639019523702,0.17138407780734854,0.1525019171287756,-0.03279339573505624,0.05288743694954305,0.0604807557604327,420.37999725341797,417.5933303833008,-0.06967505853488654,-0.0634668518797541,0.5944120421748361,0.060026042924884004,0.48560213644169414,0,8.0,False,0.0,0.0
301.0939616708072,306.95740445253,290.01092472978763,295.1711120605469,41236300,JPM,2025-11-21,0.05053366014048355,1,-0.01841186816175633,-0.05152609287862553,-0.00805490226966088,-0.0524935193125563,-0.006473118535818112,0.15420053362953157,-0.01841186816175633,0.030704236430042088,0.025339932431034187,303.8077697753906,302.1296971638997,-0.028428034349578857,-0.023031781280268948,0.6888726186653785,0.07876135364781711,0.4424339976063284,0,9.0,False,0.0,0.0
608.0230519623859,610.6686515784111,580.2794874440681,593.2578125,108402200,META,2025-11-21,0.09036602710141306,1,-0.024956561629119745,-0.04416845992792473,-0.19517572567764874,-0.20100838009629718,-0.19500328957611845,-0.05095413910721536,-0.024956561629119745,0.04754005683840333,0.0431630469116667,617.409912109375,696.6297353108724,-0.03911841895582724,-0.14838861675168447,0.0,-0.19256955613268778,0.4411005732648933,0,10.0,False,0.0,0.0
327.8827241418804,334.67463148862754,324.65609051367585,333.0613098144531,24087500,V,2025-11-28,-0.009568294243052833,0,0.019696261169238838,0.01339317508727178,-0.016545017602836887,-0.04212649921259326,-0.023651185274387143,-0.08077410780049976,0.019696261169238838,0.016382783192375454,0.01777670575012094,330.5805130004883,337.2942301432292,0.0075043649471291385,-0.012549637528571411,0.15810390512325712,-0.19742777058179195,0.5848789314561107,1,1.0,True,0.5,-0.004784147121526416
310.70789188393536,328.3838617048627,309.17996886834777,319.74560546875,251189200,GOOGL,2025-11-28,0.0034042718897315805,1,0.0684775967865181,0.15835166274834545,0.13866057550838806,0.30499283105037334,0.36368655012653317,0.8682562636743443,0.0684775967865181,0.04939211493274655,0.04454539511560912,293.3714370727539,265.76145935058594,0.08990025974974336,0.20313007856774856,1.0,0.17477176727154187,0.5633712098502335,1,2.0,True,0.5,0.0017021359448657902
501.8999938964844,516.8499755859375,497.1700134277344,513.8099975585938,23467400,BRK.B,2025-11-28,-0.018430939969445004,0,0.019383360146104645,0.009568898286292926,0.07595172836761388,0.03019548382675441,0.028092940459731652,0.01954521444266999,0.019383360146104645,0.02235474271178204,0.020174401501973388,506.4625015258789,496.8675028483073,0.014507482805890204,0.03409861706222106,1.0,-0.13408501998522204,0.5605655089341595,1,3.0,False,0.0,-0.0
270.397645153795,279.8600396675645,270.397645153795,278.3328857421875,166067000,AAPL,2025-11-28,-0.00025108514834637496,0,0.027109742394044067,0.023640768602764206,0.03236429041178379,0.08177788331488745,0.16450545961764962,0.391272538893616,0.027109742394044067,0.016115031283638073,0.029340046730347437,272.23421478271484,258.91895421346027,0.0224022941581401,0.07498072741604633,1.0,-0.2430668856632947,0.5360424881267251,1,4.0,False,0.0,-0.0
402.1700134277344,432.92999267578125,401.0899963378906,430.1700134277344,268437900,TSLA,2025-11-28,0.057721332954875804,1,0.09992589290389242,0.06385558781865996,-0.05780178787448975,0.0007910729034525943,0.2261145192050502,0.24161526305270398,0.09992589290389242,0.07606968819712046,0.06464898134905142,413.7825012207031,424.2041651407878,0.03960416924032861,0.014063624964565369,0.8365135241926793,-0.34062336192357523,0.49744553739632097,0,5.0,False,0.0,0.0
222.55999755859375,233.2899932861328,222.27000427246094,233.22000122070312,152487900,AMZN,2025-11-28,-0.015821981056909018,0,0.05677646762736166,-0.006263586882317762,-0.04504135592915348,0.062457323388253494,0.003830755316291956,0.13760308018995904,0.05677646762736166,0.05140049824820458,0.04532121134850918,233.25250244140625,227.480832417806,-0.00013933921549802442,0.025229241259132618,0.6777073142862166,-0.3239831678401477,0.48114713663492875,0,6.0,False,0.0,-0.0
295.3890327721484,310.7210853336642,291.69470820468445,310.0871887207031,32050700,JPM,2025-11-28,0.006260446256088459,1,0.05053366014048355,0.031191372890489566,0.006299886356039952,0.01474743457854455,0.0686938494452296,0.1974158707315501,0.05053366014048355,0.037022807864156584,0.02804721757691064,304.2930908203125,303.79068756103516,0.01904117469368405,0.020726445600485865,0.9721681202767524,-0.14655898366847797,0.4759987127412764,0,7.0,False,0.0,0.0
201.35434501536758,206.71109559930028,200.65254867686934,205.8258056640625,37446500,JNJ,2025-11-28,-0.02411564978871672,0,0.021254494818206737,0.0627968015087319,0.10252438770214112,0.10386864675065799,0.1670335726549559,0.3514737466030309,0.021254494818206737,0.027540650425297058,0.023801192856366456,196.36119842529297,187.83943303426108,0.04819998713936546,0.09575397635767335,1.0,-0.1403535554695956,0.45396510334201123,0,8.0,False,0.0,-0.0
473.9183160323131,491.5081706450152,463.8313270788984,490.88958740234375,102536600,MSFT,2025-11-28,-0.017987475653493457,0,0.042129164782984896,-0.03380989910771337,-0.048046756730589224,-0.04720026631410845,-0.0041800927147176425,0.07251117169271981,0.042129164782984896,0.05464605002689967,0.032440895399484394,491.1910858154297,505.857671101888,-0.0006138108402057307,-0.029589516092421664,0.43188918000078313,-0.14460290059641612,0.45119127286203403,0,9.0,False,0.0,-0.0
597.7203367937327,646.9679727244463,596.6321908004635,646.8681640625,75010600,META,2025-11-28,0.03930851850789496,1,0.09036602710141306,0.06315424014775828,-0.0006168887195739936,-0.0881135588701003,-0.13829844667027014,0.002156402691016579,0.09036602710141306,0.06016658062072027,0.052506267083013154,617.3100891113281,687.9781646728516,0.047882053885954345,-0.05975480432565805,0.28196328306147195,-0.27927593801592043,0.44474603793722933,0,10.0,False,0.0,0.0
513.6500244140625,514.489990234375,500.5400085449219,504.3399963378906,18214900,BRK.B,2025-12-05,-0.009557059442474758,0,-0.018430939969445004,0.000595166629400623,0.010579887799316179,0.031096009860859253,0.021468802027730938,0.021903425496588413,-0.018430939969445004,0.019740957036298405,0.020669695233657654,507.7825012207031,497.7508366902669,-0.006779487033398701,0.013237867547220006,0.804379250065719,-0.2335006049129451,0.5836726475756634,1,1.0,True,0.5,-0.004778529721237379
331.56749086220685,332.73264500458896,322.94317437944756,329.8744812011719,33125000,V,2025-12-05,0.05008452422616139,1,-0.009568294243052833,0.009939507303830863,-0.012272794891935335,-0.03420313178908796,-0.022195729705408396,-0.10193908491449533,-0.009568294243052833,0.015653218310328218,0.017712372135134914,329.5558166503906,336.6702295939128,0.0009669516806596334,-0.020185177646796504,0.11035202443092704,0.07804737550383467,0.5816939886566105,1,2.0,True,0.5,0.025042262113080693
317.26898426885936,322.72155681925386,313.46415578589995,320.8341064453125,178968600,GOOGL,2025-12-05,-0.036659624019270476,0,0.0034042718897315805,0.07211498503406655,0.15220742840139612,0.3580334019298037,0.334177598639666,0.8536768309438778,0.0034042718897315805,0.046280699705337915,0.04506988005260351,303.967041015625,272.4581921895345,0.05548978393621451,0.17755353167037646,1.0,-0.17877848251558126,0.5307097995751998,1,3.0,False,0.0,-0.0
277.4944549964911,288.0847586222564,275.62792768573877,278.26300048828125,235050800,AAPL,2025-12-05,-0.0017935710884324774,0,-0.00025108514834637496,0.026851850392007215,0.039409366209296914,0.13772672813486442,0.1921657012319491,0.36998301892859087,-0.00025108514834637496,0.014243453356103102,0.027409055629227283,274.87181091308594,262.6567319234212,0.012337349413642063,0.059416975344877665,0.9991545371358487,0.08063731408866048,0.5295841179351314,1,4.0,False,0.0,-0.0
309.958455126882,315.44544563675794,303.86720471987456,312.0284729003906,39658300,JPM,2025-12-05,0.011046061787175265,1,0.006260446256088459,0.05711046966000488,0.0026416974173359975,0.04702726886480746,0.031480457148091556,0.19706769286138015,0.006260446256088459,0.03680813643851113,0.02558377940199999,304.49861907958984,304.58427174886066,0.024728696122042537,0.02444053039504257,1.0,0.03244424601134277,0.5032609490302512,1,5.0,False,0.0,0.0
425.32000732421875,458.8699951171875,422.1199951171875,455.0,342617200,TSLA,2025-12-05,0.008703277923248542,1,0.057721332954875804,0.16341508159388707,0.05932206099380655,0.10038939453430595,0.14916400766384763,0.5416411784826372,0.057721332954875804,0.0746747384677121,0.056451268281156285,420.15250396728516,429.1258316040039,0.08294011270590507,0.06029506147248842,0.9898655386680909,-0.08637386765779187,0.4935787340278957,0,6.0,False,0.0,0.0
205.40801990791223,206.601671225268,199.74811005779273,200.8621826171875,42065800,JNJ,2025-12-05,0.04778890500728372,1,-0.02411564978871672,-0.0033737209239820265,0.08920016869577929,0.06549958759932628,0.14125626669029456,0.32041324126209636,-0.02411564978871672,0.03301286098399907,0.025850265913180497,200.47360610961914,189.91120274861655,0.0019382926017497137,0.05766368550183243,0.9156517788799622,-0.07941822701926693,0.47798476121363054,0,7.0,False,0.0,0.0
233.22000122070312,238.97000122070312,226.8000030517578,229.52999877929688,202985100,AMZN,2025-12-05,-0.014551458875326273,0,-0.015821981056909018,0.040056170375174505,-0.060881325067953185,0.06082175883482277,0.006048673766077872,0.07472955428076289,-0.015821981056909018,0.050857219132111595,0.0452417459691257,229.53250122070312,227.59583282470703,-1.0902340160767743e-05,0.008498248542536002,0.5714284458625039,-0.015501174573912313,0.4529456790187468,0,8.0,False,0.0,-0.0
487.32770213243884,492.3761849539621,474.1178525596479,482.0597229003906,123068700,MSFT,2025-12-05,-0.009582725088475796,0,-0.017987475653493457,0.02338389180365552,-0.0256746988613209,-0.05263760478863788,-0.05066820472027156,0.030783735549425817,-0.017987475653493457,0.05167929974536603,0.03135581860219067,488.01536560058594,503.71361033121747,-0.012203801601340714,-0.042988489861507384,0.21856277272281371,0.015490792040851131,0.449066410475155,0,9.0,False,0.0,-0.0
638.482184375183,674.9710950003275,636.4855393427306,672.2955932617188,86887600,META,2025-12-05,-0.04334586697226506,0,0.03930851850789496,0.13322670025810868,0.08317382215850411,-0.04520064030700899,-0.10814794866735422,-0.033419447459706375,0.03930851850789496,0.05451416224037495,0.05437784312142088,630.2160034179688,681.1844940185547,0.0667701067816937,-0.01304918246802289,0.41569867572097335,-0.058228023719999134,0.43867174231323314,0,10.0,False,0.0,-0.0
502.1000061035156,502.9700012207031,488.9200134277344,499.5199890136719,24772100,BRK.B,2025-12-12,-0.009989570676096404,0,-0.009557059442474758,-0.02781185382305118,-0.018509084337144266,0.01441853578719221,0.01353349462829323,0.02457230229064611,-0.009557059442474758,0.016495868993078314,0.020917952687601663,505.42749786376953,498.3066685994466,-0.01168814295831988,0.0024348869695753894,0.7048129009726414,0.05950042609520367,0.5623750307831424,1,1.0,True,0.5,-0.004994785338048202
277.6142094762677,279.5107061083118,273.3022288840155,277.763916015625,176224300,AAPL,2025-12-12,-0.016565902360947904,0,-0.0017935710884324774,-0.0020442058977160338,0.021548236106443852,0.10408551773948083,0.134622204930559,0.4195259033819718,-0.0017935710884324774,0.014514776383779404,0.02558033627011944,276.3365783691406,265.40310796101886,0.005165214301009691,0.04657371252947651,0.9927173866339593,-0.1333052835759162,0.547789457445404,1,2.0,True,0.5,-0.008282951180473952
312.0482477999388,317.20842990436694,295.60691069504315,315.47515869140625,63045300,JPM,2025-12-12,-0.004112797207058927,0,0.011046061787175265,0.017375661319423585,0.04910900494134629,0.07043949103879488,0.016800761546392318,0.21385369182728975,0.011046061787175265,0.02853691850898443,0.024736298386609405,308.1904830932617,305.0186589558919,0.0236369258551703,0.034281508453640086,1.0,0.43292425845471283,0.5143784315330325,1,3.0,False,0.0,-0.0
201.58834201037314,211.14752008902906,198.85287977253054,210.46116638183594,42826600,JNJ,2025-12-12,-0.024624254582994554,0,0.04778890500728372,0.022520794721625048,0.08673183010630958,0.1019737648939174,0.208487160202375,0.3652846781627035,0.04778890500728372,0.032350684808483604,0.026824374674772944,204.67282104492188,192.93691762288412,0.028280967191260054,0.0908289039488277,1.0,-0.08174766961304047,0.49699208177801746,0,4.0,False,0.0,-0.0
328.52012180876346,348.39781132133226,323.37142102092514,346.3960876464844,35748200,V,2025-12-12,0.004082476976984717,1,0.05008452422616139,0.04003700651828934,0.05396640424383081,0.019389191303813558,0.020224809387137554,-0.010536390117626415,0.05008452422616139,0.027666598649163713,0.023179342472062596,333.9899597167969,337.2424723307292,0.03714521220999312,0.027142534131283425,0.6719355534716978,0.09044183420026553,0.4922688579979851,0,5.0,False,0.0,0.0
319.82486263347363,321.0839735202244,305.34506149685063,309.07244873046875,175826200,GOOGL,2025-12-12,-0.006886765644195547,0,-0.036659624019270476,-0.033380151457075735,0.11968570880525009,0.22184098829346421,0.21502952218574367,0.7734535471396395,-0.036659624019270476,0.05644936640011612,0.04706720624856577,312.22640228271484,277.01635996500653,-0.010101495354612133,0.1157191177066641,0.9239066890191401,-0.22898015040320674,0.4732434174780082,0,6.0,False,0.0,-0.0
447.45001220703125,463.010009765625,435.25,458.9599914550781,346426900,TSLA,2025-12-12,0.048457428024268,1,0.008703277923248542,0.06692697568093098,0.13505622487262214,0.044729220836508654,0.07719384975584931,0.4108388764547939,0.008703277923248542,0.05776017925787694,0.0528509878083062,433.8050003051758,431.8666636149089,0.05798686306567724,0.06273539988798049,1.0,-0.02855664653732859,0.4700353713818541,0,7.0,False,0.0,0.0
229.58999633789062,232.4199981689453,225.11000061035156,226.19000244140625,163540300,AMZN,2025-12-12,0.0051284479843880515,1,-0.014551458875326273,-0.030143207025559393,-0.0362179893117609,0.06172554247883277,-0.022852917676563944,0.06643090962955456,-0.014551458875326273,0.048193201018479216,0.045252859862345965,227.40750122070312,227.15500005086264,-0.0053538197850179214,-0.004248190043099731,0.47523039803815575,-0.1989952438899255,0.4605798998287841,0,8.0,False,0.0,0.0
483.7858099301447,491.17890888246444,473.99809828560024,477.4402770996094,118335500,MSFT,2025-12-12,0.01544312304379436,1,-0.009582725088475796,-0.027397831707746234,-0.0602814128896505,-0.06650254285695367,-0.07434284446416684,0.011061483938904493,-0.009582725088475796,0.047081977149986146,0.03076249089278067,480.3586120605469,500.51819864908856,-0.006075325574822155,-0.046108056833432,0.1269012632902225,-0.011121958393927156,0.4490609724844987,0,9.0,False,0.0,0.0
668.2224435191038,709.8128965395189,637.543746077992,643.1543579101562,70142600,META,2025-12-12,0.023403594857613008,1,-0.04334586697226506,-0.005741210278490283,0.057050448096601425,-0.10139202935597058,-0.17178654129678161,-0.055221460467689276,-0.04334586697226506,0.061295020044577896,0.053812061767195475,638.8939819335938,670.0676676432291,0.00666836141368643,-0.040165062474559865,0.2624305446098701,-0.17586673833798905,0.4461881297408865,0,10.0,False,0.0,0.0
500.4200134277344,508.1000061035156,494.5299987792969,494.5299987792969,31978700,BRK.B,2025-12-19,0.007623377799077513,1,-0.009989570676096404,-0.019451159197815038,-0.01886756924927202,0.0049380057826500234,-0.01099934006644987,0.019964922252088346,-0.009989570676096404,0.016533873768213216,0.02070417580745958,503.0499954223633,497.8483352661133,-0.01693667969505297,-0.006665356197370187,0.6017352340258677,0.2995100225432299,0.5710937397136253,1,1.0,True,0.5,0.0038116888995387566
279.63046152672615,279.63046152672615,266.4549687260805,273.1625061035156,334459100,AAPL,2025-12-19,-0.0009865948891234488,0,-0.016565902360947904,-0.018329761325851956,0.008029901057312161,0.042292487357050046,0.07232172614419663,0.36440889819463673,-0.016565902360947904,0.018207948478654184,0.02485927723614951,276.88057708740234,266.9383735656738,-0.013428428324580688,0.02331673957064284,0.9337533856847754,0.4672457110168313,0.554734079283837,1,2.0,True,0.5,-0.0004932974445617244
346.3960884283587,348.46752454314327,342.26320227687404,347.81024169921875,46966300,V,2025-12-19,0.016463915298753795,1,0.004082476976984717,0.054371470120202714,0.0648514030484133,0.007374478217128555,0.03726399313262463,0.03540626336042996,0.004082476976984717,0.025633054261435657,0.02273756657489883,339.28553009033203,338.2837371826172,0.025125479435026632,0.028161284358339866,0.7200038588250914,0.34259435276965844,0.49928298730426096,0,3.0,False,0.0,0.0
316.534963668203,319.7935222813264,309.2353920446346,314.17767333984375,63853400,JPM,2025-12-19,0.03373170247928736,1,-0.004112797207058927,0.006887834368048962,0.06439167148375335,0.055818100593310715,0.008518006720596771,0.1646829672916148,-0.004112797207058927,0.02391986708081536,0.024776842656796513,312.94212341308594,305.23978932698566,0.003948173909227526,0.029281516779201544,0.9616609269874935,0.2860206326340822,0.49881990729638886,0,4.0,False,0.0,0.0
469.44000244140625,495.2799987792969,465.8299865722656,481.20001220703125,527114500,TSLA,2025-12-19,-0.012489629287538828,0,0.048457428024268,0.057582444411057754,0.23040736585675314,0.10947157348680214,0.09264309463214215,0.49366776364867304,0.048457428024268,0.037439701905601225,0.05368462892042664,456.33250427246094,435.2666651407878,0.054494272710678526,0.10552920943621125,1.0,0.4202229359964138,0.48133334670201405,0,5.0,False,0.0,-0.0
209.23766850267896,214.05207078419528,204.94051859312015,205.27871704101562,59178200,JNJ,2025-12-19,0.0061055607364999265,1,-0.024624254582994554,0.021987884261147173,0.018539982351959194,0.0907578872947099,0.1556411780385376,0.3966533422144558,-0.024624254582994554,0.035685634310191325,0.029239341156655684,205.6069679260254,195.24082056681314,-0.0015964968907467014,0.0514128984146911,0.9149181188631734,0.3040798910956599,0.47074402088793754,0,6.0,False,0.0,0.0
311.1009991314403,311.2009348824072,295.9116769824828,306.9439392089844,197128500,GOOGL,2025-12-19,0.0206732214224008,1,-0.006886765644195547,-0.04329392342424099,0.025698920970020467,0.1825210848738552,0.2466980367609577,0.8461102324281196,-0.006886765644195547,0.04431478707424696,0.04518262037610179,314.1490249633789,282.0778948465983,-0.022935247865991104,0.08815311237312273,0.9026655957065792,-0.01817740353935471,0.46398529961981483,0,7.0,False,0.0,0.0
227.92999267578125,229.22999572753906,220.99000549316406,227.35000610351562,266436200,AMZN,2025-12-19,0.02274025964437998,1,0.0051284479843880515,-0.009497637290877159,0.03017809410681216,0.014004724569031568,0.03444356796006964,0.08421957869471686,0.0051284479843880515,0.033977393490883405,0.04248096099418034,229.07250213623047,227.78583399454752,-0.00751943605911487,-0.001913323069257733,0.4561685713799301,0.35685973445778507,0.4518537991450832,0,8.0,False,0.0,0.0
479.0066832317436,488.4850656489584,469.8076832860371,484.8134460449219,168370100,MSFT,2025-12-19,0.003683724541929667,1,0.01544312304379436,0.005712410752682251,0.02922988095131651,-0.07024410941907688,-0.04815724179764591,0.02142808369833027,0.01544312304379436,0.02710290985486527,0.031277179930196346,483.8007583618164,498.4741566975911,0.0020931915992328243,-0.02740505293829465,0.273203617290036,0.3145931503702146,0.45132415289256095,0,9.0,False,0.0,0.0
645.1476664750544,670.4260003995075,638.1536544261938,658.2064819335938,115694100,META,2025-12-19,0.00686124097104468,1,0.023403594857613008,-0.020956721224023034,0.10947798421718002,-0.107065186475783,-0.11353638814282052,-0.033117354872184146,0.023403594857613008,0.05515879487334399,0.05394958886838384,655.1311492919922,663.0425262451172,0.004694224423499094,-0.007293716647272186,0.34159708955873097,0.3308310439935709,0.44333749700645925,0,10.0,False,0.0,0.0
496.3399963378906,502.3299865722656,495.54998779296875,498.29998779296875,11998600,BRK.B,2025-12-26,0.008729693377642622,1,0.007623377799077513,-0.002442347148333468,-0.03018627476951008,0.04347275385637972,-0.0009022801143483417,0.02598417745738213,0.007623377799077513,0.010933131563067099,0.020830512079764246,499.17249298095703,497.81083424886066,-0.0017479031802771772,0.000982609277369706,0.6796114729946876,-0.4481137662236113,0.7255361667308877,1,1.0,True,0.5,0.004364846688821311
272.3539780142796,274.9192064044749,269.06012395403746,272.89300537109375,105646200,AAPL,2025-12-26,-0.005632868486555531,0,-0.0009865948891234488,-0.017536153415468325,-0.019544511804949205,0.012187234350822695,0.06063506270410657,0.36252049953732723,-0.0009865948891234488,0.007803211418210972,0.024905310807342502,275.5206069946289,268.2384503682454,-0.009536860607984865,0.01735230350629613,0.929124461213859,-0.503647488243798,0.7210989813973882,1,2.0,True,0.5,-0.0028164342432777656
348.55716921268737,355.25943930639664,348.1488557388826,353.53656005859375,12787300,V,2025-12-26,-0.01208457441142552,0,0.016463915298753795,0.020613605830896775,0.06147591942020303,0.04391378164840831,0.016759654936561175,0.022142491672423104,0.016463915298753795,0.02553153597437937,0.020651979508065344,344.4043426513672,338.7693608601888,0.02651597635768166,0.043590716589330114,0.9146463158593562,-0.6023441460100072,0.6705542634662569,1,3.0,False,0.0,-0.0
485.01298390813173,488.04604888584674,481.5908021440126,486.599365234375,46344700,MSFT,2025-12-26,-0.008386136045609116,0,0.003683724541929667,0.019183735797084323,-0.0087396886755563,-0.05636653171044992,-0.055527439356676145,-0.013134470950640131,0.003683724541929667,0.014715244059847607,0.031012591747742273,482.7282028198242,496.09014383951825,0.008019341716389627,-0.019131157357186734,0.3086407791682461,-0.5935736068876762,0.6621603955979376,1,4.0,False,0.0,-0.0
228.61000061035156,232.99000549316406,226.7100067138672,232.52000427246094,88906700,AMZN,2025-12-26,-0.007311185777590934,0,0.02274025964437998,0.02798532986750568,-0.0030014447499284724,-0.04790761153779877,0.05926841643294667,0.0412897496403799,0.02274025964437998,0.018293277512152657,0.04279374121605805,228.89750289916992,228.87000147501627,0.0158258667194231,0.01594793015214413,0.6209755990787332,-0.5073522413991582,0.6533344116319321,1,5.0,False,0.0,-0.0
314.47481933577194,327.6972031402456,314.47481933577194,324.7754211425781,23470500,JPM,2025-12-26,-0.017352360278253376,0,0.03373170247928736,0.029480173620482386,0.04736807245237329,0.053966372281767594,0.06281406458052108,0.1531875616768541,0.03373170247928736,0.015973445857021165,0.025566505217527104,316.6141815185547,306.83935292561847,0.02577660793613301,0.05845426294230127,1.0,-0.5059557169357067,0.6232641671826106,1,6.0,False,0.0,-0.0
661.0840391473547,673.0038267300547,656.0883162216827,662.7225952148438,36907500,META,2025-12-26,-0.004824440343645597,0,0.00686124097104468,0.03042541353256456,0.024509524557173812,0.02387751618837841,-0.06576365574787324,-0.09453126101028297,0.00686124097104468,0.03580902315256991,0.05286314740315835,659.0947570800781,659.1549428304037,0.005504273999747289,0.005412463978682558,0.3653495569525371,-0.5232078875619365,0.6083190292320743,1,7.0,False,0.0,-0.0
309.66200850448513,314.86833429915043,305.0852133945127,313.2894592285156,72905000,GOOGL,2025-12-26,-0.001626749766629576,0,0.0206732214224008,0.013644084147158564,-0.02019150890524235,0.11566930035796208,0.27864305668094236,0.7587836654780249,0.0206732214224008,0.024052492899672758,0.044531791685697215,312.5349884033203,287.76725514729816,0.0024140363581361957,0.08869043862601234,0.9467591575635881,-0.5332797826218818,0.591115816509764,1,8.0,False,0.0,-0.0
205.03998416945456,206.97966948419256,202.20505350398636,206.5320587158203,19928300,JNJ,2025-12-26,-0.0032750695681693642,0,0.0061055607364999265,-0.018669038728442278,0.003431314404329422,0.10630749551478802,0.10765636713874116,0.3810248427210605,0.0061055607364999265,0.03416788656261811,0.026807309692799906,205.78353118896484,196.9136085510254,0.003637451075558129,0.048846040837764226,0.9315234280781655,-0.5139406422847959,0.5439475242286511,1,9.0,False,0.0,-0.0
489.8800048828125,498.8299865722656,473.82000732421875,475.19000244140625,245205800,TSLA,2025-12-26,-0.05359961507995681,0,-0.012489629287538828,0.0353625834244784,0.10465626986627452,0.04080516248123911,0.10553013350899487,0.4683125645703776,-0.012489629287538828,0.03311878172316626,0.053147091661481405,467.5875015258789,439.0466664632161,0.016258990864208567,0.08232231044901517,0.9663436774423546,-0.3288305093513979,0.47347848669033005,0,10.0,False,0.0,-0.0
